fixture_id,event_slug,event_title,market_id,sports_market_type,group_item_title,question,outcome_0,outcome_1,token_0,token_1,market_volume,market_liquidity,gamma_best_bid,gamma_best_ask,fee_rate,tick_size,accepting_orders,outcome_0_ask,outcome_0_bid,outcome_0_spread,outcome_0_ask_depth_best_usd,outcome_0_ask_depth_2c_usd,outcome_0_bid_depth_best_usd,outcome_1_ask,outcome_1_bid,outcome_1_spread,outcome_1_ask_depth_best_usd,outcome_1_ask_depth_2c_usd,outcome_1_bid_depth_best_usd,side,model_probability,scenario_p10,scenario_p90,ask,bid,spread,estimated_fee,central_net_edge,robust_edge,required_edge,max_entry,depth_2c_usd,external_probability,external_validation_source,external_conflict_reason,model_risk_reason,lineup_pending_reason,player_data_quality_reason,decision,stake_per_10k
fifwc-esp-arg-2026-07-19,fifwc-esp-arg-2026-07-19,Spain vs. Argentina,2941974,moneyline,Spain,Will Spain win on 2026-07-19?,Yes,No,105042264974012349507628582341465372921413790307165600767293079103508862620927,26950933687061136665045692928866901705470041092212665620581588770356803034388,3599557.9688520003,4894133.35575,0.425,0.4275,0.05,0.0025,True,0.4275,0.425,0.0025000000000000022,214212.08475,1183050.546225,127286.02949999999,0.575,0.5725,0.0024999999999999467,172210.51049999997,3589102.6063499996,233202.6538,No,0.603047,0.570652,0.630943,0.575,0.5725,0.0025,0.012219,0.015828,-0.028567,0.025,0.521,3589102.61,0.5813,,,,,,WATCH,0
fifwc-esp-arg-2026-07-19,fifwc-esp-arg-2026-07-19,Spain vs. Argentina,2941975,moneyline,Draw (Spain vs. Argentina),Will Spain vs. Argentina end in a draw?,Yes,No,92571123127402723974640575698896369187398878096159854165218788690275715186568,8897745942892740554419142821188087932128583924929997823029754125155949675043,664163.916505,3566509.749575,0.315,0.3175,0.05,0.0025,True,0.3175,0.315,0.0025000000000000022,123148.89645,746981.9026,279224.1081,0.685,0.6825,0.0025000000000000577,607164.49805,2793958.286325,265119.37724999996,Yes,0.342735,0.320448,0.36365,0.3175,0.315,0.0025,0.010835,0.0144,-0.019886,0.025,0.273,746981.9,,,,,,,WATCH,0
fifwc-esp-arg-2026-07-19,fifwc-esp-arg-2026-07-19,Spain vs. Argentina,2941976,moneyline,Argentina,Will Argentina win on 2026-07-19?,Yes,No,22596903656102431101396261359922941848858035376971300420659017295333613251025,40285215796521673925483410143614666389701053711161542152061618519144468632440,4878955.163193032,3346895.130375,0.265,0.2675,0.05,0.0025,True,0.2675,0.265,0.0025000000000000022,400255.94325,960764.389775,28799.211550000004,0.735,0.7325,0.0024999999999999467,79877.05845,1274529.60815,1095764.0443250001,No,0.739688,0.717958,0.763783,0.735,0.7325,0.0025,0.009739,-0.00505,-0.03878,0.025,0.669,1274529.61,0.7397,,,,,,PASS,0
fifwc-esp-arg-2026-07-19,fifwc-esp-arg-2026-07-19-halftime-result,Spain vs. Argentina - Halftime Result,2942003,soccer_halftime_result,Spain,Spain leading at halftime?,Yes,No,42503841910860913824009439250447867230452353097870659911813776798275939913183,99059826531541617583139361975369310511489155419493341373589793074206923469613,104009.68168399997,508371.9909,0.31,0.32,0.05,0.01,True,0.32,0.31,0.010000000000000009,20471.248,58190.2673,43878.7547,0.69,0.68,0.009999999999999898,97665.61529999999,199735.58639999997,43458.6232,No,0.715508,0.68535,0.739622,0.69,0.68,0.01,0.010695,0.014813,-0.033345,0.04,0.615,199735.59,,,,,,,WATCH,0
fifwc-esp-arg-2026-07-19,fifwc-esp-arg-2026-07-19-halftime-result,Spain vs. Argentina - Halftime Result,2942004,soccer_halftime_result,Draw,Spain vs. Argentina: Draw at halftime?,Yes,No,55534690741590152916803799347245209373571978987049575285043457531284537719480,82049642666299749350751413177958219988628930265531855056246225148910944146356,100728.515836,799675.541,0.48,0.49,0.05,0.01,True,0.49,0.48,0.010000000000000009,166378.88749999998,394881.07749999996,51256.641599999995,0.52,0.51,0.010000000000000009,59199.748400000004,109184.3439,177309.5325,Yes,0.50774,0.475818,0.535115,0.49,0.48,0.01,0.012495,0.005245,-0.044677,0.04,0.405,394881.08,,,,,,,PASS,0
fifwc-esp-arg-2026-07-19,fifwc-esp-arg-2026-07-19-halftime-result,Spain vs. Argentina - Halftime Result,2942005,soccer_halftime_result,Argentina,Argentina leading at halftime?,Yes,No,20664793222331339343552998267820854019645651559348706346914375656718469924729,50224683305525930795637556259236786272907665223902846135542340441464287900745,71597.29151200003,509613.3454,0.21,0.22,0.05,0.01,True,0.22,0.21,0.010000000000000009,21427.8218,43908.9772,360.2655,0.79,0.78,0.010000000000000009,1135.6645,124894.64020000002,78280.87800000001,No,0.792232,0.773338,0.811773,0.79,0.78,0.01,0.008295,-0.006063,-0.042957,0.04,0.704,124894.64,,,,,,,PASS,0
fifwc-esp-arg-2026-07-19,fifwc-esp-arg-2026-07-19-second-half-result,Spain vs. Argentina - Second Half Result,2942006,soccer_second_half_result,Spain,Spain to win the second half?,Yes,No,105939212437102202833913457556054935614168622874084087446115067861779128457956,23218786246020293905333474773382417683136263949066492185961095523252018618652,5333.23552,191674.2758,0.35,0.36,0.05,0.01,True,0.36,0.35,0.010000000000000009,728.424,10171.740899999999,296.0965,0.65,0.64,0.010000000000000009,673.1465,3783.7595,1282.1760000000002,No,0.677655,0.650178,0.703622,0.65,0.64,0.01,0.011375,0.01628,-0.029197,0.04,0.579,3783.76,,,,,,,WATCH,0
fifwc-esp-arg-2026-07-19,fifwc-esp-arg-2026-07-19-second-half-result,Spain vs. Argentina - Second Half Result,2942007,soccer_second_half_result,Draw,Spain vs. Argentina: Second half draw?,Yes,No,96971411701036318269404639535897220026875646216565699305789706527902230545440,14678681355115503843176242219100846521080162753034217854185247120562389412867,2620.038684,158736.4956,0.38,0.39,0.05,0.01,True,0.39,0.38,0.010000000000000009,1520.2629000000002,6725.2821,1015.4398,0.62,0.61,0.010000000000000009,1656.7702,35842.6117,2385.1244,Yes,0.444402,0.41385,0.471805,0.39,0.38,0.01,0.011895,0.042507,-0.006045,0.04,0.344,6725.28,,,,,,,WATCH,0
fifwc-esp-arg-2026-07-19,fifwc-esp-arg-2026-07-19-second-half-result,Spain vs. Argentina - Second Half Result,2942008,soccer_second_half_result,Argentina,Argentina to win the second half?,Yes,No,92398664276034606727217378427887667955317773344409043285643991870750709654075,2079772460783102876680714723754512283737636997253510656470916509423373186373,48552.57778399996,241165.5006,0.27,0.28,0.05,0.01,True,0.28,0.27,0.010000000000000009,4382.3892000000005,33938.722799999996,765.1287,0.73,0.72,0.010000000000000009,2068.6812999999997,12509.0854,11269.0008,No,0.766747,0.746062,0.785527,0.73,0.72,0.01,0.009855,0.026892,-0.011793,0.04,0.677,12509.09,,,,,,,WATCH,0
fifwc-esp-arg-2026-07-19,fifwc-esp-arg-2026-07-19-exact-score,Spain vs. Argentina - Exact Score,2942009,soccer_exact_score,Spain 0 - 0 Argentina,Exact Score: Spain 0 - 0 Argentina?,Yes,No,81549293522926834217196813449020148539241513751484223259159114469711911824316,105131637194402927882857711341679712688698913278320313966910923046884205545649,455813.5012729993,1357112.796,0.1,0.11,0.05,0.01,True,0.11,0.1,0.009999999999999995,6955.3154,113886.2447,229741.06900000002,0.9,0.89,0.010000000000000009,2067624.621,3085791.7532,56404.284,Yes,0.141658,0.1124,0.17236,0.11,0.1,0.01,0.004895,0.026763,-0.027495,0.065,0.021,113886.24,,,,,,,WATCH,0
fifwc-esp-arg-2026-07-19,fifwc-esp-arg-2026-07-19-exact-score,Spain vs. Argentina - Exact Score,2942010,soccer_exact_score,Spain 0 - 1 Argentina,Exact Score: Spain 0 - 1 Argentina?,Yes,No,44745496501222841727631055299580565730260078104743395625344679668446804748261,9315261753215457668569501926418745411616198632712838640504976861465067073909,171937.47393999956,3208410.3015,0.08,0.09,0.05,0.01,True,0.09,0.08,0.009999999999999995,171117.82439999998,280856.6519,138179.7984,0.92,0.91,0.010000000000000009,1589067.6816,2588843.5952,1729311.6841,Yes,0.108937,0.089762,0.124132,0.09,0.08,0.01,0.004095,0.014842,-0.029333,0.065,0.0,280856.65,,,,,,,WATCH,0
fifwc-esp-arg-2026-07-19,fifwc-esp-arg-2026-07-19-exact-score,Spain vs. Argentina - Exact Score,2942011,soccer_exact_score,Spain 1 - 0 Argentina,Exact Score: Spain 1 - 0 Argentina?,Yes,No,36284631190512394140314037549741121782871517320465510133598056044713226666250,45532354621305932937190196097170933475055093463758992985271554027450114042897,331395.5154260051,2564645.9863,0.11,0.12,0.05,0.01,True,0.12,0.11,0.009999999999999995,87390.492,296332.4234,180081.1584,0.89,0.88,0.010000000000000009,1457020.2815999999,2436609.2909999997,640737.4776,Yes,0.146443,0.124332,0.164788,0.12,0.11,0.01,0.00528,0.021163,-0.025948,0.065,0.032,296332.42,,,,,,,WATCH,0
fifwc-esp-arg-2026-07-19,fifwc-esp-arg-2026-07-19-exact-score,Spain vs. Argentina - Exact Score,2942012,soccer_exact_score,Spain 0 - 2 Argentina,Exact Score: Spain 0 - 2 Argentina?,Yes,No,47145578323451058779403614719457551996653409901966195623142669480376673877090,46814744040327909045077123830469972958842988519470688298076989755729925747993,414464.0446020002,1257128.18945,0.039,0.04,0.05,0.001,True,0.041,0.039,0.0020000000000000018,4040.6106800000002,44951.663949999995,245.96598,0.961,0.959,0.0020000000000000018,6099.294019999999,997619.51018,94702.66931999999,No,0.962872,0.958217,0.967647,0.961,0.959,0.002,0.001874,-2e-06,-0.029657,0.065,0.862,997619.51,,,,,,,PASS,0
fifwc-esp-arg-2026-07-19,fifwc-esp-arg-2026-07-19-exact-score,Spain vs. Argentina - Exact Score,2942013,soccer_exact_score,Spain 1 - 1 Argentina,Exact Score: Spain 1 - 1 Argentina?,Yes,No,42736655376785853871753155043931522511145630893598165634855727846278733514149,61519513815745308865237366567876664659360188214480972005756531829514547913075,485945.7155299997,3405728.2971,0.15,0.16,0.05,0.01,True,0.16,0.15,0.010000000000000009,168004.8512,595586.8983,35508.792,0.85,0.84,0.010000000000000009,201233.48799999998,1407976.0266,882018.1188,No,0.85517,0.854562,0.863477,0.85,0.84,0.01,0.006375,-0.001205,-0.026813,0.065,0.755,1407976.03,,,,,,,PASS,0
fifwc-esp-arg-2026-07-19,fifwc-esp-arg-2026-07-19-exact-score,Spain vs. Argentina - Exact Score,2942014,soccer_exact_score,Spain 2 - 0 Argentina,Exact Score: Spain 2 - 0 Argentina?,Yes,No,22254858175513103187588388900033291336771070560809999961721316193141200660957,22893608586228782078354772038228054619714640643126094831956979889813476081650,473298.4445690036,2763775.1884,0.08,0.09,0.05,0.01,True,0.09,0.08,0.009999999999999995,113125.82400000001,251478.344,21339.787200000002,0.92,0.91,0.010000000000000009,245407.55280000003,1359745.3562,1138980.1605,No,0.933937,0.926187,0.939747,0.92,0.91,0.01,0.00368,0.010257,-0.022493,0.065,0.829,1359745.36,,,,,,,WATCH,0
fifwc-esp-arg-2026-07-19,fifwc-esp-arg-2026-07-19-exact-score,Spain vs. Argentina - Exact Score,2942015,soccer_exact_score,Spain 0 - 3 Argentina,Exact Score: Spain 0 - 3 Argentina?,Yes,No,35289164512036836621533326126064114451858610409336283611332256435522186949436,58281199611700028311622954922299614722293459648127205757837137743802418668533,995046.2425840003,1284880.83394,0.01,0.011,0.05,0.001,True,0.01,0.009,0.0010000000000000009,30.6545,15642.63839,90.45693,0.99,0.989,0.0010000000000000009,10.008899999999999,1077366.40635,233691.05724999998,No,0.990027,0.988608,0.991897,0.99,0.989,0.001,0.000495,-0.000468,-0.026887,0.065,0.893,1077366.41,,,,,,,PASS,0
fifwc-esp-arg-2026-07-19,fifwc-esp-arg-2026-07-19-exact-score,Spain vs. Argentina - Exact Score,2942016,soccer_exact_score,Spain 1 - 2 Argentina,Exact Score: Spain 1 - 2 Argentina?,Yes,No,12384785608039901247497028680546060108195625418904439310834182431741545359435,33943426374788577933834234650409034353628286549043800145320636816016760055303,1939609.2539469919,2597046.9088,0.07,0.08,0.05,0.01,True,0.08,0.07,0.009999999999999995,64803.42480000001,211525.3969,9462.201700000001,0.93,0.92,0.010000000000000009,125442.65939999999,1479505.9626,742146.4464,No,0.938602,0.93234,0.946997,0.93,0.92,0.01,0.003255,0.005347,-0.025915,0.065,0.835,1479505.96,,,,,,,PASS,0
fifwc-esp-arg-2026-07-19,fifwc-esp-arg-2026-07-19-exact-score,Spain vs. Argentina - Exact Score,2942017,soccer_exact_score,Spain 2 - 1 Argentina,Exact Score: Spain 2 - 1 Argentina?,Yes,No,79464966601443444211409754239549864715374909947355242456484423943167025371292,45493746872063564096177937323959647647530659113687507849142486516762995679101,2021642.5549580005,2476079.2564,0.09,0.1,0.05,0.01,True,0.1,0.09,0.010000000000000009,108542.149,252753.84800000003,21374.8461,0.91,0.9,0.010000000000000009,216373.35720000003,1423421.0784,998599.3110000001,No,0.916397,0.90928,0.926802,0.91,0.9,0.01,0.004095,0.002302,-0.029815,0.065,0.811,1423421.08,,,,,,,PASS,0
fifwc-esp-arg-2026-07-19,fifwc-esp-arg-2026-07-19-exact-score,Spain vs. Argentina - Exact Score,2942018,soccer_exact_score,Spain 3 - 0 Argentina,Exact Score: Spain 3 - 0 Argentina?,Yes,No,9849551241373217468398926116494361037206032495449574957261289531683799404303,6378631776633584701711096755651961644025777081603563784626403545311285914224,2285055.6995870005,1065756.62216,0.032,0.033,0.05,0.001,True,0.034,0.033,0.0010000000000000009,14.610820000000002,37724.43312,0.165,0.967,0.966,0.0010000000000000009,6.382199999999999,1208445.20087,769.29342,No,0.976657,0.973125,0.980833,0.967,0.966,0.001,0.001596,0.008061,-0.020471,0.065,0.877,1208445.2,,,,,,,PASS,0
fifwc-esp-arg-2026-07-19,fifwc-esp-arg-2026-07-19-exact-score,Spain vs. Argentina - Exact Score,2942019,soccer_exact_score,Spain 1 - 3 Argentina,Exact Score: Spain 1 - 3 Argentina?,Yes,No,28222289354527373762480982537652524035997379204805798075050731984117597182468,105464392408709386724730914760889773033348761488075448055131432680768115768863,1810845.952684998,1306716.41654,0.028,0.029,0.05,0.001,True,0.029,0.028,0.0010000000000000009,274.48442,32846.78102,191.21424,0.972,0.971,0.0010000000000000009,6314.2966799999995,1163910.4212,111.33485999999999,No,0.984735,0.980455,0.988143,0.972,0.971,0.001,0.001361,0.011374,-0.017906,0.065,0.885,1163910.42,,,,,,,WATCH,0
fifwc-esp-arg-2026-07-19,fifwc-esp-arg-2026-07-19-exact-score,Spain vs. Argentina - Exact Score,2942020,soccer_exact_score,Spain 2 - 2 Argentina,Exact Score: Spain 2 - 2 Argentina?,Yes,No,30705778356175131138527811895766002183117548687772523359723445110027329785211,34891371387938701211840591458071323530884822030384779347681535463054581294576,2213531.1750029596,2597858.1935,0.05,0.06,0.05,0.01,True,0.06,0.05,0.009999999999999995,48206.111399999994,162141.68850000002,3787.47,0.95,0.94,0.010000000000000009,71467.63549999999,1287771.5039,715495.9929999999,No,0.953405,0.943958,0.961433,0.95,0.94,0.01,0.002375,0.00103,-0.033417,0.065,0.847,1287771.5,,,,,,,PASS,0
fifwc-esp-arg-2026-07-19,fifwc-esp-arg-2026-07-19-exact-score,Spain vs. Argentina - Exact Score,2942021,soccer_exact_score,Spain 3 - 1 Argentina,Exact Score: Spain 3 - 1 Argentina?,Yes,No,7021530639078779013734059268307729540470749823782052736997993054767028914999,90697868812610472234346560441302376325910183076355912830906137032174188301710,630004.229417,1028561.84951,0.042,0.043,0.05,0.001,True,0.043,0.042,0.000999999999999994,6166.89531,31487.317039999998,151.13112,0.958,0.957,0.0010000000000000009,6652.936379999999,1227124.72223,140985.8142,No,0.972383,0.965128,0.978488,0.958,0.957,0.001,0.002012,0.012372,-0.019883,0.065,0.869,1227124.72,,,,,,,WATCH,0
fifwc-esp-arg-2026-07-19,fifwc-esp-arg-2026-07-19-exact-score,Spain vs. Argentina - Exact Score,2942022,soccer_exact_score,Spain 2 - 3 Argentina,Exact Score: Spain 2 - 3 Argentina?,Yes,No,51109306394725090330084656461396328598075978877907267180360989433722055814374,28270659931872148672320983284020103550194403267662738412591930426417805719170,11415001.398204926,1184898.58206,0.039,0.04,0.05,0.001,True,0.039,0.038,0.0010000000000000009,669.7454399999999,19014.42644,885.37226,0.962,0.961,0.0010000000000000009,22116.63974,822234.23188,1317.41568,No,0.9855,0.979227,0.989467,0.962,0.961,0.001,0.001828,0.021672,-0.009601,0.065,0.884,822234.23,,,,,,,WATCH,0
fifwc-esp-arg-2026-07-19,fifwc-esp-arg-2026-07-19-exact-score,Spain vs. Argentina - Exact Score,2942023,soccer_exact_score,Spain 3 - 2 Argentina,Exact Score: Spain 3 - 2 Argentina?,Yes,No,83578876256912836630465568836787043011698561387422220730948431144418924444718,49384164222368191218605127033710312316664748617991737246758669505738720950669,3320761.200336995,743533.12521,0.032,0.033,0.05,0.001,True,0.033,0.032,0.0010000000000000009,4.20486,16928.0949,374.52544,0.968,0.967,0.0010000000000000009,11591.0256,1135428.45025,3754.81265,No,0.980032,0.972298,0.98556,0.968,0.967,0.001,0.001549,0.010483,-0.02225,0.065,0.876,1135428.45,,,,,,,WATCH,0
fifwc-esp-arg-2026-07-19,fifwc-esp-arg-2026-07-19-exact-score,Spain vs. Argentina - Exact Score,2942024,soccer_exact_score,Spain 3 - 3 Argentina,Exact Score: Spain 3 - 3 Argentina?,Yes,No,88228649965626685394164426382716859280399843611049553371375616762843144167182,18428656887981140823068577570134033651673411615058872565391929275495865976021,5872509.562841974,622857.48263,0.017,0.018,0.05,0.001,True,0.018,0.017,0.0009999999999999974,5001.797879999999,6226.6314999999995,17.14654,0.984,0.983,0.0010000000000000009,29920.064879999998,1811273.76985,38424.14295,No,0.991392,0.98626,0.993942,0.984,0.983,0.001,0.000787,0.006604,-0.023527,0.065,0.891,1811273.77,,,,,,,PASS,0
fifwc-esp-arg-2026-07-19,fifwc-esp-arg-2026-07-19-exact-score,Spain vs. Argentina - Exact Score,2942025,soccer_exact_score,Any Other Score,Exact Score: Any Other Score?,Yes,No,112506135920499895973036194948205811788595587475440410000783705571222669619858,115151072969073909238674209070880620860700060256512907416652712296216049269321,561079.0407920005,1279540.7524,0.05,0.06,0.05,0.01,True,0.06,0.05,0.009999999999999995,22955.118599999998,75202.5686,6566.115,0.95,0.94,0.010000000000000009,144487.42849999998,2942121.1972,360521.631,No,0.955932,0.929157,0.968192,0.95,0.94,0.01,0.002375,0.003557,-0.048218,0.065,0.832,2942121.2,,,,,,,PASS,0
fifwc-esp-arg-2026-07-19,fifwc-esp-arg-2026-07-19-first-to-score,Spain vs. Argentina - First Team to Score,2942026,soccer_first_to_score,Spain,Spain to score first vs. Argentina?,Yes,No,9442745886371658885992984738892694704152411733298078866606168044613081349804,97171789406634980432007130638998091860312416287731490944838203146022145507770,76899.05262299994,225794.0827,0.52,0.53,0.05,0.01,True,0.53,0.52,0.010000000000000009,16758.091200000003,46844.7113,7957.976,0.48,0.47,0.010000000000000009,7345.824,20637.9281,14638.3239,No,0.516182,0.485232,0.545563,0.48,0.47,0.01,0.01248,0.023702,-0.025248,0.04,0.415,20637.93,,,,,,,WATCH,0
fifwc-esp-arg-2026-07-19,fifwc-esp-arg-2026-07-19-first-to-score,Spain vs. Argentina - First Team to Score,2942027,soccer_first_to_score,Argentina,Argentina to score first vs. Spain?,Yes,No,91613958020462206796604703490892509074037827032000264303930178637905513667554,52462745552966070037353896544408106239819915353248296777169963883406867728145,41663.161186000056,221306.8919,0.38,0.39,0.05,0.01,True,0.39,0.38,0.010000000000000009,8028.278700000001,30387.133200000004,4539.5522,0.62,0.61,0.010000000000000009,7406.6378,26410.944,12583.0617,No,0.625477,0.602603,0.651312,0.62,0.61,0.01,0.01178,-0.006303,-0.047177,0.04,0.532,26410.94,,,,,,,PASS,0
fifwc-esp-arg-2026-07-19,fifwc-esp-arg-2026-07-19-first-to-score,Spain vs. Argentina - First Team to Score,2942028,soccer_first_to_score,Neither,Spain vs. Argentina: Neither team to score first?,Yes,No,46468009063184382728906236836743754404951837514722945422850096655231290940321,51886558789662081116832110864895092893246044793536840163063722959295768001701,80222.34637599996,237078.4434,0.11,0.12,0.05,0.01,True,0.12,0.11,0.009999999999999995,3967.6139999999996,10853.1869,3432.6413000000002,0.89,0.88,0.010000000000000009,27287.7382,265109.1314,46717.9856,Yes,0.141658,0.1124,0.17236,0.12,0.11,0.01,0.00528,0.016378,-0.03088,0.04,0.051,10853.19,,,,,,,WATCH,0
fifwc-esp-arg-2026-07-19,fifwc-esp-arg-2026-07-19-more-markets,Spain vs. Argentina - More Markets,2942064,spreads,Spain (-1.5),Spread: Spain (-1.5),Spain,Argentina,98699639556495089435803820424633193482385080794955683699757392440226749572387,51499791058434329766698297937382776746424415010143258660366209876130116492569,2971210.2430780134,624003.15435,0.2,0.2025,0.05,0.0025,True,0.2025,0.2,0.0025000000000000022,5729.7942,32086.847524999997,11111.302000000001,0.8,0.7975,0.0025000000000000577,44445.208000000006,559453.1106,29348.215324999997,Argentina,0.856307,0.827935,0.87824,0.8,0.7975,0.0025,0.008,0.048307,0.001935,0.04,0.76,559453.11,,,,,,,WATCH,0
fifwc-esp-arg-2026-07-19,fifwc-esp-arg-2026-07-19-more-markets,Spain vs. Argentina - More Markets,2942065,spreads,Argentina (-1.5),Spread: Argentina (-1.5),Argentina,Spain,27866062221579476928861033428139821414043096358422032545150760258360702553383,102231986809071138728906508208881547976182342159506956488734498410239184870444,379915.5393550003,875534.88745,0.085,0.0875,0.05,0.0025,True,0.0875,0.085,0.0024999999999999883,3467.7422499999993,25129.6962,678.29065,0.915,0.9125,0.0025000000000000577,7315.809300000001,55995.963125,4915.026124999999,Spain,0.92686,0.913502,0.938397,0.915,0.9125,0.0025,0.003889,0.007971,-0.023387,0.04,0.849,55995.96,,,,,,,PASS,0
fifwc-esp-arg-2026-07-19,fifwc-esp-arg-2026-07-19-more-markets,Spain vs. Argentina - More Markets,2942066,spreads,Spain (-2.5),Spread: Spain (-2.5),Spain,Argentina,1558707332570189961820096200955136519582171078932511484380238317309280969172,53983086445102802647455380797667419444136142614376756774917672725334661547690,479647.141751,430949.651525,0.0625,0.065,0.05,0.0025,True,0.065,0.0625,0.0025000000000000022,426.9382,4219.353475,1202.67125,0.9375,0.935,0.0024999999999999467,18040.068750000002,211338.03,6141.3418,Argentina,0.956247,0.941743,0.9669,0.9375,0.935,0.0025,0.00293,0.015817,-0.016686,0.04,0.878,211338.03,,,,,,,WATCH,0
fifwc-esp-arg-2026-07-19,fifwc-esp-arg-2026-07-19-more-markets,Spain vs. Argentina - More Markets,2942067,spreads,Argentina (-2.5),Spread: Argentina (-2.5),Argentina,Spain,49329839933847137508236296569317763424126272037348177295233262183539506102390,95927753836153400849282431012340434441468880940946124526171211637554397656956,426541.3860730001,300337.77012,0.017,0.019,0.05,0.001,True,0.019,0.017,0.0019999999999999983,33.668569999999995,695.83525,44.064,0.983,0.981,0.0020000000000000018,2547.936,66708.4793,1738.36143,Spain,0.982715,0.976892,0.987173,0.983,0.981,0.002,0.000836,-0.001121,-0.024944,0.04,0.915,66708.48,,,,,,,PASS,0
fifwc-esp-arg-2026-07-19,fifwc-esp-arg-2026-07-19-more-markets,Spain vs. Argentina - More Markets,2942068,spreads,Spain (-3.5),Spread: Spain (-3.5),Spain,Argentina,91615399910374774632716699707955161093586513472414125784440850426973819044394,32635700868942229311190389374989739093646922876665386023614865459624795467554,153479.9831469999,407995.04221,0.02,0.021,0.05,0.001,True,0.021,0.02,0.0010000000000000009,29.12406,501.13342,46.269200000000005,0.98,0.979,0.0010000000000000009,2267.1908,57319.17909,848.29371,Argentina,0.989112,0.983363,0.992378,0.98,0.979,0.001,0.00098,0.008132,-0.015617,0.04,0.921,57319.18,,,,,,,PASS,0
fifwc-esp-arg-2026-07-19,fifwc-esp-arg-2026-07-19-more-markets,Spain vs. Argentina - More Markets,2942069,spreads,Argentina (-3.5),Spread: Argentina (-3.5),Argentina,Spain,54844701786035835259029529509138818731759430955520272076143110098426589306237,27715479182877240374926505482638123577644716388119637236285740910613452647386,117200.11057899993,323823.4387,0.003,0.004,0.05,0.001,True,0.004,0.003,0.001,21.3496,739.74269,5.86899,0.997,0.996,0.0010000000000000009,1950.46101,29053.454769999997,5316.050399999999,Argentina,0.003302,0.002198,0.00515,0.004,0.003,0.001,0.000199,-0.000898,-0.020001,0.04,0.0,739.74,,,,,,,PASS,0
fifwc-esp-arg-2026-07-19,fifwc-esp-arg-2026-07-19-more-markets,Spain vs. Argentina - More Markets,2942070,spreads,Spain (-4.5),Spread: Spain (-4.5),Spain,Argentina,9783484663367771053370513430414927678392183619921668445617744292539553771659,93904992474937854765835464136967512633018200026836946910032791050847665374852,44147.82456300002,156292.33685,0.006,0.007,0.05,0.001,True,0.008,0.006,0.002,5.129840000000001,15.103439999999999,4.93926,0.994,0.993,0.0010000000000000009,818.27074,60878.2566,319.04097,Argentina,0.997493,0.995667,0.9985,0.994,0.993,0.001,0.000298,0.003195,-0.016632,0.04,0.934,60878.26,,,,,,,PASS,0
fifwc-esp-arg-2026-07-19,fifwc-esp-arg-2026-07-19-more-markets,Spain vs. Argentina - More Markets,2942071,spreads,Argentina (-4.5),Spread: Argentina (-4.5),Argentina,Spain,50566628398671844066086168302979468502494901688337964016203270901568885998503,97749234584173893643480670686521133892631380736811545751163271414470780121700,121053.62503300002,168062.6507,0.001,0.004,0.05,0.001,True,0.004,0.001,0.003,4.50544,21.93457,6.42944,0.999,0.996,0.0030000000000000027,6423.01056,6423.01056,1121.85456,Spain,0.999473,0.998987,0.999662,0.999,0.996,0.003,5e-05,0.000423,-0.018063,0.04,0.938,6423.01,,,,,,,PASS,0
fifwc-esp-arg-2026-07-19,fifwc-esp-arg-2026-07-19-more-markets,Spain vs. Argentina - More Markets,2942072,spreads,Spain (-5.5),Spread: Spain (-5.5),Spain,Argentina,23748597158354846643235421984130201371194669485431024611492995992258659038441,60355982191905787681048665642297423360126574401720213554851134570885746870644,47468.76164599881,205338.02752,0.001,0.003,0.05,0.001,True,0.004,0.001,0.003,13.50336,120.676,40.686150000000005,0.999,0.997,0.0020000000000000018,39316.99365,39316.99365,1210.78671,Argentina,0.999462,0.999048,0.999772,0.999,0.997,0.002,5e-05,0.000412,-0.018002,0.04,0.938,39316.99,,,,,,,PASS,0
fifwc-esp-arg-2026-07-19,fifwc-esp-arg-2026-07-19-more-markets,Spain vs. Argentina - More Markets,2942073,spreads,Argentina (-5.5),Spread: Argentina (-5.5),Argentina,Spain,70067327697400826440646334682200786574182675701377529276477192598187627976266,26663200342242369242743664725822228580684130521640679795846882193264809290075,48336.960883999964,170215.69474,,0.004,0.05,0.001,True,0.004,,,3.8727199999999997,43.91624,0,,0.996,,0,0,964.30728,,0.000105,,,,,,,,,0.04,,,,,,,,,ONE_SIDED_OR_UNQUOTED_PASS,0
fifwc-esp-arg-2026-07-19,fifwc-esp-arg-2026-07-19-more-markets,Spain vs. Argentina - More Markets,2942074,totals,O/U 0.5,Spain vs. Argentina: O/U 0.5,Over,Under,95825958363807846699086525334115004140149075455134418888294284834103444139805,100899066788087264896991245177978653395891419153169248929857538839728453964270,224412.74225700033,290465.105575,0.8875,0.89,0.05,0.0025,True,0.89,0.8875,0.0025000000000000577,54451.8554,445616.06585,26082.577749999997,0.1125,0.11,0.0025000000000000022,3306.2422500000002,16340.75625,6731.2036,Under,0.141658,0.1124,0.17236,0.1125,0.11,0.0025,0.004992,0.024166,-0.017092,0.025,0.072,16340.76,,,,,,,WATCH,0
fifwc-esp-arg-2026-07-19,fifwc-esp-arg-2026-07-19-more-markets,Spain vs. Argentina - More Markets,2942075,totals,O/U 1.5,Spain vs. Argentina: O/U 1.5,Over,Under,76487730613685673778526503275712730145438196914922669236000206527286181327605,94444460094130059478461527758124284936643092317254702208374627453626023521088,1922177.2736740045,647868.24155,0.6925,0.695,0.05,0.0025,True,0.695,0.6925,0.0024999999999999467,174645.57004999998,285700.99714999995,22986.588774999997,0.3075,0.305,0.0025000000000000022,10330.041224999999,102754.04455,76603.2266,Under,0.397038,0.334593,0.453195,0.3075,0.305,0.0025,0.010647,0.078891,0.004446,0.025,0.287,102754.04,,,,,,,WATCH,0
fifwc-esp-arg-2026-07-19,fifwc-esp-arg-2026-07-19-more-markets,Spain vs. Argentina - More Markets,2942076,totals,O/U 2.5,Spain vs. Argentina: O/U 2.5,Over,Under,96709369199155811896412708963452696003757852418260689931259227822622759089946,62079784984413523345650422563713547632559798516317866687864953356087521248390,2587771.340107003,1530654.42075,0.41,0.4125,0.05,0.0025,True,0.4125,0.41,0.0025000000000000022,29783.704499999996,655210.043925,55917.7475,0.59,0.5875,0.0024999999999999467,80391.73030000001,512806.0464,41946.21925000001,Under,0.64506,0.572003,0.701423,0.59,0.5875,0.0025,0.012095,0.042965,-0.042092,0.025,0.522,512806.05,0.5902,Oddschecker best-price 1X2/total and FanDuel trophy market captured 2026-07-19,,,,,WATCH,0
fifwc-esp-arg-2026-07-19,fifwc-esp-arg-2026-07-19-more-markets,Spain vs. Argentina - More Markets,2942077,totals,O/U 3.5,Spain vs. Argentina: O/U 3.5,Over,Under,55402626476150628336189573790876489866083310387667065204313831315980903668019,79463031754212872590735327726896748721117002882760315528874275622377644753131,426964.94361899927,597762.769725,0.2275,0.23,0.05,0.0025,True,0.23,0.2275,0.0025000000000000022,5900.7489000000005,22127.967575,71577.653875,0.7725,0.77,0.0024999999999999467,243676.782,420099.78765,3366.44,Under,0.823378,0.761218,0.86094,0.7725,0.77,0.0025,0.008787,0.042091,-0.032069,0.025,0.714,420099.79,,,,,,,WATCH,0
fifwc-esp-arg-2026-07-19,fifwc-esp-arg-2026-07-19-more-markets,Spain vs. Argentina - More Markets,2942078,totals,O/U 4.5,Spain vs. Argentina: O/U 4.5,Over,Under,11495950938209749273971051560503552170700519238704281218794309479744779141493,44191264759697865385135202563380717265798503080774312620323457687658441080107,375537.121213,192229.326025,0.11,0.1125,0.05,0.0025,True,0.115,0.1125,0.0025000000000000022,12.07845,1656.95855,362.854125,0.8875,0.885,0.0024999999999999467,1087.5158749999998,144827.88515,453.2085,Under,0.920995,0.87904,0.942437,0.8875,0.885,0.0025,0.004992,0.028503,-0.025452,0.025,0.835,144827.89,,,,,,,WATCH,0
fifwc-esp-arg-2026-07-19,fifwc-esp-arg-2026-07-19-more-markets,Spain vs. Argentina - More Markets,2942079,totals,O/U 5.5,Spain vs. Argentina: O/U 5.5,Over,Under,39597975841443176908555740378556181319024921993457924597132299006128698383414,45112419386690364734449600494611320250510060938704315852020921265799923273987,255249.8766050003,371867.43799,0.045,0.046,0.05,0.001,True,0.046,0.045,0.0010000000000000009,35.297180000000004,1292.26756,560.78595,0.955,0.954,0.0010000000000000009,11901.124049999999,134340.36872,732.03282,Under,0.968592,0.944943,0.978315,0.955,0.954,0.001,0.002149,0.011443,-0.024205,0.025,0.903,134340.37,,,,,,,WATCH,0
fifwc-esp-arg-2026-07-19,fifwc-esp-arg-2026-07-19-more-markets,Spain vs. Argentina - More Markets,2942080,totals,O/U 6.5,Spain vs. Argentina: O/U 6.5,Over,Under,12824531344546423125643023561330753840736159393118539820917597694992566604050,20229023836786455875423160779564438217271757651373250307733617830660567954572,188337.502055,301156.80395,0.016,0.017,0.05,0.001,True,0.017,0.016,0.0010000000000000009,23.04622,65.21842000000001,24.28656,0.984,0.983,0.0010000000000000009,1493.62344,207033.62438,1222.74387,Under,0.988653,0.977018,0.992805,0.984,0.983,0.001,0.000787,0.003866,-0.019769,0.025,0.937,207033.62,,,,,,,PASS,0
fifwc-esp-arg-2026-07-19,fifwc-esp-arg-2026-07-19-more-markets,Spain vs. Argentina - More Markets,2942081,totals,O/U 7.5,Spain vs. Argentina: O/U 7.5,Over,Under,39694945349350859827256227800649660552056278027714528836781901344275639839905,2692517155492333981922803700748758333284067767841373811796825312545022886703,179140.61573399976,460731.55748,0.007,0.009,0.05,0.001,True,0.009,0.007,0.001999999999999999,5.684849999999999,128.7868,5.91402,0.993,0.991,0.0020000000000000018,838.94598,50570.76251,79.27009,Under,0.996292,0.991157,0.998023,0.993,0.991,0.002,0.000348,0.002944,-0.014191,0.025,0.951,50570.76,,,,,,,PASS,0
fifwc-esp-arg-2026-07-19,fifwc-esp-arg-2026-07-19-more-markets,Spain vs. Argentina - More Markets,2942082,totals,O/U 8.5,Spain vs. Argentina: O/U 8.5,Over,Under,17164965730683793600598766066684853635037210347232250111784578411733566708083,51156099466887878211796641037191753756120490705979771546473791310455657552699,173987.80289699952,449202.60018,0.002,0.003,0.05,0.001,True,0.003,0.002,0.001,8.044979999999999,239.94298,34.60406,0.998,0.997,0.0010000000000000009,17267.425939999997,29079.93161,2008.94503,Under,0.998915,0.99673,0.999422,0.998,0.997,0.001,0.0001,0.000815,-0.01337,0.025,0.957,29079.93,,,,,,,PASS,0
fifwc-esp-arg-2026-07-19,fifwc-esp-arg-2026-07-19-more-markets,Spain vs. Argentina - More Markets,2942083,soccer_team_to_advance,Team to Advance,Spain vs. Argentina: Team to Advance,Spain,Argentina,21489275813654264105403246157265887827595023709508765470113828829105196462288,59470269118682771304947535994646971819417763580663925170396066961563339373816,10207340.47564715,5438422.428575,0.5875,0.59,0.05,0.0025,True,0.59,0.5875,0.0024999999999999467,71409.7119,3443790.86,916340.205875,0.4125,0.41,0.0025000000000000022,659425.9773749999,2011377.965225,17139.225899999998,Argentina,0.428357,0.399035,0.45773,0.4125,0.41,0.0025,0.012117,0.003739,-0.037582,0.025,0.35,2011377.97,0.4236,,,,,,PASS,0
fifwc-esp-arg-2026-07-19,fifwc-esp-arg-2026-07-19-more-markets,Spain vs. Argentina - More Markets,2942084,soccer_extra_time,Will the Match Go to Extra Time?,Spain vs. Argentina: Will the Match Go to Extra Time?,Yes,No,97948501642772411011659953242528615488160007717513876997441328473821772128256,45064127349620505638971408853930687190941379805009611444184929924545684192288,30003.201589999953,363505.3721,0.32,0.33,0.05,0.01,True,0.33,0.32,0.010000000000000009,55921.06080000001,77082.9208,2561.2032,0.68,0.67,0.010000000000000009,5439.551200000001,56612.935699999995,100254.3311,Yes,0.342735,0.320448,0.36365,0.33,0.32,0.01,0.011055,0.00168,-0.032607,0.025,0.273,77082.92,,,,,,,PASS,0
fifwc-esp-arg-2026-07-19,fifwc-esp-arg-2026-07-19-more-markets,Spain vs. Argentina - More Markets,2942085,soccer_penalty_shootout,Will the Match Go to a Penalty Shootout?,Spain vs. Argentina: Will the Match Go to a Penalty Shootout?,Yes,No,99237176169814247102676104209521416651037975910599658912877418671626337542536,23672155771406754848331239612472695073393736122708258152585549720814710165762,79280.81078700008,250689.431,0.19,0.2,0.05,0.01,True,0.2,0.19,0.010000000000000009,920.198,16818.085,252.5784,0.81,0.8,0.010000000000000009,1076.7816,5503.1604,3617.632,Yes,0.195752,0.179757,0.214148,0.2,0.19,0.01,0.008,-0.012248,-0.058243,0.08,0.066,16818.08,,,,,,,PASS,0
fifwc-esp-arg-2026-07-19,fifwc-esp-arg-2026-07-19-more-markets,Spain vs. Argentina - More Markets,2945083,both_teams_to_score,Both Teams to Score,Spain vs. Argentina: Both Teams to Score,Yes,No,43400327584658432314631806325041229967848913385037627203899950879363399512175,26086477339270164470484984523102108367508939325488072884563308690155488440387,2053395.5807630033,1131408.4975,0.53,0.54,0.05,0.01,True,0.54,0.53,0.010000000000000009,5414.1588,410966.2436,162871.5493,0.47,0.46,0.009999999999999953,144334.9367,450258.29339999997,5707.569600000001,No,0.544002,0.483665,0.596035,0.47,0.46,0.01,0.012455,0.061547,-0.02879,0.08,0.362,450258.29,,,,,,,WATCH,0
fifwc-esp-arg-2026-07-19,fifwc-esp-arg-2026-07-19-more-markets,Spain vs. Argentina - More Markets,2945084,both_teams_to_score_first_half,Both Teams to Score in First Half,Spain vs. Argentina: Both Teams to Score in First Half,Yes,No,105332887663665957622487397841354345154269536679107315523798052630324287544013,4661440228658734393856136334742953273722940131337485586370374307606834294035,66912.63452300004,235596.6324,0.17,0.18,0.05,0.01,True,0.18,0.17,0.009999999999999981,1560.5766,20936.4904,1323.2086000000002,0.83,0.82,0.010000000000000009,6776.974899999999,65725.4668,7193.761599999999,No,0.863563,0.833932,0.885332,0.83,0.82,0.01,0.007055,0.026508,-0.033123,0.08,0.713,65725.47,,,,,,,WATCH,0
fifwc-esp-arg-2026-07-19,fifwc-esp-arg-2026-07-19-more-markets,Spain vs. Argentina - More Markets,2945085,first_half_totals,1st Half O/U 0.5,Spain vs. Argentina: 1st Half O/U 0.5,Over,Under,98788592494598149998650102899674298468012255258943672389692097320213510544449,76765811238905050379447258681379555994437711357729660383833414638328121550927,105291.11012199993,928730.9138,0.61,0.62,0.05,0.01,True,0.62,0.61,0.010000000000000009,102792.60859999999,304337.78229999996,141562.1815,0.39,0.38,0.010000000000000009,107820.7065,305599.5392,62824.85660000001,Under,0.418433,0.373755,0.457023,0.39,0.38,0.01,0.011895,0.016538,-0.05814,0.08,0.254,305599.54,,,,,,,WATCH,0
fifwc-esp-arg-2026-07-19,fifwc-esp-arg-2026-07-19-more-markets,Spain vs. Argentina - More Markets,2945086,first_half_totals,1st Half O/U 1.5,Spain vs. Argentina: 1st Half O/U 1.5,Over,Under,88491211789846798134575627874844034350484474861456960770391047920102991699376,112817446281474270495012955974920284350632577444159173457815787999785461571981,241351.29952700014,372831.2689,0.26,0.27,0.05,0.01,True,0.27,0.26,0.010000000000000009,11764.2618,28210.687,1808.4144,0.74,0.73,0.010000000000000009,5147.0256,99740.92550000001,33119.6182,Under,0.775247,0.730362,0.808638,0.74,0.73,0.01,0.00962,0.025627,-0.049258,0.08,0.608,99740.93,,,,,,,WATCH,0
fifwc-esp-arg-2026-07-19,fifwc-esp-arg-2026-07-19-more-markets,Spain vs. Argentina - More Markets,2945087,first_half_totals,1st Half O/U 2.5,Spain vs. Argentina: 1st Half O/U 2.5,Over,Under,32910307724756324222180173514230358930496925840490536672884218770274478698063,97807779008808666877212483834318722121095201924149767982308586680303200531729,19977.096351,249761.572,0.08,0.09,0.05,0.01,True,0.09,0.08,0.009999999999999995,4308.768,7201.3068,6584.843199999999,0.92,0.91,0.010000000000000009,76142.4568,134776.4448,6905.262,Under,0.935023,0.910998,0.949517,0.92,0.91,0.01,0.00368,0.011343,-0.042682,0.08,0.792,134776.44,,,,,,,WATCH,0
fifwc-esp-arg-2026-07-19,fifwc-esp-arg-2026-07-19-more-markets,Spain vs. Argentina - More Markets,2945088,soccer_team_totals,Spain O/U 0.5,Spain vs. Argentina: Spain O/U 0.5,Over,Under,100355410528829167351369310476973510907896128009743831751362377462177827859431,5811351223424086036323155994457479563772669983054060850770124909757590616584,37053.34883000001,292729.508,0.75,0.76,0.05,0.01,True,0.76,0.75,0.010000000000000009,25749.164800000002,217832.46380000003,14862.465,0.25,0.24,0.010000000000000009,6084.155,43690.783200000005,8126.515200000001,Under,0.300102,0.247188,0.348855,0.25,0.24,0.01,0.009375,0.040727,-0.042187,0.08,0.131,43690.78,,,,,,,WATCH,0
fifwc-esp-arg-2026-07-19,fifwc-esp-arg-2026-07-19-more-markets,Spain vs. Argentina - More Markets,2945089,soccer_team_totals,Spain O/U 1.5,Spain vs. Argentina: Spain O/U 1.5,Over,Under,38830751010130480335360158234149115557694649367342989164909218073954827414392,69836619484603697415335565392789354837263389131211124276207135944947763729616,110854.53371200006,487446.3995,0.39,0.4,0.05,0.01,True,0.4,0.39,0.010000000000000009,11893.392,69418.3933,15127.4331,0.61,0.6,0.010000000000000009,23657.8069,136677.08610000001,13798.716,Under,0.672133,0.600865,0.725683,0.61,0.6,0.01,0.011895,0.050238,-0.05103,0.08,0.478,136677.09,,,,,,,WATCH,0
fifwc-esp-arg-2026-07-19,fifwc-esp-arg-2026-07-19-more-markets,Spain vs. Argentina - More Markets,2945090,soccer_team_totals,Spain O/U 2.5,Spain vs. Argentina: Spain O/U 2.5,Over,Under,57630936689653361303158382794528845965536943350811324017155128103982435667892,9868694427823165689309825233772727996863244375078695087861948500417790089475,54247.26833399998,386586.1204,0.14,0.15,0.05,0.01,True,0.15,0.14,0.009999999999999981,744.7065,7515.3592,6998.9878,0.86,0.85,0.010000000000000009,42993.782199999994,235341.5564,1670.0035,Under,0.886653,0.839922,0.915773,0.86,0.85,0.01,0.00602,0.020633,-0.056098,0.08,0.719,235341.56,,,,,,,WATCH,0
fifwc-esp-arg-2026-07-19,fifwc-esp-arg-2026-07-19-more-markets,Spain vs. Argentina - More Markets,2945091,soccer_team_totals,Argentina O/U 0.5,Spain vs. Argentina: Argentina O/U 0.5,Over,Under,83846396984989136712249171694516589660710828822197605918114090178164988652770,49278646525431166950704568331918006098194671187372033940712950274925104777399,143882.14382699988,450203.0921,0.65,0.66,0.05,0.01,True,0.66,0.65,0.010000000000000009,20450.5158,133514.1558,21694.347999999998,0.35,0.34,0.009999999999999953,11502.372,80437.9153,10361.034200000002,Under,0.385558,0.331492,0.43716,0.35,0.34,0.01,0.011375,0.024183,-0.059883,0.08,0.213,80437.92,,,,,,,WATCH,0
fifwc-esp-arg-2026-07-19,fifwc-esp-arg-2026-07-19-more-markets,Spain vs. Argentina - More Markets,2945092,soccer_team_totals,Argentina O/U 1.5,Spain vs. Argentina: Argentina O/U 1.5,Over,Under,49657094344563222660567315070048602673827083966340534481179981823001492001584,95300686560893239916040907573612912175387748576823220492295166298077861821221,246113.29132299896,402605.8789,0.27,0.28,0.05,0.01,True,0.28,0.27,0.010000000000000009,1174.7176000000002,14090.5601,10080.7389,0.73,0.72,0.010000000000000009,27255.3311,134023.5146,3389.3424,Under,0.760948,0.701953,0.804895,0.73,0.72,0.01,0.009855,0.021093,-0.067902,0.08,0.579,134023.51,,,,,,,WATCH,0
fifwc-esp-arg-2026-07-19,fifwc-esp-arg-2026-07-19-more-markets,Spain vs. Argentina - More Markets,2945093,soccer_team_totals,Argentina O/U 2.5,Spain vs. Argentina: Argentina O/U 2.5,Over,Under,65017691110373628604984983289084714551172384985841625320350357098650802213114,42851931730059285366032592712263954135147076493037341265935815332156807239761,176497.26719200006,440907.9031,0.08,0.09,0.05,0.01,True,0.09,0.08,0.009999999999999995,744.8121,9495.3471,4949.656,0.92,0.91,0.010000000000000009,57105.044,147628.8917,7065.8679,Under,0.933283,0.90126,0.95168,0.92,0.91,0.01,0.00368,0.009603,-0.05242,0.08,0.782,147628.89,,,,,,,PASS,0
fifwc-esp-arg-2026-07-19,fifwc-esp-arg-2026-07-19-more-markets,Spain vs. Argentina - More Markets,2945094,soccer_first_half_team_totals,Spain 1st Half O/U 0.5,Spain vs. Argentina: Spain 1st Half O/U 0.5,Over,Under,99560079665224382106782562344104810964345632210922897282867204395425290603208,23296648766999607441921849448187204400982593353971676535659473566092465019709,3540.6788070000016,142799.3955,0.43,0.44,0.05,0.01,True,0.44,0.43,0.010000000000000009,5177.4272,25873.4931,949.1605,0.57,0.56,0.009999999999999898,1258.1895,9192.455999999998,7088.9728000000005,Under,0.60615,0.557232,0.64535,0.57,0.56,0.01,0.012255,0.023895,-0.055023,0.08,0.434,9192.46,,,,,,,WATCH,0
fifwc-esp-arg-2026-07-19,fifwc-esp-arg-2026-07-19-more-markets,Spain vs. Argentina - More Markets,2945095,soccer_first_half_team_totals,Spain 1st Half O/U 1.5,Spain vs. Argentina: Spain 1st Half O/U 1.5,Over,Under,90679402795377185372021569499006721442635113705220032262017557002346276902736,5758672465601358364911175703045770239183633482122325607440714056783040764990,6603.655676,80827.0822,0.11,0.12,0.05,0.01,True,0.12,0.11,0.009999999999999995,78.36,299.88710000000003,994.9445000000001,0.89,0.88,0.010000000000000009,8050.005500000001,43675.1512,574.64,Under,0.910807,0.884032,0.928652,0.89,0.88,0.01,0.004895,0.015912,-0.040863,0.08,0.765,43675.15,,,,,,,WATCH,0
fifwc-esp-arg-2026-07-19,fifwc-esp-arg-2026-07-19-more-markets,Spain vs. Argentina - More Markets,2945096,soccer_first_half_team_totals,Argentina 1st Half O/U 0.5,Spain vs. Argentina: Argentina 1st Half O/U 0.5,Over,Under,49708141944161622500691038288889731687738581308056875261788918022115319402439,62879533417630548728115241483130443793302197202974224045151883777085914538272,15972.316813000001,163683.604,0.34,0.35,0.05,0.01,True,0.35,0.34,0.009999999999999953,6288.4395,21705.2743,597.9580000000001,0.66,0.65,0.010000000000000009,1160.7420000000002,17935.4745,11678.5305,Under,0.675847,0.63499,0.71221,0.66,0.65,0.01,0.01122,0.004627,-0.06623,0.08,0.512,17935.47,,,,,,,PASS,0
fifwc-esp-arg-2026-07-19,fifwc-esp-arg-2026-07-19-more-markets,Spain vs. Argentina - More Markets,2945097,soccer_first_half_team_totals,Argentina 1st Half O/U 1.5,Spain vs. Argentina: Argentina 1st Half O/U 1.5,Over,Under,50409547578717846336581987905148176048993122580356263454567129480812318091707,48513038431506018684218822077882150707813304788956692355917304192573195899752,9376.217255999998,105482.5098,0.06,0.07,0.05,0.01,True,0.07,0.06,0.010000000000000009,27.751500000000004,121.7146,47.386799999999994,0.94,0.93,0.009999999999999898,742.3932,8742.816200000001,368.6985,Under,0.941883,0.924047,0.954018,0.94,0.93,0.01,0.00282,-0.000937,-0.048773,0.08,0.806,8742.82,,,,,,,PASS,0
fifwc-esp-arg-2026-07-19,fifwc-esp-arg-2026-07-19-more-markets,Spain vs. Argentina - More Markets,2945098,both_teams_to_score_second_half,Both Teams to Score in Second Half,Spain vs. Argentina: Both Teams to Score in Second Half,Yes,No,51609412945400645746412496154188810760018237724291445418096002226611205645086,14977782548656283555118301585552341027624155712527326215253598874858223464729,205260.18970799938,147850.6289,0.29,0.3,0.05,0.01,True,0.3,0.28,0.019999999999999962,1191.933,6814.0496,900.3708000000001,0.72,0.7,0.020000000000000018,2315.2392,48135.2644,2781.177,No,0.76585,0.719727,0.798748,0.72,0.7,0.02,0.01008,0.03577,-0.040353,0.08,0.597,48135.26,,,,,,,WATCH,0
fifwc-esp-arg-2026-07-19,fifwc-esp-arg-2026-07-19-more-markets,Spain vs. Argentina - More Markets,2945099,second_half_totals,2nd Half O/U 0.5,Spain vs. Argentina: 2nd Half O/U 0.5,Over,Under,26096317819650565273349649728182025748676200637854644714253408716965464594120,6004770358509381975644926388489719276457863157769967525903691525201892554784,5417.898195999999,135041.1971,0.77,0.78,0.05,0.01,True,0.78,0.77,0.010000000000000009,766.701,6036.9836,1464.4398999999999,0.23,0.22,0.010000000000000009,437.4301,1363.4917,216.24900000000002,Under,0.31101,0.266775,0.351002,0.23,0.22,0.01,0.008855,0.072155,-0.00208,0.08,0.15,1363.49,,,,,,,WATCH,0
fifwc-esp-arg-2026-07-19,fifwc-esp-arg-2026-07-19-more-markets,Spain vs. Argentina - More Markets,2945100,second_half_totals,2nd Half O/U 1.5,Spain vs. Argentina: 2nd Half O/U 1.5,Over,Under,16402988523515850387261995151252436133951641185975175792678709493789810116525,24886270437549625383861477327879618484828775643227688805752757302959201053714,5490.787988,238460.1215,0.41,0.42,0.05,0.01,True,0.42,0.41,0.010000000000000009,9552.0222,48932.4435,941.2944,0.59,0.58,0.010000000000000009,1354.5456,17707.4663,13190.887799999999,Under,0.656092,0.596445,0.70019,0.59,0.58,0.01,0.012095,0.053997,-0.03565,0.08,0.473,17707.47,,,,,,,WATCH,0
fifwc-esp-arg-2026-07-19,fifwc-esp-arg-2026-07-19-more-markets,Spain vs. Argentina - More Markets,2945101,second_half_totals,2nd Half O/U 2.5,Spain vs. Argentina: 2nd Half O/U 2.5,Over,Under,20543219279079872846335460998371399245394934275054680453056323406909927245748,42577569158691158051480026518808218092920554819948583226977649302442502104461,6015.654175000001,153957.2578,0.18,0.2,0.05,0.01,True,0.2,0.18,0.020000000000000018,857.764,4511.3736,380.9052,0.82,0.8,0.019999999999999907,1735.2347999999997,4083.3971999999994,3431.056,Under,0.864242,0.819877,0.89099,0.82,0.8,0.02,0.00738,0.036862,-0.037503,0.08,0.699,4083.4,,,,,,,WATCH,0
fifwc-esp-arg-2026-07-19,fifwc-esp-arg-2026-07-19-more-markets,Spain vs. Argentina - More Markets,2945102,soccer_second_half_team_totals,Spain 2nd Half O/U 0.5,Spain vs. Argentina: Spain 2nd Half O/U 0.5,Over,Under,5717340028001037324107878318698889848270140665184499563957199737418922609683,37257255616398531315692579323699074639682632694549043191765695582301374715090,4361.376785,158647.502,0.56,0.57,0.05,0.01,True,0.57,0.56,0.009999999999999898,24910.4136,28503.8194,965.5968,0.44,0.43,0.010000000000000009,758.6831999999999,4821.3796,18792.0664,Under,0.50144,0.448438,0.546757,0.44,0.43,0.01,0.01232,0.04912,-0.033882,0.08,0.327,4821.38,,,,,,,WATCH,0
fifwc-esp-arg-2026-07-19,fifwc-esp-arg-2026-07-19-more-markets,Spain vs. Argentina - More Markets,2945103,soccer_second_half_team_totals,Spain 2nd Half O/U 1.5,Spain vs. Argentina: Spain 2nd Half O/U 1.5,Over,Under,23356086022706498603470777888062241471831340998520847305870935758234341416210,50668649652732239712591983209390876939417466121022687534008667319653379805867,591.615508,107638.4651,0.19,0.21,0.05,0.01,True,0.21,0.19,0.01999999999999999,93.5466,293.8988,56.1336,0.81,0.79,0.020000000000000018,239.30640000000002,239.30640000000002,351.9134,Under,0.852847,0.810972,0.880413,0.81,0.79,0.02,0.007695,0.035152,-0.036723,0.08,0.69,239.31,,,,,,,WATCH,0
fifwc-esp-arg-2026-07-19,fifwc-esp-arg-2026-07-19-more-markets,Spain vs. Argentina - More Markets,2945104,soccer_second_half_team_totals,Argentina 2nd Half O/U 0.5,Spain vs. Argentina: Argentina 2nd Half O/U 0.5,Over,Under,14600821369100575484635490577065433448363648411514595744932677289130410230403,27710731280083813526951525003759156289243619077216627402494972903115424250245,2162.6586780000007,144791.9611,0.48,0.49,0.05,0.01,True,0.49,0.48,0.010000000000000009,26836.9178,31081.8378,213.19199999999998,0.52,0.51,0.010000000000000009,230.958,826.6435000000001,27932.302200000002,Under,0.57542,0.523213,0.618413,0.52,0.51,0.01,0.01248,0.04294,-0.039267,0.08,0.401,826.64,,,,,,,WATCH,0
fifwc-esp-arg-2026-07-19,fifwc-esp-arg-2026-07-19-more-markets,Spain vs. Argentina - More Markets,2945105,soccer_second_half_team_totals,Argentina 2nd Half O/U 1.5,Spain vs. Argentina: Argentina 2nd Half O/U 1.5,Over,Under,14090414867213601216283145748185145494315708392841298221526070196228320296777,64203328213015463833700376139427632118992131164009350251096059850188856895364,2270.163317,107833.5352,0.14,0.15,0.05,0.01,True,0.15,0.14,0.009999999999999981,77.0115,400.634,234.30120000000002,0.86,0.85,0.010000000000000009,1439.2787999999998,2195.7268,436.39849999999996,Under,0.896673,0.86488,0.917542,0.86,0.85,0.01,0.00602,0.030653,-0.03114,0.08,0.745,2195.73,,,,,,,WATCH,0
fifwc-esp-arg-2026-07-19,fifwc-esp-arg-2026-07-19-total-corners,Spain vs. Argentina - Total Corners,2942086,total_corners,Total Corners: O/U 10.5,Spain vs. Argentina: O/U 10.5 Total Corners,Over,Under,100884929291058386486272562949288505573410161134361262436569204241548679514194,8798078604207564628901160346846366718740102821554595865956679542950175847197,28787.682240000024,115308.1478,0.22,0.23,0.05,0.01,True,0.23,0.22,0.010000000000000009,902.7408,2377.7826999999997,758.3598000000001,0.78,0.77,0.010000000000000009,2688.7302000000004,5795.2024,1323.6223,Under,0.886045,0.868437,0.897645,0.78,0.77,0.01,0.00858,0.097465,0.044857,0.08,0.743,5795.2,,,,,,,WATCH,0
fifwc-esp-arg-2026-07-19,fifwc-esp-arg-2026-07-19-total-corners,Spain vs. Argentina - Total Corners,2942087,total_corners,Total Corners: O/U 7.5,Spain vs. Argentina: O/U 7.5 Total Corners,Over,Under,62297234945470202633521042925717694851731938289986095644136689608717831573280,14779115833904937674097764073453701387964631439951402547450795360800782701769,120978.90135900004,208534.6125,0.53,0.54,0.05,0.01,True,0.54,0.53,0.010000000000000009,29904.5574,51043.9645,14549.8303,0.47,0.46,0.009999999999999953,12902.679699999999,20153.2938,25368.1306,Under,0.580063,0.545737,0.605723,0.47,0.46,0.01,0.012455,0.097608,0.028282,0.08,0.418,20153.29,,,,,,,WATCH,0
fifwc-esp-arg-2026-07-19,fifwc-esp-arg-2026-07-19-total-corners,Spain vs. Argentina - Total Corners,2942088,total_corners,Total Corners: O/U 6.5,Spain vs. Argentina: O/U 6.5 Total Corners,Over,Under,13791465386744541708008749529499707759399538147853478212698226131258167266843,98200721663470256841583863300165128793984043179730926032160921349858910509985,29382.468154,156682.5413,0.71,0.72,0.05,0.01,True,0.72,0.71,0.010000000000000009,12332.844000000001,32407.059699999998,3098.3051,0.29,0.28,0.009999999999999953,1265.5049000000001,3572.4777999999997,4796.106000000001,Under,0.436823,0.401645,0.462722,0.29,0.28,0.01,0.010295,0.136528,0.06635,0.08,0.276,3572.48,,,,,,,WATCH,0
fifwc-esp-arg-2026-07-19,fifwc-esp-arg-2026-07-19-total-corners,Spain vs. Argentina - Total Corners,2942089,total_corners,Total Corners: O/U 9.5,Spain vs. Argentina: O/U 9.5 Total Corners,Over,Under,58099927348932613457612110542604695170841031065893301089162724368076781554350,33828905686744352504401030470185377424515449695732960804300825727635006324623,19357.369876,146313.5571,0.31,0.32,0.05,0.01,True,0.32,0.31,0.010000000000000009,3644.3968,10738.074900000001,1135.3254,0.69,0.68,0.009999999999999898,2527.0146,16581.6327,7611.206000000001,Under,0.81127,0.787607,0.828305,0.69,0.68,0.01,0.010695,0.110575,0.051912,0.08,0.661,16581.63,,,,,,,WATCH,0
fifwc-esp-arg-2026-07-19,fifwc-esp-arg-2026-07-19-total-corners,Spain vs. Argentina - Total Corners,2942090,total_corners,Total Corners: O/U 12.5,Spain vs. Argentina: O/U 12.5 Total Corners,Over,Under,8840952442716169572853510450574377895501391340133938674787209180474930429943,69083233201292256218742801149657862987331957887808317053951484291136696607294,8395.417569999998,104568.9977,0.1,0.11,0.05,0.01,True,0.11,0.1,0.009999999999999995,268.5056,427.586,220.13800000000003,0.9,0.89,0.010000000000000009,1981.2420000000002,3118.8388000000004,2415.1841,Under,0.966277,0.95952,0.970283,0.9,0.89,0.01,0.0045,0.061777,0.02002,0.08,0.837,3118.84,,,,,,,WATCH,0
fifwc-esp-arg-2026-07-19,fifwc-esp-arg-2026-07-19-total-corners,Spain vs. Argentina - Total Corners,2942091,total_corners,Total Corners: O/U 11.5,Spain vs. Argentina: O/U 11.5 Total Corners,Over,Under,114407872046271014049974812468345324983840270246338723559484175155285594720118,5276805451642985851441312018990805778197884630819859950202836307326431497186,2709.750835,72782.5318,0.14,0.15,0.05,0.01,True,0.15,0.14,0.009999999999999981,89.229,466.0362,136.017,0.86,0.85,0.010000000000000009,835.5329999999999,2396.4085,477.292,Under,0.935973,0.924587,0.94313,0.86,0.85,0.01,0.00602,0.069953,0.023567,0.08,0.801,2396.41,,,,,,,WATCH,0
fifwc-esp-arg-2026-07-19,fifwc-esp-arg-2026-07-19-total-corners,Spain vs. Argentina - Total Corners,2942092,total_corners,Total Corners: O/U 8.5,Spain vs. Argentina: O/U 8.5 Total Corners,Over,Under,37324691714507346241532363779598036161789194798773486258397943227545658009856,8982543254857777962338153839341664154429126981415171735057756857901145514789,51264.955101000014,383387.5449,0.41,0.42,0.05,0.01,True,0.42,0.41,0.010000000000000009,13400.2386,161502.971,486.26,0.59,0.58,0.010000000000000009,699.74,34235.911400000005,18505.0914,Under,0.708762,0.677917,0.731622,0.59,0.58,0.01,0.012095,0.106667,0.040822,0.08,0.55,34235.91,,,,,,,WATCH,0
fifwc-esp-arg-2026-07-19,fifwc-esp-arg-2026-07-19-total-corners,Spain vs. Argentina - Total Corners,2942093,soccer_first_half_total_corners,1st Half Total Corners: O/U 3.5,Spain vs. Argentina: 1st Half O/U 3.5 Total Corners,Over,Under,100002411886865891295169984829739899620779696243692635352330027637284200504726,58466313991005930067827911937419510174032031450766071388165026237975906922232,16478.637041000013,222059.1083,0.51,0.52,0.05,0.01,True,0.52,0.51,0.010000000000000009,7189.8476,39500.219900000004,1270.4967000000001,0.49,0.48,0.010000000000000009,1220.6733,39188.3021,6636.782399999999,Under,0.62997,0.607752,0.646082,0.49,0.48,0.01,0.012495,0.127475,0.070257,0.08,0.48,39188.3,,,,,,,WATCH,0
fifwc-esp-arg-2026-07-19,fifwc-esp-arg-2026-07-19-total-corners,Spain vs. Argentina - Total Corners,2942094,soccer_first_half_total_corners,1st Half Total Corners: O/U 4.5,Spain vs. Argentina: 1st Half O/U 4.5 Total Corners,Over,Under,18035517577195560264196283974031009861538528743965343122238515888260329341310,92948244477302759140376469587916981027967522994120032845178303285800028809076,2493.160122,68011.0404,0.34,0.35,0.05,0.01,True,0.35,0.34,0.009999999999999953,652.7395,1925.7094,65.3582,0.66,0.65,0.010000000000000009,126.8718,907.269,1277.2305000000001,Under,0.801037,0.784922,0.813858,0.66,0.65,0.01,0.01122,0.129817,0.078702,0.08,0.658,907.27,,,,,,,WATCH,0
fifwc-esp-arg-2026-07-19,fifwc-esp-arg-2026-07-19-total-corners,Spain vs. Argentina - Total Corners,2942095,soccer_first_half_total_corners,1st Half Total Corners: O/U 5.5,Spain vs. Argentina: 1st Half O/U 5.5 Total Corners,Over,Under,9885798250696592520803250131303664831322372676139008411884414081512223313757,85453085778552269777006138501584690473974296678744991874397268267214270455365,780.3710020000001,53657.0392,0.2,0.21,0.05,0.01,True,0.21,0.2,0.009999999999999981,344.4693,444.6228,16.272000000000002,0.8,0.79,0.010000000000000009,65.08800000000001,1211.0106,1408.7201,Under,0.907733,0.897905,0.91582,0.8,0.79,0.01,0.008,0.099733,0.054905,0.08,0.774,1211.01,,,,,,,WATCH,0
fifwc-esp-arg-2026-07-19,fifwc-esp-arg-2026-07-19-total-corners,Spain vs. Argentina - Total Corners,2942096,soccer_second_half_total_corners,2nd Half Total Corners: O/U 3.5,Spain vs. Argentina: 2nd Half O/U 3.5 Total Corners,Over,Under,11229308529538595873670320349867547005156407317938860193693224935549066827409,62860820207623726522472022353297322767207473867060139730030432342477378616421,279.658554,82489.1926,0.62,0.63,0.05,0.01,True,0.63,0.62,0.010000000000000009,1340.0919000000001,6123.005,954.3164,0.38,0.37,0.010000000000000009,584.9036,3011.2892,787.0381,Under,0.427948,0.39969,0.449015,0.38,0.37,0.01,0.01178,0.036168,-0.02709,0.08,0.274,3011.29,,,,,,,WATCH,0
fifwc-esp-arg-2026-07-19,fifwc-esp-arg-2026-07-19-total-corners,Spain vs. Argentina - Total Corners,2942097,soccer_second_half_total_corners,2nd Half Total Corners: O/U 4.5,Spain vs. Argentina: 2nd Half O/U 4.5 Total Corners,Over,Under,106283053712737944756413005220645896427336132115117742611837159494646990271871,115002775570846373692496749840505738262097245751768345375595109604801619716229,2686.4774580000003,41556.7331,0.42,0.43,0.05,0.01,True,0.43,0.42,0.010000000000000009,140.40789999999998,764.8279,615.7074,0.58,0.57,0.010000000000000009,850.2625999999999,1358.4820999999997,186.12209999999996,Under,0.620098,0.591533,0.640295,0.58,0.57,0.01,0.01218,0.027918,-0.035647,0.08,0.464,1358.48,,,,,,,WATCH,0
fifwc-esp-arg-2026-07-19,fifwc-esp-arg-2026-07-19-total-corners,Spain vs. Argentina - Total Corners,2942098,soccer_second_half_total_corners,2nd Half Total Corners: O/U 5.5,Spain vs. Argentina: 2nd Half O/U 5.5 Total Corners,Over,Under,111124822249406526633264627712279512035909665825351985214210548572495493981125,102481956828121692073562746719346122993834543128990489492218502912139386167551,178.04855299999997,26896.0679,0.25,0.28,0.05,0.01,True,0.28,0.25,0.030000000000000027,50.156400000000005,255.8164,155.0,0.75,0.72,0.030000000000000027,465.0,540.0136,128.9808,Under,0.776045,0.753032,0.791648,0.75,0.72,0.03,0.009375,0.01667,-0.041343,0.08,0.626,540.01,,,,,,,WATCH,0
fifwc-esp-arg-2026-07-19,fifwc-esp-arg-2026-07-19-total-corners,Spain vs. Argentina - Total Corners,2942099,soccer_game_corners_odd_even,Total Corners: Odd or Even,Spain vs. Argentina: Total Corners Odd or Even?,Odd,Even,81809511806554974166286568783499827532552959829603561077517915052533031770154,105960501251774976052199588859640117732301380264276021710505073760419980166278,12314.823132000005,139545.4845,0.49,0.5,0.05,0.01,True,0.5,0.49,0.010000000000000009,570.205,8970.9856,8195.494999999999,0.51,0.5,0.010000000000000009,8530.005000000001,12498.710900000002,570.205,Odd,0.500008,0.498295,0.501185,0.5,0.49,0.01,0.0125,-0.012492,-0.049205,0.08,0.371,8970.99,,,,,,,PASS,0
fifwc-esp-arg-2026-07-19,fifwc-esp-arg-2026-07-19-total-corners,Spain vs. Argentina - Total Corners,2942100,soccer_first_corner,Team to Take First Corner,Spain vs. Argentina: Team to Take First Corner,Spain,Argentina,31595967430498868585284413010824898428939213635137025005528628849047204566740,111927034294414814148418310856833862955545046236397110012497951576440635979318,11968.385628999997,132445.6243,0.56,0.57,0.05,0.01,True,0.57,0.56,0.009999999999999898,360.2799,2441.2690000000002,326.69840000000005,0.44,0.43,0.010000000000000009,256.6916,1385.423,271.7901,Argentina,0.47365,0.47225,0.47422,0.44,0.43,0.01,0.01232,0.02133,-0.01507,0.08,0.345,1385.42,,,,,,,WATCH,0
fifwc-esp-arg-2026-07-19,fifwc-esp-arg-2026-07-19-total-corners,Spain vs. Argentina - Total Corners,2946990,soccer_team_total_corners,Argentina Corners: O/U 2.5,Spain vs. Argentina: Argentina O/U 2.5 Corners,Over,Under,72164062249793291578608214883711982844092559582793359301320880603209932317832,70375785804026815163955590251138965820153179223818322191633992489025444270021,5858.597369999997,71830.5893,0.67,0.68,0.05,0.01,True,0.68,0.67,0.010000000000000009,199.24,3267.2877999999996,17.225700000000003,0.33,0.32,0.010000000000000009,8.484300000000001,147.6717,93.76,Under,0.342975,0.31659,0.362612,0.33,0.32,0.01,0.011055,0.00192,-0.059465,0.08,0.193,147.67,,,,,,,PASS,0
fifwc-esp-arg-2026-07-19,fifwc-esp-arg-2026-07-19-total-corners,Spain vs. Argentina - Total Corners,2946992,soccer_team_total_corners,Argentina Corners: O/U 3.5,Spain vs. Argentina: Argentina O/U 3.5 Corners,Over,Under,73444950382569205967688503620310621230483251152362611391429647026586427856542,16402754311795384837394642803522713215117597874310160959626471402838898685890,64509.903411000014,156956.1495,0.5,0.51,0.05,0.01,True,0.51,0.5,0.010000000000000009,1960.8684,11786.4431,1816.255,0.5,0.49,0.010000000000000009,2101.255,21306.447200000002,1883.9716,Under,0.556793,0.528797,0.57749,0.5,0.49,0.01,0.0125,0.044293,-0.018703,0.08,0.401,21306.45,,,,,,,WATCH,0
fifwc-esp-arg-2026-07-19,fifwc-esp-arg-2026-07-19-total-corners,Spain vs. Argentina - Total Corners,2946994,soccer_team_total_corners,Argentina Corners: O/U 4.5,Spain vs. Argentina: Argentina O/U 4.5 Corners,Over,Under,3796172721600717202755466600225929888362314613195263348371083384271541719892,28702343548331938994450854595757632572728703046703053639373528332859073266202,6873.215166,91314.9561,0.3,0.31,0.05,0.01,True,0.31,0.3,0.010000000000000009,21.2412,3926.9437000000003,27.0,0.7,0.69,0.010000000000000009,62.99999999999999,272.30479999999994,47.2788,Under,0.738128,0.71408,0.757482,0.7,0.69,0.01,0.0105,0.027628,-0.03142,0.08,0.586,272.3,,,,,,,WATCH,0
fifwc-esp-arg-2026-07-19,fifwc-esp-arg-2026-07-19-total-corners,Spain vs. Argentina - Total Corners,2946996,soccer_team_total_corners,Spain Corners: O/U 3.5,Spain vs. Argentina: Spain O/U 3.5 Corners,Over,Under,87627593236447009326283483113573690968807285694678985718420516764750262539249,47051696656187637496372034973741634338728567334606972612524314572135804902048,454.20893199999995,25272.5689,0.68,0.69,0.05,0.01,True,0.69,0.68,0.009999999999999898,1192.1958,4131.2638,1312.1144,0.32,0.31,0.010000000000000009,617.4656,696.2187,535.6242,Under,0.496087,0.468668,0.51583,0.32,0.31,0.01,0.01088,0.165207,0.102788,0.08,0.342,696.22,,,,,,,WATCH,0
fifwc-esp-arg-2026-07-19,fifwc-esp-arg-2026-07-19-total-corners,Spain vs. Argentina - Total Corners,2946998,soccer_team_total_corners,Spain Corners: O/U 4.5,Spain vs. Argentina: Spain O/U 4.5 Corners,Over,Under,60932047582050241065510309315321185045507415646740524014918345521551849870703,40609539806272242140326847904779599128430638391059108864174666488512356918008,12042.891659,158876.0488,0.48,0.49,0.05,0.01,True,0.49,0.48,0.010000000000000009,1424.0331,8266.7122,16349.601599999998,0.52,0.51,0.010000000000000009,17712.0684,21997.7337,1595.2341,Under,0.685755,0.660915,0.70279,0.52,0.51,0.01,0.01248,0.153275,0.093435,0.08,0.533,21997.73,,,,The corner submodel produced the largest actionable miss in the third-place match; one new observation is insufficient to validate its recalibration for real-money execution.,,,MODEL_RISK_PASS,0
fifwc-esp-arg-2026-07-19,fifwc-esp-arg-2026-07-19-total-corners,Spain vs. Argentina - Total Corners,2946999,soccer_team_total_corners,Spain Corners: O/U 5.5,Spain vs. Argentina: Spain O/U 5.5 Corners,Over,Under,33309267699294782071644632716412252377320253789657448064102675280167855522671,6912275855618446281389162769306175284789176005615916103308565172144990897087,1993.4170679999997,65160.7543,0.33,0.36,0.05,0.01,True,0.36,0.33,0.02999999999999997,2531.286,4333.0526,262.09590000000003,0.67,0.64,0.030000000000000027,599.1341000000001,1561.5423,4500.064,Under,0.826387,0.807288,0.839283,0.67,0.64,0.03,0.011055,0.145332,0.091233,0.08,0.681,1561.54,,,,,,,WATCH,0
fifwc-esp-arg-2026-07-19,fifwc-esp-arg-2026-07-19-player-props,Spain vs. Argentina - Player Props,2943686,soccer_player_goalkeeper_saves,David Raya: 2+ saves,David Raya: 2+ saves,Yes,No,39949099385493501611733331213639619409584953774981095679540370987953051472104,17924491596589075976729976036992442764670723569279519265166490575951537401421,2244.158916,8375.4984,0.01,0.37,0.05,0.01,True,0.37,0.01,0.36,27.2394,589.0704000000001,0.2433,0.99,0.63,0.36,24.086699999999997,24.086699999999997,46.3806,No,1.0,1.0,1.0,0.99,0.63,0.36,0.000495,0.009505,-0.030495,0.12,0.833,24.09,,,,,Projected appearance probability is only 0.4%; wait for the official XI.,No verified 2026 World Cup player-minute sample is available; the generic role prior is not sufficient for a bet.,PASS,0
fifwc-esp-arg-2026-07-19,fifwc-esp-arg-2026-07-19-player-props,Spain vs. Argentina - Player Props,2943688,soccer_player_goalkeeper_saves,David Raya: 3+ saves,David Raya: 3+ saves,Yes,No,36988753783723752091639612008488951540283296947661745914801431645242096203129,115532626142313927461775745971979071509617704061524712572364329213373024080150,305.4,261.1571,0.01,0.35,0.05,0.01,True,0.35,0.01,0.33999999999999997,2.0999999999999996,2.0999999999999996,0.1,0.99,0.65,0.33999999999999997,9.9,9.9,3.9000000000000004,No,1.0,1.0,1.0,0.99,0.65,0.34,0.000495,0.009505,-0.030495,0.12,0.833,9.9,,,,,Projected appearance probability is only 0.4%; wait for the official XI.,No verified 2026 World Cup player-minute sample is available; the generic role prior is not sufficient for a bet.,PASS,0
fifwc-esp-arg-2026-07-19,fifwc-esp-arg-2026-07-19-player-props,Spain vs. Argentina - Player Props,2943689,soccer_player_goalkeeper_saves,David Raya: 4+ saves,David Raya: 4+ saves,Yes,No,85866015367527069080396541996615969690076274401580569626097936237867982676257,45514150179443383274571778561739161906492928107535744222138007472623385843248,251,328.0671,0.01,0.27,0.05,0.01,True,0.27,0.01,0.26,1.62,1.62,0.1,0.99,0.73,0.26,9.9,9.9,4.38,No,1.0,1.0,1.0,0.99,0.73,0.26,0.000495,0.009505,-0.030495,0.12,0.833,9.9,,,,,Projected appearance probability is only 0.4%; wait for the official XI.,No verified 2026 World Cup player-minute sample is available; the generic role prior is not sufficient for a bet.,PASS,0
fifwc-esp-arg-2026-07-19,fifwc-esp-arg-2026-07-19-player-props,Spain vs. Argentina - Player Props,2943692,soccer_player_goalkeeper_saves,David Raya: 5+ saves,David Raya: 5+ saves,Yes,No,2544294834117918730823197950932814219109455619001244730870991320270135431655,104392627401988207669717437741419365194589185307975810045142534442755509066819,0,108.447,0.01,0.34,0.05,0.01,True,0.34,0.01,0.33,51.5134,51.5134,0.1,0.99,0.66,0.32999999999999996,9.9,9.9,99.9966,No,1.0,1.0,1.0,0.99,0.66,0.33,0.000495,0.009505,-0.030495,0.12,0.833,9.9,,,,,Projected appearance probability is only 0.4%; wait for the official XI.,No verified 2026 World Cup player-minute sample is available; the generic role prior is not sufficient for a bet.,PASS,0
fifwc-esp-arg-2026-07-19,fifwc-esp-arg-2026-07-19-player-props,Spain vs. Argentina - Player Props,2943694,soccer_player_goalkeeper_saves,Juan Musso: 2+ saves,Juan Musso: 2+ saves,Yes,No,48932856069105025035980283452602475106308627350129463918945008350409560749448,16260627631258635535096029108958097635488028587457726794640082082493292092532,263,439.3544,0.01,0.31,0.05,0.01,True,0.31,0.29,0.020000000000000018,77.81,77.81,72.78999999999999,0.71,0.69,0.020000000000000018,178.20999999999998,178.20999999999998,173.19,No,1.0,1.0,1.0,0.71,0.69,0.02,0.010295,0.279705,0.239705,0.12,0.833,178.21,,,,,Projected appearance probability is only 0.4%; wait for the official XI.,No verified 2026 World Cup player-minute sample is available; the generic role prior is not sufficient for a bet.,PLAYER_DATA_QUALITY_PASS,0
fifwc-esp-arg-2026-07-19,fifwc-esp-arg-2026-07-19-player-props,Spain vs. Argentina - Player Props,2943696,soccer_player_goalkeeper_saves,Juan Musso: 3+ saves,Juan Musso: 3+ saves,Yes,No,15341244262148977522933559842968425581930451889508956028982918740176584227332,46442306085421483082225752654980537027320458786425678618790573438994902531100,66.68,232.6191,0.01,0.5,0.05,0.01,True,0.5,0.01,0.49,130.96,130.96,0.1,0.99,0.5,0.49,9.9,9.9,130.96,No,1.0,1.0,1.0,0.99,0.5,0.49,0.000495,0.009505,-0.030495,0.12,0.833,9.9,,,,,Projected appearance probability is only 0.4%; wait for the official XI.,No verified 2026 World Cup player-minute sample is available; the generic role prior is not sufficient for a bet.,PASS,0
fifwc-esp-arg-2026-07-19,fifwc-esp-arg-2026-07-19-player-props,Spain vs. Argentina - Player Props,2943698,soccer_player_goalkeeper_saves,Juan Musso: 4+ saves,Juan Musso: 4+ saves,Yes,No,19396633055299427896043316007542634032193119612771385776121321080915945400293,1977064054262081446871596806474629012011426725557203592239791358373574234021,2.44,101.6597,0.01,0.61,0.05,0.01,True,0.61,0.01,0.6,156.4101,156.4101,0.1,0.99,0.39,0.6,9.9,9.9,99.99990000000001,No,1.0,1.0,1.0,0.99,0.39,0.6,0.000495,0.009505,-0.030495,0.12,0.833,9.9,,,,,Projected appearance probability is only 0.4%; wait for the official XI.,No verified 2026 World Cup player-minute sample is available; the generic role prior is not sufficient for a bet.,PASS,0
fifwc-esp-arg-2026-07-19,fifwc-esp-arg-2026-07-19-player-props,Spain vs. Argentina - Player Props,2943700,soccer_player_goalkeeper_saves,Juan Musso: 5+ saves,Juan Musso: 5+ saves,Yes,No,107250327000203249371892208903428987887439391254973405011511606126321524047742,48935763432314771351531655580720486995528854947329085204509848829796423437664,31.513029,101.655,0.01,0.3,0.05,0.01,True,0.3,0.01,0.29,42.855,42.855,0.1,0.99,0.7,0.29000000000000004,9.9,9.9,99.99499999999999,No,1.0,1.0,1.0,0.99,0.7,0.29,0.000495,0.009505,-0.030495,0.12,0.833,9.9,,,,,Projected appearance probability is only 0.4%; wait for the official XI.,No verified 2026 World Cup player-minute sample is available; the generic role prior is not sufficient for a bet.,PASS,0
fifwc-esp-arg-2026-07-19,fifwc-esp-arg-2026-07-19-player-props,Spain vs. Argentina - Player Props,2944080,soccer_player_goals,Alex Baena: 1+ goals,Alex Baena: 1+ goals,Yes,No,12708468417309426009778963679179328305720397616739088464388142615393086078715,10231879245014922207244823236877756303305234600573547408288214927835817629195,547.044216,58391.485,0.12,0.14,0.05,0.01,True,0.14,0.12,0.020000000000000018,760.9616,824.4775999999999,4.3031999999999995,0.88,0.86,0.020000000000000018,31.5568,372.53360000000004,4674.4784,No,0.876915,0.857669,0.891231,0.88,0.86,0.02,0.00528,-0.008365,-0.067611,0.12,0.686,372.53,,,,,,,PASS,0
fifwc-esp-arg-2026-07-19,fifwc-esp-arg-2026-07-19-player-props,Spain vs. Argentina - Player Props,2944082,soccer_player_goals,Alex Baena: 2+ goals,Alex Baena: 2+ goals,Yes,No,25483689701888514269522333360205653501139194814857246463270692269152382179819,89767899926687583231451878269386835427088779702972702810153300265452101799469,288,50103.70242,0.019,0.035,0.05,0.001,True,0.035,0.019,0.016000000000000004,0.525,63.595,4.522,0.981,0.964,0.017000000000000015,233.478,258.363,1253.2,No,0.992094,0.98922,0.993842,0.981,0.964,0.017,0.000932,0.010162,-0.032712,0.12,0.821,258.36,,,,,,,WATCH,0
fifwc-esp-arg-2026-07-19,fifwc-esp-arg-2026-07-19-player-props,Spain vs. Argentina - Player Props,2944084,soccer_player_goals,Alexis Mac Allister: 1+ goals,Alexis Mac Allister: 1+ goals,Yes,No,15438493061808193022388097487412428148475673062720676947542756518009118824436,29768024340990717608835586722200131197343250336113936213313949015927438256437,18439.767897,128213.4983,0.09,0.1,0.05,0.01,True,0.1,0.09,0.010000000000000009,36.5,4426.7097,676.9907999999999,0.91,0.9,0.010000000000000009,6845.1292,15523.985,328.5,No,0.933406,0.922539,0.941737,0.91,0.9,0.01,0.004095,0.019311,-0.031556,0.12,0.753,15523.99,,,,,,,WATCH,0
fifwc-esp-arg-2026-07-19,fifwc-esp-arg-2026-07-19-player-props,Spain vs. Argentina - Player Props,2944086,soccer_player_goals,Alexis Mac Allister: 2+ goals,Alexis Mac Allister: 2+ goals,Yes,No,77279935813953871016940339337903779821685924823741557044526236777076306721926,21223102193278243537289708987706691655516823854935058984713225928529246235935,9401.44695,129391.42789,0.011,0.017,0.05,0.001,True,0.012,0.004,0.008,14.411280000000001,192.94404000000003,5.10136,0.996,0.988,0.008000000000000007,1270.2386399999998,5621.98376,1186.52872,No,0.997732,0.996875,0.998265,0.996,0.988,0.008,0.000199,0.001532,-0.039324,0.12,0.829,5621.98,,,,,,,PASS,0
fifwc-esp-arg-2026-07-19,fifwc-esp-arg-2026-07-19-player-props,Spain vs. Argentina - Player Props,2944089,soccer_player_goals,Dani Olmo: 1+ goals,Dani Olmo: 1+ goals,Yes,No,60102933211761985323463364727308956972160313844995355747095836226764529443832,7170847150127900219874258954996477102834363391101552115179367854584846140491,5122.052060999999,138838.1979,0.15,0.16,0.05,0.01,True,0.16,0.15,0.010000000000000009,1149.3488,6159.5851,770.3594999999999,0.85,0.84,0.010000000000000009,4365.370499999999,14024.916499999998,6034.0812,No,0.938964,0.928991,0.946279,0.85,0.84,0.01,0.006375,0.082589,0.032616,0.12,0.759,14024.92,,,,,,,WATCH,0
fifwc-esp-arg-2026-07-19,fifwc-esp-arg-2026-07-19-player-props,Spain vs. Argentina - Player Props,2944091,soccer_player_goals,Dani Olmo: 2+ goals,Dani Olmo: 2+ goals,Yes,No,27632102439595358216531959184809040017609855273799343357873361641033181795051,31313882058121744832829270097582642444287288692376992555696120498238482662242,4053.6558290000003,54651.65564,0.02,0.024,0.05,0.001,True,0.024,0.02,0.004,92.75472,210.64041,49.5138,0.98,0.976,0.0040000000000000036,2427.2052,8259.79924,3968.25008,No,0.998098,0.997384,0.998527,0.98,0.976,0.004,0.00098,0.017118,-0.023596,0.12,0.83,8259.8,,,,,,,WATCH,0
fifwc-esp-arg-2026-07-19,fifwc-esp-arg-2026-07-19-player-props,Spain vs. Argentina - Player Props,2944094,soccer_player_goals,Enzo Fernández: 1+ goals,Enzo Fernández: 1+ goals,Yes,No,98408483511989914854271558620181629127354948209599513392836841910467903526872,57541953489183073550684676957263929394265029288570625696355048450179087424878,15722.951635000014,263513.6258,0.11,0.12,0.05,0.01,True,0.12,0.11,0.009999999999999995,1860.2555999999997,26398.930900000003,765.5043000000001,0.89,0.88,0.010000000000000009,6193.6257000000005,17962.5512,13641.874399999999,No,0.899211,0.883159,0.911616,0.89,0.88,0.01,0.004895,0.004316,-0.051736,0.12,0.712,17962.55,,,,,,,PASS,0
fifwc-esp-arg-2026-07-19,fifwc-esp-arg-2026-07-19-player-props,Spain vs. Argentina - Player Props,2944096,soccer_player_goals,Enzo Fernández: 2+ goals,Enzo Fernández: 2+ goals,Yes,No,79650570211915629298532721190373724045436348661405885055283695777674298951335,73477998993620903518039146798905691712680254061672559990666988956582659923747,76992.766245,292451.93875,0.017,0.018,0.05,0.001,True,0.018,0.017,0.0009999999999999974,111.11634,4309.47488,5.24875,0.983,0.982,0.0010000000000000009,303.50124999999997,37211.97617,11419.020059999999,No,0.994741,0.992792,0.995964,0.983,0.982,0.001,0.000836,0.010905,-0.031044,0.12,0.825,37211.98,,,,,,,WATCH,0
fifwc-esp-arg-2026-07-19,fifwc-esp-arg-2026-07-19-player-props,Spain vs. Argentina - Player Props,2944098,soccer_player_goals,Fabián Ruiz: 1+ goals,Fabián Ruiz: 1+ goals,Yes,No,97344929596292899697349035549836424978755357921722555664922131675913164444466,36537864615688050904363993921410339808196606294788222739036829127005790414342,4118.808271,72323.6215,0.1,0.11,0.05,0.01,True,0.11,0.1,0.009999999999999995,460.3082,1705.4207,113.535,0.9,0.89,0.010000000000000009,1021.8149999999999,10860.5271,3764.7712,Yes,0.139437,0.123353,0.160974,0.11,0.1,0.01,0.004895,0.024542,-0.031542,0.12,0.0,1705.42,,,,,,,WATCH,0
fifwc-esp-arg-2026-07-19,fifwc-esp-arg-2026-07-19-player-props,Spain vs. Argentina - Player Props,2944099,soccer_player_goals,Fabián Ruiz: 2+ goals,Fabián Ruiz: 2+ goals,Yes,No,100468217094190304194826504665333873643568724779448125631285283396993775335338,102994691486892814127262843182511954689501343984010804335140384186602425599919,0,48032.64657,0.01,0.038,0.05,0.001,True,0.038,0.01,0.027999999999999997,38.0,128.8864,0.15,0.99,0.962,0.028000000000000025,14.85,29.835,962.0,No,0.989792,0.986116,0.992038,0.99,0.962,0.028,0.000495,-0.000703,-0.044379,0.12,0.818,29.84,,,,,,,PASS,0
fifwc-esp-arg-2026-07-19,fifwc-esp-arg-2026-07-19-player-props,Spain vs. Argentina - Player Props,2944100,soccer_player_goals,Ferrán Torres: 1+ goals,Ferrán Torres: 1+ goals,Yes,No,21106239258988315501197345623445701698528896134058574853274141245873798087599,42483489427518049676218390993851571380210940560173173901447686186369257129856,3697.028489,55247.6211,0.15,0.16,0.05,0.01,True,0.16,0.15,0.010000000000000009,139.4512,667.5667,414.714,0.85,0.84,0.010000000000000009,2350.0460000000003,5100.6962,732.1188,No,0.980447,0.97718,0.982826,0.85,0.84,0.01,0.006375,0.124072,0.080805,0.12,0.809,5100.7,,,,,Projected appearance probability is only 70.0%; wait for the official XI.,,WATCH,0
fifwc-esp-arg-2026-07-19,fifwc-esp-arg-2026-07-19-player-props,Spain vs. Argentina - Player Props,2944101,soccer_player_goals,Ferrán Torres: 2+ goals,Ferrán Torres: 2+ goals,Yes,No,13007573611288301487344647412613904983778596903688911881276011122372646634547,21489948873755368231679987498326556258287292685537883677238639317872875841929,98,26900.14619,0.013,0.024,0.05,0.001,True,0.024,0.013,0.011000000000000001,48.237840000000006,103.98126,5.89628,0.987,0.976,0.01100000000000001,447.66372,1211.4231,1961.67216,No,0.999724,0.999619,0.999787,0.987,0.976,0.011,0.000642,0.012083,-0.028023,0.12,0.832,1211.42,,,,,Projected appearance probability is only 70.0%; wait for the official XI.,,WATCH,0
fifwc-esp-arg-2026-07-19,fifwc-esp-arg-2026-07-19-player-props,Spain vs. Argentina - Player Props,2944102,soccer_player_goals,Ferrán Torres: 3+ goals,Ferrán Torres: 3+ goals,Yes,No,31646542616248731765626184444722540254410799770287755470472164142492598415715,90185296609608553692733177514906569288623740405280228577810877898388876193697,700.4714,52365.95285,0.002,0.005,0.05,0.001,True,0.005,0.002,0.003,10.69405,226.57526000000001,3.99716,0.998,0.995,0.0030000000000000027,1994.58284,2014.56284,2128.11595,No,0.999997,0.999996,0.999998,0.998,0.995,0.003,0.0001,0.001898,-0.038104,0.12,0.833,2014.56,,,,,Projected appearance probability is only 70.0%; wait for the official XI.,,PASS,0
fifwc-esp-arg-2026-07-19,fifwc-esp-arg-2026-07-19-player-props,Spain vs. Argentina - Player Props,2944103,soccer_player_goals,Gavi Paez: 1+ goals,Gavi Paez: 1+ goals,Yes,No,10666510663543829248174961621423203869497008761737335477473422976075702254597,82707590693513115172777720493750069186402913910185843101563308561148758026427,1053.019329,36722.88847,0.018,0.023,0.05,0.001,True,0.024,0.018,0.006000000000000002,0.48,0.48,3.8707199999999995,0.982,0.969,0.013000000000000012,211.16928,949.30428,19.38,,,,,,,,,,,,,,,,,,,,UNSUPPORTED_OR_LINEUP_FILTER,0
fifwc-esp-arg-2026-07-19,fifwc-esp-arg-2026-07-19-player-props,Spain vs. Argentina - Player Props,2944104,soccer_player_goals,Gavi Paez: 2+ goals,Gavi Paez: 2+ goals,Yes,No,85509668569411531211113270541741864319460733729601428850411539743821006677792,108387709733360306489195433832055913781445024120673691367605042078138553077913,65,25568.59219,0.001,0.02,0.05,0.001,True,0.02,0.001,0.019,21.0,21.0,0.07,0.999,0.98,0.019000000000000017,69.93,69.93,1029.0,,,,,,,,,,,,,,,,,,,,UNSUPPORTED_OR_LINEUP_FILTER,0
fifwc-esp-arg-2026-07-19,fifwc-esp-arg-2026-07-19-player-props,Spain vs. Argentina - Player Props,2944105,soccer_player_goals,Giovani Lo Celso: 1+ goals,Giovani Lo Celso: 1+ goals,Yes,No,65372037794860838003912783955936200829684475346438926306949505910117574614358,54783562614037307612281842476561981462807626961582680233642791936953000267936,380.421481,38314.55926,0.021,0.048,0.05,0.001,True,0.048,0.021,0.027,4.14,40.8118,0.28287,0.979,0.952,0.027000000000000024,13.18713,797.2502300000001,82.11,No,0.99659,0.996019,0.997024,0.979,0.952,0.027,0.001028,0.016562,-0.024009,0.12,0.828,797.25,,,,,Projected appearance probability is only 12.0%; wait for the official XI.,,WATCH,0
fifwc-esp-arg-2026-07-19,fifwc-esp-arg-2026-07-19-player-props,Spain vs. Argentina - Player Props,2944106,soccer_player_goals,Giovani Lo Celso: 2+ goals,Giovani Lo Celso: 2+ goals,Yes,No,39111965355363515550531779714051193510832703950514315511047059849751745464301,2501319880639347676677035954367928157999879620708067917779015412657842150537,120,18906.4115,0.001,0.05,0.05,0.001,True,0.05,0.001,0.049,50.6,50.6,3.0700000000000003,0.999,0.95,0.049000000000000044,3066.93,3066.93,961.4,No,0.999951,0.999932,0.999963,0.999,0.95,0.049,5e-05,0.000901,-0.039118,0.12,0.832,3066.93,,,,,Projected appearance probability is only 12.0%; wait for the official XI.,,PASS,0
fifwc-esp-arg-2026-07-19,fifwc-esp-arg-2026-07-19-player-props,Spain vs. Argentina - Player Props,2944107,soccer_player_goals,Giuliano Simeone: 1+ goals,Giuliano Simeone: 1+ goals,Yes,No,9133924521588475798395427143476050343830134286578689273477948275226602071881,85777070803921630553991155822620494207126731661254451725949922565643933629130,1011.7822699999999,49939.90957,0.05,0.08,0.05,0.001,True,0.08,0.05,0.03,23.1496,270.7474,0.945,0.95,0.92,0.029999999999999916,17.955,74.08302,266.22040000000004,No,0.942332,0.932863,0.949576,0.95,0.92,0.03,0.002375,-0.010043,-0.059512,0.12,0.763,74.08,,,,,,,PASS,0
fifwc-esp-arg-2026-07-19,fifwc-esp-arg-2026-07-19-player-props,Spain vs. Argentina - Player Props,2944109,soccer_player_goals,Giuliano Simeone: 2+ goals,Giuliano Simeone: 2+ goals,Yes,No,6724759683418295962641508110392478160388659318547116133211644439111710090709,89237845170386166561946041015991778777952363126427998184027895697756942749874,20.5025,27744.27138,0.001,0.028,0.05,0.001,True,0.028,0.001,0.027,0.42,40.02,3.0500000000000003,0.999,0.972,0.027000000000000024,3046.95,3046.95,14.58,No,0.998304,0.997661,0.998704,0.999,0.972,0.027,5e-05,-0.000746,-0.041389,0.12,0.83,3046.95,,,,,,,PASS,0
fifwc-esp-arg-2026-07-19,fifwc-esp-arg-2026-07-19-player-props,Spain vs. Argentina - Player Props,2944111,soccer_player_goals,Julián Álvarez: 1+ goals,Julián Álvarez: 1+ goals,Yes,No,43162746682402475901747424544397957659619103573598680370514625998434352505275,24957223440611126748760372100954394109668349135461576917495622907103019272357,13001.856821000007,107564.6018,0.19,0.2,0.05,0.01,True,0.2,0.19,0.010000000000000009,681.616,3760.9051,857.4301,0.81,0.8,0.010000000000000009,3655.3599000000004,22223.29,2726.464,No,0.903358,0.887919,0.915276,0.81,0.8,0.01,0.007695,0.085663,0.030224,0.12,0.717,22223.29,,,,,,,WATCH,0
fifwc-esp-arg-2026-07-19,fifwc-esp-arg-2026-07-19-player-props,Spain vs. Argentina - Player Props,2944113,soccer_player_goals,Julián Álvarez: 2+ goals,Julián Álvarez: 2+ goals,Yes,No,64692988650668169231302376737536727861513807850625670715412623798091453153963,43652743627315153504677743366947007562270519335262923837207984709994963674317,1938.0137509999995,38453.0607,0.03,0.033,0.05,0.001,True,0.046,0.034,0.011999999999999997,832.53652,1614.04567,132.97400000000002,0.966,0.954,0.01200000000000001,3775.1763,6854.67536,17263.26918,No,0.995172,0.993378,0.996297,0.966,0.954,0.012,0.001642,0.02753,-0.014264,0.12,0.826,6854.68,,,,,,,WATCH,0
fifwc-esp-arg-2026-07-19,fifwc-esp-arg-2026-07-19-player-props,Spain vs. Argentina - Player Props,2944115,soccer_player_goals,Julián Álvarez: 3+ goals,Julián Álvarez: 3+ goals,Yes,No,40997326657911644589011207394310622424956261516952423579047619477169700532667,63619820826796885167117058683936899675889798233882909067542925182308030358532,211.70956500000003,50306.41396,0.001,0.012,0.05,0.001,True,0.012,0.001,0.011,47.05068,322.5905,0.40282999999999997,0.999,0.988,0.01100000000000001,402.42717,402.42717,3873.83932,No,0.999838,0.999733,0.999891,0.999,0.988,0.011,5e-05,0.000788,-0.039317,0.12,0.832,402.43,,,,,,,PASS,0
fifwc-esp-arg-2026-07-19,fifwc-esp-arg-2026-07-19-player-props,Spain vs. Argentina - Player Props,2944118,soccer_player_goals,Lamine Yamal: 1+ goals,Lamine Yamal: 1+ goals,Yes,No,5347578882944882694678528183311777683806516836615678544993224689174263151458,85057396839772721934787014013700960885045146047829222755491682292373251885758,253498.57384400014,299456.0145,0.24,0.25,0.05,0.01,True,0.25,0.24,0.010000000000000009,1135.1,64660.853599999995,7752.2592,0.76,0.75,0.010000000000000009,24548.8208,42259.4443,3369.2999999999997,No,0.870892,0.850795,0.885863,0.76,0.75,0.01,0.00912,0.101772,0.041675,0.12,0.679,42259.44,,,,,,,WATCH,0
fifwc-esp-arg-2026-07-19,fifwc-esp-arg-2026-07-19-player-props,Spain vs. Argentina - Player Props,2944120,soccer_player_goals,Lamine Yamal: 2+ goals,Lamine Yamal: 2+ goals,Yes,No,76484701671377331927476414503827082203481886895409022433767823537793245254479,23522935290131553060296641678025826070257086266633129734958389152592692099218,147342.66628299997,199656.06755,0.049,0.05,0.05,0.001,True,0.05,0.049,0.0010000000000000009,132.7595,5894.65895,509.12764000000004,0.951,0.95,0.0010000000000000009,9881.23236,26199.28051,2527.1805,No,0.991282,0.988123,0.993206,0.951,0.95,0.001,0.00233,0.037952,-0.005206,0.12,0.82,26199.28,,,,,,,WATCH,0
fifwc-esp-arg-2026-07-19,fifwc-esp-arg-2026-07-19-player-props,Spain vs. Argentina - Player Props,2944122,soccer_player_goals,Lamine Yamal: 3+ goals,Lamine Yamal: 3+ goals,Yes,No,82780017491529141803195497515270438235623162100085810628433413589868252119954,94608752590997580660424202297420345564475666629792870303134154442161598699274,190175.2747099997,288702.77943,0.01,0.011,0.05,0.001,True,0.011,0.01,0.0009999999999999992,7.67052,3010.10621,3.0719,0.99,0.989,0.0010000000000000009,304.11809999999997,130222.38537999999,669.553,No,0.999603,0.999353,0.999727,0.99,0.989,0.001,0.000495,0.009108,-0.031142,0.12,0.832,130222.39,,,,,,,PASS,0
fifwc-esp-arg-2026-07-19,fifwc-esp-arg-2026-07-19-player-props,Spain vs. Argentina - Player Props,2944125,soccer_player_goals,Lautaro Martínez: 1+ goals,Lautaro Martínez: 1+ goals,Yes,No,86832872130034327968335279095816593397343780410118289034829391929609127618438,6032875464164973491456843952153556456078380218560672838399751108149574267119,19595.431178000003,94733.7359,0.19,0.2,0.05,0.01,True,0.2,0.19,0.010000000000000009,2423.6240000000003,3899.6142,805.4935999999999,0.81,0.8,0.010000000000000009,3433.9464,5604.1636,9977.696000000002,No,0.974192,0.969966,0.977428,0.81,0.8,0.01,0.007695,0.156497,0.112271,0.12,0.802,5604.16,,,,,Projected appearance probability is only 42.0%; wait for the official XI.,,WATCH,0
fifwc-esp-arg-2026-07-19,fifwc-esp-arg-2026-07-19-player-props,Spain vs. Argentina - Player Props,2944127,soccer_player_goals,Lautaro Martínez: 2+ goals,Lautaro Martínez: 2+ goals,Yes,No,80370474665837456607426580964481377868667903670357452634326762625620589942069,113795567763468850561637496636942158672468428762809588965745614914774943491558,2815.374332,56700.15018,0.037,0.038,0.05,0.001,True,0.038,0.037,0.0010000000000000009,28.58018,784.53047,41.77818,0.963,0.962,0.0010000000000000009,1087.36182,2449.28754,723.52982,No,0.99919,0.998884,0.999381,0.963,0.962,0.001,0.001782,0.034409,-0.005898,0.12,0.831,2449.29,,,,,Projected appearance probability is only 42.0%; wait for the official XI.,,WATCH,0
fifwc-esp-arg-2026-07-19,fifwc-esp-arg-2026-07-19-player-props,Spain vs. Argentina - Player Props,2944129,soccer_player_goals,Lautaro Martínez: 3+ goals,Lautaro Martínez: 3+ goals,Yes,No,82051141341774313788501070174364306814104714279922548997562050792198483418396,27278817272661759236536429833999785175283621662649004503033711261688254386374,30.3535,42702.22914,0.001,0.003,0.05,0.001,True,0.003,0.001,0.002,0.76569,217.61204,0.22484,0.999,0.997,0.0020000000000000018,224.61516,224.61516,254.46430999999998,No,0.999983,0.999972,0.999989,0.999,0.997,0.002,5e-05,0.000933,-0.039078,0.12,0.833,224.62,,,,,Projected appearance probability is only 42.0%; wait for the official XI.,,PASS,0
fifwc-esp-arg-2026-07-19,fifwc-esp-arg-2026-07-19-player-props,Spain vs. Argentina - Player Props,2944131,soccer_player_goals,Lionel Messi: 1+ goals,Lionel Messi: 1+ goals,Yes,No,19029877229417829161248219538711554060197571112541269866129812661168175842109,44180469342130002795156991808410751235359149022913377793304893959649622439879,394029.82201699715,704671.1726,0.34,0.35,0.05,0.01,True,0.35,0.34,0.009999999999999953,74617.011,240880.63059999997,29764.167800000003,0.66,0.65,0.010000000000000009,57777.5022,108619.57920000001,138565.16050000003,No,0.668512,0.62513,0.704223,0.66,0.65,0.01,0.01122,-0.002708,-0.08609,0.12,0.452,108619.58,,,,,,,PASS,0
fifwc-esp-arg-2026-07-19,fifwc-esp-arg-2026-07-19-player-props,Spain vs. Argentina - Player Props,2944133,soccer_player_goals,Lionel Messi: 2+ goals,Lionel Messi: 2+ goals,Yes,No,4973350921975507113784969909123792135948444557772131942129422318975040738410,112424074339427804803602856744467829101862501898772723494965160476701637918035,385396.56547100045,730896.3547,0.08,0.09,0.05,0.01,True,0.09,0.08,0.009999999999999995,39525.5475,62768.4975,4341.2136,0.92,0.91,0.010000000000000009,48773.9564,146765.1283,402372.6525,No,0.937722,0.917812,0.951063,0.92,0.91,0.01,0.00368,0.014042,-0.045868,0.12,0.748,146765.13,,,,,,,WATCH,0
fifwc-esp-arg-2026-07-19,fifwc-esp-arg-2026-07-19-player-props,Spain vs. Argentina - Player Props,2944135,soccer_player_goals,Lionel Messi: 3+ goals,Lionel Messi: 3+ goals,Yes,No,70270189157563908665663263008952559183623106122239670308645649842365943377434,45485145569077345298784369797861963083089045830175941116363083679383868433332,569588.9320340004,338239.09163,0.023,0.025,0.05,0.001,True,0.025,0.023,0.0020000000000000018,452.0625,6000.796109999999,226.38853999999998,0.977,0.975,0.0020000000000000018,9616.59146,77538.20132000001,17630.4375,No,0.991928,0.98732,0.994427,0.977,0.975,0.002,0.001124,0.013804,-0.030804,0.12,0.819,77538.2,,,,,,,WATCH,0
fifwc-esp-arg-2026-07-19,fifwc-esp-arg-2026-07-19-player-props,Spain vs. Argentina - Player Props,2944137,soccer_player_goals,Mikel Merino: 1+ goals,Mikel Merino: 1+ goals,Yes,No,66445872446328946234282016822089157642146517512006600936480917756531457617127,105029163163978007398266829652044213851860417906087349994744886518312934557844,8056.175859000003,102678.004,0.16,0.17,0.05,0.01,True,0.17,0.16,0.010000000000000009,2203.9480000000003,6408.9349,506.35040000000004,0.84,0.83,0.010000000000000009,2658.3396,7167.323299999999,10862.741199999999,No,0.95843,0.95163,0.963416,0.84,0.83,0.01,0.00672,0.11171,0.06491,0.12,0.783,7167.32,,,,,Projected appearance probability is only 70.0%; wait for the official XI.,,WATCH,0
fifwc-esp-arg-2026-07-19,fifwc-esp-arg-2026-07-19-player-props,Spain vs. Argentina - Player Props,2944138,soccer_player_goals,Mikel Merino: 2+ goals,Mikel Merino: 2+ goals,Yes,No,18459207340761931245593664310436937977070055748222452828708860827626798666270,45730366610265360849556303179651038218677204874445440075867662668521860472608,989.351852,39371.31686,0.013,0.024,0.05,0.001,True,0.024,0.013,0.011000000000000001,137.56055999999998,228.9227,1.7696899999999998,0.987,0.976,0.01100000000000001,134.36031,1981.1282999999999,5594.12944,No,0.99874,0.998267,0.999024,0.987,0.976,0.011,0.000642,0.011099,-0.029375,0.12,0.831,1981.13,,,,,Projected appearance probability is only 70.0%; wait for the official XI.,,WATCH,0
fifwc-esp-arg-2026-07-19,fifwc-esp-arg-2026-07-19-player-props,Spain vs. Argentina - Player Props,2944139,soccer_player_goals,Mikel Oyarzabal: 1+ goals,Mikel Oyarzabal: 1+ goals,Yes,No,77561887762780921352070654862847880349002178635448603650798666383539468738271,9179917939119324516862957664558343433573914614316057649981396231422944385419,21681.886714,208896.1518,0.31,0.32,0.05,0.01,True,0.32,0.31,0.010000000000000009,1442.6752,63883.275100000006,3507.3059,0.69,0.68,0.009999999999999898,7820.384099999999,19807.943799999997,2526.5876000000003,No,0.691801,0.650558,0.724017,0.69,0.68,0.01,0.010695,-0.008894,-0.090137,0.12,0.478,19807.94,,,,,,,PASS,0
fifwc-esp-arg-2026-07-19,fifwc-esp-arg-2026-07-19-player-props,Spain vs. Argentina - Player Props,2944140,soccer_player_goals,Mikel Oyarzabal: 2+ goals,Mikel Oyarzabal: 2+ goals,Yes,No,107825654746687251608848872768181108062199141702882849714549467100183070117485,37997440062174555855199351574011184445306101298143671238397805045610121316240,25482.018839000004,123316.77399,0.065,0.067,0.05,0.001,True,0.067,0.065,0.0020000000000000018,1243.87979,2783.17616,109.79605000000001,0.935,0.933,0.0020000000000000018,1579.3739500000001,21435.855789999998,17321.49021,No,0.9467,0.929461,0.957731,0.935,0.933,0.002,0.003039,0.008661,-0.048578,0.12,0.76,21435.86,,,,,,,PASS,0
fifwc-esp-arg-2026-07-19,fifwc-esp-arg-2026-07-19-player-props,Spain vs. Argentina - Player Props,2944141,soccer_player_goals,Mikel Oyarzabal: 3+ goals,Mikel Oyarzabal: 3+ goals,Yes,No,111991629839664690672459430125856594975377317290957598742725171836224802947859,111126086592842814015990206661690355147064246000273015043057445574900471158959,5629.954602,134699.08423,0.011,0.013,0.05,0.001,True,0.013,0.011,0.002,141.23538,961.75468,0.35178,0.989,0.987,0.0020000000000000018,31.62822,36870.79956,10723.02462,No,0.993659,0.990027,0.995553,0.989,0.987,0.002,0.000544,0.004116,-0.039517,0.12,0.822,36870.8,,,,,,,PASS,0
fifwc-esp-arg-2026-07-19,fifwc-esp-arg-2026-07-19-player-props,Spain vs. Argentina - Player Props,2944142,soccer_player_goals,Nico Williams: 1+ goals,Nico Williams: 1+ goals,Yes,No,111713349270425030165782460157631433958557983719462272127689795545856464688332,24725163987144252494734685626355267991416267850446150453823328880097283211891,528.1493520000001,40233.1013,0.11,0.12,0.05,0.01,True,0.12,0.11,0.009999999999999995,41.3784,109.24119999999999,0.1837,0.89,0.88,0.010000000000000009,1.4863,1459.4928000000002,303.4416,No,0.979957,0.976618,0.982391,0.89,0.88,0.01,0.004895,0.085062,0.041723,0.12,0.808,1459.49,,,,,Projected appearance probability is only 62.0%; wait for the official XI.,,WATCH,0
fifwc-esp-arg-2026-07-19,fifwc-esp-arg-2026-07-19-player-props,Spain vs. Argentina - Player Props,2944143,soccer_player_goals,Nico Williams: 2+ goals,Nico Williams: 2+ goals,Yes,No,107986567041618561142385288122417227081355251085634364895666375474304389066593,1909745167151121329734436794987342980537263802821794852552839008450249573732,627.6273570000001,45992.23266,0.011,0.032,0.05,0.001,True,0.032,0.011,0.021,37.248,56.2855,0.1595,0.989,0.968,0.02100000000000002,14.3405,89.1755,1126.752,No,0.999672,0.999548,0.999747,0.989,0.968,0.021,0.000544,0.010129,-0.029996,0.12,0.832,89.18,,,,,Projected appearance probability is only 62.0%; wait for the official XI.,,WATCH,0
fifwc-esp-arg-2026-07-19,fifwc-esp-arg-2026-07-19-player-props,Spain vs. Argentina - Player Props,2944144,soccer_player_goals,Nico Williams: 3+ goals,Nico Williams: 3+ goals,Yes,No,47072592305072300067825668778096727616640714330396020595121304842126245522872,55307111146054267749031118980844246336754181612352151177315135665993354015090,2067.4119,79193.51593,0.003,0.006,0.05,0.001,True,0.006,0.003,0.003,13.6806,44.07928,7.03098,0.997,0.994,0.0030000000000000027,2336.62902,3548.44599,2266.4193999999998,No,0.999996,0.999994,0.999998,0.997,0.994,0.003,0.00015,0.002847,-0.037155,0.12,0.833,3548.45,,,,,Projected appearance probability is only 62.0%; wait for the official XI.,,PASS,0
fifwc-esp-arg-2026-07-19,fifwc-esp-arg-2026-07-19-player-props,Spain vs. Argentina - Player Props,2944145,soccer_player_goals,Nicolás González: 1+ goals,Nicolás González: 1+ goals,Yes,No,35237747619074851277275419983589948337455491267306007117193073750781498111193,53953383788156597081406409209263547838237660430400617011843008399522539164893,891.2225790000001,31310.78367,0.043,0.098,0.05,0.001,True,0.099,0.04,0.059000000000000004,13.662,349.712,1.2919999999999998,0.96,0.901,0.05899999999999994,45.407999999999994,403.91182,124.33800000000001,,,,,,,,,,,,,,,,,,,,UNSUPPORTED_OR_LINEUP_FILTER,0
fifwc-esp-arg-2026-07-19,fifwc-esp-arg-2026-07-19-player-props,Spain vs. Argentina - Player Props,2944146,soccer_player_goals,Nicolás González: 2+ goals,Nicolás González: 2+ goals,Yes,No,97465101150058163870108986598966068300969526745519070094777897619865617339760,91956930837383000276206055411099621511287894167776102866105342591853868606377,532.5125,21142.93009,0.001,0.017,0.05,0.001,True,0.017,0.001,0.016,0.255,22.255,3.0700000000000003,0.999,0.983,0.016000000000000014,3066.93,3066.93,14.745,,,,,,,,,,,,,,,,,,,,UNSUPPORTED_OR_LINEUP_FILTER,0
fifwc-esp-arg-2026-07-19,fifwc-esp-arg-2026-07-19-player-props,Spain vs. Argentina - Player Props,2944147,soccer_player_goals,Nicolás Paz: 1+ goals,Nicolás Paz: 1+ goals,Yes,No,6188934682560936081640347920016304285342687649908498908092417120814402461545,13140692265508716808450407119850928771521378417274555643674853299969382835946,387.820272,29498.22903,0.02,0.15,0.05,0.001,True,0.149,0.02,0.129,11.094539999999999,72.62702999999999,4.4708,0.98,0.851,0.129,219.0692,830.4995,25.43639,,,,,,,,,,,,,,,,,,,,UNSUPPORTED_OR_LINEUP_FILTER,0
fifwc-esp-arg-2026-07-19,fifwc-esp-arg-2026-07-19-player-props,Spain vs. Argentina - Player Props,2944148,soccer_player_goals,Nicolás Paz: 2+ goals,Nicolás Paz: 2+ goals,Yes,No,36091736372002202944127225180715026001673877480100927665254348083306996793436,53708280210411167267567273673117656205094714236736745933948628521371805767098,50,16154.12799,0.01,0.25,0.05,0.001,True,0.25,0.01,0.24,5.5,5.5,0.1,0.99,0.75,0.24,9.9,3056.85,16.5,,,,,,,,,,,,,,,,,,,,UNSUPPORTED_OR_LINEUP_FILTER,0
fifwc-esp-arg-2026-07-19,fifwc-esp-arg-2026-07-19-player-props,Spain vs. Argentina - Player Props,2944149,soccer_player_goals,Thiago Almada: 1+ goals,Thiago Almada: 1+ goals,Yes,No,15042900714453698540814308797894972649028352346640973308193426204817899938060,1700635054850557251562328516532662920620728311864448295651696492764563155569,56.612868,25149.70064,0.082,0.09,0.05,0.001,True,0.09,0.082,0.007999999999999993,0.8999999999999999,33.9,0.8462400000000001,0.918,0.91,0.008000000000000007,9.47376,9.47376,9.1,No,0.994477,0.993545,0.995183,0.918,0.91,0.008,0.003764,0.072713,0.031781,0.12,0.826,9.47,,,,,Projected appearance probability is only 32.0%; wait for the official XI.,,WATCH,0
fifwc-esp-arg-2026-07-19,fifwc-esp-arg-2026-07-19-player-props,Spain vs. Argentina - Player Props,2944150,soccer_player_goals,Thiago Almada: 2+ goals,Thiago Almada: 2+ goals,Yes,No,49366216843338701748324422186977293070015654517052718958940423878238336268399,22993053976829182743013307468440321893408901992943030927744647091906759526768,315.9914,29771.55429,0.001,0.031,0.05,0.001,True,0.031,0.001,0.03,43.4,43.9,3.0700000000000003,0.999,0.969,0.030000000000000027,3066.93,3066.93,1356.6,No,0.999952,0.999933,0.999963,0.999,0.969,0.03,5e-05,0.000902,-0.039116,0.12,0.832,3066.93,,,,,Projected appearance probability is only 32.0%; wait for the official XI.,,PASS,0
fifwc-esp-arg-2026-07-19,fifwc-esp-arg-2026-07-19-player-props,Spain vs. Argentina - Player Props,2944151,soccer_player_goals,Yeremi Pino: 1+ goals,Yeremi Pino: 1+ goals,Yes,No,113761654047291258386060934900247445556393399568425471883478719295230727648352,7342824982713942479022078789527870102906559324066917804626114040154535173638,525.037122,30551.11245,0.033,0.058,0.05,0.001,True,0.058,0.033,0.025,32.51596,102.15745999999999,0.9735,0.967,0.942,0.025000000000000022,28.5265,439.2362,528.1040399999999,,,,,,,,,,,,,,,,,,,,UNSUPPORTED_OR_LINEUP_FILTER,0
fifwc-esp-arg-2026-07-19,fifwc-esp-arg-2026-07-19-player-props,Spain vs. Argentina - Player Props,2944152,soccer_player_goals,Yeremi Pino: 2+ goals,Yeremi Pino: 2+ goals,Yes,No,94316288268894039561248110591323083326980714324938831594096168648019641331801,51419984579357071010978366456843315905537723380577190597577183622098316613886,21.2414,30652.78961,0.001,0.03,0.05,0.001,True,0.03,0.001,0.028999999999999998,31.5,35.2,0.05,0.999,0.97,0.029000000000000026,49.95,49.95,1018.5,,,,,,,,,,,,,,,,,,,,UNSUPPORTED_OR_LINEUP_FILTER,0
fifwc-esp-arg-2026-07-19,fifwc-esp-arg-2026-07-19-player-props,Spain vs. Argentina - Player Props,2944153,soccer_player_assists,Alex Baena: 1+ assists,Alex Baena: 1+ assists,Yes,No,43645483791208375943216369267154907833094659064061219261682089899203698187531,56673844014664388872413252840336256046083130871719483372473612084797932744093,46.666665,20020.5807,0.14,0.15,0.05,0.01,True,0.15,0.14,0.009999999999999981,24.1305,85.6921,4.2,0.86,0.85,0.010000000000000009,25.8,1299.8355,136.7395,No,0.948458,0.939981,0.954663,0.86,0.85,0.01,0.00602,0.082438,0.033961,0.12,0.771,1299.84,,,,,,,WATCH,0
fifwc-esp-arg-2026-07-19,fifwc-esp-arg-2026-07-19-player-props,Spain vs. Argentina - Player Props,2944154,soccer_player_assists,Alex Baena: 2+ assists,Alex Baena: 2+ assists,Yes,No,100386588308029712233853266901122409497656737735381029197068623551095846239872,35111078432260368233467241584046694396363628944062513512391722501226845950134,44.092,19154.4175,0.002,0.056,0.05,0.001,True,0.053,0.002,0.051,0.7949999999999999,83.715,1.0,0.998,0.947,0.051000000000000045,499.0,506.8921,14.205,No,0.998648,0.998138,0.998954,0.998,0.947,0.051,0.0001,0.000549,-0.039962,0.12,0.831,506.89,,,,,,,PASS,0
fifwc-esp-arg-2026-07-19,fifwc-esp-arg-2026-07-19-player-props,Spain vs. Argentina - Player Props,2944155,soccer_player_assists,Alexis Mac Allister: 1+ assists,Alexis Mac Allister: 1+ assists,Yes,No,107380468206005139118576302651998459375573969748632218832975842917741592593261,73240202162503186721205638226178091886627876989531963259881215715763561360295,4134.275051,46595.83344,0.081,0.087,0.05,0.001,True,0.087,0.081,0.0059999999999999915,86.21612999999999,337.91598999999997,52.229609999999994,0.919,0.913,0.006000000000000005,592.58039,2568.66381,904.77387,No,0.953707,0.946046,0.959552,0.919,0.913,0.006,0.003722,0.030985,-0.016676,0.12,0.777,2568.66,,,,,,,WATCH,0
fifwc-esp-arg-2026-07-19,fifwc-esp-arg-2026-07-19-player-props,Spain vs. Argentina - Player Props,2944156,soccer_player_assists,Alexis Mac Allister: 2+ assists,Alexis Mac Allister: 2+ assists,Yes,No,96091935990721747640531598885161257596049002579561927200424473664388191861744,107025065264464844151101602461349672676601444415463186618241328369153369467721,25,17062.3312,0.01,0.11,0.05,0.01,True,0.09,0.01,0.08,2.475,7.475,0.1,0.99,0.91,0.07999999999999996,9.9,9.9,25.025000000000002,No,0.998912,0.998496,0.999169,0.99,0.91,0.08,0.000495,0.008417,-0.031999,0.12,0.831,9.9,,,,,,,PASS,0
fifwc-esp-arg-2026-07-19,fifwc-esp-arg-2026-07-19-player-props,Spain vs. Argentina - Player Props,2944157,soccer_player_assists,Dani Olmo: 1+ assists,Dani Olmo: 1+ assists,Yes,No,66050873653473201402080967192728313730111920135600511264638383000427267091349,101618957845627142109460503063281861755459644908920260321751512694088976777345,25371.392637,74102.0479,0.11,0.12,0.05,0.01,True,0.12,0.11,0.009999999999999995,99.63359999999999,418.9415,1050.0248000000001,0.89,0.88,0.010000000000000009,8495.655200000001,13533.686800000001,730.6464,No,0.922095,0.909513,0.931358,0.89,0.88,0.01,0.004895,0.0272,-0.025382,0.12,0.739,13533.69,,,,,,,WATCH,0
fifwc-esp-arg-2026-07-19,fifwc-esp-arg-2026-07-19-player-props,Spain vs. Argentina - Player Props,2944158,soccer_player_assists,Dani Olmo: 2+ assists,Dani Olmo: 2+ assists,Yes,No,4021346951726405845004819958856733124768225518160615381334673000519764854991,113693314426714187615979922732265468355559473656301818547167005393348268870766,722.503757,32809.88885,0.018,0.022,0.05,0.001,True,0.022,0.021,0.0009999999999999974,32.00736,74.53426,14.10129,0.979,0.978,0.0010000000000000009,657.38871,1282.86159,1422.87264,No,0.996883,0.995723,0.997582,0.979,0.978,0.001,0.001028,0.016855,-0.024305,0.12,0.828,1282.86,,,,,,,WATCH,0
fifwc-esp-arg-2026-07-19,fifwc-esp-arg-2026-07-19-player-props,Spain vs. Argentina - Player Props,2944159,soccer_player_assists,Enzo Fernández: 1+ assists,Enzo Fernández: 1+ assists,Yes,No,79361644427055088940338085657493148157048917870763511717709724753028116496634,71399687802995859638822432269294914460503524953346558019097329458694680803669,8964.527569,109938.33483,0.075,0.076,0.05,0.001,True,0.076,0.075,0.0010000000000000009,185.49015999999997,1331.221,103.54499999999999,0.925,0.924,0.0010000000000000009,1277.055,5209.219620000001,2255.16984,Yes,0.082514,0.072269,0.095829,0.076,0.075,0.001,0.003511,0.003003,-0.047243,0.12,0.0,1331.22,,,,,,,PASS,0
fifwc-esp-arg-2026-07-19,fifwc-esp-arg-2026-07-19-player-props,Spain vs. Argentina - Player Props,2944160,soccer_player_assists,Enzo Fernández: 2+ assists,Enzo Fernández: 2+ assists,Yes,No,53207645056504653084613873471140720951758033853139967636602374103039716356235,15103710583845989833810332198676663623682503999168028230611804111496926075269,119.99,28281.91473,0.018,0.04,0.05,0.001,True,0.04,0.018,0.022000000000000002,40.6,438.10461,0.26999999999999996,0.982,0.96,0.02200000000000002,14.73,621.97333,974.4,No,0.996498,0.995187,0.997317,0.982,0.96,0.022,0.000884,0.013614,-0.027697,0.12,0.828,621.97,,,,,,,WATCH,0
fifwc-esp-arg-2026-07-19,fifwc-esp-arg-2026-07-19-player-props,Spain vs. Argentina - Player Props,2944161,soccer_player_assists,Fabián Ruiz: 1+ assists,Fabián Ruiz: 1+ assists,Yes,No,26579726879796158412969394878190348562507673010121347635720713716356303767646,113744919109328570963717789211113454911531348315404781485267997726868670608767,2178.896628,30892.32616,0.073,0.076,0.05,0.001,True,0.076,0.073,0.0030000000000000027,51.1252,142.31848,72.32475,0.927,0.924,0.0030000000000000027,918.42525,2504.38607,621.5748000000001,Yes,0.090517,0.079819,0.105007,0.076,0.073,0.003,0.003511,0.011005,-0.039693,0.12,0.0,142.32,,,,,,,WATCH,0
fifwc-esp-arg-2026-07-19,fifwc-esp-arg-2026-07-19-player-props,Spain vs. Argentina - Player Props,2944162,soccer_player_assists,Fabián Ruiz: 2+ assists,Fabián Ruiz: 2+ assists,Yes,No,67234786202504918763005271643415473908655524581659696768251056293114709670953,12163502583011721562066133881945251691331706009248330289303388549788275364886,0,16877.44299,0.01,0.067,0.05,0.001,True,0.067,0.01,0.057,1.0050000000000001,76.805,0.1,0.99,0.933,0.05699999999999994,9.9,29.880000000000003,46.650000000000006,No,0.995774,0.99421,0.996718,0.99,0.933,0.057,0.000495,0.005279,-0.036285,0.12,0.827,29.88,,,,,,,PASS,0
fifwc-esp-arg-2026-07-19,fifwc-esp-arg-2026-07-19-player-props,Spain vs. Argentina - Player Props,2944163,soccer_player_assists,Ferrán Torres: 1+ assists,Ferrán Torres: 1+ assists,Yes,No,23469506646798155630257348407460968753616276518820701631010045995768775111384,73664816561817619173150798447172139691287973389023227317070907986754107089800,397.544189,22506.04737,0.06,0.089,0.05,0.001,True,0.089,0.06,0.028999999999999998,4.45,8.3875,108.6,0.94,0.911,0.028999999999999915,1701.3999999999999,1701.3999999999999,45.550000000000004,No,0.995123,0.994297,0.995722,0.94,0.911,0.029,0.00282,0.052303,0.011477,0.12,0.827,1701.4,,,,,Projected appearance probability is only 70.0%; wait for the official XI.,,WATCH,0
fifwc-esp-arg-2026-07-19,fifwc-esp-arg-2026-07-19-player-props,Spain vs. Argentina - Player Props,2944164,soccer_player_assists,Ferrán Torres: 2+ assists,Ferrán Torres: 2+ assists,Yes,No,29979952953022054311498913214965276964989008801241831875261593385510856623255,17786053127147063718330800426697033870179718576318928451919868619459326663891,0,16015.022,0.01,0.25,0.05,0.01,True,0.25,0.01,0.24,2.75,2.75,0.1,0.99,0.75,0.24,9.9,9.9,8.25,No,0.999983,0.999976,0.999987,0.99,0.75,0.24,0.000495,0.009488,-0.030519,0.12,0.833,9.9,,,,,Projected appearance probability is only 70.0%; wait for the official XI.,,PASS,0
fifwc-esp-arg-2026-07-19,fifwc-esp-arg-2026-07-19-player-props,Spain vs. Argentina - Player Props,2944165,soccer_player_assists,Giuliano Simeone: 1+ assists,Giuliano Simeone: 1+ assists,Yes,No,101974595299503700690869157815813141643456076230121015475073946729631505163064,33292213945445702915224763506325644089667772765506768522586141247251526739780,632.567209,20506.18322,0.051,0.107,0.05,0.001,True,0.111,0.051,0.060000000000000005,2.22,2.22,0.7394999999999999,0.949,0.89,0.05899999999999994,13.760499999999999,299.71049999999997,4.45,No,0.972793,0.968233,0.976258,0.949,0.89,0.059,0.00242,0.021373,-0.023187,0.12,0.8,299.71,,,,,,,WATCH,0
fifwc-esp-arg-2026-07-19,fifwc-esp-arg-2026-07-19-player-props,Spain vs. Argentina - Player Props,2944166,soccer_player_assists,Giuliano Simeone: 2+ assists,Giuliano Simeone: 2+ assists,Yes,No,12690819893921814560269198872067218719251896635497352674377613714679723192755,13689550883665272121343352389624032072545842360330778524053583906299992139595,34.46,16058.7298,0.01,0.24,0.05,0.01,True,0.24,0.01,0.22999999999999998,12.0,263.25,0.15,0.99,0.76,0.22999999999999998,14.85,14.85,38.0,No,0.999626,0.999483,0.999715,0.99,0.76,0.23,0.000495,0.009131,-0.031012,0.12,0.832,14.85,,,,,,,PASS,0
fifwc-esp-arg-2026-07-19,fifwc-esp-arg-2026-07-19-player-props,Spain vs. Argentina - Player Props,2944167,soccer_player_assists,Julián Álvarez: 1+ assists,Julián Álvarez: 1+ assists,Yes,No,92931584628026222655442137868839785569820477773811804034491629981771910304287,31871259969474201970370966666001796204095478546291093543037797187297070834216,844.927087,23408.059,0.09,0.11,0.05,0.01,True,0.11,0.09,0.020000000000000004,132.9108,268.0976,13.8924,0.91,0.89,0.020000000000000018,140.4676,1341.0877,1075.3692,No,0.97638,0.972412,0.979393,0.91,0.89,0.02,0.004095,0.062285,0.018317,0.12,0.804,1341.09,,,,,,,WATCH,0
fifwc-esp-arg-2026-07-19,fifwc-esp-arg-2026-07-19-player-props,Spain vs. Argentina - Player Props,2944168,soccer_player_assists,Julián Álvarez: 2+ assists,Julián Álvarez: 2+ assists,Yes,No,63469509727597064959058575305875617228930126819292998165231328448264939812537,95555003181603737690767521574165780955921714915928678500351695180257073651354,32,17922.71559,0.001,0.086,0.05,0.001,True,0.084,0.001,0.083,1.05,126.875,0.02,0.999,0.916,0.08299999999999996,19.98,19.98,25.19,No,0.999719,0.99961,0.999786,0.999,0.916,0.083,5e-05,0.000669,-0.03944,0.12,0.832,19.98,,,,,,,PASS,0
fifwc-esp-arg-2026-07-19,fifwc-esp-arg-2026-07-19-player-props,Spain vs. Argentina - Player Props,2944169,soccer_player_assists,Lamine Yamal: 1+ assists,Lamine Yamal: 1+ assists,Yes,No,112471448052965729893749684587576405289321845287375706585804308595547450760606,98023061038579741511340671148278522856918571893911160147497462637577661465199,19431.294472999998,102280.8093,0.21,0.22,0.05,0.01,True,0.22,0.21,0.010000000000000009,3306.9256,4674.1742,675.213,0.79,0.78,0.010000000000000009,2540.0870000000004,6803.6778,11724.5544,No,0.903729,0.888381,0.915076,0.79,0.78,0.01,0.008295,0.105434,0.050086,0.12,0.718,6803.68,,,,,,,WATCH,0
fifwc-esp-arg-2026-07-19,fifwc-esp-arg-2026-07-19-player-props,Spain vs. Argentina - Player Props,2944170,soccer_player_assists,Lamine Yamal: 2+ assists,Lamine Yamal: 2+ assists,Yes,No,35884259308621733047783992403907232597300325720957240646192357058003571729210,39543360471296195924440978027411187364346346733235414998208075917103377803651,8399.918665000001,93263.05625,0.041,0.046,0.05,0.001,True,0.046,0.041,0.0049999999999999975,96.50201999999999,321.97094,39.80731,0.959,0.954,0.0050000000000000044,931.1026899999999,4116.80751,2001.3679799999998,No,0.99521,0.993443,0.996278,0.959,0.954,0.005,0.001966,0.034244,-0.007523,0.12,0.826,4116.81,,,,,,,WATCH,0
fifwc-esp-arg-2026-07-19,fifwc-esp-arg-2026-07-19-player-props,Spain vs. Argentina - Player Props,2944171,soccer_player_assists,Lautaro Martínez: 1+ assists,Lautaro Martínez: 1+ assists,Yes,No,57175655523580252765921656725482420930434008382858176599673590747563220486766,102850735827754751387372908854902286807838361561064158526838956963476924210509,1338.1580169999997,38278.47237,0.088,0.089,0.05,0.001,True,0.089,0.088,0.0010000000000000009,64.27402,972.34437,81.13336,0.912,0.911,0.0010000000000000009,840.8366400000001,1827.3784,657.90598,No,0.998547,0.9983,0.998734,0.912,0.911,0.001,0.004013,0.082535,0.042287,0.12,0.831,1827.38,,,,,Projected appearance probability is only 42.0%; wait for the official XI.,,WATCH,0
fifwc-esp-arg-2026-07-19,fifwc-esp-arg-2026-07-19-player-props,Spain vs. Argentina - Player Props,2944172,soccer_player_assists,Lautaro Martínez: 2+ assists,Lautaro Martínez: 2+ assists,Yes,No,40947734652949133534419390845063315939444182300783352770747520769303932687495,88122802318252807749675054875755911419951695636788504660520933694970494086098,0,16180.1746,0.01,0.25,0.05,0.01,True,0.23,0.01,0.22,2.875,288.375,0.1,0.99,0.77,0.21999999999999997,9.9,9.9,9.625,No,0.999997,0.999997,0.999998,0.99,0.77,0.22,0.000495,0.009502,-0.030498,0.12,0.833,9.9,,,,,Projected appearance probability is only 42.0%; wait for the official XI.,,PASS,0
fifwc-esp-arg-2026-07-19,fifwc-esp-arg-2026-07-19-player-props,Spain vs. Argentina - Player Props,2944173,soccer_player_assists,Lionel Messi: 1+ assists,Lionel Messi: 1+ assists,Yes,No,96821163669669583127924246166391438125584160363899277310152530217645949000495,48356895308509667485232593263017015113922928908358021330325127247601940891900,91865.29753500014,118784.107,0.28,0.29,0.05,0.01,True,0.29,0.28,0.009999999999999953,4425.8727,11209.4888,2726.9396,0.72,0.71,0.010000000000000009,7012.130399999999,44055.7795,10835.7573,No,0.717698,0.713526,0.720872,0.72,0.71,0.01,0.01008,-0.012382,-0.056554,0.12,0.541,44055.78,,,,,,,PASS,0
fifwc-esp-arg-2026-07-19,fifwc-esp-arg-2026-07-19-player-props,Spain vs. Argentina - Player Props,2944174,soccer_player_assists,Lionel Messi: 2+ assists,Lionel Messi: 2+ assists,Yes,No,29585625558932503381823237145183088535371787329572885584054209974076179087900,93581754423264994286047189103718762135853415626748945634826591311547143268388,27580.292516,93088.0589,0.07,0.08,0.05,0.01,True,0.08,0.07,0.009999999999999995,81.0,1008.7644,1248.5158000000001,0.93,0.92,0.010000000000000009,16587.4242,22670.2707,931.5,No,0.955763,0.954359,0.956808,0.93,0.92,0.01,0.003255,0.022508,-0.018896,0.12,0.785,22670.27,,,,,,,WATCH,0
fifwc-esp-arg-2026-07-19,fifwc-esp-arg-2026-07-19-player-props,Spain vs. Argentina - Player Props,2944175,soccer_player_assists,Mikel Merino: 1+ assists,Mikel Merino: 1+ assists,Yes,No,90564578950735171705156699870927546783188536485315813721499120380503613443768,108368184564723260489528810655715654269081858836040605554603947974810564267144,327.272726,23181.76272,0.071,0.106,0.05,0.001,True,0.106,0.071,0.035,1.5899999999999999,519.0154,1.065,0.929,0.894,0.03500000000000003,13.935,233.20878,43.5825,No,0.989074,0.987233,0.99041,0.929,0.894,0.035,0.003298,0.056776,0.014935,0.12,0.819,233.21,,,,,Projected appearance probability is only 70.0%; wait for the official XI.,,WATCH,0
fifwc-esp-arg-2026-07-19,fifwc-esp-arg-2026-07-19-player-props,Spain vs. Argentina - Player Props,2944176,soccer_player_assists,Mikel Merino: 2+ assists,Mikel Merino: 2+ assists,Yes,No,79356270174912029220413805691741518694132310303187206276851847059831393726631,63773814457122121701721507283501398281375865925410354782414902375221792362961,0,21728.44172,0.012,0.025,0.05,0.001,True,0.025,0.012,0.013000000000000001,58.426,113.67699,6.496919999999999,0.988,0.975,0.013000000000000012,534.9130799999999,1446.8429399999998,2278.614,No,0.999914,0.999881,0.999934,0.988,0.975,0.013,0.000593,0.011321,-0.028711,0.12,0.832,1446.84,,,,,Projected appearance probability is only 70.0%; wait for the official XI.,,WATCH,0
fifwc-esp-arg-2026-07-19,fifwc-esp-arg-2026-07-19-player-props,Spain vs. Argentina - Player Props,2944177,soccer_player_assists,Mikel Oyarzabal: 1+ assists,Mikel Oyarzabal: 1+ assists,Yes,No,33730562444216349509732346666302000371138339335150882875211254314776003037613,7950248327645964121277404934828771520266757859687792785094803945846574979951,2125.2697259999995,34109.8502,0.1,0.11,0.05,0.01,True,0.11,0.1,0.009999999999999995,149.72760000000002,669.5845,205.812,0.9,0.89,0.010000000000000009,1852.308,4639.9064,1211.4324000000001,No,0.982078,0.979063,0.984268,0.9,0.89,0.01,0.0045,0.077578,0.034563,0.12,0.811,4639.91,,,,,,,WATCH,0
fifwc-esp-arg-2026-07-19,fifwc-esp-arg-2026-07-19-player-props,Spain vs. Argentina - Player Props,2944178,soccer_player_assists,Mikel Oyarzabal: 2+ assists,Mikel Oyarzabal: 2+ assists,Yes,No,85973453070387102724703062363806516459122993498900025864654641926479336572575,86985338182134438099994169742944225494016635643695596612219249611460583376054,0,19571.0751,0.01,0.19,0.05,0.01,True,0.19,0.01,0.18,57.0,267.0,0.1,0.99,0.8,0.18999999999999995,9.9,9.9,840.0,No,0.999838,0.999776,0.999875,0.99,0.8,0.19,0.000495,0.009343,-0.030719,0.12,0.832,9.9,,,,,,,PASS,0
fifwc-esp-arg-2026-07-19,fifwc-esp-arg-2026-07-19-player-props,Spain vs. Argentina - Player Props,2944179,soccer_player_assists,Nico Williams: 1+ assists,Nico Williams: 1+ assists,Yes,No,87823503834268262286505926441840027119656247120831392696053783813255612533204,13354678771397474213364829018166733333084687644012825391186973498591014862185,141.58963699999998,16651.9314,0.04,0.18,0.05,0.01,True,0.17,0.04,0.13,5.0133,8.8218,0.58,0.96,0.83,0.13,13.92,86.92,10.375,No,0.991848,0.990473,0.992847,0.96,0.83,0.13,0.00192,0.029928,-0.011447,0.12,0.823,86.92,,,,,Projected appearance probability is only 62.0%; wait for the official XI.,,WATCH,0
fifwc-esp-arg-2026-07-19,fifwc-esp-arg-2026-07-19-player-props,Spain vs. Argentina - Player Props,2944180,soccer_player_assists,Nico Williams: 2+ assists,Nico Williams: 2+ assists,Yes,No,113289938679853871133608634033500691481229996181195808892263471352149955492013,76752225072226066082004085027806504102556627591070609253515561057260448999954,570,17486.17232,0.01,0.076,0.05,0.001,True,0.074,0.01,0.064,2.4419999999999997,103.442,0.6,0.99,0.926,0.06399999999999995,59.4,79.38,25.465,No,0.999946,0.999925,0.999958,0.99,0.926,0.064,0.000495,0.009451,-0.03057,0.12,0.832,79.38,,,,,Projected appearance probability is only 62.0%; wait for the official XI.,,PASS,0
fifwc-esp-arg-2026-07-19,fifwc-esp-arg-2026-07-19-player-props,Spain vs. Argentina - Player Props,2944181,soccer_player_assists,Nicolás González: 1+ assists,Nicolás González: 1+ assists,Yes,No,36217359214511414381738813660084101974878206526768611970850730059428089413486,109541110463727351636036716905617814045387940664119548639757209260300872423809,460.15999999999997,20060.4848,0.049,0.05,0.05,0.001,True,0.05,0.049,0.0010000000000000009,21.304000000000002,47.138040000000004,27.54094,0.951,0.95,0.0010000000000000009,534.51906,1225.57665,404.77599999999995,,,,,,,,,,,,,,,,,,,,UNSUPPORTED_OR_LINEUP_FILTER,0
fifwc-esp-arg-2026-07-19,fifwc-esp-arg-2026-07-19-player-props,Spain vs. Argentina - Player Props,2944182,soccer_player_assists,Nicolás González: 2+ assists,Nicolás González: 2+ assists,Yes,No,84752863276600394941390876490117713094354207732863177180232229631899675704500,30891587502576337725997724504013681620212578551592586367751599536874586619229,0,16375.73,0.01,0.24,0.05,0.01,True,0.25,0.01,0.24,5.5,5.5,0.1,0.99,0.75,0.24,9.9,9.9,16.5,,,,,,,,,,,,,,,,,,,,UNSUPPORTED_OR_LINEUP_FILTER,0
fifwc-esp-arg-2026-07-19,fifwc-esp-arg-2026-07-19-player-props,Spain vs. Argentina - Player Props,2944183,soccer_player_goals_plus_assists,Alex Baena: 1+ goals + assists,Alex Baena: 1+ goals + assists,Yes,No,78216902532119573501870280722318894089888347391457486856140404560881447440471,54961232907348586007306748144562562697775095550335754840906907064060936512108,0,10274.1003,0.12,0.38,0.05,0.01,True,0.39,0.01,0.38,156.0,156.0,0.6,0.99,0.61,0.38,59.4,59.4,244.0,No,0.831717,0.806294,0.850837,0.99,0.61,0.38,0.000495,-0.158778,-0.224201,0.12,0.634,59.4,,,,,,,PASS,0
fifwc-esp-arg-2026-07-19,fifwc-esp-arg-2026-07-19-player-props,Spain vs. Argentina - Player Props,2944184,soccer_player_goals_plus_assists,Alex Baena: 2+ goals + assists,Alex Baena: 2+ goals + assists,Yes,No,75975730502675467040258088041802956175042449030462013427825981390446426098876,92404484139311764977322400210167106525580109247511436089470907880009230172931,0,11033.0998,0.02,0.09,0.05,0.01,True,0.09,0.02,0.06999999999999999,27.0,27.0,0.5,0.98,0.91,0.06999999999999995,24.5,39.35,273.0,No,0.984972,0.979648,0.988247,0.98,0.91,0.07,0.00098,0.003992,-0.041332,0.12,0.812,39.35,,,,,,,PASS,0
fifwc-esp-arg-2026-07-19,fifwc-esp-arg-2026-07-19-player-props,Spain vs. Argentina - Player Props,2944185,soccer_player_goals_plus_assists,Alex Baena: 3+ goals + assists,Alex Baena: 3+ goals + assists,Yes,No,95995665404138976325713016902065648114334038141853710515769979065650849473670,100173662273955986676592821363974350249076611761374256753061716254188239036660,0,9.5022,0.01,0.11,0.05,0.01,True,0.97,0.01,0.96,16.1602,91.0903,0.6,0.99,0.03,0.96,59.4,59.4,0.49979999999999997,No,0.999091,0.998529,0.999373,0.99,0.03,0.96,0.000495,0.008596,-0.031966,0.12,0.831,59.4,,,,,,,PASS,0
fifwc-esp-arg-2026-07-19,fifwc-esp-arg-2026-07-19-player-props,Spain vs. Argentina - Player Props,2944186,soccer_player_goals_plus_assists,Alex Baena: 4+ goals + assists,Alex Baena: 4+ goals + assists,Yes,No,12883193309935431636549588516483313818585826837069028117149112211697179666069,95000697464564085184197927368749783757864381754683848819983988214322347601526,0,11.762,0.01,0.09,0.05,0.01,True,0.93,0.01,0.92,6.110100000000001,38.9255,0.6,0.99,0.07,0.9199999999999999,59.4,59.4,0.4599000000000001,No,0.999959,0.999919,0.999975,0.99,0.07,0.92,0.000495,0.009464,-0.030576,0.12,0.832,59.4,,,,,,,PASS,0
fifwc-esp-arg-2026-07-19,fifwc-esp-arg-2026-07-19-player-props,Spain vs. Argentina - Player Props,2944187,soccer_player_goals_plus_assists,Alexis Mac Allister: 1+ goals + assists,Alexis Mac Allister: 1+ goals + assists,Yes,No,99038867406751713517935593417941811012008573837264730620048989471326343325084,4599597765500369867132013296170319763175099072612203457931997704477670386295,57.6,12142.0348,0.07,0.1,0.05,0.01,True,0.1,0.01,0.09000000000000001,24.792,24.792,0.65,0.99,0.9,0.08999999999999997,64.35,64.35,223.128,Yes,0.109805,0.096349,0.127179,0.1,0.01,0.09,0.0045,0.005305,-0.048151,0.12,0.0,24.79,,,,,,,PASS,0
fifwc-esp-arg-2026-07-19,fifwc-esp-arg-2026-07-19-player-props,Spain vs. Argentina - Player Props,2944188,soccer_player_goals_plus_assists,Alexis Mac Allister: 2+ goals + assists,Alexis Mac Allister: 2+ goals + assists,Yes,No,48502653714095461101220070094124927637854728948223677987409887966313265936825,963502889589189736186568840366773666009945819696630487475775822137250533807,0,825.5862,0.01,0.96,0.05,0.01,True,0.97,0.01,0.96,16.237799999999996,79990.808,0.6,0.99,0.03,0.96,59.4,59.4,0.5022,No,0.993738,0.991428,0.995191,0.99,0.03,0.96,0.000495,0.003243,-0.039067,0.12,0.824,59.4,,,,,,,PASS,0
fifwc-esp-arg-2026-07-19,fifwc-esp-arg-2026-07-19-player-props,Spain vs. Argentina - Player Props,2944189,soccer_player_goals_plus_assists,Alexis Mac Allister: 3+ goals + assists,Alexis Mac Allister: 3+ goals + assists,Yes,No,65125452692342336999795814972896180768736244888201000664174924194013001819877,32892096891801070309554037470004033820793163784999209815084030905878147933864,0,825.5863,0.01,0.96,0.05,0.01,True,0.97,0.01,0.96,16.441499999999998,79989.9978,0.6,0.99,0.03,0.96,59.4,59.4,0.5085,No,0.99976,0.999605,0.999838,0.99,0.03,0.96,0.000495,0.009265,-0.03089,0.12,0.832,59.4,,,,,,,PASS,0
fifwc-esp-arg-2026-07-19,fifwc-esp-arg-2026-07-19-player-props,Spain vs. Argentina - Player Props,2944190,soccer_player_goals_plus_assists,Alexis Mac Allister: 4+ goals + assists,Alexis Mac Allister: 4+ goals + assists,Yes,No,10423436921471858985615462269773994445126166034906809641009007613874714988257,33731405699885820179080842981718753564530531716101413060776213509136495811438,0,4082.8434,0.01,0.46,0.05,0.01,True,0.47,0.01,0.45999999999999996,231.48909999999998,231.48909999999998,0.65,0.99,0.53,0.45999999999999996,64.35,64.35,261.0409,No,0.999993,0.999986,0.999996,0.99,0.53,0.46,0.000495,0.009498,-0.030509,0.12,0.833,64.35,,,,,,,PASS,0
fifwc-esp-arg-2026-07-19,fifwc-esp-arg-2026-07-19-player-props,Spain vs. Argentina - Player Props,2944191,soccer_player_goals_plus_assists,Dani Olmo: 1+ goals + assists,Dani Olmo: 1+ goals + assists,Yes,No,16368148068890637308364078176532257780069026176736573567513513719073492734111,98572984828110839600332215793095611797106446412821882508253869401006019773555,0,11284.3646,0.03,0.29,0.05,0.01,True,0.28,0.01,0.27,14.000000000000002,72.0,0.6,0.99,0.71,0.28,59.4,59.4,142.0,No,0.865815,0.845007,0.881334,0.99,0.71,0.28,0.000495,-0.12468,-0.185488,0.12,0.674,59.4,,,,,,,PASS,0
fifwc-esp-arg-2026-07-19,fifwc-esp-arg-2026-07-19-player-props,Spain vs. Argentina - Player Props,2944192,soccer_player_goals_plus_assists,Dani Olmo: 2+ goals + assists,Dani Olmo: 2+ goals + assists,Yes,No,28941662054056478339055812403311550433096595162179663446740731242606326695191,27300676828385183508577342088262727292032650816534640901843734127232908464969,0,10996.5658,0.01,0.1,0.05,0.01,True,0.1,0.01,0.09000000000000001,30.0,30.0,0.6,0.99,0.9,0.08999999999999997,59.4,59.4,270.0,No,0.990565,0.987157,0.992644,0.99,0.9,0.09,0.000495,7e-05,-0.043338,0.12,0.819,59.4,,,,,,,PASS,0
fifwc-esp-arg-2026-07-19,fifwc-esp-arg-2026-07-19-player-props,Spain vs. Argentina - Player Props,2944193,soccer_player_goals_plus_assists,Dani Olmo: 3+ goals + assists,Dani Olmo: 3+ goals + assists,Yes,No,4655006226381207278743830195689339837327779447066294954498086552073846787178,83765484960609268649040725234612056305256478772431496096894732071626603748755,0,4359.36781,0.01,0.429,0.05,0.001,True,0.43,0.01,0.42,196.9228,196.9228,0.6,0.99,0.57,0.42000000000000004,59.4,129.33,261.0372,No,0.999552,0.999271,0.999692,0.99,0.57,0.42,0.000495,0.009057,-0.031224,0.12,0.832,129.33,,,,,,,PASS,0
fifwc-esp-arg-2026-07-19,fifwc-esp-arg-2026-07-19-player-props,Spain vs. Argentina - Player Props,2944194,soccer_player_goals_plus_assists,Dani Olmo: 4+ goals + assists,Dani Olmo: 4+ goals + assists,Yes,No,21715347663856600798967321911165820290307870512155124809297107849532111265719,27334087962974722609510322700381477869572948486070671794576337104280102756570,0,825.5862,0.01,0.96,0.05,0.01,True,0.97,0.01,0.96,16.8586,79989.8978,0.6,0.99,0.03,0.96,59.4,59.4,0.5214,No,0.999984,0.999968,0.99999,0.99,0.03,0.96,0.000495,0.009489,-0.030527,0.12,0.833,59.4,,,,,,,PASS,0
fifwc-esp-arg-2026-07-19,fifwc-esp-arg-2026-07-19-player-props,Spain vs. Argentina - Player Props,2944195,soccer_player_goals_plus_assists,Enzo Fernández: 1+ goals + assists,Enzo Fernández: 1+ goals + assists,Yes,No,32018103855587705141013860148762267861843984601916940615639233140852092905830,43294713028966434847318245527351882022329945112262073890804444502316928908217,0,11609.5482,0.09,0.26,0.05,0.01,True,0.27,0.01,0.26,13.5,69.5,0.6,0.99,0.74,0.25,59.4,59.4,23.125,Yes,0.174986,0.154251,0.201328,0.27,0.01,0.26,0.009855,-0.104869,-0.165604,0.12,0.0,69.5,,,,,,,PASS,0
fifwc-esp-arg-2026-07-19,fifwc-esp-arg-2026-07-19-player-props,Spain vs. Argentina - Player Props,2944196,soccer_player_goals_plus_assists,Enzo Fernández: 2+ goals + assists,Enzo Fernández: 2+ goals + assists,Yes,No,97002436994727633541124918604661666035318043050755196593011912829584460236599,71525002106605884575685178681361297196549257264162112234211415402432423366915,0,4082.3018,0.01,0.46,0.05,0.01,True,0.47,0.01,0.45999999999999996,231.48909999999998,231.48909999999998,0.6,0.99,0.53,0.45999999999999996,59.4,59.4,261.0409,No,0.983709,0.977923,0.987411,0.99,0.53,0.46,0.000495,-0.006786,-0.052572,0.12,0.81,59.4,,,,,,,PASS,0
fifwc-esp-arg-2026-07-19,fifwc-esp-arg-2026-07-19-player-props,Spain vs. Argentina - Player Props,2944197,soccer_player_goals_plus_assists,Enzo Fernández: 3+ goals + assists,Enzo Fernández: 3+ goals + assists,Yes,No,88902258668239422887130104716020608455018688251161813643167091089551136833123,41839568328382020371304844341728405112664851441673784984977991680928650401499,0,393.5058,0.01,0.07,0.05,0.01,True,0.97,0.01,0.96,15.6752,91.2002,0.6,0.99,0.03,0.96,59.4,59.4,0.4848,No,0.998972,0.998331,0.999304,0.99,0.03,0.96,0.000495,0.008477,-0.032164,0.12,0.831,59.4,,,,,,,PASS,0
fifwc-esp-arg-2026-07-19,fifwc-esp-arg-2026-07-19-player-props,Spain vs. Argentina - Player Props,2944198,soccer_player_goals_plus_assists,Enzo Fernández: 4+ goals + assists,Enzo Fernández: 4+ goals + assists,Yes,No,21982952668032250277519479016511462040519740631333504285528676371295485144494,37823478658775830553373853624759780748419369629404857542274120039442205416489,13.7171,5480.0618,0.01,0.41,0.05,0.01,True,0.45,0.01,0.44,130.59900000000002,130.59900000000002,0.5128,0.99,0.55,0.43999999999999995,50.7672,50.7672,159.62100000000004,No,0.999951,0.999903,0.999971,0.99,0.55,0.44,0.000495,0.009456,-0.030592,0.12,0.832,50.77,,,,,,,PASS,0
fifwc-esp-arg-2026-07-19,fifwc-esp-arg-2026-07-19-player-props,Spain vs. Argentina - Player Props,2944199,soccer_player_goals_plus_assists,Fabián Ruiz: 1+ goals + assists,Fabián Ruiz: 1+ goals + assists,Yes,No,56150318665746628061321271025786396791686531621015865274128700644626008702294,54942209209365612732082061693771544352128224785798632070895723150915164400389,1.0204,11276.2091,0.08,0.32,0.05,0.01,True,0.34,0.01,0.33,17.0,176.5,0.6,0.99,0.66,0.32999999999999996,59.4,59.4,33.0,Yes,0.217332,0.193302,0.248885,0.34,0.01,0.33,0.01122,-0.133888,-0.197918,0.12,0.031,176.5,,,,,,,PASS,0
fifwc-esp-arg-2026-07-19,fifwc-esp-arg-2026-07-19-player-props,Spain vs. Argentina - Player Props,2944200,soccer_player_goals_plus_assists,Fabián Ruiz: 2+ goals + assists,Fabián Ruiz: 2+ goals + assists,Yes,No,61811094236183288185683204470892576580305506447785487225852777825102076392316,45427470666590501092379831250072743783752299288362568808535447097015722181316,0,10867.6183,0.01,0.09,0.05,0.01,True,0.09,0.01,0.08,27.0,27.0,0.65,0.99,0.91,0.07999999999999996,64.35,64.35,273.0,No,0.974458,0.965677,0.979932,0.99,0.91,0.08,0.000495,-0.016037,-0.064818,0.12,0.797,64.35,,,,,,,PASS,0
fifwc-esp-arg-2026-07-19,fifwc-esp-arg-2026-07-19-player-props,Spain vs. Argentina - Player Props,2944201,soccer_player_goals_plus_assists,Fabián Ruiz: 3+ goals + assists,Fabián Ruiz: 3+ goals + assists,Yes,No,49647959983363621982002518169079871959467843779147310861338559656804821432458,67112904246650617540433714363656668055877644818789252279735172373356783993282,0,817.5863,0.01,0.97,0.05,0.01,True,0.97,0.01,0.96,16.5676,79990.63799999999,0.6,0.99,0.03,0.96,59.4,59.4,0.7215,No,0.997957,0.996725,0.998582,0.99,0.03,0.96,0.000495,0.007462,-0.03377,0.12,0.829,59.4,,,,,,,PASS,0
fifwc-esp-arg-2026-07-19,fifwc-esp-arg-2026-07-19-player-props,Spain vs. Argentina - Player Props,2944202,soccer_player_goals_plus_assists,Fabián Ruiz: 4+ goals + assists,Fabián Ruiz: 4+ goals + assists,Yes,No,18918099816794413600376691269413081880069185012137969515820468165191846043218,3269286298933290620621314118101582868296898084096158405636101970954376699705,0,825.5864,0.01,0.96,0.05,0.01,True,0.97,0.01,0.96,22.794999999999998,79996.8556,0.6,0.99,0.03,0.96,59.4,59.4,0.513,No,0.999876,0.99976,0.999924,0.99,0.03,0.96,0.000495,0.009381,-0.030735,0.12,0.832,59.4,,,,,,,PASS,0
fifwc-esp-arg-2026-07-19,fifwc-esp-arg-2026-07-19-player-props,Spain vs. Argentina - Player Props,2944203,soccer_player_goals_plus_assists,Ferrán Torres: 1+ goals + assists,Ferrán Torres: 1+ goals + assists,Yes,No,84523674698381859511604711819951068487959911034166575482114616408425424005311,7638223035888765003606456791109948961423314048989685543363530636332347551515,0,6469.2485,0.13,0.37,0.05,0.01,True,0.38,0.01,0.37,76.0,76.0,0.65,0.99,0.62,0.37,64.35,64.35,124.0,No,0.975707,0.971666,0.978653,0.99,0.62,0.37,0.000495,-0.014788,-0.058829,0.12,0.803,64.35,,,,,Projected appearance probability is only 70.0%; wait for the official XI.,,PASS,0
fifwc-esp-arg-2026-07-19,fifwc-esp-arg-2026-07-19-player-props,Spain vs. Argentina - Player Props,2944204,soccer_player_goals_plus_assists,Ferrán Torres: 2+ goals + assists,Ferrán Torres: 2+ goals + assists,Yes,No,102754385186525280631310513984765282285594995939975893992430303923312379000800,22314512654505934801796627432128999518731513493520111891211100880131664468734,0,3895.5576,0.01,0.47,0.05,0.01,True,0.47,0.01,0.45999999999999996,23.5,264.46,0.6,0.99,0.52,0.47,59.4,59.4,261.04,No,0.999573,0.999411,0.99967,0.99,0.52,0.47,0.000495,0.009078,-0.031084,0.12,0.832,59.4,,,,,Projected appearance probability is only 70.0%; wait for the official XI.,,PASS,0
fifwc-esp-arg-2026-07-19,fifwc-esp-arg-2026-07-19-player-props,Spain vs. Argentina - Player Props,2944205,soccer_player_goals_plus_assists,Ferrán Torres: 3+ goals + assists,Ferrán Torres: 3+ goals + assists,Yes,No,104083615402819140260351562152907498439488015068742664858306640463071884164904,109804551724290108036572043248516519452731454130501089897591943471262939869292,0,3892.6535,0.02,0.46,0.05,0.01,True,0.47,0.02,0.44999999999999996,231.48909999999998,231.48909999999998,0.5,0.98,0.53,0.44999999999999996,24.5,34.4,261.0409,No,0.999995,0.999992,0.999997,0.98,0.53,0.45,0.00098,0.019015,-0.020988,0.12,0.833,34.4,,,,,Projected appearance probability is only 70.0%; wait for the official XI.,,WATCH,0
fifwc-esp-arg-2026-07-19,fifwc-esp-arg-2026-07-19-player-props,Spain vs. Argentina - Player Props,2944206,soccer_player_goals_plus_assists,Ferrán Torres: 4+ goals + assists,Ferrán Torres: 4+ goals + assists,Yes,No,98824789692042872739385824830493432289343531010208076990009397169349066418183,69628606729847713860781376407817410748825341813998103239552084681262324123713,0,3888.2534,0.01,0.46,0.05,0.01,True,0.47,0.01,0.45999999999999996,231.48909999999998,231.48909999999998,0.6,0.99,0.53,0.45999999999999996,59.4,59.4,261.0409,No,1.0,1.0,1.0,0.99,0.53,0.46,0.000495,0.009505,-0.030495,0.12,0.833,59.4,,,,,Projected appearance probability is only 70.0%; wait for the official XI.,,PASS,0
fifwc-esp-arg-2026-07-19,fifwc-esp-arg-2026-07-19-player-props,Spain vs. Argentina - Player Props,2944207,soccer_player_goals_plus_assists,Giuliano Simeone: 1+ goals + assists,Giuliano Simeone: 1+ goals + assists,Yes,No,47795021948365128368414685020127453310181293779734733130428053235369351618591,45217830083139449663307258628162744736826877315446155717086572309278817171911,18,10815.9865,0.01,0.33,0.05,0.01,True,0.34,0.01,0.33,136.0,136.0,0.6,0.99,0.66,0.32999999999999996,59.4,59.4,264.0,No,0.916694,0.903258,0.927033,0.99,0.66,0.33,0.000495,-0.073801,-0.127237,0.12,0.733,59.4,,,,,,,PASS,0
fifwc-esp-arg-2026-07-19,fifwc-esp-arg-2026-07-19-player-props,Spain vs. Argentina - Player Props,2944208,soccer_player_goals_plus_assists,Giuliano Simeone: 2+ goals + assists,Giuliano Simeone: 2+ goals + assists,Yes,No,55578244850243498669354150330498239386719230991475292343550701213074516223970,54129057726348998009439644460846153272451338156729073632991630356325130690922,0,6.41,0.01,0.15,0.05,0.01,True,0.98,0.01,0.97,29.4,119.4702,0.6,0.99,0.02,0.97,59.4,59.4,0.6,No,0.996429,0.995093,0.997264,0.99,0.02,0.97,0.000495,0.005934,-0.035402,0.12,0.827,59.4,,,,,,,PASS,0
fifwc-esp-arg-2026-07-19,fifwc-esp-arg-2026-07-19-player-props,Spain vs. Argentina - Player Props,2944209,soccer_player_goals_plus_assists,Giuliano Simeone: 3+ goals + assists,Giuliano Simeone: 3+ goals + assists,Yes,No,79324845288142229538629636075118148109786786846309707089707683882234703169150,11637596622312863931453921926330399036355301577252200641354611873328112101127,0,6.4099,0.01,0.15,0.05,0.01,True,0.97,0.01,0.96,15.8692,91.4601,0.6,0.99,0.03,0.96,59.4,59.4,0.49079999999999996,No,0.999897,0.99983,0.999931,0.99,0.03,0.96,0.000495,0.009402,-0.030665,0.12,0.832,59.4,,,,,,,PASS,0
fifwc-esp-arg-2026-07-19,fifwc-esp-arg-2026-07-19-player-props,Spain vs. Argentina - Player Props,2944210,soccer_player_goals_plus_assists,Giuliano Simeone: 4+ goals + assists,Giuliano Simeone: 4+ goals + assists,Yes,No,83344588033242216559063683239544876829699021109253266382960561622151786053689,61431876259482275089869726117968520045930733146630210336777221713454196298542,0,6.41,0.01,0.15,0.05,0.01,True,0.97,0.01,0.96,14.2396,100.0701,0.6,0.99,0.03,0.96,59.4,59.4,0.44039999999999996,No,0.999998,0.999996,0.999999,0.99,0.03,0.96,0.000495,0.009503,-0.030499,0.12,0.833,59.4,,,,,,,PASS,0
fifwc-esp-arg-2026-07-19,fifwc-esp-arg-2026-07-19-player-props,Spain vs. Argentina - Player Props,2944211,soccer_player_goals_plus_assists,Julián Álvarez: 1+ goals + assists,Julián Álvarez: 1+ goals + assists,Yes,No,29206910212521847700860628324873878559760492370737416247740367608624820768678,13078381157460858763313767849263107294126578177598791226800558303510997923032,0,11167.3584,0.17,0.39,0.05,0.01,True,0.4,0.01,0.39,80.0,80.0,0.6,0.99,0.6,0.39,59.4,59.4,120.0,No,0.882021,0.863465,0.896419,0.99,0.6,0.39,0.000495,-0.108474,-0.16703,0.12,0.692,59.4,,,,,,,PASS,0
fifwc-esp-arg-2026-07-19,fifwc-esp-arg-2026-07-19-player-props,Spain vs. Argentina - Player Props,2944212,soccer_player_goals_plus_assists,Julián Álvarez: 2+ goals + assists,Julián Álvarez: 2+ goals + assists,Yes,No,18137652439420070322217430956871722512859202046005441933565912361168951894314,19842333948788416711265312273741012343345391093286864577030948214743291271472,0,10890.6176,0.02,0.1,0.05,0.01,True,0.1,0.01,0.09000000000000001,30.0,30.0,0.6,0.99,0.9,0.08999999999999997,59.4,59.4,270.0,No,0.992749,0.990087,0.994427,0.99,0.9,0.09,0.000495,0.002254,-0.040408,0.12,0.822,59.4,,,,,,,PASS,0
fifwc-esp-arg-2026-07-19,fifwc-esp-arg-2026-07-19-player-props,Spain vs. Argentina - Player Props,2944213,soccer_player_goals_plus_assists,Julián Álvarez: 3+ goals + assists,Julián Álvarez: 3+ goals + assists,Yes,No,67268409732234669542476584705414872123852308610320839589533309502655529294309,53351898074805999832037894513869344772788453179453816612685025134425080467125,0,825.5862,0.01,0.96,0.05,0.01,True,0.97,0.01,0.96,16.7616,79988.9179,0.6,0.99,0.03,0.96,59.4,59.4,0.5184,No,0.9997,0.999507,0.999798,0.99,0.03,0.96,0.000495,0.009205,-0.030988,0.12,0.832,59.4,,,,,,,PASS,0
fifwc-esp-arg-2026-07-19,fifwc-esp-arg-2026-07-19-player-props,Spain vs. Argentina - Player Props,2944214,soccer_player_goals_plus_assists,Julián Álvarez: 4+ goals + assists,Julián Álvarez: 4+ goals + assists,Yes,No,22294157364515989679500058793449764448222652977012594742122685522863904829379,42178021472848315437666729872574248374561713815538911537415840009282544838726,0,823.6859,0.01,0.95,0.05,0.01,True,0.97,0.01,0.96,18.8665,79993.82759999999,0.65,0.99,0.03,0.96,64.35,64.35,0.5834999999999999,No,0.999991,0.999981,0.999994,0.99,0.03,0.96,0.000495,0.009496,-0.030514,0.12,0.833,64.35,,,,,,,PASS,0
fifwc-esp-arg-2026-07-19,fifwc-esp-arg-2026-07-19-player-props,Spain vs. Argentina - Player Props,2944215,soccer_player_goals_plus_assists,Lamine Yamal: 1+ goals + assists,Lamine Yamal: 1+ goals + assists,Yes,No,93027588990928813551535765175250434825316986058206697842863936706646025757697,33584414885576384205301173846378207333020517174433063794469325509160813769658,0,9240.195,0.04,0.45,0.05,0.01,True,0.45,0.03,0.42000000000000004,45.0,415.0,1.5,0.97,0.55,0.41999999999999993,48.5,112.85,55.00000000000001,No,0.787051,0.756021,0.810655,0.97,0.55,0.42,0.001455,-0.184404,-0.255434,0.12,0.583,112.85,,,,,,,PASS,0
fifwc-esp-arg-2026-07-19,fifwc-esp-arg-2026-07-19-player-props,Spain vs. Argentina - Player Props,2944216,soccer_player_goals_plus_assists,Lamine Yamal: 2+ goals + assists,Lamine Yamal: 2+ goals + assists,Yes,No,49754742019720582998618982207807964436960470249400794773477231643551802541571,22149003428726257040109888362809388208359347842825522725805622952313520066833,0,839.4523,0.03,0.96,0.05,0.01,True,0.96,0.03,0.9299999999999999,192.0,652.7986999999999,12.366,0.98,0.03,0.95,68.6,132.95,0.5211,No,0.97552,0.96708,0.980774,0.98,0.03,0.95,0.00098,-0.00546,-0.0539,0.12,0.799,132.95,,,,,,,PASS,0
fifwc-esp-arg-2026-07-19,fifwc-esp-arg-2026-07-19-player-props,Spain vs. Argentina - Player Props,2944217,soccer_player_goals_plus_assists,Lamine Yamal: 3+ goals + assists,Lamine Yamal: 3+ goals + assists,Yes,No,581599052862921738693377658815095795844452431972415290329707213872272208046,101959284882906950465334141886549376033511838381562506934203033708157045393760,0,826.1862,0.03,0.96,0.05,0.01,True,0.97,0.03,0.94,16.392999999999997,79990.24789999999,0.6,0.97,0.03,0.94,19.4,53.8,0.5069999999999999,No,0.998086,0.996929,0.998672,0.97,0.03,0.94,0.001455,0.026631,-0.014526,0.12,0.829,53.8,,,,,,,WATCH,0
fifwc-esp-arg-2026-07-19,fifwc-esp-arg-2026-07-19-player-props,Spain vs. Argentina - Player Props,2944218,soccer_player_goals_plus_assists,Lamine Yamal: 4+ goals + assists,Lamine Yamal: 4+ goals + assists,Yes,No,54650094288271341709904084520376641090064050483235693917900795919375349322423,58254156703562910497548984719021859206694034332808760618363250486773080281085,0,825.5864,0.02,0.96,0.05,0.01,True,0.96,0.02,0.94,192.0,652.5024,0.5,0.98,0.03,0.95,24.5,34.4,0.4986,No,0.999887,0.99978,0.999931,0.98,0.03,0.95,0.00098,0.018907,-0.0212,0.12,0.832,34.4,,,,,,,WATCH,0
fifwc-esp-arg-2026-07-19,fifwc-esp-arg-2026-07-19-player-props,Spain vs. Argentina - Player Props,2944219,soccer_player_goals_plus_assists,Lautaro Martínez: 1+ goals + assists,Lautaro Martínez: 1+ goals + assists,Yes,No,99168031338863889050581113854762802398374585910868815025715097371216391064099,11967728794400991728857797977760167060936934878379534977507994140456528954803,503.11009000000007,7379.6019,0.03,0.36,0.05,0.01,True,0.37,0.02,0.35,92.87,92.87,0.47740000000000005,0.98,0.63,0.35,23.3926,848.0626,158.13,No,0.972829,0.968389,0.976231,0.98,0.63,0.35,0.00098,-0.008151,-0.052591,0.12,0.8,848.06,,,,,Projected appearance probability is only 42.0%; wait for the official XI.,,PASS,0
fifwc-esp-arg-2026-07-19,fifwc-esp-arg-2026-07-19-player-props,Spain vs. Argentina - Player Props,2944220,soccer_player_goals_plus_assists,Lautaro Martínez: 2+ goals + assists,Lautaro Martínez: 2+ goals + assists,Yes,No,4883797840971418718093551973129449703719855204048457097638377781174952832275,109436241640445539192748991291211670350281658777729297133042526889584387180034,380,10884.1855,0.02,0.46,0.05,0.01,True,0.46,0.01,0.45,46.0,591.6045999999999,0.6,0.99,0.54,0.44999999999999996,59.4,59.4,54.0,No,0.999102,0.998762,0.999313,0.99,0.54,0.45,0.000495,0.008607,-0.031733,0.12,0.831,59.4,,,,,Projected appearance probability is only 42.0%; wait for the official XI.,,PASS,0
fifwc-esp-arg-2026-07-19,fifwc-esp-arg-2026-07-19-player-props,Spain vs. Argentina - Player Props,2944221,soccer_player_goals_plus_assists,Lautaro Martínez: 3+ goals + assists,Lautaro Martínez: 3+ goals + assists,Yes,No,6031533394584708324727747549800029048610303469134793167390244972466827948040,55135037113420297405547637783275240166204948051171426014639406710863765737122,0,5217.1352,0.01,0.46,0.05,0.01,True,0.47,0.01,0.45999999999999996,141.5546,141.5546,0.6,0.99,0.53,0.45999999999999996,59.4,59.4,159.6254,No,0.99998,0.999967,0.999987,0.99,0.53,0.46,0.000495,0.009485,-0.030528,0.12,0.833,59.4,,,,,Projected appearance probability is only 42.0%; wait for the official XI.,,PASS,0
fifwc-esp-arg-2026-07-19,fifwc-esp-arg-2026-07-19-player-props,Spain vs. Argentina - Player Props,2944222,soccer_player_goals_plus_assists,Lautaro Martínez: 4+ goals + assists,Lautaro Martínez: 4+ goals + assists,Yes,No,60801650096148477249803874868743368486278951808951661266108082432522248266351,67543419215761511621223334300550636914701872437310774968277656359083611789869,0,5212.4052,0.01,0.46,0.05,0.01,True,0.47,0.01,0.45999999999999996,141.5546,141.5546,0.65,0.99,0.53,0.45999999999999996,64.35,64.35,159.6254,No,1.0,0.999999,1.0,0.99,0.53,0.46,0.000495,0.009505,-0.030496,0.12,0.833,64.35,,,,,Projected appearance probability is only 42.0%; wait for the official XI.,,PASS,0
fifwc-esp-arg-2026-07-19,fifwc-esp-arg-2026-07-19-player-props,Spain vs. Argentina - Player Props,2944223,soccer_player_goals_plus_assists,Lionel Messi: 1+ goals + assists,Lionel Messi: 1+ goals + assists,Yes,No,115035177261789562878458297938119435758608263460110776444838415963699645316917,84284914980597795653070237884646098179877878572782591801899644427012438182617,254.221542,10469.8494,0.07,0.56,0.05,0.01,True,0.56,0.12,0.44000000000000006,137.02640000000002,885.0264,1.74,0.88,0.44,0.44,12.76,96.325,107.6636,Yes,0.520211,0.492332,0.553832,0.56,0.12,0.44,0.01232,-0.052109,-0.119988,0.12,0.321,885.03,,,,,,,PASS,0
fifwc-esp-arg-2026-07-19,fifwc-esp-arg-2026-07-19-player-props,Spain vs. Argentina - Player Props,2944224,soccer_player_goals_plus_assists,Lionel Messi: 2+ goals + assists,Lionel Messi: 2+ goals + assists,Yes,No,44017505390921871482217131883169823522126226283722215010660319452498270545560,22179067466806501466030398949011751034254467899299709303508409001978309316718,0,7569.8137,0.11,0.13,0.05,0.01,True,0.13,0.11,0.020000000000000004,32.63,32.63,38.61,0.89,0.87,0.020000000000000018,312.39,338.3887,218.37,Yes,0.16785,0.148257,0.194588,0.13,0.11,0.02,0.005655,0.032195,-0.027398,0.12,0.0,32.63,,,,,,,WATCH,0
fifwc-esp-arg-2026-07-19,fifwc-esp-arg-2026-07-19-player-props,Spain vs. Argentina - Player Props,2944225,soccer_player_goals_plus_assists,Lionel Messi: 3+ goals + assists,Lionel Messi: 3+ goals + assists,Yes,No,6658089410119007108334665339060247330766962686633279922825701109936669046651,101975054550015423521041621437618741329516414684135980730175080571368687372320,298.25,16328.1967,0.06,0.08,0.05,0.01,True,0.08,0.06,0.020000000000000004,100.4032,232.5896,60.2766,0.94,0.92,0.019999999999999907,944.3334,2263.8195,1154.6368,No,0.961539,0.950871,0.96843,0.94,0.92,0.02,0.00282,0.018719,-0.031949,0.12,0.782,2263.82,,,,,,,WATCH,0
fifwc-esp-arg-2026-07-19,fifwc-esp-arg-2026-07-19-player-props,Spain vs. Argentina - Player Props,2944226,soccer_player_goals_plus_assists,Lionel Messi: 4+ goals + assists,Lionel Messi: 4+ goals + assists,Yes,No,98513093387502816110787527482804376664812645344660966907378227312398850261936,6321666357356935603343878267445335979895020604827446323161025192643488946456,0,4108.7039,0.01,0.46,0.05,0.01,True,0.47,0.01,0.45999999999999996,231.48909999999998,231.48909999999998,0.6,0.99,0.53,0.45999999999999996,59.4,59.4,261.0409,No,0.993214,0.990367,0.994831,0.99,0.53,0.46,0.000495,0.002719,-0.040128,0.12,0.823,59.4,,,,,,,PASS,0
fifwc-esp-arg-2026-07-19,fifwc-esp-arg-2026-07-19-player-props,Spain vs. Argentina - Player Props,2944227,soccer_player_goals_plus_assists,Mikel Merino: 1+ goals + assists,Mikel Merino: 1+ goals + assists,Yes,No,23346760234679770807837219841842139873170244896483456025307436140833906199206,70711393455998077757808982306709953077450397256577975182860207549401565701461,0,7251.2663,0.14,0.53,0.05,0.01,True,0.53,0.14,0.39,25.837500000000002,133.8375,57.708000000000006,0.99,0.46,0.53,59.4,59.4,92.0,No,0.948153,0.939756,0.954329,0.99,0.46,0.53,0.000495,-0.042342,-0.090739,0.12,0.77,59.4,,,,,Projected appearance probability is only 70.0%; wait for the official XI.,,PASS,0
fifwc-esp-arg-2026-07-19,fifwc-esp-arg-2026-07-19-player-props,Spain vs. Argentina - Player Props,2944228,soccer_player_goals_plus_assists,Mikel Merino: 2+ goals + assists,Mikel Merino: 2+ goals + assists,Yes,No,29314707781501997795525800719636681349841637290656438993433654800166017323113,28362864951812199265778642222700188344501167405453079083190528473951933133649,0,4734.6163,0.01,0.48,0.05,0.01,True,0.49,0.01,0.48,250.80159999999998,250.80159999999998,0.65,0.99,0.51,0.48,64.35,64.35,261.03839999999997,No,0.998031,0.997296,0.998473,0.99,0.51,0.48,0.000495,0.007536,-0.033199,0.12,0.83,64.35,,,,,Projected appearance probability is only 70.0%; wait for the official XI.,,PASS,0
fifwc-esp-arg-2026-07-19,fifwc-esp-arg-2026-07-19-player-props,Spain vs. Argentina - Player Props,2944229,soccer_player_goals_plus_assists,Mikel Merino: 3+ goals + assists,Mikel Merino: 3+ goals + assists,Yes,No,49765913555601090476710003220120031582618415454727875013140729990302798446231,81301660713729482853104357633574632107810921720846345709676862270736825751585,0,825.5862,0.01,0.96,0.05,0.01,True,0.97,0.01,0.96,16.839199999999998,79988.8879,0.6,0.99,0.03,0.96,59.4,59.4,0.2226,No,0.99995,0.999917,0.999966,0.99,0.03,0.96,0.000495,0.009455,-0.030578,0.12,0.832,59.4,,,,,Projected appearance probability is only 70.0%; wait for the official XI.,,PASS,0
fifwc-esp-arg-2026-07-19,fifwc-esp-arg-2026-07-19-player-props,Spain vs. Argentina - Player Props,2944230,soccer_player_goals_plus_assists,Mikel Merino: 4+ goals + assists,Mikel Merino: 4+ goals + assists,Yes,No,68626880108125190295414012175808106126888262488309412288407597166831074109940,14103276851948383806288072647456759779781597959921145780175510061235255856992,0,6.49979,0.01,0.979,0.05,0.001,True,0.979,0.01,0.969,23.3002,461.26021,0.6,0.99,0.021,0.969,59.4,129.33,0.4998,No,0.999999,0.999998,0.999999,0.99,0.021,0.969,0.000495,0.009504,-0.030497,0.12,0.833,129.33,,,,,Projected appearance probability is only 70.0%; wait for the official XI.,,PASS,0
fifwc-esp-arg-2026-07-19,fifwc-esp-arg-2026-07-19-player-props,Spain vs. Argentina - Player Props,2944231,soccer_player_goals_plus_assists,Mikel Oyarzabal: 1+ goals + assists,Mikel Oyarzabal: 1+ goals + assists,Yes,No,110416958070678356248428104783262446090404946326385486865534308796417596526089,108334123374350060653479645218997324410477540908556704489935152224189640527797,23,11364.6878,0.29,0.42,0.05,0.01,True,0.42,0.01,0.41,252.0,338.0,0.6,0.99,0.58,0.41000000000000003,59.4,59.4,348.0,Yes,0.320598,0.287364,0.362986,0.42,0.01,0.41,0.01218,-0.111582,-0.184816,0.12,0.122,338.0,,,,,,,PASS,0
fifwc-esp-arg-2026-07-19,fifwc-esp-arg-2026-07-19-player-props,Spain vs. Argentina - Player Props,2944232,soccer_player_goals_plus_assists,Mikel Oyarzabal: 2+ goals + assists,Mikel Oyarzabal: 2+ goals + assists,Yes,No,18119486254226343691194095774387499519254746860087959659149676879306090117629,41803219649094754316982250854152442462988381772587747737030578665593741549405,0,7675.0771,0.05,0.1,0.05,0.01,True,0.1,0.02,0.08,30.0,30.0,0.5,0.98,0.9,0.07999999999999996,24.5,34.4,270.0,No,0.94202,0.923435,0.953957,0.98,0.9,0.08,0.00098,-0.03896,-0.097545,0.12,0.754,34.4,,,,,,,PASS,0
fifwc-esp-arg-2026-07-19,fifwc-esp-arg-2026-07-19-player-props,Spain vs. Argentina - Player Props,2944233,soccer_player_goals_plus_assists,Mikel Oyarzabal: 3+ goals + assists,Mikel Oyarzabal: 3+ goals + assists,Yes,No,114595897391242369692030696968975783242345104387325415465373797486557115724201,51765404341099272185671619102829610611266468132770677344387341668819418783289,0,4081.5825,0.02,0.47,0.05,0.01,True,0.48,0.02,0.45999999999999996,240.95999999999998,240.95999999999998,0.5,0.98,0.52,0.45999999999999996,24.5,34.4,261.04,No,0.992776,0.988669,0.994926,0.98,0.52,0.46,0.00098,0.011796,-0.032311,0.12,0.821,34.4,,,,,,,WATCH,0
fifwc-esp-arg-2026-07-19,fifwc-esp-arg-2026-07-19-player-props,Spain vs. Argentina - Player Props,2944234,soccer_player_goals_plus_assists,Mikel Oyarzabal: 4+ goals + assists,Mikel Oyarzabal: 4+ goals + assists,Yes,No,21624350428495523990928840654199687821225955421499880860549702362634634635422,32136156289087328850732562691919684139647954374254342844773919756450507807613,0,4116.6621,0.01,0.47,0.05,0.01,True,0.46,0.01,0.45,46.0,286.96,0.65,0.99,0.52,0.47,64.35,64.35,261.04,No,0.999316,0.998706,0.999575,0.99,0.52,0.47,0.000495,0.008821,-0.031789,0.12,0.831,64.35,,,,,,,PASS,0
fifwc-esp-arg-2026-07-19,fifwc-esp-arg-2026-07-19-player-props,Spain vs. Argentina - Player Props,2944235,soccer_player_goals_plus_assists,Nico Williams: 1+ goals + assists,Nico Williams: 1+ goals + assists,Yes,No,33919947167931854421371534810796861647046312993063401292424488906180804152640,100759912005153250131928930862528651489443490803006248696794124759521263717761,0,10.7849,0.01,0.31,0.05,0.01,True,0.97,0.01,0.96,15.7043,97.0501,0.6,0.99,0.03,0.96,59.4,59.4,0.4857,No,0.972069,0.967455,0.975441,0.99,0.03,0.96,0.000495,-0.018426,-0.06304,0.12,0.799,59.4,,,,,Projected appearance probability is only 62.0%; wait for the official XI.,,PASS,0
fifwc-esp-arg-2026-07-19,fifwc-esp-arg-2026-07-19-player-props,Spain vs. Argentina - Player Props,2944236,soccer_player_goals_plus_assists,Nico Williams: 2+ goals + assists,Nico Williams: 2+ goals + assists,Yes,No,108765087738564994326478597890012962610180006924907934641270947668436603975162,26585771938647567554486742850116590140262810377104990840165762446371483638878,0,7344.4977,0.02,0.09,0.05,0.01,True,0.09,0.02,0.06999999999999999,27.0,27.0,0.5,0.98,0.91,0.06999999999999995,24.5,34.4,273.0,No,0.999361,0.999119,0.999506,0.98,0.91,0.07,0.00098,0.018381,-0.021861,0.12,0.832,34.4,,,,,Projected appearance probability is only 62.0%; wait for the official XI.,,WATCH,0
fifwc-esp-arg-2026-07-19,fifwc-esp-arg-2026-07-19-player-props,Spain vs. Argentina - Player Props,2944237,soccer_player_goals_plus_assists,Nico Williams: 3+ goals + assists,Nico Williams: 3+ goals + assists,Yes,No,56484507587512223371123415731747515670470264282514430741363093097474821385768,48579117682888386416659583518534277709149868740280115496685739524642995531552,0,4552.6324,0.02,0.49,0.05,0.01,True,0.5,0.02,0.48,159.625,159.625,0.5,0.98,0.5,0.48,24.5,34.4,159.625,No,0.99999,0.999984,0.999993,0.98,0.5,0.48,0.00098,0.01901,-0.020996,0.12,0.833,34.4,,,,,Projected appearance probability is only 62.0%; wait for the official XI.,,WATCH,0
fifwc-esp-arg-2026-07-19,fifwc-esp-arg-2026-07-19-player-props,Spain vs. Argentina - Player Props,2944238,soccer_player_goals_plus_assists,Nico Williams: 4+ goals + assists,Nico Williams: 4+ goals + assists,Yes,No,47714599485478027084924037463383264100955746255198934428560431786186039998934,934125625266891270815288444677404183599865321739350387121727308749461610307,0,4098.5933,0.01,0.45,0.05,0.01,True,0.46,0.01,0.45,222.36860000000001,222.36860000000001,0.6,0.99,0.54,0.44999999999999996,59.4,59.4,261.0414,No,1.0,1.0,1.0,0.99,0.54,0.45,0.000495,0.009505,-0.030495,0.12,0.833,59.4,,,,,Projected appearance probability is only 62.0%; wait for the official XI.,,PASS,0
fifwc-esp-arg-2026-07-19,fifwc-esp-arg-2026-07-19-player-props,Spain vs. Argentina - Player Props,2944239,soccer_player_goals_plus_assists,Nicolás González: 1+ goals + assists,Nicolás González: 1+ goals + assists,Yes,No,47422670618885588313363695970852722718498972184044862374611559603319362934591,91887061556128411935303831102841001791848550106351710956160800532337466173356,290.15999999999997,6930.1975,0.2,0.21,0.05,0.01,True,0.22,0.2,0.01999999999999999,55.22,55.22,42.368,0.8,0.78,0.020000000000000018,169.472,169.472,195.78,,,,,,,,,,,,,,,,,,,,UNSUPPORTED_OR_LINEUP_FILTER,0
fifwc-esp-arg-2026-07-19,fifwc-esp-arg-2026-07-19-player-props,Spain vs. Argentina - Player Props,2944240,soccer_player_goals_plus_assists,Nicolás González: 2+ goals + assists,Nicolás González: 2+ goals + assists,Yes,No,42275846717047508501111352527900080709070375627278937605879605822526919028164,23049201097230703314745968162474584243910313611666875946558431753892933266376,0,4269.5308,0.01,0.42,0.05,0.01,True,0.43,0.01,0.42,43.0,526.5014000000001,0.6,0.99,0.57,0.42000000000000004,59.4,59.4,56.99999999999999,,,,,,,,,,,,,,,,,,,,UNSUPPORTED_OR_LINEUP_FILTER,0
fifwc-esp-arg-2026-07-19,fifwc-esp-arg-2026-07-19-player-props,Spain vs. Argentina - Player Props,2944241,soccer_player_goals_plus_assists,Nicolás González: 3+ goals + assists,Nicolás González: 3+ goals + assists,Yes,No,13946322929524169654854980891915500147524313003568295914325046260764992790000,112113381286083697871102299738835389943675324933573586556489144013175708654467,0,4086.5968,0.01,0.44,0.05,0.01,True,0.45,0.01,0.44,213.579,213.579,0.6,0.99,0.55,0.43999999999999995,59.4,59.4,261.041,,,,,,,,,,,,,,,,,,,,UNSUPPORTED_OR_LINEUP_FILTER,0
fifwc-esp-arg-2026-07-19,fifwc-esp-arg-2026-07-19-player-props,Spain vs. Argentina - Player Props,2944242,soccer_player_goals_plus_assists,Nicolás González: 4+ goals + assists,Nicolás González: 4+ goals + assists,Yes,No,34532252301907945833677711923402019126559440680763805724473294372595507196101,81731129477590527451561970050205387826082243770672585044183062279714070771960,0,4079.1938,0.01,0.44,0.05,0.01,True,0.45,0.01,0.44,213.579,213.579,0.6,0.99,0.55,0.43999999999999995,59.4,59.4,261.041,,,,,,,,,,,,,,,,,,,,UNSUPPORTED_OR_LINEUP_FILTER,0
fifwc-esp-arg-2026-07-19,fifwc-esp-arg-2026-07-19-player-props,Spain vs. Argentina - Player Props,2944492,soccer_player_shots,Alex Baena: 1+ shots,Alex Baena: 1+ shots,Yes,No,78450153331587573156145846951585493717790708630078032830853531676045839001634,2492043501774621661173334562226980976139867996106895818539779230350653330986,2691.4666140000013,34870.13,0.68,0.69,0.05,0.01,True,0.69,0.68,0.009999999999999898,4272.4869,5042.4719,3536.0000000000005,0.32,0.31,0.010000000000000009,1664.0,3174.8148,1919.5231,Yes,0.725761,0.687403,0.758159,0.69,0.68,0.01,0.010695,0.025066,-0.053292,0.12,0.514,5042.47,,,,,,,WATCH,0
fifwc-esp-arg-2026-07-19,fifwc-esp-arg-2026-07-19-player-props,Spain vs. Argentina - Player Props,2944494,soccer_player_shots,Alex Baena: 2+ shots,Alex Baena: 2+ shots,Yes,No,81215826729839717683188872153421309378972229908780341489149879261385459218702,39870092025121523868574841538739156681888983882894034279247531442221876524753,4713.446541,27332.1059,0.49,0.5,0.05,0.01,True,0.5,0.49,0.010000000000000009,581.715,1644.1401,140.9044,0.51,0.5,0.010000000000000009,146.6556,566.3855,581.715,No,0.629037,0.58227,0.675638,0.51,0.5,0.01,0.012495,0.106542,0.019775,0.12,0.41,566.39,,,,,,,WATCH,0
fifwc-esp-arg-2026-07-19,fifwc-esp-arg-2026-07-19-player-props,Spain vs. Argentina - Player Props,2944496,soccer_player_shots,Alex Baena: 3+ shots,Alex Baena: 3+ shots,Yes,No,82652549208425622474055867866459592407944520896999801816671645696562866865618,110652938287022769038783582411248896397222810979894550389436054697537252381990,1557.027608,28723.1672,0.09,0.12,0.05,0.01,True,0.12,0.09,0.03,1.7999999999999998,8.8,13.056299999999998,0.91,0.88,0.030000000000000027,132.0137,9799.022500000001,13.2,Yes,0.141452,0.113087,0.175362,0.12,0.09,0.03,0.00528,0.016172,-0.052193,0.12,0.0,8.8,,,,,,,WATCH,0
fifwc-esp-arg-2026-07-19,fifwc-esp-arg-2026-07-19-player-props,Spain vs. Argentina - Player Props,2944498,soccer_player_shots,Alex Baena: 4+ shots,Alex Baena: 4+ shots,Yes,No,78853288698112247624971809031189616705482359657358895701361785968055039472676,66369565091041418163107001853795265179271023689185140875490263369235487810245,33.33333,21548.9994,0.04,0.06,0.05,0.01,True,0.06,0.04,0.019999999999999997,44.9556,222.09760000000003,4.0,0.96,0.94,0.020000000000000018,96.0,8493.8216,704.3044,No,0.957525,0.941057,0.969057,0.96,0.94,0.02,0.00192,-0.004395,-0.060863,0.12,0.772,8493.82,,,,,,,PASS,0
fifwc-esp-arg-2026-07-19,fifwc-esp-arg-2026-07-19-player-props,Spain vs. Argentina - Player Props,2944500,soccer_player_shots,Alex Baena: 5+ shots,Alex Baena: 5+ shots,Yes,No,1326031383089252030960564583164240846487530745126171414566648032901159148242,47713319063110205243260682837202874513913672401336258604598396443414215680633,0,21627.24657,0.015,0.04,0.05,0.001,True,0.04,0.015,0.025,109.8208,137.77864,1.5,0.985,0.96,0.025000000000000022,98.5,3336.025,2635.6992,No,0.989538,0.983512,0.993061,0.985,0.96,0.025,0.000739,0.003799,-0.042226,0.12,0.816,3336.03,,,,,,,PASS,0
fifwc-esp-arg-2026-07-19,fifwc-esp-arg-2026-07-19-player-props,Spain vs. Argentina - Player Props,2944502,soccer_player_shots,Alexis Mac Allister: 1+ shots,Alexis Mac Allister: 1+ shots,Yes,No,51777864057447466860548221338467406353898259217434699923108460468382346151782,47292120699791773739839403653529233350300921905609503277357355165379639528255,718.160788,19224.2414,0.67,0.68,0.05,0.01,True,0.68,0.67,0.010000000000000009,4406.631200000001,5772.764400000001,199.40540000000001,0.33,0.32,0.010000000000000009,98.2146,245.3368,2073.7088,No,0.333818,0.298177,0.373446,0.33,0.32,0.01,0.011055,-0.007237,-0.082878,0.12,0.132,245.34,,,,,,,PASS,0
fifwc-esp-arg-2026-07-19,fifwc-esp-arg-2026-07-19-player-props,Spain vs. Argentina - Player Props,2944504,soccer_player_shots,Alexis Mac Allister: 2+ shots,Alexis Mac Allister: 2+ shots,Yes,No,8750317304506344291651137625151145971880587184207090581386478923987246347981,24713558464345215336484835804237825950715349056645154766426526889284001079655,2827.199404,33620.7665,0.33,0.34,0.05,0.01,True,0.34,0.33,0.010000000000000009,86.156,433.6285,134.5014,0.67,0.66,0.010000000000000009,273.0786,2028.3933000000002,167.244,No,0.70007,0.656277,0.740892,0.67,0.66,0.01,0.011055,0.019015,-0.064778,0.12,0.483,2028.39,,,,,,,WATCH,0
fifwc-esp-arg-2026-07-19,fifwc-esp-arg-2026-07-19-player-props,Spain vs. Argentina - Player Props,2944507,soccer_player_shots,Alexis Mac Allister: 3+ shots,Alexis Mac Allister: 3+ shots,Yes,No,33621385135008282271693194721797692183797524928981283023372033969673662644725,39430340580882933005815949865180753996106109632957561061507665019134075207931,3195.559998000001,27774.5579,0.11,0.12,0.05,0.01,True,0.12,0.11,0.009999999999999995,96.5952,144.5093,27.181,0.89,0.88,0.010000000000000009,219.919,1011.9960000000001,708.3648000000001,No,0.900988,0.873949,0.922057,0.89,0.88,0.01,0.004895,0.006093,-0.060946,0.12,0.703,1012.0,,,,,,,PASS,0
fifwc-esp-arg-2026-07-19,fifwc-esp-arg-2026-07-19-player-props,Spain vs. Argentina - Player Props,2944509,soccer_player_shots,Alexis Mac Allister: 4+ shots,Alexis Mac Allister: 4+ shots,Yes,No,7373925545816612309810071538265212238735645875553925140608248513179967208882,57377145474622841326052730675495309061381492279847508961406927655126538838214,848.728784,22107.97135,0.033,0.037,0.05,0.001,True,0.037,0.033,0.003999999999999997,22.616619999999998,61.0455,16.68843,0.967,0.963,0.0040000000000000036,489.02156999999994,1065.6770399999998,588.64338,No,0.974467,0.963282,0.981731,0.967,0.963,0.004,0.001596,0.005872,-0.045313,0.12,0.795,1065.68,,,,,,,PASS,0
fifwc-esp-arg-2026-07-19,fifwc-esp-arg-2026-07-19-player-props,Spain vs. Argentina - Player Props,2944510,soccer_player_shots,Aymeric Laporte: 1+ shots,Aymeric Laporte: 1+ shots,Yes,No,48412395632583554047749558822581258793076762038967727122316076544266950310620,78886779090448860783806787773122221843342929251718691129993557856658544669346,187.52878399999997,10906.2086,0.16,0.32,0.05,0.01,True,0.32,0.16,0.16,1.92,5.2700000000000005,4.6495999999999995,0.84,0.68,0.15999999999999992,24.4104,236.9104,4.08,Yes,0.276911,0.253,0.300927,0.32,0.16,0.16,0.01088,-0.053969,-0.11788,0.12,0.088,5.27,,,,,,,PASS,0
fifwc-esp-arg-2026-07-19,fifwc-esp-arg-2026-07-19-player-props,Spain vs. Argentina - Player Props,2944511,soccer_player_shots,Aymeric Laporte: 2+ shots,Aymeric Laporte: 2+ shots,Yes,No,86719110869233082481596568389430898649326971578832058958804634173792262790805,37333212139711199798387529749541533834955004705685167121717820774488609313800,30.475272,11135.5493,0.04,0.13,0.05,0.01,True,0.13,0.04,0.09,0.3692,1.0692,2.0,0.96,0.87,0.08999999999999997,48.0,92.0706,2.4707999999999997,No,0.957531,0.9488,0.964824,0.96,0.87,0.09,0.00192,-0.004389,-0.05312,0.12,0.78,92.07,,,,,,,PASS,0
fifwc-esp-arg-2026-07-19,fifwc-esp-arg-2026-07-19-player-props,Spain vs. Argentina - Player Props,2944512,soccer_player_shots,Cristian Romero: 1+ shots,Cristian Romero: 1+ shots,Yes,No,73478625351781859351164425016436705689474702907362251247351988382263233393109,61500964880911483398471452140315631001937929495995209653210952414175961024063,58.955,11009.4446,0.14,0.37,0.05,0.01,True,0.34,0.14,0.2,7.619400000000001,51.7547,2.1,0.84,0.65,0.18999999999999995,5.5272,5.5272,21.697000000000003,Yes,0.253008,0.230551,0.27641,0.34,0.14,0.2,0.01122,-0.098212,-0.160669,0.12,0.067,51.75,,,,,,,PASS,0
fifwc-esp-arg-2026-07-19,fifwc-esp-arg-2026-07-19-player-props,Spain vs. Argentina - Player Props,2944513,soccer_player_shots,Cristian Romero: 2+ shots,Cristian Romero: 2+ shots,Yes,No,51662073851317422629013460750277560382893517820637531454898942533579714755172,20017035937882057403181681815410908152938261163648317017937552858747889441230,24.48,11273.34196,0.07,0.129,0.05,0.001,True,0.117,0.07,0.047,2.86416,8.88723,4.2,0.93,0.876,0.05400000000000005,55.800000000000004,55.800000000000004,26.5428,No,0.96489,0.95721,0.97105,0.93,0.876,0.054,0.003255,0.031635,-0.016045,0.12,0.788,55.8,,,,,,,WATCH,0
fifwc-esp-arg-2026-07-19,fifwc-esp-arg-2026-07-19-player-props,Spain vs. Argentina - Player Props,2944514,soccer_player_shots,Cucurella: 1+ shots,Cucurella: 1+ shots,Yes,No,41795760787074880212649444769108151768371482549184356514588387356817835245500,57087141744260273179443001292902928067046368949168638944521030523701165171464,1262.2724689999995,29107.6013,0.35,0.36,0.05,0.01,True,0.36,0.35,0.010000000000000009,49.2084,609.4499999999999,287.96599999999995,0.65,0.64,0.010000000000000009,534.794,534.794,87.4816,,,,,,,,,,,,,,,,,,,,UNSUPPORTED_OR_LINEUP_FILTER,0
fifwc-esp-arg-2026-07-19,fifwc-esp-arg-2026-07-19-player-props,Spain vs. Argentina - Player Props,2944515,soccer_player_shots,Cucurella: 2+ shots,Cucurella: 2+ shots,Yes,No,58357973430141462325843774141894182362273279764701860081535058575933803387229,31575062881702009420776011973728957891056574717080332354084209508883632399705,1244.161542,21121.1712,0.13,0.15,0.05,0.01,True,0.15,0.13,0.01999999999999999,4.767,5.710500000000001,13.1716,0.87,0.85,0.020000000000000018,88.1484,249.7629,27.013,,,,,,,,,,,,,,,,,,,,UNSUPPORTED_OR_LINEUP_FILTER,0
fifwc-esp-arg-2026-07-19,fifwc-esp-arg-2026-07-19-player-props,Spain vs. Argentina - Player Props,2944516,soccer_player_shots,Dani Olmo: 1+ shots,Dani Olmo: 1+ shots,Yes,No,95808884817098999231540084893292267502409924240834673648164286996688293587884,21846400131977339565002211257743213395403762454512008072812581151217348253668,644.2485669999999,20757.5371,0.73,0.75,0.05,0.01,True,0.75,0.73,0.020000000000000018,641.7975,7777.184300000001,5.0005,0.27,0.25,0.020000000000000018,1.8495,1602.2007,213.9325,No,0.30597,0.272459,0.344884,0.27,0.25,0.02,0.009855,0.026115,-0.047396,0.12,0.107,1602.2,,,,,,,WATCH,0
fifwc-esp-arg-2026-07-19,fifwc-esp-arg-2026-07-19-player-props,Spain vs. Argentina - Player Props,2944517,soccer_player_shots,Dani Olmo: 2+ shots,Dani Olmo: 2+ shots,Yes,No,94205858698088987472974418863131769491353531040310582295436435633816325423464,33100392023975044812496093541974798005451889561376910348955204266430675213165,2897.690601,32592.0036,0.45,0.48,0.05,0.01,True,0.48,0.45,0.02999999999999997,1532.9904,1532.9904,29.1375,0.56,0.52,0.040000000000000036,145.04000000000002,1089.1399999999999,1681.3264000000001,No,0.668321,0.624016,0.711605,0.56,0.52,0.04,0.01232,0.096001,0.011696,0.12,0.451,1089.14,,,,,,,WATCH,0
fifwc-esp-arg-2026-07-19,fifwc-esp-arg-2026-07-19-player-props,Spain vs. Argentina - Player Props,2944518,soccer_player_shots,Dani Olmo: 3+ shots,Dani Olmo: 3+ shots,Yes,No,96235987478386908658745180411485704962580613586223679675775866159095367016488,90159760087979215664156532257375062695903813829168135273901656525508586248010,22.204544,17922.0192,0.04,0.2,0.05,0.01,True,0.2,0.04,0.16,1.2000000000000002,3.3500000000000005,0.31320000000000003,0.96,0.8,0.15999999999999992,7.5168,900.5374999999999,4.800000000000001,No,0.882881,0.853458,0.907002,0.96,0.8,0.16,0.00192,-0.079039,-0.148462,0.12,0.682,900.54,,,,,,,PASS,0
fifwc-esp-arg-2026-07-19,fifwc-esp-arg-2026-07-19-player-props,Spain vs. Argentina - Player Props,2944519,soccer_player_shots,Dani Olmo: 4+ shots,Dani Olmo: 4+ shots,Yes,No,47948642764115875161925630248854288723930082915363629796421240423572592289830,90117352010298560071853132897536033893212117664895257793637997627460573386847,110.85714,20877.1666,0.04,0.07,0.05,0.01,True,0.07,0.04,0.030000000000000006,38.4741,58.1709,29.2008,0.96,0.93,0.029999999999999916,700.8191999999999,899.9690999999999,511.15590000000003,No,0.96758,0.954492,0.976559,0.96,0.93,0.03,0.00192,0.00566,-0.047428,0.12,0.786,899.97,,,,,,,PASS,0
fifwc-esp-arg-2026-07-19,fifwc-esp-arg-2026-07-19-player-props,Spain vs. Argentina - Player Props,2944520,soccer_player_shots,Dani Olmo: 5+ shots,Dani Olmo: 5+ shots,Yes,No,10589269042707926589330705182858558464792288025699605047197722029235358908263,5732096201660329165413971956062876317329145976440268244051011738423487679276,0,20536.26535,0.01,0.04,0.05,0.001,True,0.04,0.01,0.03,3.0,29.77528,8.1,0.99,0.96,0.030000000000000027,801.9,1315.885,72.0,No,0.992656,0.98827,0.995168,0.99,0.96,0.03,0.000495,0.002161,-0.042225,0.12,0.82,1315.88,,,,,,,PASS,0
fifwc-esp-arg-2026-07-19,fifwc-esp-arg-2026-07-19-player-props,Spain vs. Argentina - Player Props,2944522,soccer_player_shots,Enzo Fernández: 1+ shots,Enzo Fernández: 1+ shots,Yes,No,44858914148289732177814185279567636776689731411700411050207497791331986869942,84855152430975364179540368558832642447315287891284338904622918182090621742659,1545.173153,30480.885,0.72,0.74,0.05,0.01,True,0.74,0.72,0.020000000000000018,89.67320000000001,7144.2107,4386.3552,0.28,0.26,0.020000000000000018,1705.8048000000001,1972.0712,31.506800000000002,No,0.333957,0.298312,0.373585,0.28,0.26,0.02,0.01008,0.043877,-0.031768,0.12,0.132,1972.07,,,,,,,WATCH,0
fifwc-esp-arg-2026-07-19,fifwc-esp-arg-2026-07-19-player-props,Spain vs. Argentina - Player Props,2944524,soccer_player_shots,Enzo Fernández: 2+ shots,Enzo Fernández: 2+ shots,Yes,No,102568892395840691447065979628798226142519201859575324368396732360317084920603,59666429510756773390638526284382074130205092667138804309991208400336127349034,9189.781992999997,67776.5038,0.37,0.4,0.05,0.01,True,0.4,0.37,0.030000000000000027,87.2,3074.7697999999996,290.5203,0.63,0.6,0.030000000000000027,494.66970000000003,1752.7625000000003,130.79999999999998,No,0.700221,0.656442,0.741029,0.63,0.6,0.03,0.011655,0.058566,-0.025213,0.12,0.483,1752.76,,,,,,,WATCH,0
fifwc-esp-arg-2026-07-19,fifwc-esp-arg-2026-07-19-player-props,Spain vs. Argentina - Player Props,2944526,soccer_player_shots,Enzo Fernández: 3+ shots,Enzo Fernández: 3+ shots,Yes,No,72535815407996530701887957658758193003254960687906507693600882057054869504713,108275143307929821838687714581539411087182212583649018997023565282387117473597,4245.205757000001,36145.4583,0.18,0.19,0.05,0.01,True,0.19,0.18,0.010000000000000009,167.8517,1910.9342000000001,92.02499999999999,0.82,0.81,0.009999999999999898,419.22499999999997,2134.398,715.5783,No,0.901071,0.87405,0.922125,0.82,0.81,0.01,0.00738,0.073691,0.00667,0.12,0.703,2134.4,,,,,,,WATCH,0
fifwc-esp-arg-2026-07-19,fifwc-esp-arg-2026-07-19-player-props,Spain vs. Argentina - Player Props,2944528,soccer_player_shots,Enzo Fernández: 4+ shots,Enzo Fernández: 4+ shots,Yes,No,62472293074831875944410348421797320346809141208034468792486287205349318566923,105018905785643460777027593689887293852685969419095120726498553337946377339213,1812.9973930000003,21687.84236,0.048,0.072,0.05,0.001,True,0.072,0.048,0.023999999999999994,30.6972,74.25086999999999,1.3944,0.952,0.928,0.02399999999999991,27.6556,277.83439,395.6528,No,0.974498,0.963324,0.981753,0.952,0.928,0.024,0.002285,0.020213,-0.030961,0.12,0.795,277.83,,,,,,,WATCH,0
fifwc-esp-arg-2026-07-19,fifwc-esp-arg-2026-07-19-player-props,Spain vs. Argentina - Player Props,2944531,soccer_player_shots,Julián Álvarez: 1+ shots,Julián Álvarez: 1+ shots,Yes,No,107239564939655585678574218589373428885494326770902933641118007462963220604524,111435219878515918625214749026301400141250088734485115075744232911835859488004,2580.284896,27035.485,0.71,0.79,0.05,0.01,True,0.79,0.74,0.050000000000000044,38.8048,6598.5248,11.1,0.26,0.21,0.05000000000000002,3.9000000000000004,3.9000000000000004,10.315199999999999,No,0.26162,0.22846,0.300147,0.26,0.21,0.05,0.00962,-0.008,-0.08116,0.12,0.065,3.9,,,,,,,PASS,0
fifwc-esp-arg-2026-07-19,fifwc-esp-arg-2026-07-19-player-props,Spain vs. Argentina - Player Props,2944534,soccer_player_shots,Julián Álvarez: 2+ shots,Julián Álvarez: 2+ shots,Yes,No,50008732638624240712460539000449374206610245870715376278696161794552357419666,81201839768524965031020190436238242377897554369605669092298237016429966200218,6320.749307,68069.9108,0.47,0.48,0.05,0.01,True,0.48,0.47,0.010000000000000009,138.34560000000002,579.0777,145.43679999999998,0.53,0.52,0.010000000000000009,164.00320000000002,1358.0367,149.8744,No,0.612416,0.56269,0.660898,0.53,0.52,0.01,0.012455,0.069961,-0.019765,0.12,0.39,1358.04,,,,,,,WATCH,0
fifwc-esp-arg-2026-07-19,fifwc-esp-arg-2026-07-19-player-props,Spain vs. Argentina - Player Props,2944535,soccer_player_shots,Julián Álvarez: 3+ shots,Julián Álvarez: 3+ shots,Yes,No,45274184393377809497847687937950648208059154989104663507356614518266027340775,108329121007535624326460518069151606939089070606432890819304689442685962055011,68.059124,20377.9908,0.31,0.33,0.05,0.01,True,0.33,0.31,0.020000000000000018,8.91,71.18,2.1948,0.69,0.67,0.019999999999999907,4.885199999999999,102.5325,18.09,No,0.847601,0.81013,0.878167,0.69,0.67,0.02,0.010695,0.146906,0.069435,0.12,0.638,102.53,,,,,,,WATCH,0
fifwc-esp-arg-2026-07-19,fifwc-esp-arg-2026-07-19-player-props,Spain vs. Argentina - Player Props,2944538,soccer_player_shots,Julián Álvarez: 4+ shots,Julián Álvarez: 4+ shots,Yes,No,51868218293418375484152883453720179187846580150381826551978565275691298516799,15128045518788903530367580593558438733485020470089287183837455226730203187185,456.27761499999997,21093.7587,0.05,0.07,0.05,0.01,True,0.07,0.05,0.020000000000000004,9.674700000000001,37.3707,105.7,0.95,0.93,0.019999999999999907,2008.3,2563.0504,128.5353,No,0.952718,0.9338,0.965591,0.95,0.93,0.02,0.002375,0.000343,-0.058575,0.12,0.764,2563.05,,,,,,,PASS,0
fifwc-esp-arg-2026-07-19,fifwc-esp-arg-2026-07-19-player-props,Spain vs. Argentina - Player Props,2944540,soccer_player_shots,Julián Álvarez: 5+ shots,Julián Álvarez: 5+ shots,Yes,No,50733061479532853171759717652055004834333449339121954303237625303145478392826,85127626271347130384343124385589276785663511010714098037904278527588563779404,402.040815,21100.43763,0.021,0.048,0.05,0.001,True,0.048,0.021,0.027,0.72,30.12958,12.17979,0.979,0.952,0.027000000000000024,567.81021,862.51731,14.28,No,0.987955,0.980756,0.992028,0.979,0.952,0.027,0.001028,0.007927,-0.039272,0.12,0.813,862.52,,,,,,,PASS,0
fifwc-esp-arg-2026-07-19,fifwc-esp-arg-2026-07-19-player-props,Spain vs. Argentina - Player Props,2944542,soccer_player_shots,Lamine Yamal: 1+ shots,Lamine Yamal: 1+ shots,Yes,No,82062284142200234238970543106796784837752813701997349236330301459428730339906,115700246543581100390272493232987194601988428874375823465610743702721487601931,3717.3456089999995,24589.6316,0.86,0.88,0.05,0.01,True,0.88,0.86,0.020000000000000018,1212.0328,19239.3553,1080.461,0.14,0.12,0.020000000000000018,175.889,285.75100000000003,165.2772,Yes,0.882311,0.853628,0.903205,0.88,0.86,0.02,0.00528,-0.002969,-0.071652,0.12,0.682,19239.36,,,,,,,PASS,0
fifwc-esp-arg-2026-07-19,fifwc-esp-arg-2026-07-19-player-props,Spain vs. Argentina - Player Props,2944544,soccer_player_shots,Lamine Yamal: 2+ shots,Lamine Yamal: 2+ shots,Yes,No,65727982206155695104541784008214968221733557894696568949338326316512111889041,61471074700721433482418507903417250579199127155162690003336508507822570869325,6100.402252999999,64254.9527,0.7,0.71,0.05,0.01,True,0.71,0.7,0.010000000000000009,197.3019,7025.398699999999,1963.4789999999998,0.3,0.29,0.010000000000000009,841.4909999999999,3621.6386999999995,80.5881,No,0.369509,0.319847,0.427049,0.3,0.29,0.01,0.0105,0.059009,-0.030653,0.12,0.153,3621.64,,,,,,,WATCH,0
fifwc-esp-arg-2026-07-19,fifwc-esp-arg-2026-07-19-player-props,Spain vs. Argentina - Player Props,2944546,soccer_player_shots,Lamine Yamal: 3+ shots,Lamine Yamal: 3+ shots,Yes,No,355848982045107683455478321778595514658610469403648187261672868768019385416,42448875974763585184682862581636712932464689024665274674808526230245161428719,9169.578512000002,78678.5718,0.46,0.47,0.05,0.01,True,0.48,0.46,0.019999999999999962,481.4208,1236.177,6748.5082,0.54,0.52,0.020000000000000018,7922.161800000001,15015.862700000001,521.5392,No,0.63892,0.579625,0.696753,0.54,0.52,0.02,0.01242,0.0865,-0.012795,0.12,0.407,15015.86,,,,,,,WATCH,0
fifwc-esp-arg-2026-07-19,fifwc-esp-arg-2026-07-19-player-props,Spain vs. Argentina - Player Props,2944549,soccer_player_shots,Lamine Yamal: 4+ shots,Lamine Yamal: 4+ shots,Yes,No,67646614309326760880302930021620669800090499854231387911693856775138184370108,46122882976577334182538218398843187440687142499127539671648641354682976386663,366.584128,20813.913,0.32,0.35,0.05,0.01,True,0.35,0.32,0.02999999999999997,2.2329999999999997,73.5646,17.8528,0.68,0.65,0.030000000000000027,43.717200000000005,667.4859999999999,4.147,No,0.831074,0.783657,0.869903,0.68,0.65,0.03,0.01088,0.140194,0.052777,0.12,0.611,667.49,,,,,,,WATCH,0
fifwc-esp-arg-2026-07-19,fifwc-esp-arg-2026-07-19-player-props,Spain vs. Argentina - Player Props,2944550,soccer_player_shots,Lamine Yamal: 5+ shots,Lamine Yamal: 5+ shots,Yes,No,115433235443798756710905685812424935003021846664355977925213493917068996005160,16595796226726418084970119715800780972502531886455742354656923170449487083868,341.281201,20425.029,0.1,0.14,0.05,0.01,True,0.14,0.11,0.030000000000000013,1.4896000000000003,1.4896000000000003,36.762,0.88,0.86,0.020000000000000018,13.2,310.638,3.0014000000000003,No,0.933863,0.905292,0.953453,0.88,0.86,0.02,0.00528,0.048583,-0.019988,0.12,0.735,310.64,,,,,,,WATCH,0
fifwc-esp-arg-2026-07-19,fifwc-esp-arg-2026-07-19-player-props,Spain vs. Argentina - Player Props,2944551,soccer_player_shots,Leandro Paredes: 1+ shots,Leandro Paredes: 1+ shots,Yes,No,51774110079449467511688540058549531321432295681621916942723527811505879730844,44221209631411177039937886596643852117981120492710609573019730092979692517433,1143.5016890000002,18560.3653,0.46,0.52,0.05,0.01,True,0.52,0.46,0.06,13.728,31.868000000000002,9.613999999999999,0.54,0.48,0.06000000000000005,11.286,17.3965,12.671999999999999,Yes,0.496803,0.460331,0.532148,0.52,0.46,0.06,0.01248,-0.035677,-0.112149,0.12,0.29,31.87,,,,,,,PASS,0
fifwc-esp-arg-2026-07-19,fifwc-esp-arg-2026-07-19-player-props,Spain vs. Argentina - Player Props,2944552,soccer_player_shots,Leandro Paredes: 2+ shots,Leandro Paredes: 2+ shots,Yes,No,16142625153485801067679425536861308531919192009477139005827748358706625471102,5378013439608982879677251232944213688286679774658713513800405619495307149345,64.8125,10559.4667,0.08,0.17,0.05,0.01,True,0.18,0.08,0.09999999999999999,9.0,9.95,2.36,0.92,0.82,0.10000000000000009,27.14,89.2574,41.0,Yes,0.151221,0.127685,0.178468,0.18,0.08,0.1,0.00738,-0.036159,-0.099695,0.12,0.0,9.95,,,,,,,PASS,0
fifwc-esp-arg-2026-07-19,fifwc-esp-arg-2026-07-19-player-props,Spain vs. Argentina - Player Props,2944553,soccer_player_shots,Leandro Paredes: 3+ shots,Leandro Paredes: 3+ shots,Yes,No,41560690515875511793439077026734164782586059162320477968347621615165369401423,47224332893011836694946511511960353508063676049112271049992571488505883565296,484,18303.50684,0.019,0.02,0.05,0.001,True,0.028,0.02,0.008,10.43728,30.00728,8.4694,0.981,0.98,0.0010000000000000009,391.12469999999996,867.8452,335.55199999999996,Yes,0.032552,0.024943,0.043107,0.028,0.02,0.008,0.001361,0.003191,-0.044418,0.12,0.0,30.01,,,,,,,PASS,0
fifwc-esp-arg-2026-07-19,fifwc-esp-arg-2026-07-19-player-props,Spain vs. Argentina - Player Props,2944554,soccer_player_shots,Lionel Messi: 1+ shots,Lionel Messi: 1+ shots,Yes,No,59336767801417567399047164368932342264377601956276017374447586908021937934921,82439751191230528122472148484123495093159825645988775433196246418690648249732,29982.160469,79038.5111,0.91,0.93,0.05,0.01,True,0.93,0.91,0.020000000000000018,1545.7344,2423.5314,4411.698200000001,0.09,0.07,0.01999999999999999,436.3218,733.2226,116.3456,Yes,0.938417,0.91777,0.952179,0.93,0.91,0.02,0.003255,0.005162,-0.055485,0.12,0.748,2423.53,,,,,,,PASS,0
fifwc-esp-arg-2026-07-19,fifwc-esp-arg-2026-07-19-player-props,Spain vs. Argentina - Player Props,2944555,soccer_player_shots,Lionel Messi: 2+ shots,Lionel Messi: 2+ shots,Yes,No,111927641461032008775248486634328084196382867454452631546699453017561659285771,28331821888346279879556154535252722192716889750307336008887342078178868166985,6103.828729000001,55584.7865,0.86,0.9,0.05,0.01,True,0.86,0.85,0.010000000000000009,159.7106,236.4466,4.25,0.15,0.14,0.009999999999999981,0.75,37.8668,18.200000000000003,No,0.233238,0.190681,0.287095,0.15,0.14,0.01,0.006375,0.076863,-0.005694,0.12,0.029,37.87,,,,,,,WATCH,0
fifwc-esp-arg-2026-07-19,fifwc-esp-arg-2026-07-19-player-props,Spain vs. Argentina - Player Props,2944556,soccer_player_shots,Lionel Messi: 3+ shots,Lionel Messi: 3+ shots,Yes,No,15093703015426976209236306413394207170210129289842398183903524800537664396532,53868059366140674181460329985940983860930842520974281598176141918488476311408,4502.813572000002,36088.7325,0.53,0.54,0.05,0.01,True,0.54,0.53,0.010000000000000009,737.6778,1804.1086,1705.3174000000001,0.47,0.46,0.009999999999999953,1510.956,3551.0582,629.6709999999999,No,0.47247,0.406344,0.542862,0.47,0.46,0.01,0.012455,-0.009985,-0.116111,0.12,0.237,3551.06,,,,,,,PASS,0
fifwc-esp-arg-2026-07-19,fifwc-esp-arg-2026-07-19-player-props,Spain vs. Argentina - Player Props,2944557,soccer_player_shots,Lionel Messi: 4+ shots,Lionel Messi: 4+ shots,Yes,No,70906718550044970713830852134837985502787110992614372550411665886490048248046,104758676478696527659109273089371767314628387887092268226266613329336418666452,2501.08796,33416.1448,0.36,0.37,0.05,0.01,True,0.37,0.36,0.010000000000000009,148.3885,375.6402,817.1568,0.64,0.63,0.010000000000000009,1452.7232000000001,2345.7502000000004,252.66150000000002,No,0.694747,0.625905,0.756209,0.64,0.63,0.01,0.01152,0.043227,-0.065615,0.12,0.453,2345.75,,,,,,,WATCH,0
fifwc-esp-arg-2026-07-19,fifwc-esp-arg-2026-07-19-player-props,Spain vs. Argentina - Player Props,2944558,soccer_player_shots,Lionel Messi: 5+ shots,Lionel Messi: 5+ shots,Yes,No,60954005810515618452218555917027222084502544557275104484920389514476917783283,19341307150377076907215793448857584164352103981559094694755464710403351025416,767.4344530000001,20680.4743,0.18,0.3,0.05,0.01,True,0.3,0.18,0.12,56.897999999999996,1848.7176,3.5999999999999996,0.82,0.7,0.12,16.4,133.9675,132.762,No,0.849638,0.795619,0.889967,0.82,0.7,0.12,0.00738,0.022258,-0.071761,0.12,0.623,133.97,,,,,,,WATCH,0
fifwc-esp-arg-2026-07-19,fifwc-esp-arg-2026-07-19-player-props,Spain vs. Argentina - Player Props,2944559,soccer_player_shots,Lisandro Martínez: 1+ shots,Lisandro Martínez: 1+ shots,Yes,No,52827948690653815410532405605673691918863435707425064592928097748476147310130,36635795454532572811681796565087017624108568859299690890379296667384573746179,130.909093,11477.1503,0.23,0.33,0.05,0.01,True,0.32,0.25,0.07,16.0,20.125,3.75,0.75,0.68,0.06999999999999995,17.1,36.8296,34.0,Yes,0.301376,0.275449,0.328061,0.32,0.25,0.07,0.01088,-0.029504,-0.095431,0.12,0.11,20.12,,,,,,,PASS,0
fifwc-esp-arg-2026-07-19,fifwc-esp-arg-2026-07-19-player-props,Spain vs. Argentina - Player Props,2944560,soccer_player_shots,Lisandro Martínez: 2+ shots,Lisandro Martínez: 2+ shots,Yes,No,31906277095169289446879323601973509348973751180723486618106079943398863315135,32448865936260581328557661469711196294191283493030777981578975951348457587279,398.36306,11249.2248,0.05,0.13,0.05,0.01,True,0.13,0.05,0.08,2.0215,5.205400000000001,1.8420000000000003,0.95,0.87,0.07999999999999996,34.998000000000005,557.5607,13.528500000000001,No,0.94918,0.938418,0.957923,0.95,0.87,0.08,0.002375,-0.003195,-0.053957,0.12,0.769,557.56,,,,,,,PASS,0
fifwc-esp-arg-2026-07-19,fifwc-esp-arg-2026-07-19-player-props,Spain vs. Argentina - Player Props,2944561,soccer_player_shots,Mikel Oyarzabal: 1+ shots,Mikel Oyarzabal: 1+ shots,Yes,No,113755209177938289266002602536914457602972311481141743627485638223255905437144,1861464109720046190272904187723471033870645300586699617751882868601148541349,1948.2845229999998,31567.4968,0.85,0.87,0.05,0.01,True,0.87,0.85,0.020000000000000018,1047.4104,15523.4104,10.0555,0.15,0.13,0.01999999999999999,1.7745,1.7745,156.5096,No,0.148987,0.124825,0.180826,0.15,0.13,0.02,0.006375,-0.007388,-0.07155,0.12,0.0,1.77,,,,,,,PASS,0
fifwc-esp-arg-2026-07-19,fifwc-esp-arg-2026-07-19-player-props,Spain vs. Argentina - Player Props,2944562,soccer_player_shots,Mikel Oyarzabal: 2+ shots,Mikel Oyarzabal: 2+ shots,Yes,No,32223711412178943982030270626638448026800585557629655786009796320888088635092,18272719033348269041951737255367584810163045833656455385794678970612616707994,5171.749282,64375.7655,0.62,0.63,0.05,0.01,True,0.63,0.62,0.010000000000000009,126.0,220.87400000000002,214.89200000000002,0.38,0.37,0.010000000000000009,131.708,650.412,74.0,No,0.432642,0.381478,0.489499,0.38,0.37,0.01,0.01178,0.040862,-0.050302,0.12,0.213,650.41,,,,,,,WATCH,0
fifwc-esp-arg-2026-07-19,fifwc-esp-arg-2026-07-19-player-props,Spain vs. Argentina - Player Props,2944563,soccer_player_shots,Mikel Oyarzabal: 3+ shots,Mikel Oyarzabal: 3+ shots,Yes,No,52892716291534459202389233086597682506447031944672266818885940447870612041553,115615705075282812267903839699273684369142271446297698174594353050931484142416,184.77545300000003,18939.0245,0.34,0.4,0.05,0.01,True,0.4,0.34,0.06,20.0,22.9643,2.5092000000000003,0.66,0.6,0.06000000000000005,4.8708,82.497,30.0,No,0.702668,0.648245,0.753538,0.66,0.6,0.06,0.01122,0.031448,-0.062975,0.12,0.475,82.5,,,,,,,WATCH,0
fifwc-esp-arg-2026-07-19,fifwc-esp-arg-2026-07-19-player-props,Spain vs. Argentina - Player Props,2944564,soccer_player_shots,Mikel Oyarzabal: 4+ shots,Mikel Oyarzabal: 4+ shots,Yes,No,64033086737605859483642030128688856994561237471430143011254788004613227226576,30912201081074629694999466168323561345976444228100431458816227932848133005450,68.67857000000001,18147.7438,0.05,0.26,0.05,0.01,True,0.25,0.05,0.2,7.22,8.57,1.079,0.95,0.75,0.19999999999999996,20.500999999999998,343.7142,21.66,No,0.874035,0.835263,0.904438,0.95,0.75,0.2,0.002375,-0.07834,-0.157112,0.12,0.664,343.71,,,,,,,PASS,0
fifwc-esp-arg-2026-07-19,fifwc-esp-arg-2026-07-19-player-props,Spain vs. Argentina - Player Props,2944565,soccer_player_shots,Mikel Oyarzabal: 5+ shots,Mikel Oyarzabal: 5+ shots,Yes,No,17170857021003395581318358948693628175773218681598063158060010038923783195545,36169200006126114324400710196296190251370004315227474815168925607757436305174,108.63999999999999,18500.0644,0.01,0.14,0.05,0.01,True,0.13,0.01,0.12000000000000001,6.5,8.25,3.0500000000000003,0.99,0.87,0.12,301.95,301.95,43.5,No,0.955601,0.934789,0.969256,0.99,0.87,0.12,0.000495,-0.034894,-0.095706,0.12,0.765,301.95,,,,,,,PASS,0
fifwc-esp-arg-2026-07-19,fifwc-esp-arg-2026-07-19-player-props,Spain vs. Argentina - Player Props,2944566,soccer_player_shots,Nahuel Molina: 1+ shots,Nahuel Molina: 1+ shots,Yes,No,79013524926916341722086049550529261395890570583506826397722797384724157592341,10845415448482373441806744789593779190541111591370822084826357304928975099393,132.488402,12600.4271,0.24,0.27,0.05,0.01,True,0.27,0.24,0.030000000000000027,40.5,99.66,9.972,0.76,0.73,0.030000000000000027,31.578,491.41799999999995,109.5,No,0.842994,0.827294,0.857726,0.76,0.73,0.03,0.00912,0.073874,0.018174,0.12,0.656,491.42,,,,,,,WATCH,0
fifwc-esp-arg-2026-07-19,fifwc-esp-arg-2026-07-19-player-props,Spain vs. Argentina - Player Props,2944567,soccer_player_shots,Nahuel Molina: 2+ shots,Nahuel Molina: 2+ shots,Yes,No,44280849780577844931347767799304025853514319406517460879106755283405732456346,14503013777650358733567496558876389716796196951230316508369867354534566316446,0,10194.7845,0.04,0.18,0.05,0.01,True,0.17,0.04,0.13,2.5500000000000003,5.1625,3.0,0.96,0.83,0.13,72.0,251.6728,12.45,No,0.986973,0.983955,0.98934,0.96,0.83,0.13,0.00192,0.025053,-0.017965,0.12,0.816,251.67,,,,,,,WATCH,0
fifwc-esp-arg-2026-07-19,fifwc-esp-arg-2026-07-19-player-props,Spain vs. Argentina - Player Props,2944568,soccer_player_shots,Nicolás Tagliafico: 1+ shots,Nicolás Tagliafico: 1+ shots,Yes,No,7571047633018977959770701656501253505289040699179060641365072507601853870843,21405083323117419083012783130398787844316265137797441910204081275461505590924,156.999994,15461.3078,0.2,0.22,0.05,0.01,True,0.22,0.2,0.01999999999999999,80.795,198.0628,197.38400000000001,0.8,0.78,0.020000000000000018,789.5360000000001,2331.5978000000005,286.455,No,0.907864,0.898205,0.916804,0.8,0.78,0.02,0.008,0.099864,0.050205,0.12,0.728,2331.6,,,,,,,WATCH,0
fifwc-esp-arg-2026-07-19,fifwc-esp-arg-2026-07-19-player-props,Spain vs. Argentina - Player Props,2944569,soccer_player_shots,Nicolás Tagliafico: 2+ shots,Nicolás Tagliafico: 2+ shots,Yes,No,65645584995491834399482856460126585188957083496695308080815634718587032527413,23091373216246219201646219607952837442381309116933018144380356386362970625784,0,10616.5689,0.04,0.16,0.05,0.01,True,0.16,0.04,0.12,4.8,73.10000000000001,3.0,0.96,0.84,0.12,72.0,252.5984,25.2,No,0.995619,0.994567,0.996432,0.96,0.84,0.12,0.00192,0.033699,-0.007353,0.12,0.827,252.6,,,,,,,WATCH,0
fifwc-esp-arg-2026-07-19,fifwc-esp-arg-2026-07-19-player-props,Spain vs. Argentina - Player Props,2944570,soccer_player_shots,Pau Cubarsí: 1+ shots,Pau Cubarsí: 1+ shots,Yes,No,61240320012322255128960184810182596267610099384416716978187277536407794348213,63336586989971795860356042299968480933479239132185006561486346540116608339005,163.611265,20013.0212,0.26,0.28,0.05,0.01,True,0.28,0.26,0.020000000000000018,28.582400000000003,381.93,202.3684,0.74,0.72,0.020000000000000018,575.9716,1250.0416,73.49759999999999,No,0.772553,0.751966,0.792806,0.74,0.72,0.02,0.00962,0.022933,-0.037654,0.12,0.579,1250.04,,,,,,,WATCH,0
fifwc-esp-arg-2026-07-19,fifwc-esp-arg-2026-07-19-player-props,Spain vs. Argentina - Player Props,2944571,soccer_player_shots,Pau Cubarsí: 2+ shots,Pau Cubarsí: 2+ shots,Yes,No,105964722669468171553253017073772109157208203296383239981933636504476255432911,86044261015939999821565501253266004708111432930148205746673688381593412688368,31.114704,11493.4092,0.06,0.14,0.05,0.01,True,0.14,0.06,0.08000000000000002,2.8000000000000003,25.305000000000003,0.5112,0.94,0.86,0.07999999999999996,8.008799999999999,115.4153,4.3,No,0.971914,0.965954,0.976831,0.94,0.86,0.08,0.00282,0.029094,-0.016866,0.12,0.797,115.42,,,,,,,WATCH,0
fifwc-esp-arg-2026-07-19,fifwc-esp-arg-2026-07-19-player-props,Spain vs. Argentina - Player Props,2944572,soccer_player_shots,Pedri: 1+ shots,Pedri: 1+ shots,Yes,No,97579367069650846169430185343639478245107670547998618215273884617705048372489,60883728716817265288976075660276248118805207473454763974612684074059497638870,238.539063,14317.7491,0.27,0.29,0.05,0.01,True,0.29,0.27,0.019999999999999962,97.58789999999999,127.74659999999999,66.0501,0.73,0.71,0.020000000000000018,178.57989999999998,178.57989999999998,238.92209999999997,No,0.957192,0.953023,0.961209,0.73,0.71,0.02,0.009855,0.217337,0.173168,0.12,0.784,178.58,,,,,Projected appearance probability is only 32.0%; wait for the official XI.,,WATCH,0
fifwc-esp-arg-2026-07-19,fifwc-esp-arg-2026-07-19-player-props,Spain vs. Argentina - Player Props,2944573,soccer_player_shots,Pedri: 2+ shots,Pedri: 2+ shots,Yes,No,3714903046552129381900848838721431732203111903689295611140615896174338009377,54260025986292171787020730883832452133837385414607082368375532730998700767688,0,10381.5901,0.1,0.28,0.05,0.01,True,0.26,0.1,0.16,3.25,16.75,5.0,0.9,0.74,0.16000000000000003,45.0,45.0,9.25,No,0.997,0.996328,0.997543,0.9,0.74,0.16,0.0045,0.0925,0.051828,0.12,0.829,45.0,,,,,Projected appearance probability is only 32.0%; wait for the official XI.,,WATCH,0
fifwc-esp-arg-2026-07-19,fifwc-esp-arg-2026-07-19-player-props,Spain vs. Argentina - Player Props,2944574,soccer_player_shots,Pedri: 3+ shots,Pedri: 3+ shots,Yes,No,67043349119996898054920464264341465425963578575547375400462226524904368225186,88990835915022570843815373714188807912335910786916641677081142102455160258203,325.62,19036.51844,0.019,0.02,0.05,0.001,True,0.02,0.019,0.0010000000000000009,9.656,22.74145,8.071769999999999,0.981,0.98,0.0010000000000000009,416.75822999999997,908.91912,473.144,No,0.999858,0.999804,0.999895,0.981,0.98,0.001,0.000932,0.017926,-0.022128,0.12,0.832,908.92,,,,,Projected appearance probability is only 32.0%; wait for the official XI.,,WATCH,0
fifwc-esp-arg-2026-07-19,fifwc-esp-arg-2026-07-19-player-props,Spain vs. Argentina - Player Props,2944575,soccer_player_shots,Pedro Porro: 1+ shots,Pedro Porro: 1+ shots,Yes,No,94035080506264605128029932963364472305415520876193338981257025829463462922545,97957066533438815780674709588182663044548109103092724099589350318950778053174,1585.682089,28206.0861,0.61,0.63,0.05,0.01,True,0.63,0.61,0.020000000000000018,22.932,1538.2848000000001,151.8046,0.39,0.37,0.020000000000000018,97.0554,440.17940000000004,13.468,No,0.508594,0.47483,0.544408,0.39,0.37,0.02,0.011895,0.106699,0.032935,0.12,0.304,440.18,,,,,,,WATCH,0
fifwc-esp-arg-2026-07-19,fifwc-esp-arg-2026-07-19-player-props,Spain vs. Argentina - Player Props,2944576,soccer_player_shots,Pedro Porro: 2+ shots,Pedro Porro: 2+ shots,Yes,No,67727852280643656360580276414804184892828286887361826143716320017687142087902,99121613267034752948659843187584227997435775175106090675529447561434268070434,17.241378,12972.8804,0.09,0.28,0.05,0.01,True,0.29,0.09,0.19999999999999998,9.569999999999999,21.57,1.3499999999999999,0.91,0.72,0.19000000000000006,13.65,57.110800000000005,10.2384,No,0.852457,0.826906,0.875222,0.91,0.72,0.19,0.004095,-0.061638,-0.127189,0.12,0.655,57.11,,,,,,,PASS,0
fifwc-esp-arg-2026-07-19,fifwc-esp-arg-2026-07-19-player-props,Spain vs. Argentina - Player Props,2944577,soccer_player_shots,Pedro Porro: 3+ shots,Pedro Porro: 3+ shots,Yes,No,94745778842693290966796547909979275483818140115749515700716055103747705788521,81934409154251544798605121577560358530567377738428596962381546832010448898958,0,12693.13187,0.011,0.096,0.05,0.001,True,0.096,0.011,0.085,2.592,53.922000000000004,0.11187,0.989,0.904,0.08499999999999996,10.05813,832.89502,24.408,No,0.968701,0.958988,0.97595,0.989,0.904,0.085,0.000544,-0.020843,-0.070556,0.12,0.79,832.9,,,,,,,PASS,0
fifwc-esp-arg-2026-07-19,fifwc-esp-arg-2026-07-19-player-props,Spain vs. Argentina - Player Props,2944578,soccer_player_shots,Rodri: 1+ shots,Rodri: 1+ shots,Yes,No,79178310685904228193945931094103571678033952704833418612583892558703950217185,83321897461511969899236360440319519029058335219201265687790826126753397175536,778.207152,12208.2609,0.43,0.49,0.05,0.01,True,0.46,0.43,0.030000000000000027,23.0,27.7,9.6535,0.57,0.54,0.029999999999999916,12.796499999999998,63.8365,27.0,No,0.569045,0.537117,0.602236,0.57,0.54,0.03,0.012255,-0.01321,-0.085138,0.12,0.365,63.84,,,,,,,PASS,0
fifwc-esp-arg-2026-07-19,fifwc-esp-arg-2026-07-19-player-props,Spain vs. Argentina - Player Props,2944579,soccer_player_shots,Rodri: 2+ shots,Rodri: 2+ shots,Yes,No,7993398608949207324051985705131930142053838252986739110339670741246903258393,63139419604405147434326800585462882122682227803167117382602754671653577773026,5.172412,10401.4057,0.14,0.24,0.05,0.01,True,0.24,0.14,0.09999999999999998,3.0,3.0,3.5000000000000004,0.86,0.76,0.09999999999999998,21.5,21.5,9.5,No,0.88987,0.86971,0.907467,0.86,0.76,0.1,0.00602,0.02385,-0.03631,0.12,0.699,21.5,,,,,,,WATCH,0
fifwc-esp-arg-2026-07-19,fifwc-esp-arg-2026-07-19-player-props,Spain vs. Argentina - Player Props,2944580,soccer_player_shots,Rodri: 3+ shots,Rodri: 3+ shots,Yes,No,42871600930119994729818071072202093323254939198502263608005869182826183722665,56489192301138871635009085819402707772022015830409076843119249841908075014695,932.51375,14514.98013,0.022,0.048,0.05,0.001,True,0.048,0.022,0.026000000000000002,22.63248,66.72898,0.32999999999999996,0.978,0.952,0.026000000000000023,14.67,1136.46718,448.87751999999995,No,0.98031,0.973916,0.984984,0.978,0.952,0.026,0.001076,0.001234,-0.04516,0.12,0.806,1136.47,,,,,,,PASS,0
fifwc-esp-arg-2026-07-19,fifwc-esp-arg-2026-07-19-player-props,Spain vs. Argentina - Player Props,2944581,soccer_player_shots,Rodrigo de Paul: 1+ shots,Rodrigo de Paul: 1+ shots,Yes,No,76921078120922726347937874263316249968349728100105392810970111286792791371294,10708187319251713420739848543702413252042208674335205288459908096276805014297,89.517954,13792.9584,0.34,0.36,0.05,0.01,True,0.36,0.32,0.03999999999999998,43.199999999999996,173.92,12.8,0.68,0.63,0.050000000000000044,27.200000000000003,38.3297,31.5,No,0.783253,0.76421,0.801795,0.68,0.63,0.05,0.01088,0.092373,0.03333,0.12,0.592,38.33,,,,,Projected appearance probability is only 70.0%; wait for the official XI.,No verified 2026 World Cup player-minute sample is available; the generic role prior is not sufficient for a bet.,PLAYER_DATA_QUALITY_PASS,0
fifwc-esp-arg-2026-07-19,fifwc-esp-arg-2026-07-19-player-props,Spain vs. Argentina - Player Props,2944582,soccer_player_shots,Rodrigo de Paul: 2+ shots,Rodrigo de Paul: 2+ shots,Yes,No,55010843985504578017185231400948302537647523039732707079622658189946072854946,50461977973577091468487057744529231777918719154764778974882492661656547916304,0,10444.8944,0.04,0.22,0.05,0.01,True,0.2,0.04,0.16,2.5,13.0,3.0,0.96,0.8,0.15999999999999992,72.0,251.655,10.0,No,0.962318,0.954383,0.968777,0.96,0.8,0.16,0.00192,0.000398,-0.047537,0.12,0.785,251.66,,,,,Projected appearance probability is only 70.0%; wait for the official XI.,No verified 2026 World Cup player-minute sample is available; the generic role prior is not sufficient for a bet.,PASS,0
fifwc-esp-arg-2026-07-19,fifwc-esp-arg-2026-07-19-player-props,Spain vs. Argentina - Player Props,2944583,soccer_player_shots,Rodrigo de Paul: 3+ shots,Rodrigo de Paul: 3+ shots,Yes,No,32476406038388659798631568636456849750769415416470812759302655831564557657422,65787668992308998868015746109641056361986295116878573929402794844837747607946,685.827141,19298.83229,0.02,0.023,0.05,0.001,True,0.023,0.02,0.002999999999999999,10.475349999999999,29.78961,8.742,0.98,0.977,0.0030000000000000027,428.358,1625.51248,444.97465,No,0.995493,0.993832,0.99662,0.98,0.977,0.003,0.00098,0.014513,-0.027148,0.12,0.826,1625.51,,,,,Projected appearance probability is only 70.0%; wait for the official XI.,No verified 2026 World Cup player-minute sample is available; the generic role prior is not sufficient for a bet.,PLAYER_DATA_QUALITY_PASS,0
fifwc-esp-arg-2026-07-19,fifwc-esp-arg-2026-07-19-player-props,Spain vs. Argentina - Player Props,2944584,soccer_player_shots_on_target,Alex Baena: 1+ shots on target,Alex Baena: 1+ shots on target,Yes,No,67061788553801732620274121462107438143179911903474503887698236978398855260724,66258836346819474549008496993508901968658336356666444249731704724954870067145,36,11214.5101,0.4,0.42,0.05,0.01,True,0.42,0.4,0.019999999999999962,105.42,148.7925,86.0,0.6,0.58,0.020000000000000018,129.0,129.0,145.57999999999998,Yes,0.409766,0.377925,0.445877,0.42,0.4,0.02,0.01218,-0.022414,-0.094255,0.12,0.209,148.79,,,,,,,PASS,0
fifwc-esp-arg-2026-07-19,fifwc-esp-arg-2026-07-19-player-props,Spain vs. Argentina - Player Props,2944585,soccer_player_shots_on_target,Alex Baena: 2+ shots on target,Alex Baena: 2+ shots on target,Yes,No,105275943258267151287150684040212465046031257334635277283818828222541410089644,58842614780060476493652248827024244388946861371971023549275692087777435441808,0,1065.4999,0.01,0.22,0.05,0.01,True,0.22,0.01,0.21,11.0,116.5,0.1,0.99,0.77,0.21999999999999997,9.9,9.9,154.0,No,0.901427,0.879747,0.917186,0.99,0.77,0.22,0.000495,-0.089068,-0.150748,0.12,0.709,9.9,,,,,,,PASS,0
fifwc-esp-arg-2026-07-19,fifwc-esp-arg-2026-07-19-player-props,Spain vs. Argentina - Player Props,2944586,soccer_player_shots_on_target,Alex Baena: 3+ shots on target,Alex Baena: 3+ shots on target,Yes,No,12048597560856644914746447586143029072358424686464891596380525102629036306970,53828946979183376649041489366428207053842883153440041807880711771025537743248,0,2186.6418,0.02,0.08,0.05,0.01,True,0.08,0.02,0.06,24.0,24.0,0.5,0.98,0.92,0.05999999999999994,24.5,34.4,276.0,No,0.983463,0.976915,0.987371,0.98,0.92,0.06,0.00098,0.002483,-0.044065,0.12,0.809,34.4,,,,,,,PASS,0
fifwc-esp-arg-2026-07-19,fifwc-esp-arg-2026-07-19-player-props,Spain vs. Argentina - Player Props,2944587,soccer_player_shots_on_target,Alexis Mac Allister: 1+ shots on target,Alexis Mac Allister: 1+ shots on target,Yes,No,108607379768258415441026578595564915488893089689530990180025730631631159040651,12584442839904303104617265178290411465993770961310193648993244403775238487231,0,1784.1507,0.25,0.28,0.05,0.01,True,0.28,0.25,0.030000000000000027,48.126400000000004,90.9014,74.975,0.75,0.72,0.030000000000000027,224.92499999999998,612.449,171.0,Yes,0.347931,0.31885,0.381716,0.28,0.25,0.03,0.01008,0.057851,-0.01123,0.12,0.152,90.9,,,,,,,WATCH,0
fifwc-esp-arg-2026-07-19,fifwc-esp-arg-2026-07-19-player-props,Spain vs. Argentina - Player Props,2944588,soccer_player_shots_on_target,Alexis Mac Allister: 2+ shots on target,Alexis Mac Allister: 2+ shots on target,Yes,No,39429257896041938140785415382237833157117105299750837803291158590813744423492,49361240403656396103387636588422273067119240127927770768364857842865351639039,1033.228326,18.3018,,0.59,0.05,0.01,True,0.59,,,8.555,16.055,0,,0.41,,0,0,5.944999999999999,,0.069103,,,,,,,,,0.12,,,,,,,,,ONE_SIDED_OR_UNQUOTED_PASS,0
fifwc-esp-arg-2026-07-19,fifwc-esp-arg-2026-07-19-player-props,Spain vs. Argentina - Player Props,2944589,soccer_player_shots_on_target,Aymeric Laporte: 1+ shots on target,Aymeric Laporte: 1+ shots on target,Yes,No,111260225875925632490665126088833460912879799642877874763093843738903464361899,81198762691310277989668005119574051000138851111662221558551140875231719440838,0,1037.3599,0.01,0.25,0.05,0.01,True,0.25,0.01,0.24,12.5,131.5,0.1,0.99,0.74,0.25,9.9,9.9,148.0,No,0.91715,0.907358,0.925051,0.99,0.74,0.25,0.000495,-0.073345,-0.123137,0.12,0.737,9.9,,,,,,,PASS,0
fifwc-esp-arg-2026-07-19,fifwc-esp-arg-2026-07-19-player-props,Spain vs. Argentina - Player Props,2944590,soccer_player_shots_on_target,Cristian Romero: 1+ shots on target,Cristian Romero: 1+ shots on target,Yes,No,86266791988690510820453016106316023614817461494418063800007316435375200788236,44970018095165946783970681224381254108863644689010436833685874553031543290557,280.739125,1223.2741,0.01,0.21,0.05,0.01,True,0.21,0.01,0.19999999999999998,3.15,79.385,0.1,0.99,0.79,0.19999999999999996,9.9,9.9,11.850000000000001,No,0.914871,0.904508,0.923185,0.99,0.79,0.2,0.000495,-0.075624,-0.125987,0.12,0.734,9.9,,,,,,,PASS,0
fifwc-esp-arg-2026-07-19,fifwc-esp-arg-2026-07-19-player-props,Spain vs. Argentina - Player Props,2944591,soccer_player_shots_on_target,Cucurella: 1+ shots on target,Cucurella: 1+ shots on target,Yes,No,82012789225044321035367644321094548860546975475664846715330653505837915804623,115389521523544461346018443229650171643916971672246174122471107040397293287083,35.724135,118.7844,0.02,0.29,0.05,0.01,True,0.29,0.02,0.26999999999999996,47.6354,47.6354,0.5,0.98,0.71,0.27,24.5,34.4,116.62459999999999,,,,,,,,,,,,,,,,,,,,UNSUPPORTED_OR_LINEUP_FILTER,0
fifwc-esp-arg-2026-07-19,fifwc-esp-arg-2026-07-19-player-props,Spain vs. Argentina - Player Props,2944592,soccer_player_shots_on_target,Cucurella: 2+ shots on target,Cucurella: 2+ shots on target,Yes,No,112089035244387337379326581530163150715504817998521583146128214356811152476864,101361785317908942636954645616285053255060860479460949758242227027115435391284,0,2.1599,0.02,0.97,0.05,0.01,True,0.97,0.02,0.95,16.5191,95.37010000000001,0.5,0.98,0.03,0.95,24.5,34.4,0.5109,,,,,,,,,,,,,,,,,,,,UNSUPPORTED_OR_LINEUP_FILTER,0
fifwc-esp-arg-2026-07-19,fifwc-esp-arg-2026-07-19-player-props,Spain vs. Argentina - Player Props,2944593,soccer_player_shots_on_target,Dani Olmo: 1+ shots on target,Dani Olmo: 1+ shots on target,Yes,No,23768457568739938622701719104450065613133547485316123379331810229468239222219,5638639250546239097760988924434410223403781431071014213312947382586535938615,0,8663.0267,0.02,0.48,0.05,0.01,True,0.48,0.02,0.45999999999999996,48.0,1021.9427000000001,0.5,0.98,0.52,0.45999999999999996,24.5,34.4,52.0,Yes,0.332118,0.304742,0.363944,0.48,0.02,0.46,0.01248,-0.160362,-0.227738,0.12,0.138,1021.94,,,,,,,PASS,0
fifwc-esp-arg-2026-07-19,fifwc-esp-arg-2026-07-19-player-props,Spain vs. Argentina - Player Props,2944594,soccer_player_shots_on_target,Dani Olmo: 2+ shots on target,Dani Olmo: 2+ shots on target,Yes,No,74445180551603769193156208743639757920331957921239695130174660409640869242312,90376928430841679617767855580856567325614505874749300506228294192826485657978,0,1055.0597,0.01,0.23,0.05,0.01,True,0.23,0.01,0.22,11.5,121.5,0.1,0.99,0.77,0.21999999999999997,9.9,9.9,38.5,No,0.937468,0.922828,0.947844,0.99,0.77,0.22,0.000495,-0.053027,-0.107667,0.12,0.753,9.9,,,,,,,PASS,0
fifwc-esp-arg-2026-07-19,fifwc-esp-arg-2026-07-19-player-props,Spain vs. Argentina - Player Props,2944595,soccer_player_shots_on_target,Dani Olmo: 3+ shots on target,Dani Olmo: 3+ shots on target,Yes,No,26925338402634493836446402261137059757949378932073656811562568260611815983123,109405981932095125785115559683080045469800154790297254294397897428315166004077,251,932.7803,0.01,0.1,0.05,0.01,True,0.1,0.01,0.09000000000000001,30.0,30.0,0.6,0.99,0.9,0.08999999999999997,59.4,59.4,270.0,No,0.991877,0.988489,0.993847,0.99,0.9,0.09,0.000495,0.001382,-0.042006,0.12,0.821,59.4,,,,,,,PASS,0
fifwc-esp-arg-2026-07-19,fifwc-esp-arg-2026-07-19-player-props,Spain vs. Argentina - Player Props,2944596,soccer_player_shots_on_target,Enzo Fernández: 1+ shots on target,Enzo Fernández: 1+ shots on target,Yes,No,90216178026711547320755257316886011688825384549138478444525647200124289730992,67748218531143825692684762315406194057647266312879028848785179324701302355853,260.894735,2061.7461,0.17,0.41,0.05,0.01,True,0.41,0.17,0.23999999999999996,32.6975,433.1825,1.3957000000000002,0.83,0.59,0.24,6.8143,226.23069999999998,47.052499999999995,Yes,0.347825,0.318752,0.381604,0.41,0.17,0.24,0.012095,-0.07427,-0.143343,0.12,0.152,433.18,,,,,,,PASS,0
fifwc-esp-arg-2026-07-19,fifwc-esp-arg-2026-07-19-player-props,Spain vs. Argentina - Player Props,2944597,soccer_player_shots_on_target,Enzo Fernández: 2+ shots on target,Enzo Fernández: 2+ shots on target,Yes,No,21749424166681364031244658512627750007566222350551586607259826318132275346443,93191902254851492224535747502212098406113518509682555961043266360583368811492,0,40.8962,0.07,0.62,0.05,0.01,True,0.62,0.07,0.55,8.1592,8.1592,18.434500000000003,0.93,0.38,0.55,244.91550000000004,492.46450000000004,5.0008,No,0.930942,0.914415,0.942598,0.93,0.38,0.55,0.003255,-0.002313,-0.05884,0.12,0.744,492.46,,,,,,,PASS,0
fifwc-esp-arg-2026-07-19,fifwc-esp-arg-2026-07-19-player-props,Spain vs. Argentina - Player Props,2944598,soccer_player_shots_on_target,Julián Álvarez: 1+ shots on target,Julián Álvarez: 1+ shots on target,Yes,No,67835070505742254367234632251077608673381966856496952520362894184049587673172,59362731364466925004475709767358108461020589029514425212326688841211593711663,0,321.6408,0.43,0.63,0.05,0.01,True,0.63,0.43,0.2,31.5,321.5,5.000900000000001,0.57,0.37,0.19999999999999996,6.6291,6.6291,18.5,No,0.535353,0.495955,0.570671,0.57,0.37,0.2,0.012255,-0.046902,-0.1263,0.12,0.324,6.63,,,,,,,PASS,0
fifwc-esp-arg-2026-07-19,fifwc-esp-arg-2026-07-19-player-props,Spain vs. Argentina - Player Props,2944599,soccer_player_shots_on_target,Julián Álvarez: 2+ shots on target,Julián Álvarez: 2+ shots on target,Yes,No,13184772119778475438291557824114601757366557100601121531132064996074918209334,111634721036956225520284833191092955823277766606909618253280493920721665833722,0,820.6898,0.01,0.28,0.05,0.01,True,0.28,0.01,0.27,14.000000000000002,192.0,0.1,0.99,0.72,0.27,9.9,9.9,36.0,No,0.869857,0.84172,0.890546,0.99,0.72,0.27,0.000495,-0.120638,-0.188775,0.12,0.67,9.9,,,,,,,PASS,0
fifwc-esp-arg-2026-07-19,fifwc-esp-arg-2026-07-19-player-props,Spain vs. Argentina - Player Props,2944600,soccer_player_shots_on_target,Julián Álvarez: 3+ shots on target,Julián Álvarez: 3+ shots on target,Yes,No,33300553337518331016218544176521827808124529358524777271098805456315180836988,17377184820265376667281809287416000235981830879121825830938259570928459992944,0,6.6582,0.01,0.63,0.05,0.01,True,0.63,0.01,0.62,8.5113,8.5113,0.1,0.99,0.37,0.62,9.9,9.9,4.9986999999999995,No,0.974361,0.964248,0.980435,0.99,0.37,0.62,0.000495,-0.016134,-0.066247,0.12,0.796,9.9,,,,,,,PASS,0
fifwc-esp-arg-2026-07-19,fifwc-esp-arg-2026-07-19-player-props,Spain vs. Argentina - Player Props,2944601,soccer_player_shots_on_target,Lamine Yamal: 1+ shots on target,Lamine Yamal: 1+ shots on target,Yes,No,103517253677779468104787600875660348091872771332703624023211355704320031526119,19066855647934027061707528387313967633315642185353129908948109848600445637164,397.867003,5427.3022,0.42,0.45,0.05,0.01,True,0.45,0.42,0.030000000000000027,2.25,2.25,105.42,0.58,0.55,0.029999999999999916,145.57999999999998,145.57999999999998,2.75,Yes,0.581879,0.543773,0.622231,0.45,0.42,0.03,0.012375,0.119504,0.041398,0.12,0.372,2.25,,,,,,,WATCH,0
fifwc-esp-arg-2026-07-19,fifwc-esp-arg-2026-07-19-player-props,Spain vs. Argentina - Player Props,2944602,soccer_player_shots_on_target,Lamine Yamal: 2+ shots on target,Lamine Yamal: 2+ shots on target,Yes,No,109368034418243114245468273826845697398540780686871296684526800736841828629549,28078616405209971479266089471602875091799269145880341050350049766592743750298,3.658535,8599.7377,0.02,0.39,0.05,0.01,True,0.39,0.02,0.37,44.85,652.3494,0.5,0.98,0.61,0.37,24.5,34.4,9.15,Yes,0.217284,0.186115,0.257253,0.39,0.02,0.37,0.011895,-0.184611,-0.25578,0.12,0.024,652.35,,,,,,,PASS,0
fifwc-esp-arg-2026-07-19,fifwc-esp-arg-2026-07-19-player-props,Spain vs. Argentina - Player Props,2944603,soccer_player_shots_on_target,Lamine Yamal: 3+ shots on target,Lamine Yamal: 3+ shots on target,Yes,No,36652778768109449273147141070460799820298159252076722579566154417134407644017,7622879259862252205283682489245774651409022379711101725798919027275663413989,0,985.6598,0.02,0.22,0.05,0.01,True,0.22,0.02,0.2,11.0,116.5,0.5,0.98,0.78,0.19999999999999996,24.5,34.4,39.0,No,0.941676,0.92176,0.954453,0.98,0.78,0.2,0.00098,-0.039304,-0.09922,0.12,0.752,34.4,,,,,,,PASS,0
fifwc-esp-arg-2026-07-19,fifwc-esp-arg-2026-07-19-player-props,Spain vs. Argentina - Player Props,2944604,soccer_player_shots_on_target,Lamine Yamal: 4+ shots on target,Lamine Yamal: 4+ shots on target,Yes,No,4728492906613988211867066480735464649356482275185838064340894598687477907622,64413150692874667795515282351886734470489641995994091583505602193119556204569,0,272.1599,0.01,0.1,0.05,0.01,True,0.1,0.01,0.09000000000000001,30.0,30.0,0.6,0.99,0.9,0.08999999999999997,59.4,59.4,270.0,No,0.98788,0.981223,0.991379,0.99,0.9,0.09,0.000495,-0.002615,-0.049272,0.12,0.813,59.4,,,,,,,PASS,0
fifwc-esp-arg-2026-07-19,fifwc-esp-arg-2026-07-19-player-props,Spain vs. Argentina - Player Props,2944605,soccer_player_shots_on_target,Leandro Paredes: 1+ shots on target,Leandro Paredes: 1+ shots on target,Yes,No,199865789898786968473520900599384606381964285981540347092694207478114925973,31505038249840884151756193471612087362781158131871569547044682953881903236156,0,2455.7945,0.01,0.32,0.05,0.01,True,0.32,0.01,0.31,16.0,302.5,0.1,0.99,0.68,0.30999999999999994,9.9,9.9,34.0,Yes,0.234833,0.213684,0.260233,0.32,0.01,0.31,0.01088,-0.096047,-0.157196,0.12,0.051,302.5,,,,,,,PASS,0
fifwc-esp-arg-2026-07-19,fifwc-esp-arg-2026-07-19-player-props,Spain vs. Argentina - Player Props,2944606,soccer_player_shots_on_target,Leandro Paredes: 2+ shots on target,Leandro Paredes: 2+ shots on target,Yes,No,69444369380932322773543222206026348391949248938112244577257275586901508941600,53043798199916880148751538495409526078420599256307487843292113673946871702398,0,6.1877,0.01,0.56,0.05,0.01,True,0.56,0.01,0.55,6.3616,6.3616,0.1,0.99,0.44,0.55,9.9,9.9,4.9984,No,0.969972,0.962181,0.975284,0.99,0.44,0.55,0.000495,-0.020523,-0.068314,0.12,0.794,9.9,,,,,,,PASS,0
fifwc-esp-arg-2026-07-19,fifwc-esp-arg-2026-07-19-player-props,Spain vs. Argentina - Player Props,2944607,soccer_player_shots_on_target,Lionel Messi: 1+ shots on target,Lionel Messi: 1+ shots on target,Yes,No,72779855377318311669406319764709390199775615361749159188848760856319130314910,52420319849119798881243570214827585942694068777188169859869824657847416003903,342.597399,2597.397,0.74,0.77,0.05,0.01,True,0.77,0.74,0.030000000000000027,62.5394,296.4614,101.75,0.26,0.23,0.03,35.75,72.875,18.680600000000002,No,0.272835,0.234858,0.311878,0.26,0.23,0.03,0.00962,0.003215,-0.074762,0.12,0.071,72.88,,,,,,,PASS,0
fifwc-esp-arg-2026-07-19,fifwc-esp-arg-2026-07-19-player-props,Spain vs. Argentina - Player Props,2944608,soccer_player_shots_on_target,Lionel Messi: 2+ shots on target,Lionel Messi: 2+ shots on target,Yes,No,1200052971963751295867175760944147625748455269385956248793292887486796208760,37660391621725327546693023341694381919712582962437232691802318043610703717790,409.747077,7398.5416,0.3,0.51,0.05,0.01,True,0.51,0.3,0.21000000000000002,3.0957000000000003,493.6213,8.021999999999998,0.7,0.49,0.20999999999999996,10.149999999999999,34.630799999999994,2.9743,No,0.627217,0.571117,0.674695,0.7,0.49,0.21,0.0105,-0.083283,-0.179383,0.12,0.399,34.63,,,,,,,PASS,0
fifwc-esp-arg-2026-07-19,fifwc-esp-arg-2026-07-19-player-props,Spain vs. Argentina - Player Props,2944609,soccer_player_shots_on_target,Lionel Messi: 3+ shots on target,Lionel Messi: 3+ shots on target,Yes,No,10975378925778801655763402837956440385490781213701872290167224875078790987384,20643148369377511327280470456795177666928574859028214141779243523316358645710,18.307691,5580.0247,0.02,0.24,0.05,0.01,True,0.24,0.02,0.22,27.599999999999998,360.90000000000003,0.4,0.98,0.76,0.21999999999999997,19.6,39.400000000000006,87.4,Yes,0.142631,0.113698,0.184337,0.24,0.02,0.22,0.00912,-0.106489,-0.175422,0.12,0.0,360.9,,,,,,,PASS,0
fifwc-esp-arg-2026-07-19,fifwc-esp-arg-2026-07-19-player-props,Spain vs. Argentina - Player Props,2944610,soccer_player_shots_on_target,Lionel Messi: 4+ shots on target,Lionel Messi: 4+ shots on target,Yes,No,18756697164457287645891097694382902413767803504765585546863766183032558933178,107552151426009385388022402557450888310121222756148907868444241751879368143122,301,6.6586,0.01,0.63,0.05,0.01,True,0.63,0.01,0.62,8.5113,8.5113,0.1,0.99,0.37,0.62,9.9,9.9,4.9986999999999995,No,0.957016,0.936212,0.968796,0.99,0.37,0.62,0.000495,-0.033479,-0.094283,0.12,0.767,9.9,,,,,,,PASS,0
fifwc-esp-arg-2026-07-19,fifwc-esp-arg-2026-07-19-player-props,Spain vs. Argentina - Player Props,2944611,soccer_player_shots_on_target,Lisandro Martínez: 1+ shots on target,Lisandro Martínez: 1+ shots on target,Yes,No,68846488995458497346784973578025339038698385865695428224462699797770105028333,99700307693875210306849276427073532571935795560137078202205075239691212745413,6.521738,1072.3096,0.01,0.22,0.05,0.01,True,0.23,0.01,0.22,4.6000000000000005,102.6,0.1,0.99,0.78,0.20999999999999996,9.9,9.9,3.9000000000000004,No,0.896381,0.883934,0.906408,0.99,0.78,0.21,0.000495,-0.094114,-0.146561,0.12,0.713,9.9,,,,,,,PASS,0
fifwc-esp-arg-2026-07-19,fifwc-esp-arg-2026-07-19-player-props,Spain vs. Argentina - Player Props,2944612,soccer_player_shots_on_target,Mikel Oyarzabal: 1+ shots on target,Mikel Oyarzabal: 1+ shots on target,Yes,No,14602360319732802977926800835710267900504239744601403211842001636448795929170,97484187087240493711605772090440641472814189932336980201852096004731314680109,0,2582.3099,0.1,0.73,0.05,0.01,True,0.72,0.1,0.62,72.0,954.0,5.0,0.9,0.28,0.62,45.0,45.0,28.000000000000004,Yes,0.539704,0.502599,0.579751,0.72,0.1,0.62,0.01008,-0.190376,-0.267481,0.12,0.331,954.0,,,,,,,PASS,0
fifwc-esp-arg-2026-07-19,fifwc-esp-arg-2026-07-19-player-props,Spain vs. Argentina - Player Props,2944613,soccer_player_shots_on_target,Mikel Oyarzabal: 2+ shots on target,Mikel Oyarzabal: 2+ shots on target,Yes,No,62107211168327067822162130428911402741806031638914275655586942491729109453352,99538460662195154281471007053228869082080805497438141519591040120224168539492,0,8432.6294,0.01,0.38,0.05,0.01,True,0.37,0.01,0.36,37.0,499.0,0.1,0.99,0.63,0.36,9.9,9.9,63.0,No,0.817433,0.782113,0.844444,0.99,0.63,0.36,0.000495,-0.173062,-0.248382,0.12,0.61,9.9,,,,,,,PASS,0
fifwc-esp-arg-2026-07-19,fifwc-esp-arg-2026-07-19-player-props,Spain vs. Argentina - Player Props,2944614,soccer_player_shots_on_target,Mikel Oyarzabal: 3+ shots on target,Mikel Oyarzabal: 3+ shots on target,Yes,No,93982076990942031464605305060356725169795769125622843114644282863747506731976,79433550559750465579814365451610292482063024854005219478543291952562214085850,0,1040.1599,0.01,0.2,0.05,0.01,True,0.2,0.01,0.19,10.0,52.0,0.1,0.99,0.8,0.18999999999999995,9.9,9.9,40.0,No,0.955982,0.940311,0.965835,0.99,0.8,0.19,0.000495,-0.034513,-0.090184,0.12,0.771,9.9,,,,,,,PASS,0
fifwc-esp-arg-2026-07-19,fifwc-esp-arg-2026-07-19-player-props,Spain vs. Argentina - Player Props,2944615,soccer_player_shots_on_target,Mikel Oyarzabal: 4+ shots on target,Mikel Oyarzabal: 4+ shots on target,Yes,No,83956429204659887218983853167669102320626220876621251429126341231919892158643,14922992255798103964917234821818661186633676262021667008070590262285527919035,0,2.16,0.02,0.94,0.05,0.01,True,0.94,0.02,0.9199999999999999,7.172199999999999,16.6722,0.5,0.98,0.06,0.9199999999999999,24.5,34.4,0.4578,No,0.991814,0.987151,0.994216,0.98,0.06,0.92,0.00098,0.010834,-0.033829,0.12,0.819,34.4,,,,,,,WATCH,0
fifwc-esp-arg-2026-07-19,fifwc-esp-arg-2026-07-19-player-props,Spain vs. Argentina - Player Props,2944616,soccer_player_shots_on_target,Nahuel Molina: 1+ shots on target,Nahuel Molina: 1+ shots on target,Yes,No,89581265314769691809919688557274073126319181645294502707625860967457684596573,53345670607423949606639036147769586012236078467968744801803754159166950131255,10.98,7554.0779,0.07,0.09,0.05,0.01,True,0.09,0.07,0.01999999999999999,22.59,22.59,17.57,0.93,0.91,0.020000000000000018,233.43,233.43,228.41,No,0.949239,0.942909,0.954278,0.93,0.91,0.02,0.003255,0.015984,-0.030346,0.12,0.774,233.43,,,,,,,WATCH,0
fifwc-esp-arg-2026-07-19,fifwc-esp-arg-2026-07-19-player-props,Spain vs. Argentina - Player Props,2944617,soccer_player_shots_on_target,Nicolás Tagliafico: 1+ shots on target,Nicolás Tagliafico: 1+ shots on target,Yes,No,33570027736317559620584091535643474234565378202448133155846367531008787866422,90310308355365407556372780583331268152946787765431398525811447616304047463250,0,1997.8774,0.07,0.09,0.05,0.01,True,0.09,0.07,0.01999999999999999,22.59,22.59,17.57,0.93,0.91,0.020000000000000018,233.43,233.43,228.41,No,0.970948,0.967271,0.973861,0.93,0.91,0.02,0.003255,0.037693,-0.005984,0.12,0.799,233.43,,,,,,,WATCH,0
fifwc-esp-arg-2026-07-19,fifwc-esp-arg-2026-07-19-player-props,Spain vs. Argentina - Player Props,2944618,soccer_player_shots_on_target,Pau Cubarsí: 1+ shots on target,Pau Cubarsí: 1+ shots on target,Yes,No,29690698896626923076047585313443257909510745237953104322623263489595683246494,72870106862169870062713122763073732821810748476739533910149381275516684929313,10.52,1739.8926,0.01,0.28,0.05,0.01,True,0.28,0.01,0.27,224.00000000000003,224.00000000000003,0.1,0.99,0.72,0.27,9.9,9.9,576.0,No,0.933481,0.925529,0.939875,0.99,0.72,0.27,0.000495,-0.057014,-0.104966,0.12,0.756,9.9,,,,,,,PASS,0
fifwc-esp-arg-2026-07-19,fifwc-esp-arg-2026-07-19-player-props,Spain vs. Argentina - Player Props,2944619,soccer_player_shots_on_target,Pedri: 1+ shots on target,Pedri: 1+ shots on target,Yes,No,70308199970189313090060193767250026052719278364819723209641675987523738013527,17171892621606173614937552878167984889665759320391587788489592954140407228657,0,453.6597,0.01,0.34,0.05,0.01,True,0.34,0.01,0.33,17.0,248.5,0.6,0.99,0.66,0.32999999999999996,59.4,59.4,33.0,No,0.984714,0.982862,0.986196,0.99,0.66,0.33,0.000495,-0.005781,-0.047633,0.12,0.815,59.4,,,,,Projected appearance probability is only 32.0%; wait for the official XI.,,PASS,0
fifwc-esp-arg-2026-07-19,fifwc-esp-arg-2026-07-19-player-props,Spain vs. Argentina - Player Props,2944620,soccer_player_shots_on_target,Pedri: 2+ shots on target,Pedri: 2+ shots on target,Yes,No,38937198681521389739134165555590823328531011206591583705147429681351656319601,83222587540658809587291532867761987837495607369277563163566704968604304092238,627.48,389.9325,0.01,0.14,0.05,0.01,True,0.14,0.01,0.13,38.70720000000001,38.70720000000001,0.6,0.99,0.86,0.13,59.4,59.4,237.77280000000002,No,0.999629,0.999525,0.999697,0.99,0.86,0.13,0.000495,0.009134,-0.03097,0.12,0.832,59.4,,,,,Projected appearance probability is only 32.0%; wait for the official XI.,,PASS,0
fifwc-esp-arg-2026-07-19,fifwc-esp-arg-2026-07-19-player-props,Spain vs. Argentina - Player Props,2944621,soccer_player_shots_on_target,Pedro Porro: 1+ shots on target,Pedro Porro: 1+ shots on target,Yes,No,784897524810455602812960527013470114758361012203117192426298339235238019776,98840647144054430543542509407120138023287878649647349339422464087869642158269,45,982.9599,0.01,0.28,0.05,0.01,True,0.28,0.01,0.27,4.2,93.7,0.1,0.99,0.72,0.27,9.9,9.9,10.799999999999999,Yes,0.165019,0.149934,0.183363,0.28,0.01,0.27,0.01008,-0.125061,-0.180146,0.12,0.0,93.7,,,,,,,PASS,0
fifwc-esp-arg-2026-07-19,fifwc-esp-arg-2026-07-19-player-props,Spain vs. Argentina - Player Props,2944622,soccer_player_shots_on_target,Pedro Porro: 2+ shots on target,Pedro Porro: 2+ shots on target,Yes,No,108349270395760458352486567578680206224073296984625926109277686399698816680745,28545550061905300051843024141223184363985028989946175964763227726381363968542,351,3854.9175,0.07,0.1,0.05,0.01,True,0.1,0.07,0.03,36.139,57.303000000000004,13.498100000000003,0.93,0.9,0.030000000000000027,179.33190000000002,360.5921,325.251,No,0.985567,0.981791,0.988122,0.93,0.9,0.03,0.003255,0.052312,0.008536,0.12,0.814,360.59,,,,,,,WATCH,0
fifwc-esp-arg-2026-07-19,fifwc-esp-arg-2026-07-19-player-props,Spain vs. Argentina - Player Props,2944623,soccer_player_shots_on_target,Rodri: 1+ shots on target,Rodri: 1+ shots on target,Yes,No,90640998133781402244419707060442176612953204549908730650193661644404421668411,99629174074923775923114070939612194676547908532397967055119319010482854421781,44.019885,887.072,0.02,0.32,0.05,0.01,True,0.32,0.02,0.3,18.0,168.0875,0.5,0.98,0.68,0.29999999999999993,24.5,34.4,38.25,Yes,0.174828,0.158931,0.194112,0.32,0.02,0.3,0.01088,-0.156052,-0.211949,0.12,0.0,168.09,,,,,,,PASS,0
fifwc-esp-arg-2026-07-19,fifwc-esp-arg-2026-07-19-player-props,Spain vs. Argentina - Player Props,2944624,soccer_player_shots_on_target,Rodrigo de Paul: 1+ shots on target,Rodrigo de Paul: 1+ shots on target,Yes,No,53860950547246769648932455122722064827179205683804728194018614799975697904706,40383372819190105950304016896832168579856276265749234878582357054843575750011,320,4915.4554,0.17,0.2,0.05,0.01,True,0.2,0.17,0.03,93.456,135.0948,7.005700000000001,0.83,0.8,0.029999999999999916,34.204299999999996,253.62069999999997,373.824,No,0.905871,0.894822,0.914838,0.83,0.8,0.03,0.007055,0.068816,0.017767,0.12,0.724,253.62,,,,,Projected appearance probability is only 70.0%; wait for the official XI.,No verified 2026 World Cup player-minute sample is available; the generic role prior is not sufficient for a bet.,PLAYER_DATA_QUALITY_PASS,0
fifwc-esp-arg-2026-07-19,fifwc-esp-arg-2026-07-19-player-props,Spain vs. Argentina - Player Props,2944625,soccer_player_shots_on_target,Rodrigo de Paul: 2+ shots on target,Rodrigo de Paul: 2+ shots on target,Yes,No,70947135560871184419417269576605286977017991433566250971253536352469382072154,41732394469216478160923723827533727124276061880200908975624729458865231891125,300,65.4583,0.01,0.56,0.05,0.01,True,0.56,0.01,0.55,6.3616,6.3616,0.1,0.99,0.44,0.55,9.9,9.9,4.9984,No,0.993367,0.991536,0.994582,0.99,0.44,0.55,0.000495,0.002872,-0.038959,0.12,0.824,9.9,,,,,Projected appearance probability is only 70.0%; wait for the official XI.,No verified 2026 World Cup player-minute sample is available; the generic role prior is not sufficient for a bet.,PASS,0
fifwc-esp-arg-2026-07-19,fifwc-esp-arg-2026-07-19-player-props,Spain vs. Argentina - Player Props,2946751,soccer_player_goals,Nicolás Paz: 3+ goals,Nicolás Paz: 3+ goals,Yes,No,40573188178129965736499388066437770298363028742058467118201349388234561224636,81930305866865635987860697743866699615149636721998273876502490809059146111467,69.1919,16541.16885,,0.02,0.05,0.001,True,0.02,,,21.0,21.0,0,,0.98,,0,0,1029.0,,,,,,,,,,,,,,,,,,,,UNSUPPORTED_OR_LINEUP_FILTER,0
fifwc-esp-arg-2026-07-19,fifwc-esp-arg-2026-07-19-player-props,Spain vs. Argentina - Player Props,2946754,soccer_player_shots_on_target,Rodri: 2+ shots on target,Rodri: 2+ shots on target,Yes,No,52849264131499128025764936183888085706287252157436147906783569609574027252884,22684007500785523518750373153107435222391311769906800089935416368968336219465,591.22624,2994.3739,0.04,0.07,0.05,0.01,True,0.07,0.04,0.030000000000000006,1.3566,24.2316,10.4484,0.96,0.93,0.029999999999999916,250.76159999999996,250.76159999999996,18.0234,No,0.98374,0.97951,0.986609,0.96,0.93,0.03,0.00192,0.02182,-0.02241,0.12,0.811,250.76,,,,,,,WATCH,0
fifwc-esp-arg-2026-07-19,fifwc-esp-arg-2026-07-19-player-props,Spain vs. Argentina - Player Props,2947009,soccer_player_goals,Dani Olmo: 3+ goals,Dani Olmo: 3+ goals,Yes,No,50920412738272560923774554754264477059331770204209874407091818919366657447254,68938870056006840039900802913045894679747628820225914881290867939386548782706,60,20837.92923,0.001,0.02,0.05,0.001,True,0.02,0.001,0.019,21.0,21.0,0.02,0.999,0.98,0.019000000000000017,19.98,19.98,1029.0,No,0.99996,0.999934,0.999973,0.999,0.98,0.019,5e-05,0.00091,-0.039115,0.12,0.832,19.98,,,,,,,PASS,0
fifwc-esp-arg-2026-07-19,fifwc-esp-arg-2026-07-19-player-props,Spain vs. Argentina - Player Props,2947010,soccer_player_goals,Mikel Merino: 3+ goals,Mikel Merino: 3+ goals,Yes,No,83904141671661264634382942281609164367257294099859484272307741875372427537341,111425014360392939622158861233118300511348693148971972165090393601515425813139,87.202,20391.19854,0.001,0.02,0.05,0.001,True,0.02,0.001,0.019,1.0,1.0,0.02,0.999,0.98,0.019000000000000017,19.98,19.98,49.0,No,0.999974,0.999958,0.999983,0.999,0.98,0.019,5e-05,0.000924,-0.039092,0.12,0.833,19.98,,,,,Projected appearance probability is only 70.0%; wait for the official XI.,,PASS,0
fifwc-esp-arg-2026-07-19,fifwc-esp-arg-2026-07-19-player-props,Spain vs. Argentina - Player Props,2954703,soccer_player_goals,Yeremi Pino: 3+ goals,Yeremi Pino: 3+ goals,Yes,No,24763973770179020086462214059404378261626904425696330171204108616620334728826,5157181038506397017064779089717046069349146954083589661935511790561418791584,89.995,20876.58857,0.001,0.02,0.05,0.001,True,0.02,0.001,0.019,21.0,24.1,0.02,0.999,0.98,0.019000000000000017,19.98,19.98,1029.0,,,,,,,,,,,,,,,,,,,,UNSUPPORTED_OR_LINEUP_FILTER,0
fifwc-esp-arg-2026-07-19,fifwc-esp-arg-2026-07-19-player-props,Spain vs. Argentina - Player Props,2959204,soccer_player_goals,Alex Baena: 3+ goals,Alex Baena: 3+ goals,Yes,No,61020289873096662485019693396333652379882011726085615059607723570737904823856,2216076852708637346959257883480785224659078035754014065274376719287348054524,20,21113.62446,0.001,0.02,0.05,0.001,True,0.02,0.001,0.019,21.0,24.1,0.02,0.999,0.98,0.019000000000000017,19.98,19.98,1029.0,No,0.999658,0.999441,0.999765,0.999,0.98,0.019,5e-05,0.000608,-0.039609,0.12,0.832,19.98,,,,,,,PASS,0
fifwc-esp-arg-2026-07-19,fifwc-esp-arg-2026-07-19-player-props,Spain vs. Argentina - Player Props,2971482,soccer_player_shots,Enzo Fernández: 5+ shots,Enzo Fernández: 5+ shots,Yes,No,7095709820930111534940877690038484203909333157437550958105503941009894823317,109057556721821785256966144717483956016503260533043830074695095862505946496845,0,10106.4578,0.01,0.17,0.05,0.01,True,0.18,0.01,0.16999999999999998,7.199999999999999,16.7,0.2,0.99,0.87,0.12,19.8,19.8,34.8,No,0.994631,0.991148,0.996509,0.99,0.87,0.12,0.000495,0.004136,-0.039347,0.12,0.823,19.8,,,,,,,PASS,0
