fixture_id,event_slug,event_title,market_id,sports_market_type,group_item_title,question,outcome_0,outcome_1,token_0,token_1,market_volume,market_liquidity,gamma_best_bid,gamma_best_ask,fee_rate,tick_size,accepting_orders,outcome_0_ask,outcome_0_bid,outcome_0_spread,outcome_0_ask_depth_best_usd,outcome_0_ask_depth_2c_usd,outcome_0_bid_depth_best_usd,outcome_1_ask,outcome_1_bid,outcome_1_spread,outcome_1_ask_depth_best_usd,outcome_1_ask_depth_2c_usd,outcome_1_bid_depth_best_usd,side,model_probability,scenario_p10,scenario_p90,ask,bid,spread,estimated_fee,central_net_edge,robust_edge,required_edge,max_entry,depth_2c_usd,external_validation_source,external_conflict_reason,decision,stake_per_10k
fifwc-fra-eng-2026-07-18,fifwc-fra-eng-2026-07-18,France vs. England,2941971,moneyline,France,Will France win on 2026-07-18?,Yes,No,27017352779469567119021515174282416893555366624071034758236558815968401338728,24700818764893371447983775874874488061572200819525844393509377284018768095208,123853.02035700009,1113478.8926,0.49,0.5,0.05,0.01,True,0.5,0.49,0.010000000000000009,546678.395,745638.0148,153189.435,0.51,0.5,0.010000000000000009,159442.065,264300.6078,546678.395,No,0.629143,0.613569,0.655746,0.51,0.5,0.01,0.012495,0.106648,0.079074,0.025,0.564,264300.61,Oddschecker consensus captured 2026-07-16,External sharp pricing implies a materially higher-scoring and more France-favoured match than the independent model; do not automate correlated contrarian totals or spread bets before lineups.,EXTERNAL_CONFLICT_PASS,0
fifwc-fra-eng-2026-07-18,fifwc-fra-eng-2026-07-18,France vs. England,2941972,moneyline,Draw (France vs. England),Will France vs. England end in a draw?,Yes,No,85239138404163331579594125846576574312907099172264868553957025875753281044940,112547101819436418115775183743525115211037676921707460770609242558856503450400,15928.964170000001,863503.4873,0.25,0.26,0.05,0.01,True,0.26,0.25,0.010000000000000009,198222.921,238708.9491,69257.0425,0.75,0.74,0.010000000000000009,207771.1275,286029.1125,564172.929,Yes,0.305323,0.295431,0.340123,0.26,0.25,0.01,0.00962,0.035703,0.013811,0.025,0.249,238708.95,Oddschecker consensus captured 2026-07-16,,WATCH,0
fifwc-fra-eng-2026-07-18,fifwc-fra-eng-2026-07-18,France vs. England,2941973,moneyline,England,Will England win on 2026-07-18?,Yes,No,104204269101315799616235020335758894730330540969530162829399554926283403684718,34385162543059510571975707768358382063196208867331187336985212373807572088934,101567.9132439999,551807.2948,0.25,0.26,0.05,0.01,True,0.26,0.25,0.010000000000000009,58543.30820000001,126294.3788,34333.49,0.75,0.74,0.010000000000000009,103000.47,207687.63940000001,167031.5124,Yes,0.32382,0.298983,0.338917,0.26,0.25,0.01,0.00962,0.0542,0.017363,0.025,0.252,126294.38,Oddschecker consensus captured 2026-07-16,,WATCH,0
fifwc-fra-eng-2026-07-18,fifwc-fra-eng-2026-07-18-halftime-result,France vs. England - Halftime Result,2941977,soccer_halftime_result,France,France leading at halftime?,Yes,No,61811493468803204160632540963577001178772148991316628543392506941734077645782,78490391201114733703387667755358493334495392218047392522111826426630817820622,4477.566777999999,113122.5467,0.39,0.4,0.05,0.01,True,0.4,0.39,0.010000000000000009,75.2,2864.8794,2548.3809,0.61,0.6,0.010000000000000009,3985.9291000000003,14389.6386,131.4,No,0.709407,0.693851,0.742111,0.61,0.6,0.01,0.011895,0.087512,0.053956,0.04,0.624,14389.64,Oddschecker consensus captured 2026-07-16,External sharp pricing implies a materially higher-scoring and more France-favoured match than the independent model; do not automate correlated contrarian totals or spread bets before lineups.,EXTERNAL_CONFLICT_PASS,0
fifwc-fra-eng-2026-07-18,fifwc-fra-eng-2026-07-18-halftime-result,France vs. England - Halftime Result,2941978,soccer_halftime_result,Draw,France vs. England: Draw at halftime?,Yes,No,93770991594114735840558498036990297268526632198384626767392636869348270702717,32807033096625811812555210042254733971212535752474785077716547711581928459340,5758.863071999999,118203.2708,0.37,0.38,0.05,0.01,True,0.38,0.37,0.010000000000000009,2560.2994,9628.1184,269.8558,0.63,0.62,0.010000000000000009,459.48420000000004,6106.5077,4177.3306,Yes,0.44749,0.428629,0.502994,0.38,0.37,0.01,0.01178,0.05571,0.018849,0.04,0.359,9628.12,Oddschecker consensus captured 2026-07-16,,WATCH,0
fifwc-fra-eng-2026-07-18,fifwc-fra-eng-2026-07-18-halftime-result,France vs. England - Halftime Result,2941979,soccer_halftime_result,England,England leading at halftime?,Yes,No,101466604796646303063065849483250957756641188696476792686552742499161794954374,34680546878445570238499787418316253879485183282717196136763719253922561001547,272.21500000000003,122124.4162,0.23,0.24,0.05,0.01,True,0.24,0.23,0.009999999999999981,1414.08,8047.990400000001,153.8792,0.77,0.76,0.010000000000000009,515.1608,5387.0136,4477.92,Yes,0.261917,0.230489,0.273034,0.24,0.23,0.01,0.00912,0.012797,-0.036631,0.04,0.165,8047.99,Oddschecker consensus captured 2026-07-16,,WATCH,0
fifwc-fra-eng-2026-07-18,fifwc-fra-eng-2026-07-18-second-half-result,France vs. England - Second Half Result,2941980,soccer_second_half_result,France,France to win the second half?,Yes,No,81269570913916644194690320611023537431288854349067468910267873985178587398268,19496067462963110205036243822692095717194745632900824355345130843698426625482,661.7747360000001,42819.7679,0.41,0.44,0.05,0.01,True,0.44,0.41,0.030000000000000027,207.812,580.9135,49.199999999999996,0.59,0.56,0.029999999999999916,70.8,1041.944,264.48800000000006,No,0.680587,0.668766,0.712571,0.59,0.56,0.03,0.012095,0.078492,0.048671,0.04,0.598,1041.94,Oddschecker consensus captured 2026-07-16,,WATCH,0
fifwc-fra-eng-2026-07-18,fifwc-fra-eng-2026-07-18-second-half-result,France vs. England - Second Half Result,2941981,soccer_second_half_result,Draw,France vs. England: Second half draw?,Yes,No,59169302328506479397015766581411117208356044887548748930760200364562752545272,11243147421976689538894395841825473502307034835783870709980059448823287860895,286.436223,41762.6411,0.29,0.32,0.05,0.01,True,0.32,0.29,0.030000000000000027,121.10719999999999,231.349,204.5196,0.71,0.68,0.029999999999999916,500.7204,1547.8859,257.3528,Yes,0.39206,0.375737,0.441726,0.32,0.29,0.03,0.01088,0.06118,0.026857,0.04,0.307,231.35,Oddschecker consensus captured 2026-07-16,,WATCH,0
fifwc-fra-eng-2026-07-18,fifwc-fra-eng-2026-07-18-second-half-result,France vs. England - Second Half Result,2941982,soccer_second_half_result,England,England to win the second half?,Yes,No,101422564053483390522515281259389536590147788317745214542827734122694877131448,3632568448728797759836781450537073325968641255413176100873102585419543925335,272.981761,90095.0347,0.22,0.25,0.05,0.01,True,0.25,0.22,0.03,201.9125,3268.1129,93.8432,0.78,0.75,0.030000000000000027,332.71680000000003,524.5392,605.7375,Yes,0.288527,0.259806,0.302851,0.25,0.22,0.03,0.009375,0.029152,-0.017569,0.04,0.193,3268.11,Oddschecker consensus captured 2026-07-16,,WATCH,0
fifwc-fra-eng-2026-07-18,fifwc-fra-eng-2026-07-18-exact-score,France vs. England - Exact Score,2941983,soccer_exact_score,France 0 - 0 England,Exact Score: France 0 - 0 England?,Yes,No,77589184052310534074342368621823428560565401116328536972176290424846414791025,77899117691320282255084926855068126399522814425967645821251701722727475314950,5642.7092559999965,232103.81906,0.041,0.042,0.05,0.001,True,0.042,0.041,0.0010000000000000009,2242.76808,9627.22351,195.38263,0.959,0.958,0.0010000000000000009,4570.04737,28034.707599999998,51156.471919999996,Yes,0.091087,0.076386,0.143443,0.042,0.041,0.001,0.002012,0.047075,0.007374,0.065,0.0,9627.22,Oddschecker consensus captured 2026-07-16,,WATCH,0
fifwc-fra-eng-2026-07-18,fifwc-fra-eng-2026-07-18-exact-score,France vs. England - Exact Score,2941984,soccer_exact_score,France 0 - 1 England,Exact Score: France 0 - 1 England?,Yes,No,97574919734149007313064889238734975478996946020639808421026332258713303476825,60129640300285378328035174641272884046194286578104309805402712072704054571258,23055.331358,202914.58732,0.039,0.04,0.05,0.001,True,0.04,0.039,0.0010000000000000009,3502.4700000000003,5209.3071,142.28994,0.961,0.96,0.0010000000000000009,3506.17006,124143.86266,84059.28,Yes,0.091957,0.081074,0.119586,0.04,0.039,0.001,0.00192,0.050037,0.014154,0.065,0.0,5209.31,Oddschecker consensus captured 2026-07-16,,WATCH,0
fifwc-fra-eng-2026-07-18,fifwc-fra-eng-2026-07-18-exact-score,France vs. England - Exact Score,2941985,soccer_exact_score,France 1 - 0 England,Exact Score: France 1 - 0 England?,Yes,No,61614661992424492173938297562112512099804520917816987914209049210275885628462,36021325291674835501257551232202761749390705768070007003235288118635614421481,3923.742807000001,330800.3117,0.06,0.07,0.05,0.01,True,0.07,0.06,0.010000000000000009,8738.5606,19763.887600000002,5197.8846,0.94,0.93,0.009999999999999898,81433.5254,147990.251,116098.0194,Yes,0.101893,0.089763,0.131366,0.07,0.06,0.01,0.003255,0.028638,-0.008492,0.065,0.0,19763.89,Oddschecker consensus captured 2026-07-16,,WATCH,0
fifwc-fra-eng-2026-07-18,fifwc-fra-eng-2026-07-18-exact-score,France vs. England - Exact Score,2941986,soccer_exact_score,France 0 - 2 England,Exact Score: France 0 - 2 England?,Yes,No,39041009424463264405833524627754921712545508890394561269865959538907058912502,110390665526164462948552804745075921946361493821417521155912655831882419110222,6365.828543,223039.1636,0.033,0.034,0.05,0.001,True,0.034,0.033,0.0010000000000000009,1897.97826,5536.31516,67.03191,0.967,0.966,0.0010000000000000009,1964.2380899999998,38177.42352,53924.911739999996,Yes,0.04536,0.042014,0.050826,0.034,0.033,0.001,0.001642,0.009718,-0.018628,0.065,0.0,5536.32,Oddschecker consensus captured 2026-07-16,,PASS,0
fifwc-fra-eng-2026-07-18,fifwc-fra-eng-2026-07-18-exact-score,France vs. England - Exact Score,2941987,soccer_exact_score,France 1 - 1 England,Exact Score: France 1 - 1 England?,Yes,No,51695634536654818524904567840367422434925521930955943706676129558812748145248,85991163361707059478122141587385154218740046714882039099540501189991002531177,4104.500864000004,295742.7948,0.11,0.12,0.05,0.01,True,0.12,0.11,0.009999999999999995,20575.809599999997,28291.652499999997,6002.3777,0.89,0.88,0.010000000000000009,48564.6923,81783.3946,150889.27039999998,Yes,0.132623,0.12434,0.140277,0.12,0.11,0.01,0.00528,0.007343,-0.02594,0.065,0.032,28291.65,Oddschecker consensus captured 2026-07-16,,PASS,0
fifwc-fra-eng-2026-07-18,fifwc-fra-eng-2026-07-18-exact-score,France vs. England - Exact Score,2941988,soccer_exact_score,France 2 - 0 England,Exact Score: France 2 - 0 England?,Yes,No,83738293003989061909432987812246099956283553688616457850473263255666340995863,24422286319743612424586161606143185900928449498626548494888494659350127767379,20890.495470000013,283640.5942,0.06,0.07,0.05,0.01,True,0.07,0.06,0.010000000000000009,6648.0855,15913.8897,4377.5160000000005,0.94,0.93,0.009999999999999898,68581.084,134276.2193,88324.5645,No,0.94542,0.938937,0.950643,0.94,0.93,0.01,0.00282,0.0026,-0.028883,0.065,0.842,134276.22,Oddschecker consensus captured 2026-07-16,,PASS,0
fifwc-fra-eng-2026-07-18,fifwc-fra-eng-2026-07-18-exact-score,France vs. England - Exact Score,2941989,soccer_exact_score,France 0 - 3 England,Exact Score: France 0 - 3 England?,Yes,No,43863237958662185303255747001516390892668137934134139782430242712958236796263,37325156613964674326708490905219409497036234425063978222001914062723598149570,2641.349633,207408.65678,0.015,0.016,0.05,0.001,True,0.016,0.015,0.0010000000000000009,1379.53104,2556.6186000000002,89.5926,0.985,0.984,0.0010000000000000009,5883.2474,103617.44409,84841.15896,Yes,0.018093,0.01494,0.019469,0.016,0.015,0.001,0.000787,0.001306,-0.026847,0.065,0.0,2556.62,Oddschecker consensus captured 2026-07-16,,PASS,0
fifwc-fra-eng-2026-07-18,fifwc-fra-eng-2026-07-18-exact-score,France vs. England - Exact Score,2941990,soccer_exact_score,France 1 - 2 England,Exact Score: France 1 - 2 England?,Yes,No,47725115768942599245435543299520586635682755707864227318684625633614926636446,111967320046683721120109257616915970974897169935926251965786684117668181606776,6294.678552000001,339410.4565,0.06,0.07,0.05,0.01,True,0.07,0.06,0.010000000000000009,707.3164,21211.458700000003,1181.1624,0.94,0.93,0.009999999999999898,18504.8776,43689.3347,9397.2036,Yes,0.074213,0.063371,0.077143,0.07,0.06,0.01,0.003255,0.000958,-0.034884,0.065,0.0,21211.46,Oddschecker consensus captured 2026-07-16,,PASS,0
fifwc-fra-eng-2026-07-18,fifwc-fra-eng-2026-07-18-exact-score,France vs. England - Exact Score,2941991,soccer_exact_score,France 2 - 1 England,Exact Score: France 2 - 1 England?,Yes,No,70617876534332603001051872118464962749830433834266462871549496979917149356185,71824415369050529903604664265312348624339165546736865434786631559172922399295,36809.58091,438421.6904,0.1,0.11,0.05,0.01,True,0.11,0.1,0.009999999999999995,15573.8286,45213.908,2210.902,0.9,0.89,0.010000000000000009,19898.118000000002,48381.049,126006.43140000002,No,0.919177,0.91626,0.929754,0.9,0.89,0.01,0.0045,0.014677,-0.01324,0.065,0.818,48381.05,Oddschecker consensus captured 2026-07-16,,WATCH,0
fifwc-fra-eng-2026-07-18,fifwc-fra-eng-2026-07-18-exact-score,France vs. England - Exact Score,2941992,soccer_exact_score,France 3 - 0 England,Exact Score: France 3 - 0 England?,Yes,No,71579935885238729370531508632170367735300675638008874113954459647621456394107,111864925266071288591217886296151901343503794465466677078902429990890941550054,6481.155454000002,186179.28934,0.042,0.043,0.05,0.001,True,0.043,0.042,0.000999999999999994,2199.37088,6775.70918,195.78258,0.958,0.957,0.0010000000000000009,4465.70742,37416.866799999996,48948.78912,No,0.976983,0.974969,0.980211,0.958,0.957,0.001,0.002012,0.016972,-0.010043,0.065,0.879,37416.87,Oddschecker consensus captured 2026-07-16,,WATCH,0
fifwc-fra-eng-2026-07-18,fifwc-fra-eng-2026-07-18-exact-score,France vs. England - Exact Score,2941993,soccer_exact_score,France 1 - 3 England,Exact Score: France 1 - 3 England?,Yes,No,82683428151724578313364395635035607159364277568301998535997746533369405222616,81695283754059184552740228483256358767727532503668996582831580514490589196158,12301.284935,217008.95543,0.031,0.032,0.05,0.001,True,0.032,0.031,0.0010000000000000009,3211.23904,4738.48576,1053.0520199999999,0.969,0.968,0.0010000000000000009,32916.367979999995,81217.74806,97139.98096,No,0.97228,0.969411,0.979717,0.969,0.968,0.001,0.001502,0.001778,-0.026091,0.065,0.873,81217.75,Oddschecker consensus captured 2026-07-16,,PASS,0
fifwc-fra-eng-2026-07-18,fifwc-fra-eng-2026-07-18-exact-score,France vs. England - Exact Score,2941994,soccer_exact_score,France 2 - 2 England,Exact Score: France 2 - 2 England?,Yes,No,6958970558174309284782223375880969055625012204063988403251481024738779408118,7397811728293736056999681087356237492491531269299601004967845780588145337370,68667.071389,376417.3471,0.07,0.08,0.05,0.01,True,0.08,0.07,0.009999999999999995,11502.7952,23885.7352,733.9192,0.93,0.92,0.010000000000000009,9750.6408,92333.7081,132282.1448,No,0.938097,0.931331,0.954723,0.93,0.92,0.01,0.003255,0.004842,-0.026924,0.065,0.834,92333.71,Oddschecker consensus captured 2026-07-16,,PASS,0
fifwc-fra-eng-2026-07-18,fifwc-fra-eng-2026-07-18-exact-score,France vs. England - Exact Score,2941995,soccer_exact_score,France 3 - 1 England,Exact Score: France 3 - 1 England?,Yes,No,57716287394748798766806223253182132223051854128703406873399535626224142146187,21068985420988296968126799664296613266675922370351368397019455239267146952705,56310.66574299995,385216.4442,0.06,0.07,0.05,0.01,True,0.07,0.06,0.010000000000000009,5463.592400000001,26031.670400000003,4130.5116,0.94,0.93,0.009999999999999898,64711.348399999995,100970.9764,72587.72760000001,No,0.967243,0.964003,0.976966,0.94,0.93,0.01,0.00282,0.024423,-0.003817,0.065,0.868,100970.98,Oddschecker consensus captured 2026-07-16,,WATCH,0
fifwc-fra-eng-2026-07-18,fifwc-fra-eng-2026-07-18-exact-score,France vs. England - Exact Score,2941996,soccer_exact_score,France 2 - 3 England,Exact Score: France 2 - 3 England?,Yes,No,47900225213576749948704597444302726918908953028391106933373400103287761335255,12126985522496775779898513033450175928108152420587260431596891059917095347106,13511.329963,214158.63313,0.029,0.03,0.05,0.001,True,0.03,0.029,0.0009999999999999974,3355.4274,4420.6126,74.60279000000001,0.971,0.97,0.0010000000000000009,2497.9072100000003,121291.99553,108492.1526,No,0.973813,0.969903,0.984123,0.971,0.97,0.001,0.001408,0.001405,-0.027505,0.065,0.874,121292.0,Oddschecker consensus captured 2026-07-16,,PASS,0
fifwc-fra-eng-2026-07-18,fifwc-fra-eng-2026-07-18-exact-score,France vs. England - Exact Score,2941997,soccer_exact_score,France 3 - 2 England,Exact Score: France 3 - 2 England?,Yes,No,69502084100804689355153051763208490212667904877262906299746339004132409869954,72166004559276241860499618632827389901491601078965102090191221599394120521739,13710.409999999998,346087.7655,0.04,0.05,0.05,0.01,True,0.05,0.04,0.010000000000000002,6953.5740000000005,15162.808500000001,463.36,0.96,0.95,0.010000000000000009,11120.64,78681.41459999999,132117.90600000002,No,0.97176,0.966943,0.981946,0.96,0.95,0.01,0.00192,0.00984,-0.019977,0.065,0.871,78681.41,Oddschecker consensus captured 2026-07-16,,PASS,0
fifwc-fra-eng-2026-07-18,fifwc-fra-eng-2026-07-18-exact-score,France vs. England - Exact Score,2941998,soccer_exact_score,France 3 - 3 England,Exact Score: France 3 - 3 England?,Yes,No,45441664016374221637425717412841164229115501443222518799950103324628857482912,79717254973953441731721062821113136648595821940607197619538640718877281304397,27736.775554,212970.50462,0.02,0.021,0.05,0.001,True,0.021,0.02,0.0010000000000000009,2598.08871,3025.30121,1168.0046,0.98,0.979,0.0010000000000000009,57232.2254,250734.05094000002,121120.42129,No,0.983377,0.979057,0.99064,0.98,0.979,0.001,0.00098,0.002397,-0.026923,0.065,0.883,250734.05,Oddschecker consensus captured 2026-07-16,,PASS,0
fifwc-fra-eng-2026-07-18,fifwc-fra-eng-2026-07-18-exact-score,France vs. England - Exact Score,2941999,soccer_exact_score,Any Other Score,Exact Score: Any Other Score?,Yes,No,77643273423189704343736039854784640042698303451885684346802301629042882281876,53921125910881474618616951274438881938303285021466303057535621782422136228777,7196.766928000002,162682.8642,0.13,0.14,0.05,0.01,True,0.14,0.13,0.010000000000000009,7256.2434,13291.7489,629.4509,0.87,0.86,0.010000000000000009,4212.4791000000005,40308.2049,44574.0666,No,0.907077,0.883394,0.946683,0.87,0.86,0.01,0.005655,0.031422,-0.017261,0.065,0.784,40308.2,Oddschecker consensus captured 2026-07-16,,WATCH,0
fifwc-fra-eng-2026-07-18,fifwc-fra-eng-2026-07-18-first-to-score,France vs. England - First Team to Score,2942000,soccer_first_to_score,France,France to score first vs. England?,Yes,No,56735302916010239099392370155194320325205863232630645733151226259169129115252,95263391672314592162431977061052599293576507269153256221263204964044788438733,248.721932,59549.878,0.55,0.57,0.05,0.01,True,0.57,0.56,0.009999999999999898,542.3493,1579.1144999999997,1037.3104,0.44,0.43,0.010000000000000009,815.0296,2112.3202,409.1407,No,0.527063,0.516043,0.558929,0.44,0.43,0.01,0.01232,0.074743,0.045723,0.04,0.445,2112.32,Oddschecker consensus captured 2026-07-16,,WATCH,0
fifwc-fra-eng-2026-07-18,fifwc-fra-eng-2026-07-18-first-to-score,France vs. England - First Team to Score,2942001,soccer_first_to_score,England,England to score first vs. France?,Yes,No,17610346931792627261599618639002865196881194394001571997005448094628240795040,90577939647849931338599586745796772026982380820389118649272944839985294328791,413.497551,58328.6822,0.37,0.4,0.05,0.01,True,0.4,0.37,0.030000000000000027,383.77600000000007,3248.5196,650.8818,0.63,0.6,0.030000000000000027,1108.2582,2269.7431,575.664,Yes,0.435977,0.403246,0.449343,0.4,0.37,0.03,0.012,0.023977,-0.026754,0.04,0.334,3248.52,Oddschecker consensus captured 2026-07-16,,WATCH,0
fifwc-fra-eng-2026-07-18,fifwc-fra-eng-2026-07-18-first-to-score,France vs. England - First Team to Score,2942002,soccer_first_to_score,Neither,France vs. England: Neither team to score first?,Yes,No,53909487511469903385778890039741849533103721576045814105547494969268513418889,16366202394934605632115871327259410479798404477344927866250023057352893411893,4448.225230999999,148392.2932,0.04,0.05,0.05,0.01,True,0.05,0.04,0.010000000000000002,2106.4500000000003,4806.7098000000005,306.81759999999997,0.96,0.95,0.010000000000000009,7363.622399999999,292197.3126,40022.549999999996,Yes,0.091087,0.076386,0.143443,0.05,0.04,0.01,0.002375,0.038712,0.006011,0.04,0.017,4806.71,Oddschecker consensus captured 2026-07-16,,WATCH,0
fifwc-fra-eng-2026-07-18,fifwc-fra-eng-2026-07-18-more-markets,France vs. England - More Markets,2942101,spreads,France (-1.5),Spread: France (-1.5),France,England,107315532298789701436237363960672430085793514173994076548684716531610645605062,45930495139847278152934131136324997363117779649024847111322222331312813758735,8237.912512000003,139511.6117,0.28,0.29,0.05,0.01,True,0.29,0.28,0.009999999999999953,927.7534999999999,8883.266099999999,3352.6304000000005,0.72,0.71,0.010000000000000009,8621.0496,40835.7802,2271.3965,England,0.846993,0.833734,0.875863,0.72,0.71,0.01,0.01008,0.116913,0.085654,0.04,0.766,40835.78,Oddschecker consensus captured 2026-07-16,External sharp pricing implies a materially higher-scoring and more France-favoured match than the independent model; do not automate correlated contrarian totals or spread bets before lineups.,EXTERNAL_CONFLICT_PASS,0
fifwc-fra-eng-2026-07-18,fifwc-fra-eng-2026-07-18-more-markets,France vs. England - More Markets,2942102,spreads,England (-1.5),Spread: England (-1.5),England,France,59081023737975607500628528400166797136144717449042303459139811438678429594435,99901836617520718258160716567558126987507829345477748705868933930827338302389,1016.196665,96371.4498,0.11,0.12,0.05,0.01,True,0.12,0.11,0.009999999999999995,677.4564,3147.1368,96.91,0.89,0.88,0.010000000000000009,784.09,13881.758,4968.0136,England,0.124737,0.100877,0.136817,0.12,0.11,0.01,0.00528,-0.000543,-0.042403,0.04,0.04,3147.14,Oddschecker consensus captured 2026-07-16,,PASS,0
fifwc-fra-eng-2026-07-18,fifwc-fra-eng-2026-07-18-more-markets,France vs. England - More Markets,2942103,spreads,France (-2.5),Spread: France (-2.5),France,England,93539866195124165694729688965730248046184193746602191832197809660776251335744,4110944043952185402670353611530369910123429462051198103756625151142374961601,614.4890730000001,87420.5619,0.13,0.14,0.05,0.01,True,0.14,0.13,0.010000000000000009,328.15160000000003,1251.3048,195.9035,0.87,0.86,0.010000000000000009,1311.0465,13037.2266,2015.7884,England,0.94594,0.938169,0.961851,0.87,0.86,0.01,0.005655,0.070285,0.044514,0.04,0.874,13037.23,Oddschecker consensus captured 2026-07-16,External sharp pricing implies a materially higher-scoring and more France-favoured match than the independent model; do not automate correlated contrarian totals or spread bets before lineups.,EXTERNAL_CONFLICT_PASS,0
fifwc-fra-eng-2026-07-18,fifwc-fra-eng-2026-07-18-more-markets,France vs. England - More Markets,2942104,spreads,England (-2.5),Spread: England (-2.5),England,France,107356637311190267360783850642751181429643542425881821170401275479962938083788,55935298681955775296732900074490808079328769995256102977083593930399895110771,6156.485654,95048.82715,0.036,0.037,0.05,0.001,True,0.037,0.036,0.0010000000000000009,11.87182,891.9952299999999,4.34736,0.964,0.963,0.0010000000000000009,116.41264,11205.28108,308.98818,England,0.041907,0.028377,0.048511,0.037,0.036,0.001,0.001782,0.003125,-0.028404,0.04,0.0,892.0,Oddschecker consensus captured 2026-07-16,,PASS,0
fifwc-fra-eng-2026-07-18,fifwc-fra-eng-2026-07-18-more-markets,France vs. England - More Markets,2942105,spreads,France (-3.5),Spread: France (-3.5),France,England,30524596259337981680587728552664553209709035817148238328444855292983132704753,12386495218367275181874695555531833907696459056042848951693399856367821752395,12562.602664000002,100421.71125,0.045,0.046,0.05,0.001,True,0.046,0.045,0.0010000000000000009,47.213480000000004,270.12738,16.622999999999998,0.955,0.954,0.0010000000000000009,352.777,4013.4483999999998,979.1665200000001,England,0.98385,0.980249,0.990303,0.955,0.954,0.001,0.002149,0.026701,0.0051,0.04,0.918,4013.45,Oddschecker consensus captured 2026-07-16,,WATCH,0
fifwc-fra-eng-2026-07-18,fifwc-fra-eng-2026-07-18-more-markets,France vs. England - More Markets,2942106,spreads,England (-3.5),Spread: England (-3.5),England,France,109806483494935630291934132465846911927555746621302847455697136067770036217238,51997224566828875083197896629043134496740294018910226882849480957145518270977,5,83245.97931,0.01,0.017,0.05,0.001,True,0.017,0.01,0.007000000000000001,43.582390000000004,53.83612,14.154100000000001,0.99,0.983,0.007000000000000006,1401.2559,9119.83362,2520.08761,France,0.988057,0.985551,0.993523,0.99,0.983,0.007,0.000495,-0.002438,-0.022944,0.04,0.924,9119.83,Oddschecker consensus captured 2026-07-16,,PASS,0
fifwc-fra-eng-2026-07-18,fifwc-fra-eng-2026-07-18-more-markets,France vs. England - More Markets,2942107,spreads,France (-4.5),Spread: France (-4.5),France,England,85267834267532893381510494854489910146537723937553185091933756740287328487141,43139594823871088966056390711790956497528805465981182476579695643178411232867,50.5555,81619.7358,0.01,0.09,0.05,0.01,True,0.08,0.01,0.07,1.0,3.3499999999999996,3.4944,0.99,0.92,0.06999999999999995,345.9456,345.9456,11.5,England,0.99567,0.994663,0.997846,0.99,0.92,0.07,0.000495,0.005175,-0.013832,0.04,0.933,345.95,Oddschecker consensus captured 2026-07-16,,PASS,0
fifwc-fra-eng-2026-07-18,fifwc-fra-eng-2026-07-18-more-markets,France vs. England - More Markets,2942108,spreads,England (-4.5),Spread: England (-4.5),England,France,83858137775429766873583079293801133212676011201440037799442043787644885294823,89058207458134900758600319309526527341787020895808278123754134456905217734693,604.9906,80314.5721,0.004,0.01,0.05,0.001,True,0.01,0.004,0.006,9.0956,18.271369999999997,3.21812,0.996,0.99,0.006000000000000005,801.31188,3141.83968,900.4644,France,0.99701,0.996269,0.998494,0.996,0.99,0.006,0.000199,0.000811,-0.017931,0.04,0.935,3141.84,Oddschecker consensus captured 2026-07-16,,PASS,0
fifwc-fra-eng-2026-07-18,fifwc-fra-eng-2026-07-18-more-markets,France vs. England - More Markets,2942109,spreads,France (-5.5),Spread: France (-5.5),France,England,107015951727796682676788885254080516570237213402306304530045294301833891644659,9446245787433246498335064310287294029330042203205887085004523959288003776213,961.4111580000001,88678.07343,0.004,0.01,0.05,0.001,True,0.01,0.004,0.006,19.0279,31.11151,2.041,0.996,0.99,0.006000000000000005,508.209,13104.05952,1883.7621,England,0.998953,0.998594,0.999574,0.996,0.99,0.006,0.000199,0.002754,-0.015605,0.04,0.937,13104.06,Oddschecker consensus captured 2026-07-16,,PASS,0
fifwc-fra-eng-2026-07-18,fifwc-fra-eng-2026-07-18-more-markets,France vs. England - More Markets,2942110,spreads,England (-5.5),Spread: England (-5.5),England,France,77241955199380862377228543134066331526988123349321676518462683525841616901560,110801258184439721765191661716063636530979258652834634756174617338920391705687,519.9994,82926.85832,0.003,0.006,0.05,0.001,True,0.006,0.003,0.003,1.092,45.1155,1.92558,0.997,0.994,0.0030000000000000027,639.93442,3364.68361,180.908,France,0.999267,0.999063,0.999686,0.997,0.994,0.003,0.00015,0.002117,-0.016087,0.04,0.938,3364.68,Oddschecker consensus captured 2026-07-16,,PASS,0
fifwc-fra-eng-2026-07-18,fifwc-fra-eng-2026-07-18-more-markets,France vs. England - More Markets,2942111,totals,O/U 0.5,France vs. England: O/U 0.5,Over,Under,63394989871563411327592225760911317119016898782082385835069625555113561021962,32120227478407138859055793501586096850440988532128785588091232235719684264342,15836.298584000004,100592.95224,0.962,0.966,0.05,0.001,True,0.966,0.962,0.0040000000000000036,4111.9335599999995,71949.02555,3507.4519999999998,0.038,0.034,0.003999999999999997,138.548,678.01412,144.72644,Under,0.091087,0.076386,0.143443,0.038,0.034,0.004,0.001828,0.051259,0.024558,0.025,0.037,678.01,Oddschecker consensus captured 2026-07-16,,WATCH,0
fifwc-fra-eng-2026-07-18,fifwc-fra-eng-2026-07-18-more-markets,France vs. England - More Markets,2942112,totals,O/U 1.5,France vs. England: O/U 1.5,Over,Under,55849010379012227718027113079992156041960679126331030026026488393449056177567,74910594565068158224893375660958876959994195840064419226652129439754632788747,6466.5482219999985,117829.9169,0.86,0.87,0.05,0.01,True,0.87,0.86,0.010000000000000009,5411.3216999999995,26669.514600000002,5220.0968,0.14,0.13,0.010000000000000009,849.7832000000001,5244.1069,808.5883,Under,0.284937,0.247817,0.39156,0.14,0.13,0.01,0.00602,0.138917,0.089797,0.025,0.202,5244.11,Oddschecker consensus captured 2026-07-16,External sharp pricing implies a materially higher-scoring and more France-favoured match than the independent model; do not automate correlated contrarian totals or spread bets before lineups.,EXTERNAL_CONFLICT_PASS,0
fifwc-fra-eng-2026-07-18,fifwc-fra-eng-2026-07-18-more-markets,France vs. England - More Markets,2942113,totals,O/U 2.5,France vs. England: O/U 2.5,Over,Under,91273691439800949134343698031415822234564495516010775300750054870032248800390,51996903197318772681058668801526087046272632621329877425203598210032904792582,25265.116506000006,186360.1289,0.67,0.68,0.05,0.01,True,0.68,0.67,0.010000000000000009,18473.152000000002,59124.746499999994,2906.6878,0.33,0.32,0.010000000000000009,1404.2853,7727.4743,8776.4768,Under,0.5175,0.465871,0.639463,0.33,0.32,0.01,0.011055,0.176445,0.112816,0.025,0.416,7727.47,Oddschecker consensus captured 2026-07-16,External sharp pricing implies a materially higher-scoring and more France-favoured match than the independent model; do not automate correlated contrarian totals or spread bets before lineups.,EXTERNAL_CONFLICT_PASS,0
fifwc-fra-eng-2026-07-18,fifwc-fra-eng-2026-07-18-more-markets,France vs. England - More Markets,2942114,totals,O/U 3.5,France vs. England: O/U 3.5,Over,Under,95915378873861214136464741197731679476285197462037980287078869056825510229415,80365342899455479632541246608117408855851039680249554514392443212940481459570,43039.46698899999,307562.3105,0.44,0.45,0.05,0.01,True,0.45,0.44,0.010000000000000009,26500.455,46554.5285,20307.9272,0.56,0.55,0.010000000000000009,25846.452800000003,157698.2966,32389.445000000003,Under,0.713647,0.664997,0.812466,0.56,0.55,0.01,0.01232,0.141327,0.080677,0.025,0.616,157698.3,Oddschecker consensus captured 2026-07-16,External sharp pricing implies a materially higher-scoring and more France-favoured match than the independent model; do not automate correlated contrarian totals or spread bets before lineups.,EXTERNAL_CONFLICT_PASS,0
fifwc-fra-eng-2026-07-18,fifwc-fra-eng-2026-07-18-more-markets,France vs. England - More Markets,2942115,totals,O/U 4.5,France vs. England: O/U 4.5,Over,Under,7267436150570971620568374104121715758612572881063684710694300709246542320993,64143894378963589272843637530029731499807712614460216549109031708733298999931,2494.556250999999,101360.5339,0.24,0.25,0.05,0.01,True,0.25,0.24,0.010000000000000009,236.7875,5137.7317,1268.7479999999998,0.76,0.75,0.010000000000000009,4017.7019999999998,23386.5233,710.3625,Under,0.84939,0.814137,0.912051,0.76,0.75,0.01,0.00912,0.08027,0.033017,0.025,0.768,23386.52,Oddschecker consensus captured 2026-07-16,External sharp pricing implies a materially higher-scoring and more France-favoured match than the independent model; do not automate correlated contrarian totals or spread bets before lineups.,EXTERNAL_CONFLICT_PASS,0
fifwc-fra-eng-2026-07-18,fifwc-fra-eng-2026-07-18-more-markets,France vs. England - More Markets,2942116,totals,O/U 5.5,France vs. England: O/U 5.5,Over,Under,2837693008135583864003951653173854105705739433929544841571301661558210743572,99391303792561285756495149589862050061661277188853613284256324718757101288129,7423.5693809999975,87218.303,0.12,0.13,0.05,0.01,True,0.13,0.12,0.010000000000000009,367.2734,1463.1767,471.5148,0.88,0.87,0.010000000000000009,3457.7752,29980.5212,2457.9066,Under,0.928217,0.904991,0.962334,0.88,0.87,0.01,0.00528,0.042937,0.007711,0.025,0.862,29980.52,Oddschecker consensus captured 2026-07-16,,WATCH,0
fifwc-fra-eng-2026-07-18,fifwc-fra-eng-2026-07-18-more-markets,France vs. England - More Markets,2942117,totals,O/U 6.5,France vs. England: O/U 6.5,Over,Under,25098640277282139188067828879686561255823846168955945665383818259964582022663,74656679432355534623655040730607466184987767891880084920922552797033526495351,8904.999974999999,183370.8036,0.04,0.05,0.05,0.01,True,0.05,0.04,0.010000000000000002,147.9915,895.9434000000001,541.9264000000001,0.96,0.95,0.010000000000000009,13006.2336,68845.4636,2811.8385,Under,0.96938,0.957074,0.985657,0.96,0.95,0.01,0.00192,0.00746,-0.016846,0.025,0.916,68845.46,Oddschecker consensus captured 2026-07-16,,PASS,0
fifwc-fra-eng-2026-07-18,fifwc-fra-eng-2026-07-18-more-markets,France vs. England - More Markets,2942118,totals,O/U 7.5,France vs. England: O/U 7.5,Over,Under,68106979109768751965045734891157200950640947704100301544315316427684123650379,64647116436858852187348705438424254494636479711911768297280086352874089897214,20,87058.46814,0.019,0.02,0.05,0.001,True,0.02,0.019,0.0010000000000000009,2.1208,97.32144,26.560290000000002,0.981,0.98,0.0010000000000000009,1371.34971,217772.24289,103.9192,Under,0.98791,0.981826,0.994774,0.981,0.98,0.001,0.000932,0.005978,-0.012106,0.025,0.942,217772.24,Oddschecker consensus captured 2026-07-16,,PASS,0
fifwc-fra-eng-2026-07-18,fifwc-fra-eng-2026-07-18-more-markets,France vs. England - More Markets,2942119,totals,O/U 8.5,France vs. England: O/U 8.5,Over,Under,12309041237156455261283503330653006911942200196521974037423298457112193029839,44323953344620754285908375724740610970694641883401414173072988917495231221712,2445.0026,96057.46729,0.005,0.006,0.05,0.001,True,0.006,0.005,0.001,1.58226,67.6334,7.6691,0.995,0.994,0.0010000000000000009,1526.1508999999999,10789.43936,262.12773999999996,Under,0.995513,0.992857,0.998309,0.995,0.994,0.001,0.000249,0.000265,-0.014392,0.025,0.953,10789.44,Oddschecker consensus captured 2026-07-16,,PASS,0
fifwc-fra-eng-2026-07-18,fifwc-fra-eng-2026-07-18-more-markets,France vs. England - More Markets,2942120,soccer_extra_time,Will the Match Go to Extra Time?,France vs. England: Will the Match Go to Extra Time?,Yes,No,97073421403398987959367536357885777657934815132029969889101561100080702766740,21741388897814937158825210815863347655387627963929351195812841540921288098860,244.20807499999998,114938.043,0.24,0.25,0.05,0.01,True,0.25,0.24,0.010000000000000009,89.9975,2467.9975,907.6416,0.76,0.75,0.010000000000000009,2874.1984,15800.258399999999,269.9925,Yes,0.305323,0.295431,0.340123,0.25,0.24,0.01,0.009375,0.045948,0.024056,0.025,0.249,2468.0,Oddschecker consensus captured 2026-07-16,,WATCH,0
fifwc-fra-eng-2026-07-18,fifwc-fra-eng-2026-07-18-more-markets,France vs. England - More Markets,2942121,soccer_penalty_shootout,Will the Match Go to a Penalty Shootout?,France vs. England: Will the Match Go to a Penalty Shootout?,Yes,No,83043179192993203630938053790340590898652055325504637846849207587554779805134,23115808433726815135634015219269625481365734215381833317301970662744681283594,997.8479189999999,102535.8414,0.12,0.13,0.05,0.01,True,0.13,0.12,0.010000000000000009,52.17550000000001,77.6755,136.68,0.88,0.87,0.010000000000000009,1002.32,1447.3200000000002,349.1745,Yes,0.166613,0.157189,0.192497,0.13,0.12,0.01,0.005655,0.030958,-0.008466,0.08,0.045,77.68,Oddschecker consensus captured 2026-07-16,,WATCH,0
fifwc-fra-eng-2026-07-18,fifwc-fra-eng-2026-07-18-more-markets,France vs. England - More Markets,2943451,soccer_team_to_advance,Team to Win,France vs. England: Team to Win,France,England,68383229798738153843260173110368067454393737148304707811610243859638727205428,19937769871419809473954673695368929587069246301853660575164489787400178851999,84270.407346,498120.5943,0.63,0.64,0.05,0.01,True,0.64,0.63,0.010000000000000009,16300.672,151015.8081,91512.33210000001,0.37,0.36,0.010000000000000009,53742.1929,137855.6099,9163.728,England,0.483583,0.469994,0.500023,0.37,0.36,0.01,0.011655,0.101928,0.076339,0.025,0.42,137855.61,Oddschecker consensus captured 2026-07-16,External sharp pricing implies a materially higher-scoring and more France-favoured match than the independent model; do not automate correlated contrarian totals or spread bets before lineups.,EXTERNAL_CONFLICT_PASS,0
fifwc-fra-eng-2026-07-18,fifwc-fra-eng-2026-07-18-total-corners,France vs. England - Total Corners,2942122,total_corners,Total Corners: O/U 7.5,France vs. England: O/U 7.5 Total Corners,Over,Under,82737101781736233368805000095435496007494486871904983788683047060637474637581,110459387052509135950514758666279069015364599349259913317149342417234908734325,355.272691,9144.8243,0.64,0.65,0.05,0.01,True,0.65,0.64,0.010000000000000009,84.18800000000002,477.2214,64.0,0.36,0.35,0.010000000000000009,71.28,207.84,45.332,Over,0.81253,0.709714,0.832194,0.65,0.64,0.01,0.011375,0.151155,0.023339,0.06,0.612,477.22,Oddschecker consensus captured 2026-07-16,,WATCH,0
fifwc-fra-eng-2026-07-18,fifwc-fra-eng-2026-07-18-total-corners,France vs. England - Total Corners,2942123,total_corners,Total Corners: O/U 9.5,France vs. England: O/U 9.5 Total Corners,Over,Under,74521456636767031604688100457193866424444143835411879544395720416068677391952,5773535398990059725323205702229302251691300650431994026209860163076660304027,2819.9132790000003,30063.884,0.4,0.41,0.05,0.01,True,0.41,0.4,0.009999999999999953,313.65,410.1162,3142.9120000000003,0.6,0.59,0.010000000000000009,4714.3679999999995,4776.3679999999995,451.34999999999997,Over,0.623027,0.489691,0.649677,0.41,0.4,0.01,0.012095,0.200932,0.042596,0.06,0.392,410.12,Oddschecker consensus captured 2026-07-16,,WATCH,0
fifwc-fra-eng-2026-07-18,fifwc-fra-eng-2026-07-18-total-corners,France vs. England - Total Corners,2942124,total_corners,Total Corners: O/U 10.5,France vs. England: O/U 10.5 Total Corners,Over,Under,112168995059814549386010508206108993064060064763785711819890321518838685303745,39108053213129684546469482314826802561017058586480290071725568791745522768247,253.35504000000003,8334.1435,0.27,0.3,0.05,0.01,True,0.3,0.27,0.02999999999999997,86.54100000000001,148.6309,94.7403,0.73,0.7,0.030000000000000027,256.1497,631.1496999999999,201.929,Over,0.515883,0.382554,0.543054,0.3,0.27,0.03,0.0105,0.205383,0.047054,0.06,0.287,148.63,Oddschecker consensus captured 2026-07-16,,WATCH,0
fifwc-fra-eng-2026-07-18,fifwc-fra-eng-2026-07-18-total-corners,France vs. England - Total Corners,2942125,total_corners,Total Corners: O/U 11.5,France vs. England: O/U 11.5 Total Corners,Over,Under,79794945354423002433037771941457657706842839774169576081409224999650611127540,6760474390440116577692233208572932424237181782432584004470725109648616682321,1235.3422699999999,5364.9851,0.19,0.21,0.05,0.01,True,0.21,0.18,0.03,61.338899999999995,120.0671,208.99079999999998,0.82,0.79,0.029999999999999916,952.0691999999999,1052.8691999999999,230.75109999999998,Over,0.410297,0.290114,0.435977,0.21,0.18,0.03,0.008295,0.192002,0.046819,0.06,0.197,120.07,Oddschecker consensus captured 2026-07-16,,WATCH,0
fifwc-fra-eng-2026-07-18,fifwc-fra-eng-2026-07-18-total-corners,France vs. England - Total Corners,2942126,total_corners,Total Corners: O/U 12.5,France vs. England: O/U 12.5 Total Corners,Over,Under,40906681590660419103556621797218531407941024281539588912975066296410448906563,51788962364913067057740152229959831402862938580319224337948409110894662210847,130.316589,35668.6393,0.11,0.13,0.05,0.01,True,0.13,0.11,0.020000000000000004,79.6367,622.9635000000001,82.9334,0.89,0.87,0.020000000000000018,671.0066,2280.5326000000005,532.9533,Over,0.313343,0.211006,0.335934,0.13,0.11,0.02,0.005655,0.177688,0.050351,0.06,0.12,622.96,Oddschecker consensus captured 2026-07-16,,WATCH,0
fifwc-fra-eng-2026-07-18,fifwc-fra-eng-2026-07-18-total-corners,France vs. England - Total Corners,2942127,total_corners,Total Corners: O/U 8.5,France vs. England: O/U 8.5 Total Corners,Over,Under,9199245358321606659376918480682939142774574358606906132911106408283595182918,10154543686257673514573572805511142794407521096128765808644869575953422480577,1209.181282,40898.9668,0.53,0.54,0.05,0.01,True,0.54,0.53,0.010000000000000009,154.98000000000002,262.40650000000005,886.4886,0.47,0.46,0.009999999999999953,786.1313999999999,2641.7394,132.02,Over,0.723563,0.60146,0.748057,0.54,0.53,0.01,0.01242,0.171143,0.02404,0.06,0.503,262.41,Oddschecker consensus captured 2026-07-16,,WATCH,0
fifwc-fra-eng-2026-07-18,fifwc-fra-eng-2026-07-18-total-corners,France vs. England - Total Corners,2942128,total_corners,Total Corners: O/U 6.5,France vs. England: O/U 6.5 Total Corners,Over,Under,96038757124217797449325148285961624701310370449787723647122146043573091921556,70144782109197884207570390508473440928281313651662974556712206334252616295522,486.866528,10278.3336,0.74,0.76,0.05,0.01,True,0.76,0.74,0.020000000000000018,551.38,2203.728,197.2174,0.26,0.24,0.020000000000000018,98.4126,702.037,174.12,Over,0.884623,0.807197,0.89752,0.76,0.74,0.02,0.00912,0.115503,0.013077,0.06,0.711,2203.73,Oddschecker consensus captured 2026-07-16,,WATCH,0
fifwc-fra-eng-2026-07-18,fifwc-fra-eng-2026-07-18-total-corners,France vs. England - Total Corners,2942129,soccer_first_half_total_corners,1st Half Total Corners: O/U 3.5,France vs. England: 1st Half O/U 3.5 Total Corners,Over,Under,364961966268651867414037428014500876692984930380256550133522201479322140365,70919329620415768390956207467660621636413175096559474493097068180068574300061,0,12411.3065,0.51,0.73,0.05,0.01,True,0.72,0.51,0.20999999999999996,11.0232,118.4063,25.5,0.49,0.28,0.20999999999999996,24.5,691.165,4.2868,Over,0.667897,0.583566,0.684623,0.72,0.51,0.21,0.01008,-0.062183,-0.171514,0.06,0.486,118.41,Oddschecker consensus captured 2026-07-16,,PASS,0
fifwc-fra-eng-2026-07-18,fifwc-fra-eng-2026-07-18-total-corners,France vs. England - Total Corners,2942130,soccer_first_half_total_corners,1st Half Total Corners: O/U 4.5,France vs. England: 1st Half O/U 4.5 Total Corners,Over,Under,32040466707452496073679992858224274721235398044906739823229141478841142916597,81671802901524969961293313032484006457696910967769163647428003676987740941515,0,7925.7405,0.31,0.68,0.05,0.01,True,0.67,0.31,0.36000000000000004,10.257700000000002,110.3438,15.5,0.69,0.33,0.35999999999999993,34.5,1434.5,5.052300000000001,Under,0.512903,0.494774,0.600637,0.69,0.33,0.36,0.010695,-0.187792,-0.230921,0.06,0.397,1434.5,Oddschecker consensus captured 2026-07-16,,PASS,0
fifwc-fra-eng-2026-07-18,fifwc-fra-eng-2026-07-18-total-corners,France vs. England - Total Corners,2942131,soccer_first_half_total_corners,1st Half Total Corners: O/U 5.5,France vs. England: 1st Half O/U 5.5 Total Corners,Over,Under,23859736097294385032774398803606926459911507379560539546900972804495099146936,95478875632286283349583785131192322770010071444219253360085972294248081124520,0,4341.993,0.18,0.38,0.05,0.01,True,0.37,0.18,0.19,5.6647,61.9688,19.439999999999998,0.82,0.63,0.18999999999999995,88.55999999999999,1748.56,9.6453,Over,0.319977,0.246174,0.336337,0.37,0.18,0.19,0.011655,-0.061678,-0.160481,0.06,0.154,61.97,Oddschecker consensus captured 2026-07-16,,PASS,0
fifwc-fra-eng-2026-07-18,fifwc-fra-eng-2026-07-18-total-corners,France vs. England - Total Corners,2942132,soccer_second_half_total_corners,2nd Half Total Corners: O/U 3.5,France vs. England: 2nd Half O/U 3.5 Total Corners,Over,Under,57967506953408546210077454782768488111983104018630645054328806801863727158734,33868995604101967066575643625057945241343200854476512338312020690588903033078,0,6953.9198,0.51,0.89,0.05,0.01,True,0.89,0.51,0.38,96.6896,996.6896,25.5,0.49,0.11,0.38,24.5,774.5,11.9504,Over,0.848737,0.778449,0.862103,0.89,0.51,0.38,0.004895,-0.046158,-0.141446,0.06,0.682,996.69,Oddschecker consensus captured 2026-07-16,,PASS,0
fifwc-fra-eng-2026-07-18,fifwc-fra-eng-2026-07-18-total-corners,France vs. England - Total Corners,2942133,soccer_second_half_total_corners,2nd Half Total Corners: O/U 4.5,France vs. England: 2nd Half O/U 4.5 Total Corners,Over,Under,60293486787940927809386510938701309692323686709810151080062528932938287471800,58080222179136729384437910261935656271406454974512360019703969515059893277292,0,3322.5035,0.34,0.78,0.05,0.01,True,0.77,0.34,0.43,11.7887,126.4688,17.0,0.66,0.23,0.43000000000000005,33.0,1373.0,3.5213,Over,0.726693,0.62918,0.744283,0.77,0.34,0.43,0.008855,-0.052162,-0.174675,0.06,0.531,126.47,Oddschecker consensus captured 2026-07-16,,PASS,0
fifwc-fra-eng-2026-07-18,fifwc-fra-eng-2026-07-18-total-corners,France vs. England - Total Corners,2942134,soccer_second_half_total_corners,2nd Half Total Corners: O/U 5.5,France vs. England: 2nd Half O/U 5.5 Total Corners,Over,Under,6750523889293961322670902604813931674393358648059521351302541838174372881901,42073691791235335583184180190811522894505360404452549254503595161763813151547,0,2245.3963,0.2,0.68,0.05,0.01,True,0.67,0.2,0.47000000000000003,10.257700000000002,110.3438,21.6,0.8,0.33,0.47000000000000003,86.4,2516.4,5.052300000000001,Over,0.58039,0.471546,0.602454,0.67,0.2,0.47,0.011055,-0.100665,-0.234509,0.06,0.374,110.34,Oddschecker consensus captured 2026-07-16,,PASS,0
fifwc-fra-eng-2026-07-18,fifwc-fra-eng-2026-07-18-total-corners,France vs. England - Total Corners,2942135,soccer_game_corners_odd_even,Total Corners: Odd or Even,France vs. England: Total Corners Odd or Even?,Odd,Even,12260513413424154986236494834029101043317069761387237447682034637095753394133,53852807331119707193572180932475621708500317124710147207322658523414967160603,3.125,64559.0771,0.49,0.51,0.05,0.01,True,0.51,0.49,0.020000000000000018,5698.3116,6334.3548,5474.8484,0.51,0.49,0.020000000000000018,5698.3116,6334.3548,5474.8484,Even,0.499143,0.500283,0.50202,0.51,0.49,0.02,0.012495,-0.023352,-0.047212,0.06,0.403,6334.35,Oddschecker consensus captured 2026-07-16,,PASS,0
fifwc-fra-eng-2026-07-18,fifwc-fra-eng-2026-07-18-total-corners,France vs. England - Total Corners,2942136,soccer_first_corner,Team to Take First Corner,France vs. England: Team to Take First Corner,France,England,109426155258832192110465069987449716342784349152372424241275278380245957302661,110820722777010390504614227253165554445079884925564786549086628000219103637965,21.113796999999998,2704.2723,0.52,0.59,0.05,0.01,True,0.59,0.52,0.06999999999999995,4.012,66.557,11.57,0.48,0.41,0.07,10.68,35.18,2.788,France,0.637717,0.635991,0.637389,0.59,0.52,0.07,0.012095,0.035622,0.008896,0.06,0.538,66.56,Oddschecker consensus captured 2026-07-16,,WATCH,0
fifwc-fra-eng-2026-07-18,fifwc-fra-eng-2026-07-18-player-props,France vs. England - Player Props,2943702,soccer_player_goalkeeper_saves,Brice Samba: 2+ saves,Brice Samba: 2+ saves,Yes,No,107239424319556934147292015802617748010670565192190716315417329416063517212725,25327042312870402417078576735458088437877510959276518403559404661297429863530,0,4.5,0.02,0.98,0.05,0.01,True,0.98,0.02,0.96,4.9,217.75,0.1,0.98,0.02,0.96,4.9,217.75,0.1,,,,,,,,,,,,,,,,UNSUPPORTED_OR_LINEUP_FILTER,0
fifwc-fra-eng-2026-07-18,fifwc-fra-eng-2026-07-18-player-props,France vs. England - Player Props,2943703,soccer_player_goalkeeper_saves,Brice Samba: 3+ saves,Brice Samba: 3+ saves,Yes,No,70464853199361914220635425943177608221708647825164590421527577870771739707812,66359722997278914626995632328709946089937133069995390680774378534906243844215,0,4.5,0.02,0.98,0.05,0.01,True,0.98,0.02,0.96,4.9,217.75,0.1,0.98,0.02,0.96,4.9,217.75,0.1,,,,,,,,,,,,,,,,UNSUPPORTED_OR_LINEUP_FILTER,0
fifwc-fra-eng-2026-07-18,fifwc-fra-eng-2026-07-18-player-props,France vs. England - Player Props,2943704,soccer_player_goalkeeper_saves,Brice Samba: 4+ saves,Brice Samba: 4+ saves,Yes,No,43832504498794667537562273285312067395013792631186320407025315591705512831428,4842682567934698787378350289402278457425286224197245085317386766003787113842,0,4.5,0.02,0.98,0.05,0.01,True,0.98,0.02,0.96,4.9,217.75,0.1,0.98,0.02,0.96,4.9,217.75,0.1,,,,,,,,,,,,,,,,UNSUPPORTED_OR_LINEUP_FILTER,0
fifwc-fra-eng-2026-07-18,fifwc-fra-eng-2026-07-18-player-props,France vs. England - Player Props,2943705,soccer_player_goalkeeper_saves,Brice Samba: 5+ saves,Brice Samba: 5+ saves,Yes,No,6551304375398896690999282885374771373567188695895325825897915891048413470418,102406726678593717639284999169743677080529794379116954514729767177473864630147,0,4.5,0.02,0.98,0.05,0.01,True,0.98,0.02,0.96,4.9,217.75,0.1,0.98,0.02,0.96,4.9,217.75,0.1,,,,,,,,,,,,,,,,UNSUPPORTED_OR_LINEUP_FILTER,0
fifwc-fra-eng-2026-07-18,fifwc-fra-eng-2026-07-18-player-props,France vs. England - Player Props,2943706,soccer_player_goalkeeper_saves,Jordan Pickford: 2+ saves,Jordan Pickford: 2+ saves,Yes,No,27597930125218543988908978855024722916866759394769641722353689326181096031468,6655948019428412795641236036433485742724996333821441594490744754054899212589,0,4.5,0.02,0.98,0.05,0.01,True,0.98,0.02,0.96,4.9,217.75,0.1,0.98,0.02,0.96,4.9,217.75,0.1,,,,,,,,,,,,,,,,UNSUPPORTED_OR_LINEUP_FILTER,0
fifwc-fra-eng-2026-07-18,fifwc-fra-eng-2026-07-18-player-props,France vs. England - Player Props,2943707,soccer_player_goalkeeper_saves,Jordan Pickford: 3+ saves,Jordan Pickford: 3+ saves,Yes,No,80482073614570993419314669693583038663861201582717221613260557384525792779649,56321152914275988016773101355755209914229189979879917124834771431844071320671,0,4.5,0.02,0.98,0.05,0.01,True,0.98,0.02,0.96,4.9,217.75,0.1,0.98,0.02,0.96,4.9,217.75,0.1,,,,,,,,,,,,,,,,UNSUPPORTED_OR_LINEUP_FILTER,0
fifwc-fra-eng-2026-07-18,fifwc-fra-eng-2026-07-18-player-props,France vs. England - Player Props,2943708,soccer_player_goalkeeper_saves,Jordan Pickford: 4+ saves,Jordan Pickford: 4+ saves,Yes,No,52675276782640070783519534781341050487055271132036606028851178656061450699244,40282337330215973006950446535045145940716964811559272002510729869643074127975,0,4.5,0.02,0.98,0.05,0.01,True,0.98,0.02,0.96,4.9,217.75,0.1,0.98,0.02,0.96,4.9,217.75,0.1,,,,,,,,,,,,,,,,UNSUPPORTED_OR_LINEUP_FILTER,0
fifwc-fra-eng-2026-07-18,fifwc-fra-eng-2026-07-18-player-props,France vs. England - Player Props,2943710,soccer_player_goalkeeper_saves,Jordan Pickford: 5+ saves,Jordan Pickford: 5+ saves,Yes,No,40002197637028842111347672702703550254816093679014376413263930406261679350623,57140502568349392325956068740822723516903115247977016255006303424258713833720,0,4.5,0.02,0.98,0.05,0.01,True,0.98,0.02,0.96,4.9,217.75,0.1,0.98,0.02,0.96,4.9,217.75,0.1,,,,,,,,,,,,,,,,UNSUPPORTED_OR_LINEUP_FILTER,0
fifwc-fra-eng-2026-07-18,fifwc-fra-eng-2026-07-18-player-props,France vs. England - Player Props,2944243,soccer_player_goals,Adrien Rabiot: 1+ goals,Adrien Rabiot: 1+ goals,Yes,No,78246975446826739918229031201704545008469578270555743284584488438260725261587,40019084462509325560561692069107705906113123902973391607382351474115479016460,0,5.2003,0.01,0.69,0.05,0.01,True,0.69,0.01,0.6799999999999999,11.129699999999998,11.129699999999998,0.1,0.99,0.31,0.6799999999999999,9.9,9.9,5.000299999999999,,,,,,,,,,,,,,,,UNSUPPORTED_OR_LINEUP_FILTER,0
fifwc-fra-eng-2026-07-18,fifwc-fra-eng-2026-07-18-player-props,France vs. England - Player Props,2944244,soccer_player_goals,Adrien Rabiot: 2+ goals,Adrien Rabiot: 2+ goals,Yes,No,2838196602495364036514704461237905080016104715738792015434007498013810830700,80286289980297304627264101185926742792288566219032328207184945794813337989893,0,5.3984,0.02,0.56,0.05,0.01,True,0.56,0.02,0.54,6.3616,6.3616,0.1,0.98,0.44,0.54,4.9,14.8,4.9984,,,,,,,,,,,,,,,,UNSUPPORTED_OR_LINEUP_FILTER,0
fifwc-fra-eng-2026-07-18,fifwc-fra-eng-2026-07-18-player-props,France vs. England - Player Props,2944245,soccer_player_goals,Anthony Gordon: 1+ goals,Anthony Gordon: 1+ goals,Yes,No,112841431692269007526313813445409902132284021879393041384929872271528081308672,88186527064120752351504198302367437105939196668738111502910515967374655058262,0,0,0,1,0.05,0.01,False,0.75,0.02,0.73,15.0,15.0,0.1,0.98,0.25,0.73,4.9,14.8,5.0,,,,,,,,,,,,,,,,UNSUPPORTED_OR_LINEUP_FILTER,0
fifwc-fra-eng-2026-07-18,fifwc-fra-eng-2026-07-18-player-props,France vs. England - Player Props,2944246,soccer_player_goals,Anthony Gordon: 2+ goals,Anthony Gordon: 2+ goals,Yes,No,57110125631564965470224717982372606903225150608273805075298454677629436668702,34286390230826291657020171336550950562050346380660258468626098550309826605003,0,5.4009,0.02,0.57,0.05,0.01,True,0.57,0.02,0.5499999999999999,6.6291,6.6291,0.1,0.98,0.43,0.55,4.9,14.8,5.000900000000001,,,,,,,,,,,,,,,,UNSUPPORTED_OR_LINEUP_FILTER,0
fifwc-fra-eng-2026-07-18,fifwc-fra-eng-2026-07-18-player-props,France vs. England - Player Props,2944247,soccer_player_goals,Aurélien Tchouameni: 1+ goals,Aurélien Tchouameni: 1+ goals,Yes,No,93601533437863886610988184047141121259645410169150524427135991859154796273047,55359425234404890880973630001088235733709488997679450697301315432028100915307,0,5.3004,0.02,0.64,0.05,0.01,True,0.64,0.02,0.62,8.8896,8.8896,0.1,0.98,0.36,0.62,4.9,9.850000000000001,5.0004,,,,,,,,,,,,,,,,UNSUPPORTED_OR_LINEUP_FILTER,0
fifwc-fra-eng-2026-07-18,fifwc-fra-eng-2026-07-18-player-props,France vs. England - Player Props,2944248,soccer_player_goals,Aurélien Tchouameni: 2+ goals,Aurélien Tchouameni: 2+ goals,Yes,No,109750152826239155271320793809174858967705946458639894440556871455304560718976,32500650905460942352993876673363182591774810811946300017193777812492642255002,0,5.3984,0.02,0.56,0.05,0.01,True,0.56,0.02,0.54,6.3616,6.3616,0.1,0.98,0.44,0.54,4.9,14.8,4.9984,,,,,,,,,,,,,,,,UNSUPPORTED_OR_LINEUP_FILTER,0
fifwc-fra-eng-2026-07-18,fifwc-fra-eng-2026-07-18-player-props,France vs. England - Player Props,2944249,soccer_player_goals,Bradley Barcola: 1+ goals,Bradley Barcola: 1+ goals,Yes,No,25591879838365978386633555140251472499890652679080294754525820703688061964815,5608163396462515818468870877941359143294865251509853305543021147646738619793,0,5.2004,0.01,0.82,0.05,0.01,True,0.82,0.01,0.8099999999999999,22.7796,22.7796,0.1,0.99,0.18,0.81,9.9,9.9,5.0004,,,,,,,,,,,,,,,,UNSUPPORTED_OR_LINEUP_FILTER,0
fifwc-fra-eng-2026-07-18,fifwc-fra-eng-2026-07-18-player-props,France vs. England - Player Props,2944250,soccer_player_goals,Bradley Barcola: 2+ goals,Bradley Barcola: 2+ goals,Yes,No,66414944939877517414056370136418005790411818073400654538150755854273443516589,14855735003144669940127502066367212803333306582441196778525563501062457224000,0,5.4,0.02,0.6,0.05,0.01,True,0.6,0.02,0.58,7.5,7.5,0.1,0.98,0.4,0.58,4.9,14.8,5.0,,,,,,,,,,,,,,,,UNSUPPORTED_OR_LINEUP_FILTER,0
fifwc-fra-eng-2026-07-18,fifwc-fra-eng-2026-07-18-player-props,France vs. England - Player Props,2944251,soccer_player_goals,Bradley Barcola: 3+ goals,Bradley Barcola: 3+ goals,Yes,No,2579846865105299944475074461585435134868360607818584866660944476130075516168,64723054489648665452021891033174313545506044063178917719950017675684995562735,0,5.1984,0.01,0.56,0.05,0.01,True,0.56,0.01,0.55,6.3616,6.3616,0.1,0.99,0.44,0.55,9.9,9.9,4.9984,,,,,,,,,,,,,,,,UNSUPPORTED_OR_LINEUP_FILTER,0
fifwc-fra-eng-2026-07-18,fifwc-fra-eng-2026-07-18-player-props,France vs. England - Player Props,2944252,soccer_player_goals,Bukayo Saka: 1+ goals,Bukayo Saka: 1+ goals,Yes,No,92753858325235969039882261190311808975135130964327663263068108750029575292861,66508186626477857786381759135061203530473029874975851474551590640091672200268,0,5.3998,0.02,0.74,0.05,0.01,True,0.74,0.02,0.72,14.2302,14.2302,0.1,0.98,0.26,0.72,4.9,14.8,4.9998000000000005,,,,,,,,,,,,,,,,UNSUPPORTED_OR_LINEUP_FILTER,0
fifwc-fra-eng-2026-07-18,fifwc-fra-eng-2026-07-18-player-props,France vs. England - Player Props,2944253,soccer_player_goals,Bukayo Saka: 2+ goals,Bukayo Saka: 2+ goals,Yes,No,4323275065243379306064438995852098538524413388207985259915329521002925747220,52143215467893616663678585837401404611297570001792842249201883782502306424926,0,5.2009,0.01,0.57,0.05,0.01,True,0.57,0.01,0.5599999999999999,6.6291,6.6291,0.1,0.99,0.43,0.56,9.9,9.9,5.000900000000001,,,,,,,,,,,,,,,,UNSUPPORTED_OR_LINEUP_FILTER,0
fifwc-fra-eng-2026-07-18,fifwc-fra-eng-2026-07-18-player-props,France vs. England - Player Props,2944254,soccer_player_goals,Declan Rice: 1+ goals,Declan Rice: 1+ goals,Yes,No,50163463492119764444834199840498556953957105931978421474450960432511756537263,40206088341345387770380288994672451406241064696159161798941488548544700871363,0,5.4015,0.02,0.65,0.05,0.01,True,0.65,0.02,0.63,9.288499999999999,9.288499999999999,0.1,0.98,0.35,0.63,4.9,14.8,5.001499999999999,,,,,,,,,,,,,,,,UNSUPPORTED_OR_LINEUP_FILTER,0
fifwc-fra-eng-2026-07-18,fifwc-fra-eng-2026-07-18-player-props,France vs. England - Player Props,2944255,soccer_player_goals,Declan Rice: 2+ goals,Declan Rice: 2+ goals,Yes,No,89910094184981658024055170916607156355141033187717131116072564200310523999321,80984810259533183600518138491407365756327073615643732476791697499167947877213,0,5.1984,0.01,0.56,0.05,0.01,True,0.56,0.01,0.55,6.3616,6.3616,0.1,0.99,0.44,0.55,9.9,9.9,4.9984,,,,,,,,,,,,,,,,UNSUPPORTED_OR_LINEUP_FILTER,0
fifwc-fra-eng-2026-07-18,fifwc-fra-eng-2026-07-18-player-props,France vs. England - Player Props,2944256,soccer_player_goals,Désiré Doué: 1+ goals,Désiré Doué: 1+ goals,Yes,No,87307384308114772520551409825358582091224651866880984016831502100720058252853,93716713245175888435961317019963500427542711839404618707659600475092192857188,0,5.4004,0.02,0.82,0.05,0.01,True,0.82,0.02,0.7999999999999999,22.7796,22.7796,0.1,0.98,0.18,0.8,4.9,14.8,5.0004,,,,,,,,,,,,,,,,UNSUPPORTED_OR_LINEUP_FILTER,0
fifwc-fra-eng-2026-07-18,fifwc-fra-eng-2026-07-18-player-props,France vs. England - Player Props,2944257,soccer_player_goals,Désiré Doué: 2+ goals,Désiré Doué: 2+ goals,Yes,No,64963973945905547026904343316748965047213165454457883918522106677871709980376,70322024837468872232130735093829597445043259204492215286482615901167753726879,0,5.402,0.02,0.59,0.05,0.01,True,0.59,0.02,0.57,7.1979999999999995,7.1979999999999995,0.1,0.98,0.41,0.5700000000000001,4.9,14.8,5.002,,,,,,,,,,,,,,,,UNSUPPORTED_OR_LINEUP_FILTER,0
fifwc-fra-eng-2026-07-18,fifwc-fra-eng-2026-07-18-player-props,France vs. England - Player Props,2944258,soccer_player_goals,Désiré Doué: 3+ goals,Désiré Doué: 3+ goals,Yes,No,93958707606844897019378988070360287006653728121402402856067105415107521607122,72674879399919852100673141276235617843332805472788325244325690374250108221656,0,5.1984,0.01,0.56,0.05,0.01,True,0.56,0.01,0.55,6.3616,6.3616,0.1,0.99,0.44,0.55,9.9,9.9,4.9984,,,,,,,,,,,,,,,,UNSUPPORTED_OR_LINEUP_FILTER,0
fifwc-fra-eng-2026-07-18,fifwc-fra-eng-2026-07-18-player-props,France vs. England - Player Props,2944259,soccer_player_goals,Eberechi Eze: 1+ goals,Eberechi Eze: 1+ goals,Yes,No,31273332930094748761440476290457150887596347804475185673920303989796692432863,84927210828896411808906859041638594231973967873253910336872895902926863659534,0,5.4004,0.02,0.73,0.05,0.01,True,0.73,0.02,0.71,13.519599999999999,13.519599999999999,0.1,0.98,0.27,0.71,4.9,14.8,5.0004,,,,,,,,,,,,,,,,UNSUPPORTED_OR_LINEUP_FILTER,0
fifwc-fra-eng-2026-07-18,fifwc-fra-eng-2026-07-18-player-props,France vs. England - Player Props,2944260,soccer_player_goals,Eberechi Eze: 2+ goals,Eberechi Eze: 2+ goals,Yes,No,114563045373740919181743673700221050180564280881826919210645775295502357701110,53808161412013389260135640439182938914789309876443844614797267404768796909448,0,5.4009,0.02,0.57,0.05,0.01,True,0.57,0.02,0.5499999999999999,6.6291,6.6291,0.1,0.98,0.43,0.55,4.9,14.8,5.000900000000001,,,,,,,,,,,,,,,,UNSUPPORTED_OR_LINEUP_FILTER,0
fifwc-fra-eng-2026-07-18,fifwc-fra-eng-2026-07-18-player-props,France vs. England - Player Props,2944261,soccer_player_goals,Elliot Anderson: 1+ goals,Elliot Anderson: 1+ goals,Yes,No,10425093312927089525795775037671773705014907305551352677325012909604390194176,106510378158717753786165856677879973162476268946857066515878747871497848334476,0,5.3987,0.02,0.63,0.05,0.01,True,0.63,0.02,0.61,8.5113,8.5113,0.1,0.98,0.37,0.61,4.9,14.8,4.9986999999999995,,,,,,,,,,,,,,,,UNSUPPORTED_OR_LINEUP_FILTER,0
fifwc-fra-eng-2026-07-18,fifwc-fra-eng-2026-07-18-player-props,France vs. England - Player Props,2944262,soccer_player_goals,Elliot Anderson: 2+ goals,Elliot Anderson: 2+ goals,Yes,No,30304410919255871745295508002177957176387083520711017694524536889737240210827,6368880269652548143240184310395352707822738738719738004010498207014444662812,0,5.3984,0.02,0.56,0.05,0.01,True,0.56,0.02,0.54,6.3616,6.3616,0.1,0.98,0.44,0.54,4.9,14.8,4.9984,,,,,,,,,,,,,,,,UNSUPPORTED_OR_LINEUP_FILTER,0
fifwc-fra-eng-2026-07-18,fifwc-fra-eng-2026-07-18-player-props,France vs. England - Player Props,2944263,soccer_player_goals,Harry Kane: 1+ goals,Harry Kane: 1+ goals,Yes,No,98734903948202659349349835383603113837297807912860270561914889787112393919863,101991842106596596647372699580965272537426226390917607788797245330416514300282,0,5.2,0.01,0.98,0.05,0.01,True,0.98,0.01,0.97,245.0,254.9,0.1,0.99,0.02,0.97,9.9,9.9,5.0,,,,,,,,,,,,,,,,UNSUPPORTED_OR_LINEUP_FILTER,0
fifwc-fra-eng-2026-07-18,fifwc-fra-eng-2026-07-18-player-props,France vs. England - Player Props,2944264,soccer_player_goals,Harry Kane: 2+ goals,Harry Kane: 2+ goals,Yes,No,39579191868312858211028586962271273255001809170335855502492675252708096673200,50043940695795544853185274656817930582673495913381480129584447019402893562553,0,5.3995,0.02,0.67,0.05,0.01,True,0.67,0.02,0.65,10.150500000000001,10.150500000000001,0.1,0.98,0.33,0.6499999999999999,4.9,14.8,4.9995,,,,,,,,,,,,,,,,UNSUPPORTED_OR_LINEUP_FILTER,0
fifwc-fra-eng-2026-07-18,fifwc-fra-eng-2026-07-18-player-props,France vs. England - Player Props,2944265,soccer_player_goals,Harry Kane: 3+ goals,Harry Kane: 3+ goals,Yes,No,88316139213565322790969337024527983225812825851144741528901611931831242009310,90129450670136802361067886175802074616959413433969203800987667363814885107013,0,515.398,0.02,0.48,0.05,0.01,True,0.46,0.02,0.44,229.99540000000002,511.9954,0.1,0.9,0.54,0.36,2700.0,2700.0,269.99460000000005,,,,,,,,,,,,,,,,UNSUPPORTED_OR_LINEUP_FILTER,0
fifwc-fra-eng-2026-07-18,fifwc-fra-eng-2026-07-18-player-props,France vs. England - Player Props,2944266,soccer_player_goals,Jude Bellingham: 1+ goals,Jude Bellingham: 1+ goals,Yes,No,112140867761322125606229457605269107897955996277411119407442247052507418878304,85050695754837595785987356833699261950574451330305178017154274767632482512041,0,5.4004,0.02,0.82,0.05,0.01,True,0.82,0.03,0.7899999999999999,22.7796,22.7796,3.0,0.97,0.18,0.79,97.0,926.3,5.0004,,,,,,,,,,,,,,,,UNSUPPORTED_OR_LINEUP_FILTER,0
fifwc-fra-eng-2026-07-18,fifwc-fra-eng-2026-07-18-player-props,France vs. England - Player Props,2944267,soccer_player_goals,Jude Bellingham: 2+ goals,Jude Bellingham: 2+ goals,Yes,No,108336678373772877716266168173346506691568666369618465479248383324804814289458,22433970888144091861806614841688341048036377959627633342016275481637138925725,0,5.402,0.02,0.59,0.05,0.01,True,0.59,0.02,0.57,7.1979999999999995,7.1979999999999995,0.1,0.98,0.41,0.5700000000000001,4.9,14.8,5.002,,,,,,,,,,,,,,,,UNSUPPORTED_OR_LINEUP_FILTER,0
fifwc-fra-eng-2026-07-18,fifwc-fra-eng-2026-07-18-player-props,France vs. England - Player Props,2944268,soccer_player_goals,Jude Bellingham: 3+ goals,Jude Bellingham: 3+ goals,Yes,No,18831783878130870019004479421765343586973352113050667177780624358286028605613,28923709882267778017024964813305136829730438445330621593178979907934458845991,0,5.3984,0.02,0.56,0.05,0.01,True,0.56,0.02,0.54,6.3616,6.3616,0.1,0.98,0.44,0.54,4.9,14.8,4.9984,,,,,,,,,,,,,,,,UNSUPPORTED_OR_LINEUP_FILTER,0
fifwc-fra-eng-2026-07-18,fifwc-fra-eng-2026-07-18-player-props,France vs. England - Player Props,2944269,soccer_player_goals,Kylian Mbappé: 1+ goals,Kylian Mbappé: 1+ goals,Yes,No,31654371096414827887768574433220955887581573596185164519249618005370659612055,109451444958177331074259534434382493672409611314151014488561467156603753366747,0,5.4,0.02,0.98,0.05,0.01,True,0.6,0.1,0.5,600.0,600.0,300.0,0.9,0.02,0.88,2700.0,2700.0,0.1,,,,,,,,,,,,,,,,UNSUPPORTED_OR_LINEUP_FILTER,0
fifwc-fra-eng-2026-07-18,fifwc-fra-eng-2026-07-18-player-props,France vs. England - Player Props,2944270,soccer_player_goals,Kylian Mbappé: 2+ goals,Kylian Mbappé: 2+ goals,Yes,No,109628990302965992082997875216420207001432619423185080374659461988558309251930,106277931573049045099088950337161942391812672149438893428246897323100009233524,0,8.4,0.03,0.75,0.05,0.01,True,0.75,0.03,0.72,15.0,15.0,6.0,0.97,0.25,0.72,194.0,1023.3,5.0,,,,,,,,,,,,,,,,UNSUPPORTED_OR_LINEUP_FILTER,0
fifwc-fra-eng-2026-07-18,fifwc-fra-eng-2026-07-18-player-props,France vs. England - Player Props,2944271,soccer_player_goals,Kylian Mbappé: 3+ goals,Kylian Mbappé: 3+ goals,Yes,No,58317072795050731784998932920735446950849353270152408892281741086145970148954,5855501224083578493784222420600629215104686286603131024947967986696133422437,0,5.3998,0.02,0.61,0.05,0.01,True,0.61,0.02,0.59,7.8202,7.8202,0.1,0.98,0.39,0.59,4.9,14.8,4.9998000000000005,,,,,,,,,,,,,,,,UNSUPPORTED_OR_LINEUP_FILTER,0
fifwc-fra-eng-2026-07-18,fifwc-fra-eng-2026-07-18-player-props,France vs. England - Player Props,2944272,soccer_player_goals,Manu Koné: 1+ goals,Manu Koné: 1+ goals,Yes,No,83273436294324491407782772240542700548244670910154605225765604677158172996796,9236347194266311038852179961670574458208373092352243795080965130100216283519,0,5.4015,0.02,0.65,0.05,0.01,True,0.65,0.02,0.63,9.288499999999999,9.288499999999999,0.1,0.98,0.35,0.63,4.9,14.8,5.001499999999999,,,,,,,,,,,,,,,,UNSUPPORTED_OR_LINEUP_FILTER,0
fifwc-fra-eng-2026-07-18,fifwc-fra-eng-2026-07-18-player-props,France vs. England - Player Props,2944273,soccer_player_goals,Manu Koné: 2+ goals,Manu Koné: 2+ goals,Yes,No,38628900663940076143544940450518714606155935279594270231051128201474777937876,3916344432611955492834169831109282103867634715358324432306040146892886830112,0,5.3984,0.02,0.56,0.05,0.01,True,0.56,0.02,0.54,6.3616,6.3616,0.1,0.98,0.44,0.54,4.9,14.8,4.9984,,,,,,,,,,,,,,,,UNSUPPORTED_OR_LINEUP_FILTER,0
fifwc-fra-eng-2026-07-18,fifwc-fra-eng-2026-07-18-player-props,France vs. England - Player Props,2944274,soccer_player_goals,Marcus Rashford: 1+ goals,Marcus Rashford: 1+ goals,Yes,No,68874874700697335344093945395081393070976573343907035145149385753401439586107,26722556144111595979247443527588973583479375393114054635166509844503595782926,0,5.3992,0.02,0.76,0.05,0.01,True,0.76,0.02,0.74,15.830799999999998,15.830799999999998,0.1,0.98,0.25,0.73,4.9,14.8,12.5,,,,,,,,,,,,,,,,UNSUPPORTED_OR_LINEUP_FILTER,0
fifwc-fra-eng-2026-07-18,fifwc-fra-eng-2026-07-18-player-props,France vs. England - Player Props,2944275,soccer_player_goals,Marcus Rashford: 2+ goals,Marcus Rashford: 2+ goals,Yes,No,15918105645360639269043819175369223215354990761173246101565695500812954115336,47695343283952045077434521575645658623376275882251837407160896372295353649342,0,5.398,0.02,0.58,0.05,0.01,True,0.58,0.02,0.5599999999999999,6.902,6.902,0.1,0.98,0.42,0.56,4.9,14.8,4.998,,,,,,,,,,,,,,,,UNSUPPORTED_OR_LINEUP_FILTER,0
fifwc-fra-eng-2026-07-18,fifwc-fra-eng-2026-07-18-player-props,France vs. England - Player Props,2944276,soccer_player_goals,Marcus Rashford: 3+ goals,Marcus Rashford: 3+ goals,Yes,No,41560203150913844273317677179082976444022159608025245609717739371939723667682,73468774804187049126937426714678652309438519197453420106502091424193294038819,0,5.3995,0.02,0.55,0.05,0.01,True,0.55,0.02,0.53,6.1105,6.1105,0.1,0.98,0.45,0.53,4.9,14.8,4.9995,,,,,,,,,,,,,,,,UNSUPPORTED_OR_LINEUP_FILTER,0
fifwc-fra-eng-2026-07-18,fifwc-fra-eng-2026-07-18-player-props,France vs. England - Player Props,2944277,soccer_player_goals,Michael Olise: 1+ goals,Michael Olise: 1+ goals,Yes,No,26878854491819423933443304952262106314199001087209730191547125172441511015961,70863268007854542161492175021271286522363845688301604898584052865238264427785,0,5.4004,0.02,0.82,0.05,0.01,True,0.82,0.02,0.7999999999999999,22.7796,22.7796,0.1,0.98,0.18,0.8,4.9,14.8,5.0004,,,,,,,,,,,,,,,,UNSUPPORTED_OR_LINEUP_FILTER,0
fifwc-fra-eng-2026-07-18,fifwc-fra-eng-2026-07-18-player-props,France vs. England - Player Props,2944278,soccer_player_goals,Michael Olise: 2+ goals,Michael Olise: 2+ goals,Yes,No,58327804698245476120570569743081595975509879055865540937239938090752577398724,1447772970243588669947043564906717148820672570309816018742223938329204755884,0,5.4,0.02,0.6,0.05,0.01,True,0.6,0.02,0.58,7.5,7.5,0.1,0.98,0.4,0.58,4.9,14.8,5.0,,,,,,,,,,,,,,,,UNSUPPORTED_OR_LINEUP_FILTER,0
fifwc-fra-eng-2026-07-18,fifwc-fra-eng-2026-07-18-player-props,France vs. England - Player Props,2944279,soccer_player_goals,Michael Olise: 3+ goals,Michael Olise: 3+ goals,Yes,No,107404835557161086293499789427783119662494843764337746992701907876927808445804,19094725100404969494683990844429569915281370835226454803353817719607573855950,0,5.1984,0.01,0.56,0.05,0.01,True,0.56,0.01,0.55,6.3616,6.3616,0.1,0.99,0.44,0.55,9.9,9.9,4.9984,,,,,,,,,,,,,,,,UNSUPPORTED_OR_LINEUP_FILTER,0
fifwc-fra-eng-2026-07-18,fifwc-fra-eng-2026-07-18-player-props,France vs. England - Player Props,2944280,soccer_player_goals,Morgan Rogers: 1+ goals,Morgan Rogers: 1+ goals,Yes,No,6176414568777973027698177124076584903368973100779746827630906494071182936534,67454724747058531783079770290122272124306182440321665250439761429191505600596,0,5.4004,0.02,0.73,0.05,0.01,True,0.73,0.02,0.71,13.519599999999999,13.519599999999999,0.1,0.98,0.27,0.71,4.9,14.8,5.0004,,,,,,,,,,,,,,,,UNSUPPORTED_OR_LINEUP_FILTER,0
fifwc-fra-eng-2026-07-18,fifwc-fra-eng-2026-07-18-player-props,France vs. England - Player Props,2944281,soccer_player_goals,Morgan Rogers: 2+ goals,Morgan Rogers: 2+ goals,Yes,No,37542278029242474639542856721477590315593235781478436036634009156752212906627,79239160330149821839869048521067019470332261678512325854719240723239304697121,0,5.3009,0.02,0.57,0.05,0.01,True,0.57,0.02,0.5499999999999999,6.6291,6.6291,0.1,0.98,0.43,0.55,4.9,9.850000000000001,5.000900000000001,,,,,,,,,,,,,,,,UNSUPPORTED_OR_LINEUP_FILTER,0
fifwc-fra-eng-2026-07-18,fifwc-fra-eng-2026-07-18-player-props,France vs. England - Player Props,2944282,soccer_player_goals,Noni Madueke: 1+ goals,Noni Madueke: 1+ goals,Yes,No,83408933824121793511462705079860291843072963237503659460228601656687523210039,91537983512845218974444848615211837515650251818458096876112909004805547212112,0,5.4004,0.02,0.73,0.05,0.01,True,0.73,0.02,0.71,13.519599999999999,13.519599999999999,0.1,0.98,0.27,0.71,4.9,14.8,5.0004,,,,,,,,,,,,,,,,UNSUPPORTED_OR_LINEUP_FILTER,0
fifwc-fra-eng-2026-07-18,fifwc-fra-eng-2026-07-18-player-props,France vs. England - Player Props,2944283,soccer_player_goals,Noni Madueke: 2+ goals,Noni Madueke: 2+ goals,Yes,No,81505823444018886686224854216715463081617373693269733333625389092536572294509,85325635879730923726640930386636382628605158665655772449979846736343837004832,0,5.2009,0.01,0.57,0.05,0.01,True,0.57,0.01,0.5599999999999999,6.6291,6.6291,0.1,0.99,0.43,0.56,9.9,9.9,5.000900000000001,,,,,,,,,,,,,,,,UNSUPPORTED_OR_LINEUP_FILTER,0
fifwc-fra-eng-2026-07-18,fifwc-fra-eng-2026-07-18-player-props,France vs. England - Player Props,2944284,soccer_player_goals,Ousmane Dembélé: 1+ goals,Ousmane Dembélé: 1+ goals,Yes,No,9520072624612400024519235400505163210842520660949262188918688273298318615472,72488833025429902812685826868323553633496082109315917355128168813236031568990,0,5.1995,0.01,0.89,0.05,0.01,True,0.89,0.01,0.88,40.450500000000005,40.450500000000005,0.1,0.99,0.11,0.88,9.9,9.9,4.9995,,,,,,,,,,,,,,,,UNSUPPORTED_OR_LINEUP_FILTER,0
fifwc-fra-eng-2026-07-18,fifwc-fra-eng-2026-07-18-player-props,France vs. England - Player Props,2944285,soccer_player_goals,Ousmane Dembélé: 2+ goals,Ousmane Dembélé: 2+ goals,Yes,No,8593191847998313389720344454914018288189549016627608218408562927219420263356,86817201706380739554520573742407094598294212695833109167163575660797577840442,0,5.4008,0.02,0.62,0.05,0.01,True,0.62,0.02,0.6,8.1592,8.1592,0.1,0.98,0.38,0.6,4.9,14.8,5.0008,,,,,,,,,,,,,,,,UNSUPPORTED_OR_LINEUP_FILTER,0
fifwc-fra-eng-2026-07-18,fifwc-fra-eng-2026-07-18-player-props,France vs. England - Player Props,2944286,soccer_player_goals,Ousmane Dembélé: 3+ goals,Ousmane Dembélé: 3+ goals,Yes,No,14219033746217092930050794002212942803118260702456825706598199768986367958402,72990010060142078584859418486891574438291473651121082377632776574988824444575,0,5.3984,0.02,0.56,0.05,0.01,True,0.56,0.02,0.54,6.3616,6.3616,0.1,0.98,0.44,0.54,4.9,14.8,4.9984,,,,,,,,,,,,,,,,UNSUPPORTED_OR_LINEUP_FILTER,0
fifwc-fra-eng-2026-07-18,fifwc-fra-eng-2026-07-18-player-props,France vs. England - Player Props,2944287,soccer_player_goals,Rayan Cherki: 1+ goals,Rayan Cherki: 1+ goals,Yes,No,9192002553678436746707797903749483655237257975725633426745193757034544878467,90873478621399993826526225508925657746660475422674744989779211390602118790345,0,5.4,0.02,0.8,0.05,0.01,True,0.8,0.02,0.78,20.0,20.0,0.1,0.98,0.2,0.78,4.9,14.8,5.0,,,,,,,,,,,,,,,,UNSUPPORTED_OR_LINEUP_FILTER,0
fifwc-fra-eng-2026-07-18,fifwc-fra-eng-2026-07-18-player-props,France vs. England - Player Props,2944288,soccer_player_goals,Rayan Cherki: 2+ goals,Rayan Cherki: 2+ goals,Yes,No,104508758231674861841538777238902544262872127468152033183227229974415739214300,84247242377828869966867301898329858610897299320022406603668025483956576105142,0,5.202,0.01,0.59,0.05,0.01,True,0.59,0.01,0.58,7.1979999999999995,7.1979999999999995,0.1,0.99,0.41,0.5800000000000001,9.9,9.9,5.002,,,,,,,,,,,,,,,,UNSUPPORTED_OR_LINEUP_FILTER,0
fifwc-fra-eng-2026-07-18,fifwc-fra-eng-2026-07-18-player-props,France vs. England - Player Props,2944289,soccer_player_goals,Rayan Cherki: 3+ goals,Rayan Cherki: 3+ goals,Yes,No,93184667563417725929956418580820077680544586571297308940799475858366276610995,53305490182964806028363598714091097303964920674789226195187988867242095167750,0,5.3984,0.02,0.56,0.05,0.01,True,0.56,0.02,0.54,6.3616,6.3616,0.1,0.98,0.44,0.54,4.9,14.8,4.9984,,,,,,,,,,,,,,,,UNSUPPORTED_OR_LINEUP_FILTER,0
fifwc-fra-eng-2026-07-18,fifwc-fra-eng-2026-07-18-player-props,France vs. England - Player Props,2944290,soccer_player_goals,Théo Hernández: 1+ goals,Théo Hernández: 1+ goals,Yes,No,3257857018946987272298363973687441529937710160140747638544721573236313948134,73655632329014717679021765828375252313611178576115440174247789573493668463800,0,5.2015,0.01,0.65,0.05,0.01,True,0.65,0.01,0.64,9.288499999999999,9.288499999999999,0.1,0.99,0.35,0.64,9.9,9.9,5.001499999999999,,,,,,,,,,,,,,,,UNSUPPORTED_OR_LINEUP_FILTER,0
fifwc-fra-eng-2026-07-18,fifwc-fra-eng-2026-07-18-player-props,France vs. England - Player Props,2944291,soccer_player_goals,Théo Hernández: 2+ goals,Théo Hernández: 2+ goals,Yes,No,5248989039638548217200307302849932062528593293239214121983538581892617038278,96640538618498458223823231131899399445054508349068198561252548619792631972771,0,5.3984,0.02,0.56,0.05,0.01,True,0.56,0.02,0.54,6.3616,6.3616,0.1,0.98,0.44,0.54,4.9,14.8,4.9984,,,,,,,,,,,,,,,,UNSUPPORTED_OR_LINEUP_FILTER,0
fifwc-fra-eng-2026-07-18,fifwc-fra-eng-2026-07-18-player-props,France vs. England - Player Props,2944292,soccer_player_shots,Adrien Rabiot: 1+ shots,Adrien Rabiot: 1+ shots,Yes,No,24676374852232422454060294677929458050439792053357334968582312306501138960977,32565644261501776781748882474449989704979376389295538968958348260649926157130,0,15.58,0.16,0.98,0.05,0.01,True,0.98,0.16,0.82,151.9,1111.21,5.0,0.84,0.02,0.82,26.25,26.25,3.1,,,,,,,,,,,,,,,,UNSUPPORTED_OR_LINEUP_FILTER,0
fifwc-fra-eng-2026-07-18,fifwc-fra-eng-2026-07-18-player-props,France vs. England - Player Props,2944293,soccer_player_shots,Adrien Rabiot: 2+ shots,Adrien Rabiot: 2+ shots,Yes,No,30256545832095185775232758570716714996618395358522967997001191005272668643619,64371236949421805588848107370024554569171427757246556373888951068778317949817,0,5.2001,0.01,0.93,0.05,0.01,True,0.93,0.01,0.92,66.4299,66.4299,0.1,0.99,0.07,0.9199999999999999,9.9,9.9,5.000100000000001,,,,,,,,,,,,,,,,UNSUPPORTED_OR_LINEUP_FILTER,0
fifwc-fra-eng-2026-07-18,fifwc-fra-eng-2026-07-18-player-props,France vs. England - Player Props,2944294,soccer_player_shots,Adrien Rabiot: 3+ shots,Adrien Rabiot: 3+ shots,Yes,No,65145605770292129059054062336653744866066288499236356779960727127855673498208,18098562920836951921537196459617782639154225447896271391344876055795087848831,0,15.5808,0.02,0.72,0.05,0.01,True,0.72,0.02,0.7,12.8592,12.8592,0.1,0.98,0.28,0.7,4.9,518.7099999999999,5.0008,,,,,,,,,,,,,,,,UNSUPPORTED_OR_LINEUP_FILTER,0
fifwc-fra-eng-2026-07-18,fifwc-fra-eng-2026-07-18-player-props,France vs. England - Player Props,2944295,soccer_player_shots,Adrien Rabiot: 4+ shots,Adrien Rabiot: 4+ shots,Yes,No,113839667139708473290461655857990161187978191402242734557626405136963431866955,115587272231860777182822778912707322069074603728692244140800620324608183745103,0,0.4,0.02,0.98,0.05,0.01,True,0.98,0.02,0.96,4.9,14.8,0.1,0.98,0.02,0.96,4.9,14.8,0.1,,,,,,,,,,,,,,,,UNSUPPORTED_OR_LINEUP_FILTER,0
fifwc-fra-eng-2026-07-18,fifwc-fra-eng-2026-07-18-player-props,France vs. England - Player Props,2944296,soccer_player_shots,Anthony Gordon: 1+ shots,Anthony Gordon: 1+ shots,Yes,No,58190000594654490738810024735881886037073131922700026579697745026638341690532,22966634584864804649010246659672801753536507645223947228266290556852269239724,0,5.4004,0.27,0.98,0.05,0.01,True,0.98,0.27,0.71,4.9,14.8,5.0004,0.73,0.02,0.71,13.519599999999999,13.519599999999999,0.1,,,,,,,,,,,,,,,,UNSUPPORTED_OR_LINEUP_FILTER,0
fifwc-fra-eng-2026-07-18,fifwc-fra-eng-2026-07-18-player-props,France vs. England - Player Props,2944297,soccer_player_shots,Anthony Gordon: 2+ shots,Anthony Gordon: 2+ shots,Yes,No,71794521277549554961907856160164573129833489878294924906239017270538744145425,70121841103113227880971852875093490394236654491366250113356965520721559468972,0,15.58,0.02,0.98,0.05,0.01,True,0.98,0.02,0.96,225.4,1333.21,0.1,0.98,0.03,0.95,4.9,1013.7099999999999,3.0,,,,,,,,,,,,,,,,UNSUPPORTED_OR_LINEUP_FILTER,0
fifwc-fra-eng-2026-07-18,fifwc-fra-eng-2026-07-18-player-props,France vs. England - Player Props,2944298,soccer_player_shots,Anthony Gordon: 3+ shots,Anthony Gordon: 3+ shots,Yes,No,95582393930945046832988487157411790532211672149160449496937048801719608335553,70459866033201403224111390956882903569702587659188314654265448769730039300529,0,5.3994,0.02,0.86,0.05,0.01,True,0.86,0.02,0.84,30.7106,30.7106,0.1,0.98,0.14,0.84,4.9,14.8,4.9994000000000005,,,,,,,,,,,,,,,,UNSUPPORTED_OR_LINEUP_FILTER,0
fifwc-fra-eng-2026-07-18,fifwc-fra-eng-2026-07-18-player-props,France vs. England - Player Props,2944299,soccer_player_shots,Anthony Gordon: 4+ shots,Anthony Gordon: 4+ shots,Yes,No,5671957009345135410735668843602728310319107569965196000456275004508915877728,49229545039970948050718286706760094706428952716685016384577254110314549944461,0,5.201,0.01,0.7,0.05,0.01,True,0.7,0.01,0.69,11.669,11.669,0.1,0.99,0.3,0.69,9.9,9.9,5.001,,,,,,,,,,,,,,,,UNSUPPORTED_OR_LINEUP_FILTER,0
fifwc-fra-eng-2026-07-18,fifwc-fra-eng-2026-07-18-player-props,France vs. England - Player Props,2944300,soccer_player_shots,Anthony Gordon: 5+ shots,Anthony Gordon: 5+ shots,Yes,No,21256759367905091613541059549157934359796138232681071485759977637767389825547,98498470131157473584810534693783409702964437676758153859372143884629754159440,0,5.2008,0.01,0.62,0.05,0.01,True,0.62,0.01,0.61,8.1592,8.1592,0.1,0.99,0.38,0.61,9.9,9.9,5.0008,,,,,,,,,,,,,,,,UNSUPPORTED_OR_LINEUP_FILTER,0
fifwc-fra-eng-2026-07-18,fifwc-fra-eng-2026-07-18-player-props,France vs. England - Player Props,2944301,soccer_player_shots,Aurélien Tchouameni: 1+ shots,Aurélien Tchouameni: 1+ shots,Yes,No,100700361366625039023617994039993167537490457834208561151037928009231251239384,72709153817934095038964876114128100967309705422771424062306363743332165243016,0,5.4004,0.09,0.98,0.05,0.01,True,0.98,0.09,0.89,4.9,14.8,5.0004,0.91,0.02,0.89,50.5596,50.5596,0.1,,,,,,,,,,,,,,,,UNSUPPORTED_OR_LINEUP_FILTER,0
fifwc-fra-eng-2026-07-18,fifwc-fra-eng-2026-07-18-player-props,France vs. England - Player Props,2944302,soccer_player_shots,Dayot Upamecano: 1+ shots,Dayot Upamecano: 1+ shots,Yes,No,109285905507004952402725316021543308769629101642846724123878394583357627522703,87684942696888762047871655757816978553722865151814378500659318337715931881213,0,0.4,0.02,0.98,0.05,0.01,True,0.98,0.02,0.96,4.9,14.8,0.1,0.98,0.02,0.96,4.9,14.8,0.1,,,,,,,,,,,,,,,,UNSUPPORTED_OR_LINEUP_FILTER,0
fifwc-fra-eng-2026-07-18,fifwc-fra-eng-2026-07-18-player-props,France vs. England - Player Props,2944303,soccer_player_shots,Dayot Upamecano: 2+ shots,Dayot Upamecano: 2+ shots,Yes,No,65409756611565695716866774858444208257391870049226268114074535458708751350835,89258368466922398520005801637213092040910848259508505386309524531944041926062,0,0.2,0.01,0.99,0.05,0.01,True,0.99,0.01,0.98,9.9,9.9,0.1,0.99,0.01,0.98,9.9,9.9,0.1,,,,,,,,,,,,,,,,UNSUPPORTED_OR_LINEUP_FILTER,0
fifwc-fra-eng-2026-07-18,fifwc-fra-eng-2026-07-18-player-props,France vs. England - Player Props,2944304,soccer_player_shots,Dayot Upamecano: 3+ shots,Dayot Upamecano: 3+ shots,Yes,No,7088869155520845907077424268718813512926062085501161670592701104047925096711,59520156873543120325094742684757481613071584784391736061409245630689732012656,0,0.4,0.02,0.98,0.05,0.01,True,0.98,0.02,0.96,4.9,14.8,0.1,0.98,0.02,0.96,4.9,14.8,0.1,,,,,,,,,,,,,,,,UNSUPPORTED_OR_LINEUP_FILTER,0
fifwc-fra-eng-2026-07-18,fifwc-fra-eng-2026-07-18-player-props,France vs. England - Player Props,2944305,soccer_player_shots,Declan Rice: 1+ shots,Declan Rice: 1+ shots,Yes,No,95952746155775769397325032286541484043391799132290137821690017571198380138919,48857064438316870697987040020155800877641074166311139390993161912991010346546,0,5.4,0.05,0.98,0.05,0.01,True,0.98,0.05,0.9299999999999999,4.9,14.8,5.0,0.95,0.02,0.9299999999999999,95.0,95.0,0.1,,,,,,,,,,,,,,,,UNSUPPORTED_OR_LINEUP_FILTER,0
fifwc-fra-eng-2026-07-18,fifwc-fra-eng-2026-07-18-player-props,France vs. England - Player Props,2944306,soccer_player_shots,Declan Rice: 2+ shots,Declan Rice: 2+ shots,Yes,No,73608789771392011766019907058481526515694615251226192067983248636331395272542,63217553891612691365370345371839735214406181000755060794352496737271006438052,0,425.4008,0.43,0.81,0.05,0.01,True,0.81,0.43,0.38000000000000006,21.319200000000002,21.319200000000002,215.0,0.57,0.19,0.37999999999999995,285.0,580.0,5.0008,,,,,,,,,,,,,,,,UNSUPPORTED_OR_LINEUP_FILTER,0
fifwc-fra-eng-2026-07-18,fifwc-fra-eng-2026-07-18-player-props,France vs. England - Player Props,2944307,soccer_player_shots,Declan Rice: 3+ shots,Declan Rice: 3+ shots,Yes,No,103133034062641439797078291191577355770684802548330287267164715190096244776075,93718669237082588242352893176761896956514600012123124267681568259359073220923,0,15.5787,0.02,0.63,0.05,0.01,True,0.63,0.02,0.61,8.5113,8.5113,0.1,0.98,0.37,0.61,4.9,518.7099999999999,4.9986999999999995,,,,,,,,,,,,,,,,UNSUPPORTED_OR_LINEUP_FILTER,0
fifwc-fra-eng-2026-07-18,fifwc-fra-eng-2026-07-18-player-props,France vs. England - Player Props,2944308,soccer_player_shots,Declan Rice: 4+ shots,Declan Rice: 4+ shots,Yes,No,36359359737662356032685576505865268552870214213045262121206012670803866498954,87548493408630609633292155890523580302965740588371342707741541129108451774128,0,0.2,0.01,0.99,0.05,0.01,True,0.99,0.01,0.98,9.9,9.9,0.1,0.99,0.01,0.98,9.9,9.9,0.1,,,,,,,,,,,,,,,,UNSUPPORTED_OR_LINEUP_FILTER,0
fifwc-fra-eng-2026-07-18,fifwc-fra-eng-2026-07-18-player-props,France vs. England - Player Props,2944309,soccer_player_shots,Elliot Anderson: 1+ shots,Elliot Anderson: 1+ shots,Yes,No,104577784439839091685023854143779682848361175404672711065978705387642352454920,38372041420438223318334933898741519230714379732540740450999380059545616811279,0,382.4,0.43,0.98,0.05,0.01,True,0.98,0.43,0.55,151.9,607.3,172.0,0.57,0.02,0.5499999999999999,227.99999999999997,523.0,3.1,,,,,,,,,,,,,,,,UNSUPPORTED_OR_LINEUP_FILTER,0
fifwc-fra-eng-2026-07-18,fifwc-fra-eng-2026-07-18-player-props,France vs. England - Player Props,2944310,soccer_player_shots,Elliot Anderson: 2+ shots,Elliot Anderson: 2+ shots,Yes,No,94453642454427951035297365752751022980309156589405594228140293071364312694505,69413593543299590992676801231774187316852146892530466001479329610581524891503,0,5.4008,0.02,0.81,0.05,0.01,True,0.81,0.02,0.79,21.319200000000002,21.319200000000002,0.1,0.98,0.19,0.79,4.9,14.8,5.0008,,,,,,,,,,,,,,,,UNSUPPORTED_OR_LINEUP_FILTER,0
fifwc-fra-eng-2026-07-18,fifwc-fra-eng-2026-07-18-player-props,France vs. England - Player Props,2944311,soccer_player_shots,Elliot Anderson: 3+ shots,Elliot Anderson: 3+ shots,Yes,No,95490269715656119457916895686257486921839983605190133749602807326109731081627,107993349507781481472504141898795857679040613732471120184488665616102834607118,0,5.4004,0.02,0.64,0.05,0.01,True,0.64,0.02,0.62,8.8896,8.8896,0.1,0.98,0.36,0.62,4.9,14.8,5.0004,,,,,,,,,,,,,,,,UNSUPPORTED_OR_LINEUP_FILTER,0
fifwc-fra-eng-2026-07-18,fifwc-fra-eng-2026-07-18-player-props,France vs. England - Player Props,2944312,soccer_player_shots,Elliot Anderson: 4+ shots,Elliot Anderson: 4+ shots,Yes,No,79681470451690726554313043260651386140990859765991474262322194103480920768855,83420022303258844721134152055347181309228390979254165033774222500677534667475,0,0.4,0.02,0.98,0.05,0.01,True,0.98,0.02,0.96,4.9,14.8,0.1,0.98,0.02,0.96,4.9,14.8,0.1,,,,,,,,,,,,,,,,UNSUPPORTED_OR_LINEUP_FILTER,0
fifwc-fra-eng-2026-07-18,fifwc-fra-eng-2026-07-18-player-props,France vs. England - Player Props,2944313,soccer_player_shots,Ezri Konsa: 1+ shots,Ezri Konsa: 1+ shots,Yes,No,31284751996595030472623711121287886966241563880290295107205519709024383183339,99962776962433032622475473489684590480818909120066694846460774590966525224719,0,0.2,0.01,0.99,0.05,0.01,True,0.99,0.01,0.98,9.9,9.9,0.1,0.99,0.01,0.98,9.9,9.9,0.1,,,,,,,,,,,,,,,,UNSUPPORTED_OR_LINEUP_FILTER,0
fifwc-fra-eng-2026-07-18,fifwc-fra-eng-2026-07-18-player-props,France vs. England - Player Props,2944314,soccer_player_shots,Ezri Konsa: 2+ shots,Ezri Konsa: 2+ shots,Yes,No,77290875555571163504924009517063864834808841098499713972041995902037572488997,29607050426298246431997947935517130474406710283571094994098873275299489909565,0,0.4,0.02,0.98,0.05,0.01,True,0.98,0.02,0.96,4.9,14.8,0.1,0.98,0.02,0.96,4.9,14.8,0.1,,,,,,,,,,,,,,,,UNSUPPORTED_OR_LINEUP_FILTER,0
fifwc-fra-eng-2026-07-18,fifwc-fra-eng-2026-07-18-player-props,France vs. England - Player Props,2944315,soccer_player_shots,Jude Bellingham: 1+ shots,Jude Bellingham: 1+ shots,Yes,No,109114998500275627172694038560381698628580497085738221314735291824946699019847,91475873970137531577028355845750315778658030081050122834231345582398751364236,0,5.4008,0.28,0.98,0.05,0.01,True,0.98,0.28,0.7,4.9,14.8,5.0008,0.72,0.02,0.7,12.8592,12.8592,0.1,,,,,,,,,,,,,,,,UNSUPPORTED_OR_LINEUP_FILTER,0
fifwc-fra-eng-2026-07-18,fifwc-fra-eng-2026-07-18-player-props,France vs. England - Player Props,2944316,soccer_player_shots,Jude Bellingham: 2+ shots,Jude Bellingham: 2+ shots,Yes,No,15112533412984603233836180300933154810013040624977226249036061538325410645360,4456944497362575266783964984124100209100723334520331549658228224113897893033,0,15.58,0.08,0.98,0.05,0.01,True,0.97,0.08,0.89,97.0,1430.21,5.0,0.92,0.03,0.89,57.5,57.5,3.0,,,,,,,,,,,,,,,,UNSUPPORTED_OR_LINEUP_FILTER,0
fifwc-fra-eng-2026-07-18,fifwc-fra-eng-2026-07-18-player-props,France vs. England - Player Props,2944317,soccer_player_shots,Jude Bellingham: 3+ shots,Jude Bellingham: 3+ shots,Yes,No,108185215851712569761147884415194373759891897528411036347309524022820907943969,106115369422655181540092804503856367137964781140868666411652077062067927851159,0,15.5798,0.02,0.94,0.05,0.01,True,0.94,0.02,0.9199999999999999,78.33019999999999,78.33019999999999,0.1,0.98,0.06,0.9199999999999999,4.9,518.7099999999999,4.9998,,,,,,,,,,,,,,,,UNSUPPORTED_OR_LINEUP_FILTER,0
fifwc-fra-eng-2026-07-18,fifwc-fra-eng-2026-07-18-player-props,France vs. England - Player Props,2944318,soccer_player_shots,Jude Bellingham: 4+ shots,Jude Bellingham: 4+ shots,Yes,No,100653538705177494447864397589891010847809415295880858653510080638321444324873,76612057345599130082173879529346788156465011908843146021524337510593290316902,0,5.1992,0.01,0.76,0.05,0.01,True,0.76,0.01,0.75,15.830799999999998,15.830799999999998,0.1,0.99,0.24,0.75,9.9,9.9,4.999199999999999,,,,,,,,,,,,,,,,UNSUPPORTED_OR_LINEUP_FILTER,0
fifwc-fra-eng-2026-07-18,fifwc-fra-eng-2026-07-18-player-props,France vs. England - Player Props,2944319,soccer_player_shots,Jude Bellingham: 5+ shots,Jude Bellingham: 5+ shots,Yes,No,104271151640431973468832528356987605864660329711029045896033208348028733447636,51313983787129403545173790769347032037100137507743946214836950410199634068869,0,5.2015,0.01,0.65,0.05,0.01,True,0.65,0.01,0.64,9.288499999999999,9.288499999999999,0.1,0.99,0.35,0.64,9.9,9.9,5.001499999999999,,,,,,,,,,,,,,,,UNSUPPORTED_OR_LINEUP_FILTER,0
fifwc-fra-eng-2026-07-18,fifwc-fra-eng-2026-07-18-player-props,France vs. England - Player Props,2944320,soccer_player_shots,Jules Koundé: 1+ shots,Jules Koundé: 1+ shots,Yes,No,35300055720140664498251269327313075265352608295696270767754539321753392045141,64624262187310960077822893844973836064635577653520390003867967865938893035258,0,0.3,0.02,0.98,0.05,0.01,True,0.98,0.02,0.96,4.9,9.850000000000001,0.1,0.98,0.02,0.96,4.9,9.850000000000001,0.1,,,,,,,,,,,,,,,,UNSUPPORTED_OR_LINEUP_FILTER,0
fifwc-fra-eng-2026-07-18,fifwc-fra-eng-2026-07-18-player-props,France vs. England - Player Props,2944321,soccer_player_shots,Jules Koundé: 2+ shots,Jules Koundé: 2+ shots,Yes,No,106474120789189377882808437120585820756745794744925341228781165109621412870506,10364093919247556240038397574794395275524375670033678553410196948889392930957,0,0.4,0.02,0.98,0.05,0.01,True,0.98,0.02,0.96,4.9,14.8,0.1,0.98,0.02,0.96,4.9,14.8,0.1,,,,,,,,,,,,,,,,UNSUPPORTED_OR_LINEUP_FILTER,0
fifwc-fra-eng-2026-07-18,fifwc-fra-eng-2026-07-18-player-props,France vs. England - Player Props,2944322,soccer_player_shots,Jules Koundé: 3+ shots,Jules Koundé: 3+ shots,Yes,No,56017599261754536571196179592634799252899807187419311877079805076356831486172,39941815390095775595071233912194427673075957747385972819036265134187345746269,0,0.4,0.02,0.98,0.05,0.01,True,0.98,0.02,0.96,4.9,14.8,0.1,0.98,0.02,0.96,4.9,14.8,0.1,,,,,,,,,,,,,,,,UNSUPPORTED_OR_LINEUP_FILTER,0
fifwc-fra-eng-2026-07-18,fifwc-fra-eng-2026-07-18-player-props,France vs. England - Player Props,2944323,soccer_player_shots,Lucas Digne: 1+ shots,Lucas Digne: 1+ shots,Yes,No,114121757043436112020213540686739311580240173241476070155637768895427928751016,101819126170406358083682289418810667576074565798354947357032552949306152069397,0,0.4,0.02,0.98,0.05,0.01,True,0.98,0.02,0.96,4.9,14.8,0.1,0.98,0.02,0.96,4.9,14.8,0.1,,,,,,,,,,,,,,,,UNSUPPORTED_OR_LINEUP_FILTER,0
fifwc-fra-eng-2026-07-18,fifwc-fra-eng-2026-07-18-player-props,France vs. England - Player Props,2944324,soccer_player_shots,Lucas Digne: 2+ shots,Lucas Digne: 2+ shots,Yes,No,14756820101572550105160061405988258560371531386701241078762494691464780978679,19772711988507984467795676263408212650602690746314079089708599452849720592170,0,0.4,0.02,0.98,0.05,0.01,True,0.98,0.02,0.96,4.9,14.8,0.1,0.98,0.02,0.96,4.9,14.8,0.1,,,,,,,,,,,,,,,,UNSUPPORTED_OR_LINEUP_FILTER,0
fifwc-fra-eng-2026-07-18,fifwc-fra-eng-2026-07-18-player-props,France vs. England - Player Props,2944325,soccer_player_shots,Lucas Digne: 3+ shots,Lucas Digne: 3+ shots,Yes,No,109722395838555978911274083837696210241811451479333424744538128328751691351931,63245291420819695435832654732930416663750684956643944620096768142520993590794,0,0.4,0.02,0.98,0.05,0.01,True,0.98,0.02,0.96,4.9,14.8,0.1,0.98,0.02,0.96,4.9,14.8,0.1,,,,,,,,,,,,,,,,UNSUPPORTED_OR_LINEUP_FILTER,0
fifwc-fra-eng-2026-07-18,fifwc-fra-eng-2026-07-18-player-props,France vs. England - Player Props,2944326,soccer_player_shots,Manu Koné: 1+ shots,Manu Koné: 1+ shots,Yes,No,113542959609060767561939523031281218371734613834110735404603942498107339350218,50694074934150886374246960078471299702803065050332767986484825891166330596005,0,5.4004,0.09,0.98,0.05,0.01,True,0.98,0.09,0.89,4.9,14.8,5.0004,0.91,0.02,0.89,50.5596,50.5596,0.1,,,,,,,,,,,,,,,,UNSUPPORTED_OR_LINEUP_FILTER,0
fifwc-fra-eng-2026-07-18,fifwc-fra-eng-2026-07-18-player-props,France vs. England - Player Props,2944327,soccer_player_shots,Manu Koné: 2+ shots,Manu Koné: 2+ shots,Yes,No,80398882334520679443090250342942004915227236469520137892776834793714241629809,15465434098926508912518661147664358279481120533334675375453050834563755002175,0,5.3995,0.02,0.85,0.05,0.01,True,0.85,0.02,0.83,28.330499999999997,28.330499999999997,0.1,0.98,0.15,0.83,4.9,14.8,4.999499999999999,,,,,,,,,,,,,,,,UNSUPPORTED_OR_LINEUP_FILTER,0
fifwc-fra-eng-2026-07-18,fifwc-fra-eng-2026-07-18-player-props,France vs. England - Player Props,2944328,soccer_player_shots,Manu Koné: 3+ shots,Manu Koné: 3+ shots,Yes,No,87451946220414455411052659293986241477849889493477795362070585528709539485344,53201277561318742869461471551318245288243809180984680948699881129727912120778,0,5.1995,0.01,0.67,0.05,0.01,True,0.67,0.01,0.66,10.150500000000001,10.150500000000001,0.1,0.99,0.33,0.6599999999999999,9.9,9.9,4.9995,,,,,,,,,,,,,,,,UNSUPPORTED_OR_LINEUP_FILTER,0
fifwc-fra-eng-2026-07-18,fifwc-fra-eng-2026-07-18-player-props,France vs. England - Player Props,2944329,soccer_player_shots,Manu Koné: 4+ shots,Manu Koné: 4+ shots,Yes,No,96177430989398124474975066496813386685554428633152906891186549360443471113880,18128630039613659897612474603856035865880503746434417926073880520466213630249,0,0.4,0.02,0.98,0.05,0.01,True,0.98,0.02,0.96,4.9,14.8,0.1,0.98,0.02,0.96,4.9,14.8,0.1,,,,,,,,,,,,,,,,UNSUPPORTED_OR_LINEUP_FILTER,0
fifwc-fra-eng-2026-07-18,fifwc-fra-eng-2026-07-18-player-props,France vs. England - Player Props,2944330,soccer_player_shots,Marc Guéhi: 1+ shots,Marc Guéhi: 1+ shots,Yes,No,35660686895449961357262321626075368419376764252040311449642104664461425929102,13799088802398806379751113062669394109639537422480980076406065041807171558866,0,0,0,1,0.05,0.01,True,0.99,0.01,0.98,9.9,9.9,0.1,0.99,0.01,0.98,9.9,9.9,0.1,,,,,,,,,,,,,,,,UNSUPPORTED_OR_LINEUP_FILTER,0
fifwc-fra-eng-2026-07-18,fifwc-fra-eng-2026-07-18-player-props,France vs. England - Player Props,2944331,soccer_player_shots,Marc Guéhi: 2+ shots,Marc Guéhi: 2+ shots,Yes,No,75405453146036441102166096856238883579209919449247545332000675219705433339683,95135920521781531784002792350061503252526508507023624771362074333363172775816,0,0.4,0.02,0.98,0.05,0.01,True,0.98,0.02,0.96,4.9,14.8,0.1,0.98,0.02,0.96,4.9,14.8,0.1,,,,,,,,,,,,,,,,UNSUPPORTED_OR_LINEUP_FILTER,0
fifwc-fra-eng-2026-07-18,fifwc-fra-eng-2026-07-18-player-props,France vs. England - Player Props,2944332,soccer_player_shots,Nico O’Reilly: 1+ shots,Nico O’Reilly: 1+ shots,Yes,No,111868144709715234016691271504822391451604374145528956768350588256086294471833,14628412510988127650933358016005007165204220383765877556033262346741874937538,0,10.58,0.02,0.98,0.05,0.01,True,0.98,0.02,0.96,151.9,1111.21,0.1,0.98,0.02,0.96,4.9,518.7099999999999,3.1,,,,,,,,,,,,,,,,UNSUPPORTED_OR_LINEUP_FILTER,0
fifwc-fra-eng-2026-07-18,fifwc-fra-eng-2026-07-18-player-props,France vs. England - Player Props,2944333,soccer_player_shots,Nico O’Reilly: 2+ shots,Nico O’Reilly: 2+ shots,Yes,No,56902150977134805584266003882447440817782871594405493294402604094093232555784,37316953743988276035619157375097431200991453320581276476617543394049003045249,0,0,0,1,0.05,0.01,False,0.99,0.01,0.98,9.9,9.9,0.1,0.99,0.01,0.98,9.9,9.9,0.1,,,,,,,,,,,,,,,,UNSUPPORTED_OR_LINEUP_FILTER,0
fifwc-fra-eng-2026-07-18,fifwc-fra-eng-2026-07-18-player-props,France vs. England - Player Props,2944334,soccer_player_shots,Nico O’Reilly: 3+ shots,Nico O’Reilly: 3+ shots,Yes,No,87444649423574984165629792407142400131270359890102996288537032227894294756893,27307322504323539188788971285794798736878614005157680379589067524752417030700,0,10.58,0.02,0.98,0.05,0.01,True,0.98,0.02,0.96,4.9,518.7099999999999,0.1,0.98,0.02,0.96,4.9,518.7099999999999,0.1,,,,,,,,,,,,,,,,UNSUPPORTED_OR_LINEUP_FILTER,0
fifwc-fra-eng-2026-07-18,fifwc-fra-eng-2026-07-18-player-props,France vs. England - Player Props,2944335,soccer_player_shots,William Saliba: 1+ shots,William Saliba: 1+ shots,Yes,No,40436275752814251276269201155380862770171716719854911523787348132143118755907,89194654988061344270519934988004328157751335370480812210319622070655448773841,0,5.2,0.01,0.6,0.05,0.01,True,0.6,0.01,0.59,7.5,7.5,0.1,0.99,0.4,0.59,9.9,9.9,5.0,,,,,,,,,,,,,,,,UNSUPPORTED_OR_LINEUP_FILTER,0
fifwc-fra-eng-2026-07-18,fifwc-fra-eng-2026-07-18-player-props,France vs. England - Player Props,2944336,soccer_player_shots,William Saliba: 2+ shots,William Saliba: 2+ shots,Yes,No,112431935026248825738602206021210658142382024099219684462999101470778510905387,81515044904085691291173594133163412095642290043180640578363296672490708759577,0,15.58,0.02,0.6,0.05,0.01,True,0.6,0.02,0.58,7.5,7.5,3.1,0.98,0.4,0.58,151.9,665.7099999999999,5.0,,,,,,,,,,,,,,,,UNSUPPORTED_OR_LINEUP_FILTER,0
fifwc-esp-arg-2026-07-19,fifwc-esp-arg-2026-07-19,Spain vs. Argentina,2941974,moneyline,Spain,Will Spain win on 2026-07-19?,Yes,No,105042264974012349507628582341465372921413790307165600767293079103508862620927,26950933687061136665045692928866901705470041092212665620581588770356803034388,61209.833580000035,1174391.8426,0.41,0.42,0.05,0.01,True,0.42,0.41,0.010000000000000009,74642.8284,262400.2764,554755.6742,0.59,0.58,0.010000000000000009,798306.9458,891041.9296,103078.19159999999,No,0.644183,0.625749,0.665017,0.59,0.58,0.01,0.012095,0.042088,0.011654,0.025,0.576,891041.93,,,WATCH,0
fifwc-esp-arg-2026-07-19,fifwc-esp-arg-2026-07-19,Spain vs. Argentina,2941975,moneyline,Draw (Spain vs. Argentina),Will Spain vs. Argentina end in a draw?,Yes,No,92571123127402723974640575698896369187398878096159854165218788690275715186568,8897745942892740554419142821188087932128583924929997823029754125155949675043,11047.828475999999,513488.1221,0.31,0.32,0.05,0.01,True,0.32,0.31,0.010000000000000009,61646.5472,129942.7507,85816.1592,0.69,0.68,0.009999999999999898,191010.16079999998,243098.81339999998,130998.9128,Yes,0.33151,0.312386,0.357534,0.32,0.31,0.01,0.01088,0.00063,-0.030494,0.025,0.265,129942.75,,,PASS,0
fifwc-esp-arg-2026-07-19,fifwc-esp-arg-2026-07-19,Spain vs. Argentina,2941976,moneyline,Argentina,Will Argentina win on 2026-07-19?,Yes,No,22596903656102431101396261359922941848858035376971300420659017295333613251025,40285215796521673925483410143614666389701053711161542152061618519144468632440,170894.61508299952,696590.7739,0.26,0.27,0.05,0.01,True,0.27,0.26,0.010000000000000009,62686.734300000004,146135.8023,166400.47060000003,0.74,0.73,0.010000000000000009,473601.33940000006,532291.0033000001,169540.0545,Yes,0.312673,0.292494,0.32586,0.27,0.26,0.01,0.009855,0.032818,0.000639,0.025,0.246,146135.8,,,WATCH,0
fifwc-esp-arg-2026-07-19,fifwc-esp-arg-2026-07-19-halftime-result,Spain vs. Argentina - Halftime Result,2942003,soccer_halftime_result,Spain,Spain leading at halftime?,Yes,No,42503841910860913824009439250447867230452353097870659911813776798275939913183,99059826531541617583139361975369310511489155419493341373589793074206923469613,602.935462,139588.4863,0.3,0.31,0.05,0.01,True,0.31,0.3,0.010000000000000009,1230.7031,9636.6735,28543.215,0.7,0.69,0.010000000000000009,66600.83499999999,89271.65019999999,2739.3069,No,0.73296,0.712603,0.754409,0.7,0.69,0.01,0.0105,0.02246,-0.015897,0.04,0.643,89271.65,,,WATCH,0
fifwc-esp-arg-2026-07-19,fifwc-esp-arg-2026-07-19-halftime-result,Spain vs. Argentina - Halftime Result,2942004,soccer_halftime_result,Draw,Spain vs. Argentina: Draw at halftime?,Yes,No,55534690741590152916803799347245209373571978987049575285043457531284537719480,82049642666299749350751413177958219988628930265531855056246225148910944146356,2424.5245000000014,162599.5997,0.47,0.48,0.05,0.01,True,0.48,0.47,0.010000000000000009,2006.4576,9552.109699999999,5519.8398,0.53,0.52,0.010000000000000009,6224.5002,15041.4728,2173.6624,Yes,0.49143,0.458137,0.52722,0.48,0.47,0.01,0.01248,-0.00105,-0.052343,0.04,0.388,9552.11,,,PASS,0
fifwc-esp-arg-2026-07-19,fifwc-esp-arg-2026-07-19-halftime-result,Spain vs. Argentina - Halftime Result,2942005,soccer_halftime_result,Argentina,Argentina leading at halftime?,Yes,No,20664793222331339343552998267820854019645651559348706346914375656718469924729,50224683305525930795637556259236786272907665223902846135542340441464287900745,336.508174,117104.1277,0.21,0.22,0.05,0.01,True,0.22,0.21,0.010000000000000009,276.67199999999997,4564.4284,148.0752,0.79,0.78,0.010000000000000009,557.0448,7094.383000000001,980.928,Yes,0.24153,0.21948,0.257266,0.22,0.21,0.01,0.00858,0.01295,-0.0271,0.04,0.154,4564.43,,,WATCH,0
fifwc-esp-arg-2026-07-19,fifwc-esp-arg-2026-07-19-second-half-result,Spain vs. Argentina - Second Half Result,2942006,soccer_second_half_result,Spain,Spain to win the second half?,Yes,No,105939212437102202833913457556054935614168622874084087446115067861779128457956,23218786246020293905333474773382417683136263949066492185961095523252018618652,10.961577,58125.3529,0.3,0.33,0.05,0.01,True,0.32,0.3,0.020000000000000018,12.0,70.30000000000001,30.0,0.7,0.68,0.019999999999999907,70.0,682.02,25.500000000000004,No,0.7007,0.68016,0.723489,0.7,0.68,0.02,0.0105,-0.0098,-0.04834,0.04,0.61,682.02,,,PASS,0
fifwc-esp-arg-2026-07-19,fifwc-esp-arg-2026-07-19-second-half-result,Spain vs. Argentina - Second Half Result,2942007,soccer_second_half_result,Draw,Spain vs. Argentina: Second half draw?,Yes,No,96971411701036318269404639535897220026875646216565699305789706527902230545440,14678681355115503843176242219100846521080162753034217854185247120562389412867,8.33,59703.9066,0.37,0.4,0.05,0.01,True,0.4,0.37,0.030000000000000027,25.0,241.89499999999998,286.75,0.63,0.6,0.030000000000000027,488.25,1416.45,37.5,Yes,0.430587,0.400977,0.464503,0.4,0.37,0.03,0.012,0.018587,-0.029023,0.04,0.331,241.89,,,WATCH,0
fifwc-esp-arg-2026-07-19,fifwc-esp-arg-2026-07-19-second-half-result,Spain vs. Argentina - Second Half Result,2942008,soccer_second_half_result,Argentina,Argentina to win the second half?,Yes,No,92398664276034606727217378427887667955317773344409043285643991870750709654075,2079772460783102876680714723754512283737636997253510656470916509423373186373,123.446062,51879.87,0.24,0.26,0.05,0.01,True,0.26,0.24,0.020000000000000018,7.800000000000001,156.26000000000002,7.199999999999999,0.76,0.74,0.020000000000000018,22.8,194.46380000000002,22.2,Yes,0.270113,0.249906,0.28608,0.26,0.24,0.02,0.00962,0.000493,-0.037714,0.04,0.184,156.26,,,PASS,0
fifwc-esp-arg-2026-07-19,fifwc-esp-arg-2026-07-19-exact-score,Spain vs. Argentina - Exact Score,2942009,soccer_exact_score,Spain 0 - 0 Argentina,Exact Score: Spain 0 - 0 Argentina?,Yes,No,81549293522926834217196813449020148539241513751484223259159114469711911824316,105131637194402927882857711341679712688698913278320313966910923046884205545649,6096.889232,276640.2729,0.1,0.11,0.05,0.01,True,0.11,0.1,0.009999999999999995,2614.2622,22507.1432,3983.9660000000003,0.9,0.89,0.010000000000000009,35855.694,53496.41190000001,21151.7578,Yes,0.12793,0.098677,0.166183,0.11,0.1,0.01,0.004895,0.013035,-0.041218,0.065,0.008,22507.14,,,WATCH,0
fifwc-esp-arg-2026-07-19,fifwc-esp-arg-2026-07-19-exact-score,Spain vs. Argentina - Exact Score,2942010,soccer_exact_score,Spain 0 - 1 Argentina,Exact Score: Spain 0 - 1 Argentina?,Yes,No,44745496501222841727631055299580565730260078104743395625344679668446804748261,9315261753215457668569501926418745411616198632712838640504976861465067073909,8061.646606999996,301905.2031,0.08,0.09,0.05,0.01,True,0.09,0.08,0.009999999999999995,7800.1803,20776.6663,6144.285600000001,0.92,0.91,0.010000000000000009,70659.2844,98559.2552,78868.4897,Yes,0.115153,0.09684,0.131754,0.09,0.08,0.01,0.004095,0.021058,-0.022255,0.065,0.006,20776.67,,,WATCH,0
fifwc-esp-arg-2026-07-19,fifwc-esp-arg-2026-07-19-exact-score,Spain vs. Argentina - Exact Score,2942011,soccer_exact_score,Spain 1 - 0 Argentina,Exact Score: Spain 1 - 0 Argentina?,Yes,No,36284631190512394140314037549741121782871517320465510133598056044713226666250,45532354621305932937190196097170933475055093463758992985271554027450114042897,9925.979943,308057.8206,0.11,0.12,0.05,0.01,True,0.12,0.11,0.009999999999999995,10136.2764,26298.942300000002,7554.2411999999995,0.89,0.88,0.010000000000000009,61120.6788,88112.2268,74332.6936,Yes,0.125323,0.10542,0.1436,0.12,0.11,0.01,0.00528,4.3e-05,-0.04486,0.065,0.014,26298.94,,,PASS,0
fifwc-esp-arg-2026-07-19,fifwc-esp-arg-2026-07-19-exact-score,Spain vs. Argentina - Exact Score,2942012,soccer_exact_score,Spain 0 - 2 Argentina,Exact Score: Spain 0 - 2 Argentina?,Yes,No,47145578323451058779403614719457551996653409901966195623142669480376673877090,46814744040327909045077123830469972958842988519470688298076989755729925747993,19549.704067,277495.09229,0.044,0.045,0.05,0.001,True,0.045,0.044,0.0010000000000000009,808.8156,10423.4377,378.48623999999995,0.956,0.955,0.0010000000000000009,8223.473759999999,22901.857509999998,17164.8644,Yes,0.0491,0.04394,0.050503,0.045,0.044,0.001,0.002149,0.001951,-0.028209,0.065,0.0,10423.44,,,PASS,0
fifwc-esp-arg-2026-07-19,fifwc-esp-arg-2026-07-19-exact-score,Spain vs. Argentina - Exact Score,2942013,soccer_exact_score,Spain 1 - 1 Argentina,Exact Score: Spain 1 - 1 Argentina?,Yes,No,42736655376785853871753155043931522511145630893598165634855727846278733514149,61519513815745308865237366567876664659360188214480972005756531829514547913075,7864.922500000001,381817.3834,0.15,0.16,0.05,0.01,True,0.16,0.15,0.010000000000000009,15884.7952,54672.2729,7125.06,0.85,0.84,0.010000000000000009,40375.340000000004,76417.6044,83395.1748,No,0.85667,0.854454,0.864863,0.85,0.84,0.01,0.006375,0.000295,-0.026921,0.065,0.755,76417.6,,,PASS,0
fifwc-esp-arg-2026-07-19,fifwc-esp-arg-2026-07-19-exact-score,Spain vs. Argentina - Exact Score,2942014,soccer_exact_score,Spain 2 - 0 Argentina,Exact Score: Spain 2 - 0 Argentina?,Yes,No,22254858175513103187588388900033291336771070560809999961721316193141200660957,22893608586228782078354772038228054619714640643126094831956979889813476081650,20914.466940000002,313652.5153,0.07,0.08,0.05,0.01,True,0.08,0.07,0.009999999999999995,1624.0192000000002,17642.3301,14718.274900000002,0.93,0.92,0.010000000000000009,195542.79510000002,222784.8555,18676.220800000003,No,0.941163,0.937674,0.945986,0.93,0.92,0.01,0.003255,0.007908,-0.020581,0.065,0.84,222784.86,,,PASS,0
fifwc-esp-arg-2026-07-19,fifwc-esp-arg-2026-07-19-exact-score,Spain vs. Argentina - Exact Score,2942015,soccer_exact_score,Spain 0 - 3 Argentina,Exact Score: Spain 0 - 3 Argentina?,Yes,No,35289164512036836621533326126064114451858610409336283611332256435522186949436,58281199611700028311622954922299614722293459648127205757837137743802418668533,8617.423529000002,214345.4365,0.012,0.013,0.05,0.001,True,0.013,0.012,0.0009999999999999992,0.975,2763.6053,106.65863999999999,0.988,0.987,0.0010000000000000009,8781.56136,75226.7413,74.025,Yes,0.016377,0.01398,0.017277,0.013,0.012,0.001,0.000642,0.002735,-0.024662,0.065,0.0,2763.61,,,PASS,0
fifwc-esp-arg-2026-07-19,fifwc-esp-arg-2026-07-19-exact-score,Spain vs. Argentina - Exact Score,2942016,soccer_exact_score,Spain 1 - 2 Argentina,Exact Score: Spain 1 - 2 Argentina?,Yes,No,12384785608039901247497028680546060108195625418904439310834182431741545359435,33943426374788577933834234650409034353628286549043800145320636816016760055303,35978.954916000024,324368.1197,0.06,0.07,0.05,0.01,True,0.07,0.06,0.010000000000000009,5009.8426,18417.5338,5543.7072,0.94,0.93,0.009999999999999898,86851.41279999999,104273.59459999998,66559.3374,Yes,0.070143,0.061446,0.07666,0.07,0.06,0.01,0.003255,-0.003112,-0.036809,0.065,0.0,18417.53,,,PASS,0
fifwc-esp-arg-2026-07-19,fifwc-esp-arg-2026-07-19-exact-score,Spain vs. Argentina - Exact Score,2942017,soccer_exact_score,Spain 2 - 1 Argentina,Exact Score: Spain 2 - 1 Argentina?,Yes,No,79464966601443444211409754239549864715374909947355242456484423943167025371292,45493746872063564096177937323959647647530659113687507849142486516762995679101,66748.03124800003,396498.9188,0.08,0.09,0.05,0.01,True,0.09,0.08,0.009999999999999995,9526.23,31324.3298,10539.5688,0.92,0.91,0.010000000000000009,121205.04119999999,149261.56339999998,96320.77,No,0.923447,0.916943,0.932251,0.92,0.91,0.01,0.00368,-0.000233,-0.031737,0.065,0.819,149261.56,,,PASS,0
fifwc-esp-arg-2026-07-19,fifwc-esp-arg-2026-07-19-exact-score,Spain vs. Argentina - Exact Score,2942018,soccer_exact_score,Spain 3 - 0 Argentina,Exact Score: Spain 3 - 0 Argentina?,Yes,No,9849551241373217468398926116494361037206032495449574957261289531683799404303,6378631776633584701711096755651961644025777081603563784626403545311285914224,10260.103776,219287.46846,0.036,0.037,0.05,0.001,True,0.037,0.036,0.0010000000000000009,329.48278,6624.36162,5415.55308,0.964,0.963,0.0010000000000000009,145016.47692,165753.75644,8575.45722,No,0.97888,0.976214,0.982077,0.964,0.963,0.001,0.001735,0.013145,-0.014521,0.065,0.88,165753.76,,,WATCH,0
fifwc-esp-arg-2026-07-19,fifwc-esp-arg-2026-07-19-exact-score,Spain vs. Argentina - Exact Score,2942019,soccer_exact_score,Spain 1 - 3 Argentina,Exact Score: Spain 1 - 3 Argentina?,Yes,No,28222289354527373762480982537652524035997379204805798075050731984117597182468,105464392408709386724730914760889773033348761488075448055131432680768115768863,25661.746640999998,214779.76846,0.021,0.022,0.05,0.001,True,0.022,0.021,0.0009999999999999974,1850.12212,2897.82732,174.57909000000004,0.979,0.978,0.0010000000000000009,8138.710910000001,84807.228,82246.33788,No,0.977583,0.973411,0.983734,0.979,0.978,0.001,0.001028,-0.002445,-0.031617,0.065,0.878,84807.23,,,PASS,0
fifwc-esp-arg-2026-07-19,fifwc-esp-arg-2026-07-19-exact-score,Spain vs. Argentina - Exact Score,2942020,soccer_exact_score,Spain 2 - 2 Argentina,Exact Score: Spain 2 - 2 Argentina?,Yes,No,30705778356175131138527811895766002183117548687772523359723445110027329785211,34891371387938701211840591458071323530884822030384779347681535463054581294576,52919.99179799997,313088.2865,0.05,0.06,0.05,0.01,True,0.06,0.05,0.009999999999999995,8169.983400000001,15110.864200000002,2627.9130000000005,0.95,0.94,0.010000000000000009,49930.347,172688.971,127996.4066,No,0.950483,0.939243,0.959969,0.95,0.94,0.01,0.002375,-0.001892,-0.038132,0.065,0.842,172688.97,,,PASS,0
fifwc-esp-arg-2026-07-19,fifwc-esp-arg-2026-07-19-exact-score,Spain vs. Argentina - Exact Score,2942021,soccer_exact_score,Spain 3 - 1 Argentina,Exact Score: Spain 3 - 1 Argentina?,Yes,No,7021530639078779013734059268307729540470749823782052736997993054767028914999,90697868812610472234346560441302376325910183076355912830906137032174188301710,30520.220805999998,226519.02731,0.037,0.038,0.05,0.001,True,0.038,0.037,0.0010000000000000009,2478.55456,5377.15356,370.67525,0.963,0.962,0.0010000000000000009,9647.57475,132364.40593,62746.56544,No,0.97348,0.969051,0.979434,0.963,0.962,0.001,0.001782,0.008698,-0.02073,0.065,0.873,132364.41,,,PASS,0
fifwc-esp-arg-2026-07-19,fifwc-esp-arg-2026-07-19-exact-score,Spain vs. Argentina - Exact Score,2942022,soccer_exact_score,Spain 2 - 3 Argentina,Exact Score: Spain 2 - 3 Argentina?,Yes,No,51109306394725090330084656461396328598075978877907267180360989433722055814374,28270659931872148672320983284020103550194403267662738412591930426417805719170,357528.5154000014,107627.35313,0.03,0.031,0.05,0.001,True,0.036,0.035,0.000999999999999994,302.89284,940.26698,153.88835000000003,0.965,0.964,0.0010000000000000009,4242.92165,63970.98695,8110.79716,No,0.982283,0.974771,0.98778,0.965,0.964,0.001,0.001689,0.015595,-0.016917,0.065,0.879,63970.99,,,WATCH,0
fifwc-esp-arg-2026-07-19,fifwc-esp-arg-2026-07-19-exact-score,Spain vs. Argentina - Exact Score,2942023,soccer_exact_score,Spain 3 - 2 Argentina,Exact Score: Spain 3 - 2 Argentina?,Yes,No,83578876256912836630465568836787043011698561387422220730948431144418924444718,49384164222368191218605127033710312316664748617991737246758669505738720950669,46247.75913400002,196142.98535,0.02,0.021,0.05,0.001,True,0.021,0.02,0.0010000000000000009,2117.7844800000003,2524.6920800000003,156.2416,0.98,0.979,0.0010000000000000009,7655.8384,52508.13088,98729.09552,No,0.980877,0.973346,0.986609,0.98,0.979,0.001,0.00098,-0.000103,-0.032634,0.065,0.877,52508.13,,,PASS,0
fifwc-esp-arg-2026-07-19,fifwc-esp-arg-2026-07-19-exact-score,Spain vs. Argentina - Exact Score,2942024,soccer_exact_score,Spain 3 - 3 Argentina,Exact Score: Spain 3 - 3 Argentina?,Yes,No,88228649965626685394164426382716859280399843611049553371375616762843144167182,18428656887981140823068577570134033651673411615058872565391929275495865976021,61034.92053399999,276499.12773,0.011,0.012,0.05,0.001,True,0.012,0.011,0.0010000000000000009,630.66096,2745.20013,115.55499999999999,0.989,0.988,0.0010000000000000009,10389.445,91757.00694,51924.41904,No,0.99048,0.985677,0.99392,0.989,0.988,0.001,0.000544,0.000936,-0.028867,0.065,0.89,91757.01,,,PASS,0
fifwc-esp-arg-2026-07-19,fifwc-esp-arg-2026-07-19-exact-score,Spain vs. Argentina - Exact Score,2942025,soccer_exact_score,Any Other Score,Exact Score: Any Other Score?,Yes,No,112506135920499895973036194948205811788595587475440410000783705571222669619858,115151072969073909238674209070880620860700060256512907416652712296216049269321,6050.029784,227831.9165,0.04,0.05,0.05,0.01,True,0.05,0.04,0.010000000000000002,234.547,9579.462,2235.92,0.96,0.95,0.010000000000000009,53662.079999999994,94044.51569999999,4456.392999999999,Yes,0.05132,0.035251,0.079069,0.05,0.04,0.01,0.002375,-0.001055,-0.042124,0.065,0.0,9579.46,,,PASS,0
fifwc-esp-arg-2026-07-19,fifwc-esp-arg-2026-07-19-first-to-score,Spain vs. Argentina - First Team to Score,2942026,soccer_first_to_score,Spain,Spain to score first vs. Argentina?,Yes,No,9442745886371658885992984738892694704152411733298078866606168044613081349804,97171789406634980432007130638998091860312416287731490944838203146022145507770,1787.4415239999998,72880.4681,0.53,0.54,0.05,0.01,True,0.54,0.53,0.010000000000000009,21066.9174,22836.799,469.62770000000006,0.47,0.46,0.009999999999999953,416.46229999999997,3727.4224,17945.8926,No,0.545923,0.526549,0.56996,0.47,0.46,0.01,0.012455,0.063468,0.026094,0.04,0.456,3727.42,,,WATCH,0
fifwc-esp-arg-2026-07-19,fifwc-esp-arg-2026-07-19-first-to-score,Spain vs. Argentina - First Team to Score,2942027,soccer_first_to_score,Argentina,Argentina to score first vs. Spain?,Yes,No,91613958020462206796604703490892509074037827032000264303930178637905513667554,52462745552966070037353896544408106239819915353248296777169963883406867728145,1046.6471310000002,45352.1511,0.35,0.37,0.05,0.01,True,0.37,0.35,0.020000000000000018,128.2716,1180.6294,156.2505,0.65,0.63,0.020000000000000018,290.1795,1456.4393,218.4084,Yes,0.417993,0.391949,0.435929,0.37,0.35,0.02,0.011655,0.036338,-0.007706,0.04,0.323,1180.63,,,WATCH,0
fifwc-esp-arg-2026-07-19,fifwc-esp-arg-2026-07-19-first-to-score,Spain vs. Argentina - First Team to Score,2942028,soccer_first_to_score,Neither,Spain vs. Argentina: Neither team to score first?,Yes,No,46468009063184382728906236836743754404951837514722945422850096655231290940321,51886558789662081116832110864895092893246044793536840163063722959295768001701,829.794856,44532.27,0.11,0.12,0.05,0.01,True,0.12,0.11,0.009999999999999995,672.3024,911.1185,139.2259,0.89,0.88,0.010000000000000009,1126.4641000000001,5168.2978,4930.217600000001,Yes,0.12793,0.098677,0.166183,0.12,0.11,0.01,0.00528,0.00265,-0.044603,0.04,0.038,911.12,,,PASS,0
fifwc-esp-arg-2026-07-19,fifwc-esp-arg-2026-07-19-more-markets,Spain vs. Argentina - More Markets,2942064,spreads,Spain (-1.5),Spread: Spain (-1.5),Spain,Argentina,98699639556495089435803820424633193482385080794955683699757392440226749572387,51499791058434329766698297937382776746424415010143258660366209876130116492569,41786.53560700001,151060.7282,0.2,0.21,0.05,0.01,True,0.21,0.2,0.009999999999999981,2802.7104,9599.967499999999,12704.962,0.8,0.79,0.010000000000000009,50819.848,112200.65010000001,10543.5296,Argentina,0.868163,0.850069,0.886709,0.8,0.79,0.01,0.008,0.060163,0.024069,0.04,0.783,112200.65,,,WATCH,0
fifwc-esp-arg-2026-07-19,fifwc-esp-arg-2026-07-19-more-markets,Spain vs. Argentina - More Markets,2942065,spreads,Argentina (-1.5),Spread: Argentina (-1.5),Argentina,Spain,27866062221579476928861033428139821414043096358422032545150760258360702553383,102231986809071138728906508208881547976182342159506956488734498410239184870444,1581.6633150000002,86049.9851,0.09,0.1,0.05,0.01,True,0.1,0.09,0.010000000000000009,533.868,1261.8294,155.5956,0.91,0.9,0.010000000000000009,1573.2444,30401.8625,4804.812000000001,Argentina,0.106863,0.090034,0.11862,0.1,0.09,0.01,0.0045,0.002363,-0.032466,0.04,0.03,1261.83,,,PASS,0
fifwc-esp-arg-2026-07-19,fifwc-esp-arg-2026-07-19-more-markets,Spain vs. Argentina - More Markets,2942066,spreads,Spain (-2.5),Spread: Spain (-2.5),Spain,Argentina,1558707332570189961820096200955136519582171078932511484380238317309280969172,53983086445102802647455380797667419444136142614376756774917672725334661547690,1680.855982,109932.8116,0.07,0.08,0.05,0.01,True,0.08,0.07,0.009999999999999995,576.6776,1292.7533,460.8303,0.93,0.92,0.010000000000000009,6122.4597,18554.6382,6631.7924,Argentina,0.959557,0.948417,0.96872,0.93,0.92,0.01,0.003255,0.026302,-0.002838,0.04,0.885,18554.64,,,WATCH,0
fifwc-esp-arg-2026-07-19,fifwc-esp-arg-2026-07-19-more-markets,Spain vs. Argentina - More Markets,2942067,spreads,Argentina (-2.5),Spread: Argentina (-2.5),Argentina,Spain,49329839933847137508236296569317763424126272037348177295233262183539506102390,95927753836153400849282431012340434441468880940946124526171211637554397656956,921.112883,100713.2338,0.021,0.022,0.05,0.001,True,0.022,0.021,0.0009999999999999974,1.3419999999999999,237.30624,68.82225000000001,0.979,0.978,0.0010000000000000009,3208.42775,23102.92509,59.658,Argentina,0.03035,0.023454,0.037217,0.022,0.021,0.001,0.001076,0.007274,-0.017622,0.04,0.0,237.31,,,PASS,0
fifwc-esp-arg-2026-07-19,fifwc-esp-arg-2026-07-19-more-markets,Spain vs. Argentina - More Markets,2942068,spreads,Spain (-3.5),Spread: Spain (-3.5),Spain,Argentina,91615399910374774632716699707955161093586513472414125784440850426973819044394,32635700868942229311190389374989739093646922876665386023614865459624795467554,0,95127.58815,0.02,0.021,0.05,0.001,True,0.021,0.02,0.0010000000000000009,21.0,21.0,0.1,0.98,0.979,0.0010000000000000009,4.9,14478.084,979.0,Argentina,0.989553,0.985334,0.993009,0.98,0.979,0.001,0.00098,0.008573,-0.013646,0.04,0.923,14478.08,,,PASS,0
fifwc-esp-arg-2026-07-19,fifwc-esp-arg-2026-07-19-more-markets,Spain vs. Argentina - More Markets,2942069,spreads,Argentina (-3.5),Spread: Argentina (-3.5),Argentina,Spain,54844701786035835259029529509138818731759430955520272076143110098426589306237,27715479182877240374926505482638123577644716388119637236285740910613452647386,207.02,95928.6284,0.01,0.011,0.05,0.001,True,0.011,0.01,0.0009999999999999992,9.88889,9.88889,2.0,0.99,0.989,0.0010000000000000009,198.0,10349.535,889.10111,Spain,0.99295,0.990111,0.995043,0.99,0.989,0.001,0.000495,0.002455,-0.018384,0.04,0.928,10349.53,,,PASS,0
fifwc-esp-arg-2026-07-19,fifwc-esp-arg-2026-07-19-more-markets,Spain vs. Argentina - More Markets,2942070,spreads,Spain (-4.5),Spread: Spain (-4.5),Spain,Argentina,9783484663367771053370513430414927678392183619921668445617744292539553771659,93904992474937854765835464136967512633018200026836946910032791050847665374852,395,68989.74644,0.004,0.01,0.05,0.001,True,0.01,0.004,0.006,7.9472000000000005,15.76684,15.11476,0.996,0.99,0.006000000000000005,3763.57524,6783.083860000001,786.7728000000001,Argentina,0.997577,0.99648,0.998677,0.996,0.99,0.006,0.000199,0.001377,-0.017719,0.04,0.935,6783.08,,,PASS,0
fifwc-esp-arg-2026-07-19,fifwc-esp-arg-2026-07-19-more-markets,Spain vs. Argentina - More Markets,2942071,spreads,Argentina (-4.5),Spread: Argentina (-4.5),Argentina,Spain,50566628398671844066086168302979468502494901688337964016203270901568885998503,97749234584173893643480670686521133892631380736811545751163271414470780121700,1005,93888.06643,0.002,0.009,0.05,0.001,True,0.009,0.002,0.006999999999999999,12.22146,214.0714,0.68784,0.998,0.991,0.007000000000000006,343.23216,552.02316,1345.71854,Spain,0.998537,0.997446,0.999014,0.998,0.991,0.007,0.0001,0.000437,-0.018654,0.04,0.936,552.02,,,PASS,0
fifwc-esp-arg-2026-07-19,fifwc-esp-arg-2026-07-19-more-markets,Spain vs. Argentina - More Markets,2942072,spreads,Spain (-5.5),Spread: Spain (-5.5),Spain,Argentina,23748597158354846643235421984130201371194669485431024611492995992258659038441,60355982191905787681048665642297423360126574401720213554851134570885746870644,604.9907000000001,83238.46602,0.002,0.014,0.05,0.001,True,0.014,0.002,0.012,9.1784,16.70816,1.9853,0.998,0.986,0.01200000000000001,990.6646999999999,11023.6217,646.4216,Argentina,0.99949,0.999183,0.999771,0.998,0.986,0.012,0.0001,0.00139,-0.016917,0.04,0.938,11023.62,,,PASS,0
fifwc-esp-arg-2026-07-19,fifwc-esp-arg-2026-07-19-more-markets,Spain vs. Argentina - More Markets,2942074,totals,O/U 0.5,Spain vs. Argentina: O/U 0.5,Over,Under,95825958363807846699086525334115004140149075455134418888294284834103444139805,100899066788087264896991245177978653395891419153169248929857538839728453964270,11230.717574999999,79445.2009,0.89,0.9,0.05,0.01,True,0.9,0.89,0.010000000000000009,71.577,24890.5799,6443.1194000000005,0.11,0.1,0.009999999999999995,796.3406,2807.5088,7.953,Under,0.12793,0.098677,0.166183,0.11,0.1,0.01,0.004895,0.013035,-0.028218,0.025,0.058,2807.51,,,WATCH,0
fifwc-esp-arg-2026-07-19,fifwc-esp-arg-2026-07-19-more-markets,Spain vs. Argentina - More Markets,2942075,totals,O/U 1.5,Spain vs. Argentina: O/U 1.5,Over,Under,76487730613685673778526503275712730145438196914922669236000206527286181327605,94444460094130059478461527758124284936643092317254702208374627453626023521088,4541.442662000001,133364.7942,0.69,0.7,0.05,0.01,True,0.7,0.69,0.010000000000000009,6463.022999999999,29614.1766,2676.7929,0.31,0.3,0.010000000000000009,1202.6171,7287.0774,2769.8669999999997,Under,0.368407,0.301691,0.437749,0.31,0.3,0.01,0.010695,0.047712,-0.031004,0.025,0.255,7287.08,,,WATCH,0
fifwc-esp-arg-2026-07-19,fifwc-esp-arg-2026-07-19-more-markets,Spain vs. Argentina - More Markets,2942076,totals,O/U 2.5,Spain vs. Argentina: O/U 2.5,Over,Under,96709369199155811896412708963452696003757852418260689931259227822622759089946,62079784984413523345650422563713547632559798516317866687864953356087521248390,18760.428907,281539.2046,0.41,0.42,0.05,0.01,True,0.42,0.41,0.010000000000000009,36084.501599999996,59916.21309999999,59885.90379999999,0.59,0.58,0.010000000000000009,86177.2762,110342.51789999999,49830.97839999999,Under,0.619673,0.538749,0.68968,0.59,0.58,0.01,0.012095,0.017578,-0.075346,0.025,0.489,110342.52,,,WATCH,0
fifwc-esp-arg-2026-07-19,fifwc-esp-arg-2026-07-19-more-markets,Spain vs. Argentina - More Markets,2942077,totals,O/U 3.5,Spain vs. Argentina: O/U 3.5,Over,Under,55402626476150628336189573790876489866083310387667065204313831315980903668019,79463031754212872590735327726896748721117002882760315528874275622377644753131,2339.939983,116518.0323,0.21,0.22,0.05,0.01,True,0.22,0.21,0.010000000000000009,616.429,2129.4242,722.7717,0.79,0.78,0.010000000000000009,2718.9983,15581.943500000001,2185.5209999999997,Under,0.803867,0.737026,0.854737,0.79,0.78,0.01,0.008295,0.005572,-0.073269,0.025,0.689,15581.94,,,PASS,0
fifwc-esp-arg-2026-07-19,fifwc-esp-arg-2026-07-19-more-markets,Spain vs. Argentina - More Markets,2942078,totals,O/U 4.5,Spain vs. Argentina: O/U 4.5,Over,Under,11495950938209749273971051560503552170700519238704281218794309479744779141493,44191264759697865385135202563380717265798503080774312620323457687658441080107,2449.465749,104172.6359,0.08,0.1,0.05,0.01,True,0.1,0.08,0.020000000000000004,619.9490000000001,1144.3806,530.9496,0.92,0.9,0.020000000000000018,6105.9204,61777.2731,5579.541,Over,0.087793,0.059457,0.133389,0.1,0.08,0.02,0.0045,-0.016707,-0.057043,0.025,0.021,1144.38,,,PASS,0
fifwc-esp-arg-2026-07-19,fifwc-esp-arg-2026-07-19-more-markets,Spain vs. Argentina - More Markets,2942079,totals,O/U 5.5,Spain vs. Argentina: O/U 5.5,Over,Under,39597975841443176908555740378556181319024921993457924597132299006128698383414,45112419386690364734449600494611320250510060938704315852020921265799923273987,131.62805,122589.89475,0.03,0.038,0.05,0.001,True,0.038,0.03,0.008,21.404639999999997,217.16120999999998,24.1908,0.97,0.962,0.008000000000000007,782.1692,7717.12649,541.87536,Over,0.035407,0.021734,0.0601,0.038,0.03,0.008,0.001828,-0.004421,-0.030094,0.025,0.0,217.16,,,PASS,0
fifwc-esp-arg-2026-07-19,fifwc-esp-arg-2026-07-19-more-markets,Spain vs. Argentina - More Markets,2942080,totals,O/U 6.5,Spain vs. Argentina: O/U 6.5,Over,Under,12824531344546423125643023561330753840736159393118539820917597694992566604050,20229023836786455875423160779564438217271757651373250307733617830660567954572,537.1824809999999,93141.21564,0.011,0.012,0.05,0.001,True,0.012,0.011,0.0010000000000000009,0.23987999999999998,26.551879999999997,11.0,0.989,0.988,0.0010000000000000009,989.0,6296.3375,19.75012,Over,0.01246,0.007109,0.024417,0.012,0.011,0.001,0.000593,-0.000133,-0.017484,0.025,0.0,26.55,,,PASS,0
fifwc-esp-arg-2026-07-19,fifwc-esp-arg-2026-07-19-more-markets,Spain vs. Argentina - More Markets,2942081,totals,O/U 7.5,Spain vs. Argentina: O/U 7.5,Over,Under,39694945349350859827256227800649660552056278027714528836781901344275639839905,2692517155492333981922803700748758333284067767841373811796825312545022886703,20,81430.31444,0.003,0.007,0.05,0.001,True,0.007,0.003,0.004,9.78537,13.36656,4.87398,0.997,0.993,0.0040000000000000036,1619.78602,6757.98236,1388.12463,Over,0.004077,0.00234,0.009354,0.007,0.003,0.004,0.000348,-0.003271,-0.017008,0.025,0.0,13.37,,,PASS,0
fifwc-esp-arg-2026-07-19,fifwc-esp-arg-2026-07-19-more-markets,Spain vs. Argentina - More Markets,2942082,totals,O/U 8.5,Spain vs. Argentina: O/U 8.5,Over,Under,17164965730683793600598766066684853635037210347232250111784578411733566708083,51156099466887878211796641037191753756120490705979771546473791310455657552699,160.560137,89789.74899,0.002,0.004,0.05,0.001,True,0.004,0.002,0.002,3.7188800000000004,3.7188800000000004,0.49938,0.998,0.996,0.0020000000000000018,249.19062,6389.604060000001,926.00112,Under,0.998867,0.99678,0.999431,0.998,0.996,0.002,0.0001,0.000767,-0.01332,0.025,0.957,6389.6,,,PASS,0
fifwc-esp-arg-2026-07-19,fifwc-esp-arg-2026-07-19-more-markets,Spain vs. Argentina - More Markets,2942083,soccer_team_to_advance,Team to Advance,Spain vs. Argentina: Team to Advance,Spain,Argentina,21489275813654264105403246157265887827595023709508765470113828829105196462288,59470269118682771304947535994646971819417763580663925170396066961563339373816,85554.43417500006,2262764.5416,0.58,0.59,0.05,0.01,True,0.59,0.58,0.010000000000000009,558986.6677,874071.8303,1233290.395,0.42,0.41,0.010000000000000009,893072.355,1133917.9022,388448.3623,Argentina,0.504623,0.489037,0.521523,0.42,0.41,0.01,0.01218,0.072443,0.044857,0.025,0.439,1133917.9,"Paddy Power prices reported by Squawka, captured 2026-07-16",The model's Argentina advancement edge is driven partly by uncertain shootout priors and conflicts with the sharp consensus.,EXTERNAL_CONFLICT_PASS,0
fifwc-esp-arg-2026-07-19,fifwc-esp-arg-2026-07-19-more-markets,Spain vs. Argentina - More Markets,2942084,soccer_extra_time,Will the Match Go to Extra Time?,Spain vs. Argentina: Will the Match Go to Extra Time?,Yes,No,97948501642772411011659953242528615488160007717513876997441328473821772128256,45064127349620505638971408853930687190941379805009611444184929924545684192288,614.805785,153442.5426,0.31,0.32,0.05,0.01,True,0.32,0.31,0.010000000000000009,126.7008,19455.3925,2402.5837,0.69,0.68,0.009999999999999898,5347.6863,9880.5563,269.23920000000004,Yes,0.33151,0.312386,0.357534,0.32,0.31,0.01,0.01088,0.00063,-0.030494,0.025,0.265,19455.39,,,PASS,0
fifwc-esp-arg-2026-07-19,fifwc-esp-arg-2026-07-19-more-markets,Spain vs. Argentina - More Markets,2942085,soccer_penalty_shootout,Will the Match Go to a Penalty Shootout?,Spain vs. Argentina: Will the Match Go to a Penalty Shootout?,Yes,No,99237176169814247102676104209521416651037975910599658912877418671626337542536,23672155771406754848331239612472695073393736122708258152585549720814710165762,4387.898327,116312.8989,0.24,0.25,0.05,0.01,True,0.25,0.24,0.010000000000000009,2.7,502.3512,205.50959999999998,0.76,0.75,0.010000000000000009,650.7804,841.038,8.100000000000001,No,0.816283,0.794237,0.83122,0.76,0.75,0.01,0.00912,0.047163,-0.004883,0.08,0.673,841.04,,,WATCH,0
fifwc-esp-arg-2026-07-19,fifwc-esp-arg-2026-07-19-total-corners,Spain vs. Argentina - Total Corners,2942086,total_corners,Total Corners: O/U 10.5,Spain vs. Argentina: O/U 10.5 Total Corners,Over,Under,100884929291058386486272562949288505573410161134361262436569204241548679514194,8798078604207564628901160346846366718740102821554595865956679542950175847197,133.834771,46639.6999,0.21,0.24,0.05,0.01,True,0.24,0.21,0.03,142.5528,1008.4284,100.3506,0.79,0.76,0.030000000000000027,377.5094,1495.1014,451.41720000000004,Under,0.84674,0.794666,0.87492,0.79,0.76,0.03,0.008295,0.048445,-0.028629,0.06,0.699,1495.1,,,WATCH,0
fifwc-esp-arg-2026-07-19,fifwc-esp-arg-2026-07-19-total-corners,Spain vs. Argentina - Total Corners,2942087,total_corners,Total Corners: O/U 7.5,Spain vs. Argentina: O/U 7.5 Total Corners,Over,Under,62297234945470202633521042925717694851731938289986095644136689608717831573280,14779115833904937674097764073453701387964631439951402547450795360800782701769,41.952977,14047.9756,0.56,0.59,0.05,0.01,True,0.59,0.56,0.029999999999999916,159.477,260.973,152.13520000000003,0.44,0.41,0.030000000000000027,119.5348,634.9588,110.823,Under,0.52657,0.449331,0.579834,0.44,0.41,0.03,0.01232,0.07425,-0.027989,0.06,0.352,634.96,,,WATCH,0
fifwc-esp-arg-2026-07-19,fifwc-esp-arg-2026-07-19-total-corners,Spain vs. Argentina - Total Corners,2942088,total_corners,Total Corners: O/U 6.5,Spain vs. Argentina: O/U 6.5 Total Corners,Over,Under,13791465386744541708008749529499707759399538147853478212698226131258167266843,98200721663470256841583863300165128793984043179730926032160921349858910509985,1756.613864,48395.9863,0.74,0.75,0.05,0.01,True,0.75,0.74,0.010000000000000009,38.8725,829.2725,692.2995999999999,0.26,0.25,0.010000000000000009,243.2404,257.23449999999997,12.9575,Under,0.389043,0.320314,0.441671,0.26,0.25,0.01,0.00962,0.119423,0.025694,0.06,0.226,257.23,,,WATCH,0
fifwc-esp-arg-2026-07-19,fifwc-esp-arg-2026-07-19-total-corners,Spain vs. Argentina - Total Corners,2942089,total_corners,Total Corners: O/U 9.5,Spain vs. Argentina: O/U 9.5 Total Corners,Over,Under,58099927348932613457612110542604695170841031065893301089162724368076781554350,33828905686744352504401030470185377424515449695732960804300825727635006324623,48.627230999999995,8513.4177,0.3,0.32,0.05,0.01,True,0.32,0.3,0.020000000000000018,61.4592,196.39950000000002,246.48899999999998,0.7,0.68,0.019999999999999907,575.141,1943.3181,130.60080000000002,Under,0.762917,0.699126,0.802771,0.7,0.68,0.02,0.0105,0.052417,-0.036374,0.06,0.602,1943.32,,,WATCH,0
fifwc-esp-arg-2026-07-19,fifwc-esp-arg-2026-07-19-total-corners,Spain vs. Argentina - Total Corners,2942090,total_corners,Total Corners: O/U 12.5,Spain vs. Argentina: O/U 12.5 Total Corners,Over,Under,8840952442716169572853510450574377895501391340133938674787209180474930429943,69083233201292256218742801149657862987331957887808317053951484291136696607294,2.16695,39569.8682,0.08,0.11,0.05,0.01,True,0.11,0.08,0.03,0.55,0.55,43.684,0.92,0.89,0.030000000000000027,502.366,899.6062,4.45,Under,0.946127,0.920134,0.957657,0.92,0.89,0.03,0.00368,0.022447,-0.028546,0.06,0.828,899.61,,,WATCH,0
fifwc-esp-arg-2026-07-19,fifwc-esp-arg-2026-07-19-total-corners,Spain vs. Argentina - Total Corners,2942091,total_corners,Total Corners: O/U 11.5,Spain vs. Argentina: O/U 11.5 Total Corners,Over,Under,114407872046271014049974812468345324983840270246338723559484175155285594720118,5276805451642985851441312018990805778197884630819859950202836307326431497186,5.747123,41489.829,0.13,0.16,0.05,0.01,True,0.16,0.13,0.03,44.11520000000001,130.2251,209.28830000000002,0.87,0.84,0.030000000000000027,1400.6217000000001,3893.4225,231.6048,Under,0.906833,0.867114,0.925466,0.87,0.84,0.03,0.005655,0.031178,-0.033541,0.06,0.773,3893.42,,,WATCH,0
fifwc-esp-arg-2026-07-19,fifwc-esp-arg-2026-07-19-total-corners,Spain vs. Argentina - Total Corners,2942092,total_corners,Total Corners: O/U 8.5,Spain vs. Argentina: O/U 8.5 Total Corners,Over,Under,37324691714507346241532363779598036161789194798773486258397943227545658009856,8982543254857777962338153839341664154429126981415171735057756857901145514789,366.87440100000003,16014.716,0.44,0.47,0.05,0.01,True,0.47,0.44,0.02999999999999997,102.46,556.6544,110.0352,0.56,0.53,0.030000000000000027,140.0448,437.7625,115.54,Under,0.653763,0.579657,0.703254,0.56,0.53,0.03,0.01232,0.081443,-0.017663,0.06,0.482,437.76,,,WATCH,0
fifwc-esp-arg-2026-07-19,fifwc-esp-arg-2026-07-19-total-corners,Spain vs. Argentina - Total Corners,2942093,soccer_first_half_total_corners,1st Half Total Corners: O/U 3.5,Spain vs. Argentina: 1st Half O/U 3.5 Total Corners,Over,Under,100002411886865891295169984829739899620779696243692635352330027637284200504726,58466313991005930067827911937419510174032031450766071388165026237975906922232,0,28853.6389,0.49,0.7,0.05,0.01,True,0.7,0.49,0.20999999999999996,10.717,115.1813,296.96939999999995,0.51,0.3,0.21000000000000002,309.0906,335.0906,4.593,Under,0.6012,0.55078,0.634329,0.51,0.3,0.21,0.012495,0.078705,0.003285,0.06,0.453,335.09,,,WATCH,0
fifwc-esp-arg-2026-07-19,fifwc-esp-arg-2026-07-19-total-corners,Spain vs. Argentina - Total Corners,2942094,soccer_first_half_total_corners,1st Half Total Corners: O/U 4.5,Spain vs. Argentina: 1st Half O/U 4.5 Total Corners,Over,Under,18035517577195560264196283974031009861538528743965343122238515888260329341310,92948244477302759140376469587916981027967522994120032845178303285800028809076,165.38428300000004,6071.0799,0.34,0.94,0.05,0.01,True,0.41,0.34,0.06999999999999995,205.0,463.0,10.200000000000001,0.66,0.59,0.07000000000000006,19.8,733.9532000000002,295.0,Under,0.777087,0.734883,0.802703,0.66,0.59,0.07,0.01122,0.105867,0.038663,0.06,0.638,733.95,,,WATCH,0
fifwc-esp-arg-2026-07-19,fifwc-esp-arg-2026-07-19-total-corners,Spain vs. Argentina - Total Corners,2942095,soccer_first_half_total_corners,1st Half Total Corners: O/U 5.5,Spain vs. Argentina: 1st Half O/U 5.5 Total Corners,Over,Under,9885798250696592520803250131303664831322372676139008411884414081512223313757,85453085778552269777006138501584690473974296678744991874397268267214270455365,0,7629.6878,0.18,0.75,0.05,0.01,True,0.75,0.18,0.5700000000000001,9.584999999999999,115.5804,19.439999999999998,0.82,0.25,0.57,88.55999999999999,2578.56,3.195,Under,0.890747,0.862317,0.906774,0.82,0.25,0.57,0.00738,0.063367,0.009937,0.06,0.768,2578.56,,,WATCH,0
fifwc-esp-arg-2026-07-19,fifwc-esp-arg-2026-07-19-total-corners,Spain vs. Argentina - Total Corners,2942096,soccer_second_half_total_corners,2nd Half Total Corners: O/U 3.5,Spain vs. Argentina: 2nd Half O/U 3.5 Total Corners,Over,Under,11229308529538595873670320349867547005156407317938860193693224935549066827409,62860820207623726522472022353297322767207473867060139730030432342477378616421,0,22536.3026,0.51,0.92,0.05,0.01,True,0.92,0.51,0.41000000000000003,10.9296,151.4296,48.96,0.49,0.08,0.41,47.04,285.135,0.9504000000000001,Under,0.38373,0.327491,0.4259,0.49,0.08,0.41,0.012495,-0.118765,-0.200004,0.06,0.233,285.13,,,PASS,0
fifwc-esp-arg-2026-07-19,fifwc-esp-arg-2026-07-19-total-corners,Spain vs. Argentina - Total Corners,2942097,soccer_second_half_total_corners,2nd Half Total Corners: O/U 4.5,Spain vs. Argentina: 2nd Half O/U 4.5 Total Corners,Over,Under,106283053712737944756413005220645896427336132115117742611837159494646990271871,115002775570846373692496749840505738262097245751768345375595109604801619716229,0,5543.6323,0.35,0.97,0.05,0.01,True,0.97,0.35,0.62,19.7104,2583.8100999999997,17.5,0.65,0.03,0.62,32.5,692.5,0.6096,Under,0.57091,0.509423,0.614049,0.65,0.03,0.62,0.011375,-0.090465,-0.176952,0.06,0.412,692.5,,,PASS,0
fifwc-esp-arg-2026-07-19,fifwc-esp-arg-2026-07-19-total-corners,Spain vs. Argentina - Total Corners,2942098,soccer_second_half_total_corners,2nd Half Total Corners: O/U 5.5,Spain vs. Argentina: 2nd Half O/U 5.5 Total Corners,Over,Under,111124822249406526633264627712279512035909665825351985214210548572495493981125,102481956828121692073562746719346122993834543128990489492218502912139386167551,0,7239.4038,0.09,0.4,0.05,0.01,True,0.4,0.09,0.31000000000000005,200.0,452.0,192.8574,0.91,0.6,0.31000000000000005,1950.0026000000003,1960.9322000000002,300.0,Over,0.269223,0.234631,0.32408,0.4,0.09,0.31,0.012,-0.142777,-0.202369,0.06,0.143,452.0,,,PASS,0
fifwc-esp-arg-2026-07-19,fifwc-esp-arg-2026-07-19-total-corners,Spain vs. Argentina - Total Corners,2942099,soccer_game_corners_odd_even,Total Corners: Odd or Even,Spain vs. Argentina: Total Corners Odd or Even?,Odd,Even,81809511806554974166286568783499827532552959829603561077517915052533031770154,105960501251774976052199588859640117732301380264276021710505073760419980166278,3.448269,63602.081,0.49,0.51,0.05,0.01,True,0.51,0.49,0.020000000000000018,5698.3116,6334.3548,5474.8484,0.51,0.49,0.020000000000000018,5698.3116,6334.3548,5474.8484,Even,0.499647,0.499223,0.503477,0.51,0.49,0.02,0.012495,-0.022848,-0.048272,0.06,0.402,6334.35,,,PASS,0
fifwc-esp-arg-2026-07-19,fifwc-esp-arg-2026-07-19-total-corners,Spain vs. Argentina - Total Corners,2942100,soccer_first_corner,Team to Take First Corner,Spain vs. Argentina: Team to Take First Corner,Spain,Argentina,31595967430498868585284413010824898428939213635137025005528628849047204566740,111927034294414814148418310856833862955545046236397110012497951576440635979318,16.464232,33602.4762,0.53,0.55,0.05,0.01,True,0.55,0.53,0.020000000000000018,103.1305,307.4181,104.4895,0.47,0.45,0.019999999999999962,92.6605,269.651,84.3795,Argentina,0.471913,0.4706,0.474477,0.47,0.45,0.02,0.012455,-0.010542,-0.036855,0.06,0.373,269.65,,,PASS,0
fifwc-esp-arg-2026-07-19,fifwc-esp-arg-2026-07-19-player-props,Spain vs. Argentina - Player Props,2943686,soccer_player_goalkeeper_saves,David Raya: 2+ saves,David Raya: 2+ saves,Yes,No,39949099385493501611733331213639619409584953774981095679540370987953051472104,17924491596589075976729976036992442764670723569279519265166490575951537401421,0,5.4598,0.02,0.98,0.05,0.01,True,0.98,0.02,0.96,47.0302,269.7802,0.1,0.98,0.02,0.96,4.9,217.75,0.9598000000000001,,,,,,,,,,,,,,,,UNSUPPORTED_OR_LINEUP_FILTER,0
fifwc-esp-arg-2026-07-19,fifwc-esp-arg-2026-07-19-player-props,Spain vs. Argentina - Player Props,2943688,soccer_player_goalkeeper_saves,David Raya: 3+ saves,David Raya: 3+ saves,Yes,No,36988753783723752091639612008488951540283296947661745914801431645242096203129,115532626142313927461775745971979071509617704061524712572364329213373024080150,0,5.3708,0.02,0.98,0.05,0.01,True,0.98,0.02,0.96,40.258399999999995,276.7001,0.1,0.98,0.02,0.96,4.9,217.75,0.8216,,,,,,,,,,,,,,,,UNSUPPORTED_OR_LINEUP_FILTER,0
fifwc-esp-arg-2026-07-19,fifwc-esp-arg-2026-07-19-player-props,Spain vs. Argentina - Player Props,2943689,soccer_player_goalkeeper_saves,David Raya: 4+ saves,David Raya: 4+ saves,Yes,No,85866015367527069080396541996615969690076274401580569626097936237867982676257,45514150179443383274571778561739161906492928107535744222138007472623385843248,0,5.4599,0.02,0.98,0.05,0.01,True,0.98,0.02,0.96,42.3752,265.1252,0.1,0.98,0.02,0.96,4.9,217.75,0.8648,,,,,,,,,,,,,,,,UNSUPPORTED_OR_LINEUP_FILTER,0
fifwc-esp-arg-2026-07-19,fifwc-esp-arg-2026-07-19-player-props,Spain vs. Argentina - Player Props,2943692,soccer_player_goalkeeper_saves,David Raya: 5+ saves,David Raya: 5+ saves,Yes,No,2544294834117918730823197950932814219109455619001244730870991320270135431655,104392627401988207669717437741419365194589185307975810045142534442755509066819,0,5.4599,0.02,0.98,0.05,0.01,True,0.98,0.02,0.96,40.258399999999995,285.521,0.1,0.98,0.02,0.96,4.9,217.75,0.8216,,,,,,,,,,,,,,,,UNSUPPORTED_OR_LINEUP_FILTER,0
fifwc-esp-arg-2026-07-19,fifwc-esp-arg-2026-07-19-player-props,Spain vs. Argentina - Player Props,2943694,soccer_player_goalkeeper_saves,Juan Musso: 2+ saves,Juan Musso: 2+ saves,Yes,No,48932856069105025035980283452602475106308627350129463918945008350409560749448,16260627631258635535096029108958097635488028587457726794640082082493292092532,0,5.4063,0.02,0.98,0.05,0.01,True,0.98,0.02,0.96,41.7774,269.8437,0.1,0.98,0.02,0.96,4.9,217.75,0.8526,,,,,,,,,,,,,,,,UNSUPPORTED_OR_LINEUP_FILTER,0
fifwc-esp-arg-2026-07-19,fifwc-esp-arg-2026-07-19-player-props,Spain vs. Argentina - Player Props,2943696,soccer_player_goalkeeper_saves,Juan Musso: 3+ saves,Juan Musso: 3+ saves,Yes,No,15341244262148977522933559842968425581930451889508956028982918740176584227332,46442306085421483082225752654980537027320458786425678618790573438994902531100,0,5.4599,0.02,0.98,0.05,0.01,True,0.98,0.02,0.96,43.365,273.5301,0.1,0.98,0.02,0.96,4.9,217.75,0.885,,,,,,,,,,,,,,,,UNSUPPORTED_OR_LINEUP_FILTER,0
fifwc-esp-arg-2026-07-19,fifwc-esp-arg-2026-07-19-player-props,Spain vs. Argentina - Player Props,2943698,soccer_player_goalkeeper_saves,Juan Musso: 4+ saves,Juan Musso: 4+ saves,Yes,No,19396633055299427896043316007542634032193119612771385776121321080915945400293,1977064054262081446871596806474629012011426725557203592239791358373574234021,0,5.4599,0.02,0.98,0.05,0.01,True,0.98,0.02,0.96,44.6194,272.25010000000003,0.1,0.98,0.02,0.96,4.9,217.75,0.9106000000000001,,,,,,,,,,,,,,,,UNSUPPORTED_OR_LINEUP_FILTER,0
fifwc-esp-arg-2026-07-19,fifwc-esp-arg-2026-07-19-player-props,Spain vs. Argentina - Player Props,2943700,soccer_player_goalkeeper_saves,Juan Musso: 5+ saves,Juan Musso: 5+ saves,Yes,No,107250327000203249371892208903428987887439391254973405011511606126321524047742,48935763432314771351531655580720486995528854947329085204509848829796423437664,0,5.46,0.02,0.98,0.05,0.01,True,0.98,0.02,0.96,47.04,269.79,0.1,0.98,0.02,0.96,4.9,217.75,0.96,,,,,,,,,,,,,,,,UNSUPPORTED_OR_LINEUP_FILTER,0
fifwc-esp-arg-2026-07-19,fifwc-esp-arg-2026-07-19-player-props,Spain vs. Argentina - Player Props,2944080,soccer_player_goals,Alex Baena: 1+ goals,Alex Baena: 1+ goals,Yes,No,12708468417309426009778963679179328305720397616739088464388142615393086078715,10231879245014922207244823236877756303305234600573547408288214927835817629195,0,6.3608,0.02,0.72,0.05,0.01,True,0.72,0.02,0.7,12.8592,12.8592,0.1,0.98,0.28,0.7,4.9,14.8,5.0008,,,,,,,,,,,,,,,,UNSUPPORTED_OR_LINEUP_FILTER,0
fifwc-esp-arg-2026-07-19,fifwc-esp-arg-2026-07-19-player-props,Spain vs. Argentina - Player Props,2944082,soccer_player_goals,Alex Baena: 2+ goals,Alex Baena: 2+ goals,Yes,No,25483689701888514269522333360205653501139194814857246463270692269152382179819,89767899926687583231451878269386835427088779702972702810153300265452101799469,0,5.4009,0.02,0.57,0.05,0.01,True,0.57,0.02,0.5499999999999999,6.6291,6.6291,0.1,0.98,0.43,0.55,4.9,14.8,5.000900000000001,,,,,,,,,,,,,,,,UNSUPPORTED_OR_LINEUP_FILTER,0
fifwc-esp-arg-2026-07-19,fifwc-esp-arg-2026-07-19-player-props,Spain vs. Argentina - Player Props,2944084,soccer_player_goals,Alexis Mac Allister: 1+ goals,Alexis Mac Allister: 1+ goals,Yes,No,15438493061808193022388097487412428148475673062720676947542756518009118824436,29768024340990717608835586722200131197343250336113936213313949015927438256437,0,6.3604,0.02,0.64,0.05,0.01,True,0.64,0.02,0.62,8.8896,8.8896,0.1,0.98,0.36,0.62,4.9,14.8,5.0004,,,,,,,,,,,,,,,,UNSUPPORTED_OR_LINEUP_FILTER,0
fifwc-esp-arg-2026-07-19,fifwc-esp-arg-2026-07-19-player-props,Spain vs. Argentina - Player Props,2944086,soccer_player_goals,Alexis Mac Allister: 2+ goals,Alexis Mac Allister: 2+ goals,Yes,No,77279935813953871016940339337903779821685924823741557044526236777076306721926,21223102193278243537289708987706691655516823854935058984713225928529246235935,0,0,0,1,0.05,0.01,True,0.56,0.01,0.55,6.3616,6.3616,0.1,0.99,0.44,0.55,9.9,9.9,4.9984,,,,,,,,,,,,,,,,UNSUPPORTED_OR_LINEUP_FILTER,0
fifwc-esp-arg-2026-07-19,fifwc-esp-arg-2026-07-19-player-props,Spain vs. Argentina - Player Props,2944089,soccer_player_goals,Dani Olmo: 1+ goals,Dani Olmo: 1+ goals,Yes,No,60102933211761985323463364727308956972160313844995355747095836226764529443832,7170847150127900219874258954996477102834363391101552115179367854584846140491,0,5.2004,0.01,0.73,0.05,0.01,True,0.73,0.01,0.72,13.519599999999999,13.519599999999999,0.1,0.99,0.27,0.72,9.9,9.9,5.0004,,,,,,,,,,,,,,,,UNSUPPORTED_OR_LINEUP_FILTER,0
fifwc-esp-arg-2026-07-19,fifwc-esp-arg-2026-07-19-player-props,Spain vs. Argentina - Player Props,2944091,soccer_player_goals,Dani Olmo: 2+ goals,Dani Olmo: 2+ goals,Yes,No,27632102439595358216531959184809040017609855273799343357873361641033181795051,31313882058121744832829270097582642444287288692376992555696120498238482662242,0,5.4009,0.02,0.57,0.05,0.01,True,0.57,0.02,0.5499999999999999,6.6291,6.6291,0.1,0.98,0.43,0.55,4.9,14.8,5.000900000000001,,,,,,,,,,,,,,,,UNSUPPORTED_OR_LINEUP_FILTER,0
fifwc-esp-arg-2026-07-19,fifwc-esp-arg-2026-07-19-player-props,Spain vs. Argentina - Player Props,2944094,soccer_player_goals,Enzo Fernández: 1+ goals,Enzo Fernández: 1+ goals,Yes,No,98408483511989914854271558620181629127354948209599513392836841910467903526872,57541953489183073550684676957263929394265029288570625696355048450179087424878,0,6.3595,0.02,0.67,0.05,0.01,True,0.67,0.02,0.65,10.150500000000001,10.150500000000001,0.1,0.98,0.33,0.6499999999999999,4.9,14.8,4.9995,,,,,,,,,,,,,,,,UNSUPPORTED_OR_LINEUP_FILTER,0
fifwc-esp-arg-2026-07-19,fifwc-esp-arg-2026-07-19-player-props,Spain vs. Argentina - Player Props,2944096,soccer_player_goals,Enzo Fernández: 2+ goals,Enzo Fernández: 2+ goals,Yes,No,79650570211915629298532721190373724045436348661405885055283695777674298951335,73477998993620903518039146798905691712680254061672559990666988956582659923747,0,6.3584,0.02,0.56,0.05,0.01,True,0.56,0.02,0.54,6.3616,6.3616,0.1,0.98,0.44,0.54,4.9,14.8,4.9984,,,,,,,,,,,,,,,,UNSUPPORTED_OR_LINEUP_FILTER,0
fifwc-esp-arg-2026-07-19,fifwc-esp-arg-2026-07-19-player-props,Spain vs. Argentina - Player Props,2944098,soccer_player_goals,Fabián Ruiz: 1+ goals,Fabián Ruiz: 1+ goals,Yes,No,97344929596292899697349035549836424978755357921722555664922131675913164444466,36537864615688050904363993921410339808196606294788222739036829127005790414342,0,6.3616,0.02,0.68,0.05,0.01,True,0.68,0.02,0.66,10.628400000000001,10.628400000000001,0.1,0.98,0.32,0.6599999999999999,4.9,14.8,5.001600000000001,,,,,,,,,,,,,,,,UNSUPPORTED_OR_LINEUP_FILTER,0
fifwc-esp-arg-2026-07-19,fifwc-esp-arg-2026-07-19-player-props,Spain vs. Argentina - Player Props,2944099,soccer_player_goals,Fabián Ruiz: 2+ goals,Fabián Ruiz: 2+ goals,Yes,No,100468217094190304194826504665333873643568724779448125631285283396993775335338,102994691486892814127262843182511954689501343984010804335140384186602425599919,0,5.3984,0.02,0.56,0.05,0.01,True,0.56,0.02,0.54,6.3616,6.3616,0.1,0.98,0.44,0.54,4.9,14.8,4.9984,,,,,,,,,,,,,,,,UNSUPPORTED_OR_LINEUP_FILTER,0
fifwc-esp-arg-2026-07-19,fifwc-esp-arg-2026-07-19-player-props,Spain vs. Argentina - Player Props,2944100,soccer_player_goals,Ferrán Torres: 1+ goals,Ferrán Torres: 1+ goals,Yes,No,21106239258988315501197345623445701698528896134058574853274141245873798087599,42483489427518049676218390993851571380210940560173173901447686186369257129856,0,5.2008,0.01,0.81,0.05,0.01,True,0.81,0.01,0.8,21.319200000000002,21.319200000000002,0.1,0.99,0.19,0.8,9.9,9.9,5.0008,,,,,,,,,,,,,,,,UNSUPPORTED_OR_LINEUP_FILTER,0
fifwc-esp-arg-2026-07-19,fifwc-esp-arg-2026-07-19-player-props,Spain vs. Argentina - Player Props,2944101,soccer_player_goals,Ferrán Torres: 2+ goals,Ferrán Torres: 2+ goals,Yes,No,13007573611288301487344647412613904983778596903688911881276011122372646634547,21489948873755368231679987498326556258287292685537883677238639317872875841929,0,6.362,0.02,0.59,0.05,0.01,True,0.59,0.02,0.57,7.1979999999999995,7.1979999999999995,0.1,0.98,0.41,0.5700000000000001,4.9,14.8,5.002,,,,,,,,,,,,,,,,UNSUPPORTED_OR_LINEUP_FILTER,0
fifwc-esp-arg-2026-07-19,fifwc-esp-arg-2026-07-19-player-props,Spain vs. Argentina - Player Props,2944102,soccer_player_goals,Ferrán Torres: 3+ goals,Ferrán Torres: 3+ goals,Yes,No,31646542616248731765626184444722540254410799770287755470472164142492598415715,90185296609608553692733177514906569288623740405280228577810877898388876193697,0,5.1984,0.01,0.56,0.05,0.01,True,0.56,0.01,0.55,6.3616,6.3616,0.1,0.99,0.44,0.55,9.9,9.9,4.9984,,,,,,,,,,,,,,,,UNSUPPORTED_OR_LINEUP_FILTER,0
fifwc-esp-arg-2026-07-19,fifwc-esp-arg-2026-07-19-player-props,Spain vs. Argentina - Player Props,2944103,soccer_player_goals,Gavi Paez: 1+ goals,Gavi Paez: 1+ goals,Yes,No,10666510663543829248174961621423203869497008761737335477473422976075702254597,82707590693513115172777720493750069186402913910185843101563308561148758026427,0,0.2,0.01,0.99,0.05,0.01,True,0.99,0.01,0.98,9.9,9.9,0.1,0.99,0.01,0.98,9.9,9.9,0.1,,,,,,,,,,,,,,,,UNSUPPORTED_OR_LINEUP_FILTER,0
fifwc-esp-arg-2026-07-19,fifwc-esp-arg-2026-07-19-player-props,Spain vs. Argentina - Player Props,2944104,soccer_player_goals,Gavi Paez: 2+ goals,Gavi Paez: 2+ goals,Yes,No,85509668569411531211113270541741864319460733729601428850411539743821006677792,108387709733360306489195433832055913781445024120673691367605042078138553077913,0,0,0,1,0.05,0.01,True,0.99,0.01,0.98,9.9,9.9,0.1,0.99,0.01,0.98,9.9,9.9,0.1,,,,,,,,,,,,,,,,UNSUPPORTED_OR_LINEUP_FILTER,0
fifwc-esp-arg-2026-07-19,fifwc-esp-arg-2026-07-19-player-props,Spain vs. Argentina - Player Props,2944105,soccer_player_goals,Giovani Lo Celso: 1+ goals,Giovani Lo Celso: 1+ goals,Yes,No,65372037794860838003912783955936200829684475346438926306949505910117574614358,54783562614037307612281842476561981462807626961582680233642791936953000267936,0,6.3595,0.02,0.67,0.05,0.01,True,0.67,0.02,0.65,10.150500000000001,10.150500000000001,0.1,0.98,0.33,0.6499999999999999,4.9,14.8,4.9995,,,,,,,,,,,,,,,,UNSUPPORTED_OR_LINEUP_FILTER,0
fifwc-esp-arg-2026-07-19,fifwc-esp-arg-2026-07-19-player-props,Spain vs. Argentina - Player Props,2944106,soccer_player_goals,Giovani Lo Celso: 2+ goals,Giovani Lo Celso: 2+ goals,Yes,No,39111965355363515550531779714051193510832703950514315511047059849751745464301,2501319880639347676677035954367928157999879620708067917779015412657842150537,0,6.3584,0.02,0.56,0.05,0.01,True,0.56,0.02,0.54,6.3616,6.3616,0.1,0.98,0.44,0.54,4.9,14.8,4.9984,,,,,,,,,,,,,,,,UNSUPPORTED_OR_LINEUP_FILTER,0
fifwc-esp-arg-2026-07-19,fifwc-esp-arg-2026-07-19-player-props,Spain vs. Argentina - Player Props,2944107,soccer_player_goals,Giuliano Simeone: 1+ goals,Giuliano Simeone: 1+ goals,Yes,No,9133924521588475798395427143476050343830134286578689273477948275226602071881,85777070803921630553991155822620494207126731661254451725949922565643933629130,0,0.2,0.01,0.99,0.05,0.01,True,0.99,0.01,0.98,9.9,9.9,0.1,0.99,0.01,0.98,9.9,9.9,0.1,,,,,,,,,,,,,,,,UNSUPPORTED_OR_LINEUP_FILTER,0
fifwc-esp-arg-2026-07-19,fifwc-esp-arg-2026-07-19-player-props,Spain vs. Argentina - Player Props,2944109,soccer_player_goals,Giuliano Simeone: 2+ goals,Giuliano Simeone: 2+ goals,Yes,No,6724759683418295962641508110392478160388659318547116133211644439111710090709,89237845170386166561946041015991778777952363126427998184027895697756942749874,0,5.3984,0.02,0.56,0.05,0.01,True,0.56,0.02,0.54,6.3616,6.3616,0.1,0.98,0.44,0.54,4.9,14.8,4.9984,,,,,,,,,,,,,,,,UNSUPPORTED_OR_LINEUP_FILTER,0
fifwc-esp-arg-2026-07-19,fifwc-esp-arg-2026-07-19-player-props,Spain vs. Argentina - Player Props,2944111,soccer_player_goals,Julián Álvarez: 1+ goals,Julián Álvarez: 1+ goals,Yes,No,43162746682402475901747424544397957659619103573598680370514625998434352505275,24957223440611126748760372100954394109668349135461576917495622907103019272357,0,0.4,0.02,0.98,0.05,0.01,True,0.97,0.02,0.95,97.0,926.3,0.1,0.98,0.03,0.95,4.9,14.8,3.0,,,,,,,,,,,,,,,,UNSUPPORTED_OR_LINEUP_FILTER,0
fifwc-esp-arg-2026-07-19,fifwc-esp-arg-2026-07-19-player-props,Spain vs. Argentina - Player Props,2944113,soccer_player_goals,Julián Álvarez: 2+ goals,Julián Álvarez: 2+ goals,Yes,No,64692988650668169231302376737536727861513807850625670715412623798091453153963,43652743627315153504677743366947007562270519335262923837207984709994963674317,0,5.202,0.01,0.59,0.05,0.01,True,0.59,0.01,0.58,7.1979999999999995,7.1979999999999995,0.1,0.99,0.41,0.5800000000000001,9.9,9.9,5.002,,,,,,,,,,,,,,,,UNSUPPORTED_OR_LINEUP_FILTER,0
fifwc-esp-arg-2026-07-19,fifwc-esp-arg-2026-07-19-player-props,Spain vs. Argentina - Player Props,2944115,soccer_player_goals,Julián Álvarez: 3+ goals,Julián Álvarez: 3+ goals,Yes,No,40997326657911644589011207394310622424956261516952423579047619477169700532667,63619820826796885167117058683936899675889798233882909067542925182308030358532,0,5.3995,0.02,0.55,0.05,0.01,True,0.55,0.02,0.53,6.1105,6.1105,0.1,0.98,0.45,0.53,4.9,14.8,4.9995,,,,,,,,,,,,,,,,UNSUPPORTED_OR_LINEUP_FILTER,0
fifwc-esp-arg-2026-07-19,fifwc-esp-arg-2026-07-19-player-props,Spain vs. Argentina - Player Props,2944118,soccer_player_goals,Lamine Yamal: 1+ goals,Lamine Yamal: 1+ goals,Yes,No,5347578882944882694678528183311777683806516836615678544993224689174263151458,85057396839772721934787014013700960885045146047829222755491682292373251885758,0,0.4,0.02,0.98,0.05,0.01,True,0.96,0.02,0.94,103.67999999999999,426.08,0.1,0.98,0.03,0.95,4.9,14.8,3.0,,,,,,,,,,,,,,,,UNSUPPORTED_OR_LINEUP_FILTER,0
fifwc-esp-arg-2026-07-19,fifwc-esp-arg-2026-07-19-player-props,Spain vs. Argentina - Player Props,2944120,soccer_player_goals,Lamine Yamal: 2+ goals,Lamine Yamal: 2+ goals,Yes,No,76484701671377331927476414503827082203481886895409022433767823537793245254479,23522935290131553060296641678025826070257086266633129734958389152592692099218,0,1.16,0.01,0.98,0.05,0.01,True,0.97,0.01,0.96,22.7174,630.0174,0.1,0.99,0.03,0.96,9.9,9.9,0.7026,,,,,,,,,,,,,,,,UNSUPPORTED_OR_LINEUP_FILTER,0
fifwc-esp-arg-2026-07-19,fifwc-esp-arg-2026-07-19-player-props,Spain vs. Argentina - Player Props,2944122,soccer_player_goals,Lamine Yamal: 3+ goals,Lamine Yamal: 3+ goals,Yes,No,82780017491529141803195497515270438235623162100085810628433413589868252119954,94608752590997580660424202297420345564475666629792870303134154442161598699274,0,0.4,0.02,0.98,0.05,0.01,True,0.97,0.02,0.95,97.0,926.3,0.07940000000000001,0.98,0.03,0.95,3.8906,13.790600000000001,3.0,,,,,,,,,,,,,,,,UNSUPPORTED_OR_LINEUP_FILTER,0
fifwc-esp-arg-2026-07-19,fifwc-esp-arg-2026-07-19-player-props,Spain vs. Argentina - Player Props,2944125,soccer_player_goals,Lautaro Martínez: 1+ goals,Lautaro Martínez: 1+ goals,Yes,No,86832872130034327968335279095816593397343780410118289034829391929609127618438,6032875464164973491456843952153556456078380218560672838399751108149574267119,0,5.2,0.01,0.8,0.05,0.01,True,0.8,0.01,0.79,20.0,20.0,0.1,0.99,0.2,0.79,9.9,9.9,5.0,,,,,,,,,,,,,,,,UNSUPPORTED_OR_LINEUP_FILTER,0
fifwc-esp-arg-2026-07-19,fifwc-esp-arg-2026-07-19-player-props,Spain vs. Argentina - Player Props,2944127,soccer_player_goals,Lautaro Martínez: 2+ goals,Lautaro Martínez: 2+ goals,Yes,No,80370474665837456607426580964481377868667903670357452634326762625620589942069,113795567763468850561637496636942158672468428762809588965745614914774943491558,0,5.202,0.01,0.59,0.05,0.01,True,0.59,0.01,0.58,7.1979999999999995,7.1979999999999995,0.1,0.99,0.41,0.5800000000000001,9.9,9.9,5.002,,,,,,,,,,,,,,,,UNSUPPORTED_OR_LINEUP_FILTER,0
fifwc-esp-arg-2026-07-19,fifwc-esp-arg-2026-07-19-player-props,Spain vs. Argentina - Player Props,2944129,soccer_player_goals,Lautaro Martínez: 3+ goals,Lautaro Martínez: 3+ goals,Yes,No,82051141341774313788501070174364306814104714279922548997562050792198483418396,27278817272661759236536429833999785175283621662649004503033711261688254386374,0,0,0,1,0.05,0.01,False,0.55,0.02,0.53,6.1105,6.1105,0.1,0.98,0.45,0.53,4.9,14.8,4.9995,,,,,,,,,,,,,,,,UNSUPPORTED_OR_LINEUP_FILTER,0
fifwc-esp-arg-2026-07-19,fifwc-esp-arg-2026-07-19-player-props,Spain vs. Argentina - Player Props,2944131,soccer_player_goals,Lionel Messi: 1+ goals,Lionel Messi: 1+ goals,Yes,No,19029877229417829161248219538711554060197571112541269866129812661168175842109,44180469342130002795156991808410751235359149022913377793304893959649622439879,0,0,0,1,0.05,0.01,True,0.42,0.02,0.39999999999999997,210.0,429.99559999999997,0.1,0.98,0.58,0.4,4.9,14.8,290.0,,,,,,,,,,,,,,,,UNSUPPORTED_OR_LINEUP_FILTER,0
fifwc-esp-arg-2026-07-19,fifwc-esp-arg-2026-07-19-player-props,Spain vs. Argentina - Player Props,2944133,soccer_player_goals,Lionel Messi: 2+ goals,Lionel Messi: 2+ goals,Yes,No,4973350921975507113784969909123792135948444557772131942129422318975040738410,112424074339427804803602856744467829101862501898772723494965160476701637918035,0,0,0,1,0.05,0.01,True,0.63,0.01,0.62,8.5113,8.5113,0.1,0.99,0.37,0.62,9.9,9.9,4.9986999999999995,,,,,,,,,,,,,,,,UNSUPPORTED_OR_LINEUP_FILTER,0
fifwc-esp-arg-2026-07-19,fifwc-esp-arg-2026-07-19-player-props,Spain vs. Argentina - Player Props,2944135,soccer_player_goals,Lionel Messi: 3+ goals,Lionel Messi: 3+ goals,Yes,No,70270189157563908665663263008952559183623106122239670308645649842365943377434,45485145569077345298784369797861963083089045830175941116363083679383868433332,0,6.3609,0.02,0.57,0.05,0.01,True,0.57,0.02,0.5499999999999999,6.6291,6.6291,0.1,0.98,0.43,0.55,4.9,14.8,5.000900000000001,,,,,,,,,,,,,,,,UNSUPPORTED_OR_LINEUP_FILTER,0
fifwc-esp-arg-2026-07-19,fifwc-esp-arg-2026-07-19-player-props,Spain vs. Argentina - Player Props,2944137,soccer_player_goals,Mikel Merino: 1+ goals,Mikel Merino: 1+ goals,Yes,No,66445872446328946234282016822089157642146517512006600936480917756531457617127,105029163163978007398266829652044213851860417906087349994744886518312934557844,0,5.1998,0.01,0.74,0.05,0.01,True,0.74,0.01,0.73,14.2302,14.2302,0.1,0.99,0.26,0.73,9.9,9.9,4.9998000000000005,,,,,,,,,,,,,,,,UNSUPPORTED_OR_LINEUP_FILTER,0
fifwc-esp-arg-2026-07-19,fifwc-esp-arg-2026-07-19-player-props,Spain vs. Argentina - Player Props,2944138,soccer_player_goals,Mikel Merino: 2+ goals,Mikel Merino: 2+ goals,Yes,No,18459207340761931245593664310436937977070055748222452828708860827626798666270,45730366610265360849556303179651038218677204874445440075867662668521860472608,0,5.4009,0.02,0.57,0.05,0.01,True,0.57,0.02,0.5499999999999999,6.6291,6.6291,0.1,0.98,0.43,0.55,4.9,14.8,5.000900000000001,,,,,,,,,,,,,,,,UNSUPPORTED_OR_LINEUP_FILTER,0
fifwc-esp-arg-2026-07-19,fifwc-esp-arg-2026-07-19-player-props,Spain vs. Argentina - Player Props,2944139,soccer_player_goals,Mikel Oyarzabal: 1+ goals,Mikel Oyarzabal: 1+ goals,Yes,No,77561887762780921352070654862847880349002178635448603650798666383539468738271,9179917939119324516862957664558343433573914614316057649981396231422944385419,0,6.36,0.02,0.9,0.05,0.01,True,0.9,0.03,0.87,45.0,45.0,3.0,0.97,0.1,0.87,97.0,926.3,5.0,,,,,,,,,,,,,,,,UNSUPPORTED_OR_LINEUP_FILTER,0
fifwc-esp-arg-2026-07-19,fifwc-esp-arg-2026-07-19-player-props,Spain vs. Argentina - Player Props,2944140,soccer_player_goals,Mikel Oyarzabal: 2+ goals,Mikel Oyarzabal: 2+ goals,Yes,No,107825654746687251608848872768181108062199141702882849714549467100183070117485,37997440062174555855199351574011184445306101298143671238397805045610121316240,0,5.4008,0.02,0.62,0.05,0.01,True,0.62,0.02,0.6,8.1592,8.1592,4.6000000000000005,0.98,0.38,0.6,225.4,829.3,5.0008,,,,,,,,,,,,,,,,UNSUPPORTED_OR_LINEUP_FILTER,0
fifwc-esp-arg-2026-07-19,fifwc-esp-arg-2026-07-19-player-props,Spain vs. Argentina - Player Props,2944141,soccer_player_goals,Mikel Oyarzabal: 3+ goals,Mikel Oyarzabal: 3+ goals,Yes,No,111991629839664690672459430125856594975377317290957598742725171836224802947859,111126086592842814015990206661690355147064246000273015043057445574900471158959,0,5.1984,0.01,0.56,0.05,0.01,True,0.56,0.01,0.55,6.3616,6.3616,0.1,0.99,0.44,0.55,9.9,9.9,4.9984,,,,,,,,,,,,,,,,UNSUPPORTED_OR_LINEUP_FILTER,0
fifwc-esp-arg-2026-07-19,fifwc-esp-arg-2026-07-19-player-props,Spain vs. Argentina - Player Props,2944142,soccer_player_goals,Nico Williams: 1+ goals,Nico Williams: 1+ goals,Yes,No,111713349270425030165782460157631433958557983719462272127689795545856464688332,24725163987144252494734685626355267991416267850446150453823328880097283211891,0,0.4,0.02,0.98,0.05,0.01,True,0.97,0.02,0.95,97.0,332.3,0.1,0.98,0.03,0.95,4.9,14.8,3.0,,,,,,,,,,,,,,,,UNSUPPORTED_OR_LINEUP_FILTER,0
fifwc-esp-arg-2026-07-19,fifwc-esp-arg-2026-07-19-player-props,Spain vs. Argentina - Player Props,2944143,soccer_player_goals,Nico Williams: 2+ goals,Nico Williams: 2+ goals,Yes,No,107986567041618561142385288122417227081355251085634364895666375474304389066593,1909745167151121329734436794987342980537263802821794852552839008450249573732,0,0.2,0.01,0.99,0.05,0.01,True,0.99,0.01,0.98,9.9,9.9,0.1,0.99,0.01,0.98,9.9,9.9,0.1,,,,,,,,,,,,,,,,UNSUPPORTED_OR_LINEUP_FILTER,0
fifwc-esp-arg-2026-07-19,fifwc-esp-arg-2026-07-19-player-props,Spain vs. Argentina - Player Props,2944144,soccer_player_goals,Nico Williams: 3+ goals,Nico Williams: 3+ goals,Yes,No,47072592305072300067825668778096727616640714330396020595121304842126245522872,55307111146054267749031118980844246336754181612352151177315135665993354015090,0,1.36,0.02,0.98,0.05,0.01,True,0.96,0.01,0.95,13.8432,348.44419999999997,0.057800000000000004,0.99,0.04,0.95,5.7222,5.7222,0.5768,,,,,,,,,,,,,,,,UNSUPPORTED_OR_LINEUP_FILTER,0
fifwc-esp-arg-2026-07-19,fifwc-esp-arg-2026-07-19-player-props,Spain vs. Argentina - Player Props,2944145,soccer_player_goals,Nicolás González: 1+ goals,Nicolás González: 1+ goals,Yes,No,35237747619074851277275419983589948337455491267306007117193073750781498111193,53953383788156597081406409209263547838237660430400617011843008399522539164893,0,5.2015,0.01,0.65,0.05,0.01,True,0.65,0.01,0.64,9.288499999999999,9.288499999999999,0.1,0.99,0.35,0.64,9.9,9.9,5.001499999999999,,,,,,,,,,,,,,,,UNSUPPORTED_OR_LINEUP_FILTER,0
fifwc-esp-arg-2026-07-19,fifwc-esp-arg-2026-07-19-player-props,Spain vs. Argentina - Player Props,2944146,soccer_player_goals,Nicolás González: 2+ goals,Nicolás González: 2+ goals,Yes,No,97465101150058163870108986598966068300969526745519070094777897619865617339760,91956930837383000276206055411099621511287894167776102866105342591853868606377,0,6.3584,0.02,0.56,0.05,0.01,True,0.56,0.02,0.54,6.3616,6.3616,0.1,0.98,0.45,0.53,4.9,14.8,22.5,,,,,,,,,,,,,,,,UNSUPPORTED_OR_LINEUP_FILTER,0
fifwc-esp-arg-2026-07-19,fifwc-esp-arg-2026-07-19-player-props,Spain vs. Argentina - Player Props,2944147,soccer_player_goals,Nicolás Paz: 1+ goals,Nicolás Paz: 1+ goals,Yes,No,6188934682560936081640347920016304285342687649908498908092417120814402461545,13140692265508716808450407119850928771521378417274555643674853299969382835946,0,1.36,0.02,0.98,0.05,0.01,True,0.96,0.02,0.94,13.8432,348.44419999999997,0.1,0.98,0.04,0.94,4.9,14.8,0.5768,,,,,,,,,,,,,,,,UNSUPPORTED_OR_LINEUP_FILTER,0
fifwc-esp-arg-2026-07-19,fifwc-esp-arg-2026-07-19-player-props,Spain vs. Argentina - Player Props,2944148,soccer_player_goals,Nicolás Paz: 2+ goals,Nicolás Paz: 2+ goals,Yes,No,36091736372002202944127225180715026001673877480100927665254348083306996793436,53708280210411167267567273673117656205094714236736745933948628521371805767098,0,0,0,1,0.05,0.01,False,0.99,0.01,0.98,9.9,9.9,0.1,0.99,0.01,0.98,9.9,9.9,0.1,,,,,,,,,,,,,,,,UNSUPPORTED_OR_LINEUP_FILTER,0
fifwc-esp-arg-2026-07-19,fifwc-esp-arg-2026-07-19-player-props,Spain vs. Argentina - Player Props,2944149,soccer_player_goals,Thiago Almada: 1+ goals,Thiago Almada: 1+ goals,Yes,No,15042900714453698540814308797894972649028352346640973308193426204817899938060,1700635054850557251562328516532662920620728311864448295651696492764563155569,0,5.2016,0.01,0.68,0.05,0.01,True,0.68,0.01,0.67,10.628400000000001,10.628400000000001,0.1,0.99,0.32,0.6699999999999999,9.9,9.9,5.001600000000001,,,,,,,,,,,,,,,,UNSUPPORTED_OR_LINEUP_FILTER,0
fifwc-esp-arg-2026-07-19,fifwc-esp-arg-2026-07-19-player-props,Spain vs. Argentina - Player Props,2944150,soccer_player_goals,Thiago Almada: 2+ goals,Thiago Almada: 2+ goals,Yes,No,49366216843338701748324422186977293070015654517052718958940423878238336268399,22993053976829182743013307468440321893408901992943030927744647091906759526768,0,5.1984,0.01,0.56,0.05,0.01,True,0.56,0.01,0.55,6.3616,6.3616,0.1,0.99,0.44,0.55,9.9,9.9,4.9984,,,,,,,,,,,,,,,,UNSUPPORTED_OR_LINEUP_FILTER,0
fifwc-esp-arg-2026-07-19,fifwc-esp-arg-2026-07-19-player-props,Spain vs. Argentina - Player Props,2944151,soccer_player_goals,Yeremi Pino: 1+ goals,Yeremi Pino: 1+ goals,Yes,No,113761654047291258386060934900247445556393399568425471883478719295230727648352,7342824982713942479022078789527870102906559324066917804626114040154535173638,0,1.36,0.02,0.98,0.05,0.01,True,0.96,0.02,0.94,13.8432,348.44419999999997,0.1,0.98,0.04,0.94,4.9,14.8,0.5768,,,,,,,,,,,,,,,,UNSUPPORTED_OR_LINEUP_FILTER,0
fifwc-esp-arg-2026-07-19,fifwc-esp-arg-2026-07-19-player-props,Spain vs. Argentina - Player Props,2944152,soccer_player_goals,Yeremi Pino: 2+ goals,Yeremi Pino: 2+ goals,Yes,No,94316288268894039561248110591323083326980714324938831594096168648019641331801,51419984579357071010978366456843315905537723380577190597577183622098316613886,0,1.16,0.01,0.98,0.05,0.01,True,0.97,0.01,0.96,22.7174,630.0174,0.1,0.99,0.03,0.96,9.9,9.9,0.7026,,,,,,,,,,,,,,,,UNSUPPORTED_OR_LINEUP_FILTER,0
fifwc-esp-arg-2026-07-19,fifwc-esp-arg-2026-07-19-player-props,Spain vs. Argentina - Player Props,2944153,soccer_player_assists,Alex Baena: 1+ assists,Alex Baena: 1+ assists,Yes,No,43645483791208375943216369267154907833094659064061219261682089899203698187531,56673844014664388872413252840336256046083130871719483372473612084797932744093,0,5.2008,0.01,0.72,0.05,0.01,True,0.72,0.01,0.71,12.8592,12.8592,0.1,0.99,0.28,0.71,9.9,9.9,5.0008,,,,,,,,,,,,,,,,UNSUPPORTED_OR_LINEUP_FILTER,0
fifwc-esp-arg-2026-07-19,fifwc-esp-arg-2026-07-19-player-props,Spain vs. Argentina - Player Props,2944154,soccer_player_assists,Alex Baena: 2+ assists,Alex Baena: 2+ assists,Yes,No,100386588308029712233853266901122409497656737735381029197068623551095846239872,35111078432260368233467241584046694396363628944062513512391722501226845950134,0,0.4,0.02,0.98,0.05,0.01,True,0.98,0.02,0.96,4.9,14.8,0.1,0.98,0.02,0.96,4.9,14.8,0.1,,,,,,,,,,,,,,,,UNSUPPORTED_OR_LINEUP_FILTER,0
fifwc-esp-arg-2026-07-19,fifwc-esp-arg-2026-07-19-player-props,Spain vs. Argentina - Player Props,2944155,soccer_player_assists,Alexis Mac Allister: 1+ assists,Alexis Mac Allister: 1+ assists,Yes,No,107380468206005139118576302651998459375573969748632218832975842917741592593261,73240202162503186721205638226178091886627876989531963259881215715763561360295,0,6.3615,0.02,0.65,0.05,0.01,True,0.65,0.02,0.63,9.288499999999999,9.288499999999999,0.1,0.98,0.35,0.63,4.9,14.8,5.001499999999999,,,,,,,,,,,,,,,,UNSUPPORTED_OR_LINEUP_FILTER,0
fifwc-esp-arg-2026-07-19,fifwc-esp-arg-2026-07-19-player-props,Spain vs. Argentina - Player Props,2944156,soccer_player_assists,Alexis Mac Allister: 2+ assists,Alexis Mac Allister: 2+ assists,Yes,No,96091935990721747640531598885161257596049002579561927200424473664388191861744,107025065264464844151101602461349672676601444415463186618241328369153369467721,0,1.36,0.02,0.98,0.05,0.01,True,0.98,0.02,0.96,9.8,104.83999999999999,0.1,0.98,0.02,0.96,4.9,14.8,0.2,,,,,,,,,,,,,,,,UNSUPPORTED_OR_LINEUP_FILTER,0
fifwc-esp-arg-2026-07-19,fifwc-esp-arg-2026-07-19-player-props,Spain vs. Argentina - Player Props,2944157,soccer_player_assists,Dani Olmo: 1+ assists,Dani Olmo: 1+ assists,Yes,No,66050873653473201402080967192728313730111920135600511264638383000427267091349,101618957845627142109460503063281861755459644908920260321751512694088976777345,0,5.4008,0.02,0.72,0.05,0.01,True,0.72,0.02,0.7,12.8592,12.8592,0.1,0.98,0.28,0.7,4.9,14.8,5.0008,,,,,,,,,,,,,,,,UNSUPPORTED_OR_LINEUP_FILTER,0
fifwc-esp-arg-2026-07-19,fifwc-esp-arg-2026-07-19-player-props,Spain vs. Argentina - Player Props,2944158,soccer_player_assists,Dani Olmo: 2+ assists,Dani Olmo: 2+ assists,Yes,No,4021346951726405845004819958856733124768225518160615381334673000519764854991,113693314426714187615979922732265468355559473656301818547167005393348268870766,0,0,0,1,0.05,0.01,False,0.98,0.02,0.96,4.9,14.8,0.1,0.98,0.02,0.96,4.9,14.8,0.1,,,,,,,,,,,,,,,,UNSUPPORTED_OR_LINEUP_FILTER,0
fifwc-esp-arg-2026-07-19,fifwc-esp-arg-2026-07-19-player-props,Spain vs. Argentina - Player Props,2944159,soccer_player_assists,Enzo Fernández: 1+ assists,Enzo Fernández: 1+ assists,Yes,No,79361644427055088940338085657493148157048917870763511717709724753028116496634,71399687802995859638822432269294914460503524953346558019097329458694680803669,0,5.2016,0.01,0.68,0.05,0.01,True,0.68,0.01,0.67,10.628400000000001,10.628400000000001,0.1,0.99,0.32,0.6699999999999999,9.9,9.9,5.001600000000001,,,,,,,,,,,,,,,,UNSUPPORTED_OR_LINEUP_FILTER,0
fifwc-esp-arg-2026-07-19,fifwc-esp-arg-2026-07-19-player-props,Spain vs. Argentina - Player Props,2944160,soccer_player_assists,Enzo Fernández: 2+ assists,Enzo Fernández: 2+ assists,Yes,No,53207645056504653084613873471140720951758033853139967636602374103039716356235,15103710583845989833810332198676663623682503999168028230611804111496926075269,0,0,0,1,0.05,0.01,False,0.99,0.01,0.98,9.9,9.9,0.1,0.99,0.01,0.98,9.9,9.9,0.1,,,,,,,,,,,,,,,,UNSUPPORTED_OR_LINEUP_FILTER,0
fifwc-esp-arg-2026-07-19,fifwc-esp-arg-2026-07-19-player-props,Spain vs. Argentina - Player Props,2944161,soccer_player_assists,Fabián Ruiz: 1+ assists,Fabián Ruiz: 1+ assists,Yes,No,26579726879796158412969394878190348562507673010121347635720713716356303767646,113744919109328570963717789211113454911531348315404781485267997726868670608767,0,5.2008,0.01,0.72,0.05,0.01,True,0.72,0.01,0.71,12.8592,12.8592,0.1,0.99,0.28,0.71,9.9,9.9,5.0008,,,,,,,,,,,,,,,,UNSUPPORTED_OR_LINEUP_FILTER,0
fifwc-esp-arg-2026-07-19,fifwc-esp-arg-2026-07-19-player-props,Spain vs. Argentina - Player Props,2944162,soccer_player_assists,Fabián Ruiz: 2+ assists,Fabián Ruiz: 2+ assists,Yes,No,67234786202504918763005271643415473908655524581659696768251056293114709670953,12163502583011721562066133881945251691331706009248330289303388549788275364886,0,1.36,0.02,0.98,0.05,0.01,True,0.98,0.02,0.96,9.8,104.83999999999999,0.1,0.98,0.02,0.96,4.9,14.8,0.2,,,,,,,,,,,,,,,,UNSUPPORTED_OR_LINEUP_FILTER,0
fifwc-esp-arg-2026-07-19,fifwc-esp-arg-2026-07-19-player-props,Spain vs. Argentina - Player Props,2944163,soccer_player_assists,Ferrán Torres: 1+ assists,Ferrán Torres: 1+ assists,Yes,No,23469506646798155630257348407460968753616276518820701631010045995768775111384,73664816561817619173150798447172139691287973389023227317070907986754107089800,0,6.3608,0.02,0.72,0.05,0.01,True,0.72,0.02,0.7,12.8592,12.8592,0.1,0.98,0.28,0.7,4.9,14.8,5.0008,,,,,,,,,,,,,,,,UNSUPPORTED_OR_LINEUP_FILTER,0
fifwc-esp-arg-2026-07-19,fifwc-esp-arg-2026-07-19-player-props,Spain vs. Argentina - Player Props,2944164,soccer_player_assists,Ferrán Torres: 2+ assists,Ferrán Torres: 2+ assists,Yes,No,29979952953022054311498913214965276964989008801241831875261593385510856623255,17786053127147063718330800426697033870179718576318928451919868619459326663891,0,0.2,0.01,0.99,0.05,0.01,True,0.99,0.01,0.98,9.9,9.9,0.1,0.99,0.01,0.98,9.9,9.9,0.1,,,,,,,,,,,,,,,,UNSUPPORTED_OR_LINEUP_FILTER,0
fifwc-esp-arg-2026-07-19,fifwc-esp-arg-2026-07-19-player-props,Spain vs. Argentina - Player Props,2944165,soccer_player_assists,Giuliano Simeone: 1+ assists,Giuliano Simeone: 1+ assists,Yes,No,101974595299503700690869157815813141643456076230121015475073946729631505163064,33292213945445702915224763506325644089667772765506768522586141247251526739780,0,0,0,1,0.05,0.01,True,0.68,0.02,0.66,10.628400000000001,10.628400000000001,0.1,0.98,0.32,0.6599999999999999,4.9,14.8,5.001600000000001,,,,,,,,,,,,,,,,UNSUPPORTED_OR_LINEUP_FILTER,0
fifwc-esp-arg-2026-07-19,fifwc-esp-arg-2026-07-19-player-props,Spain vs. Argentina - Player Props,2944166,soccer_player_assists,Giuliano Simeone: 2+ assists,Giuliano Simeone: 2+ assists,Yes,No,12690819893921814560269198872067218719251896635497352674377613714679723192755,13689550883665272121343352389624032072545842360330778524053583906299992139595,0,0.4,0.02,0.98,0.05,0.01,True,0.98,0.02,0.96,4.9,14.8,0.1,0.98,0.02,0.96,4.9,14.8,0.1,,,,,,,,,,,,,,,,UNSUPPORTED_OR_LINEUP_FILTER,0
fifwc-esp-arg-2026-07-19,fifwc-esp-arg-2026-07-19-player-props,Spain vs. Argentina - Player Props,2944167,soccer_player_assists,Julián Álvarez: 1+ assists,Julián Álvarez: 1+ assists,Yes,No,92931584628026222655442137868839785569820477773811804034491629981771910304287,31871259969474201970370966666001796204095478546291093543037797187297070834216,0,5.4016,0.02,0.68,0.05,0.01,True,0.68,0.02,0.66,10.628400000000001,10.628400000000001,0.1,0.98,0.32,0.6599999999999999,4.9,14.8,5.001600000000001,,,,,,,,,,,,,,,,UNSUPPORTED_OR_LINEUP_FILTER,0
fifwc-esp-arg-2026-07-19,fifwc-esp-arg-2026-07-19-player-props,Spain vs. Argentina - Player Props,2944168,soccer_player_assists,Julián Álvarez: 2+ assists,Julián Álvarez: 2+ assists,Yes,No,63469509727597064959058575305875617228930126819292998165231328448264939812537,95555003181603737690767521574165780955921714915928678500351695180257073651354,0,0.2,0.01,0.99,0.05,0.01,True,0.99,0.01,0.98,9.9,9.9,0.1,0.99,0.01,0.98,9.9,9.9,0.1,,,,,,,,,,,,,,,,UNSUPPORTED_OR_LINEUP_FILTER,0
fifwc-esp-arg-2026-07-19,fifwc-esp-arg-2026-07-19-player-props,Spain vs. Argentina - Player Props,2944169,soccer_player_assists,Lamine Yamal: 1+ assists,Lamine Yamal: 1+ assists,Yes,No,112471448052965729893749684587576405289321845287375706585804308595547450760606,98023061038579741511340671148278522856918571893911160147497462637577661465199,0,1.36,0.02,0.98,0.05,0.01,True,0.96,0.16,0.7999999999999999,13.8432,348.44419999999997,80.0,0.84,0.04,0.7999999999999999,420.0,420.0,0.5768,,,,,,,,,,,,,,,,UNSUPPORTED_OR_LINEUP_FILTER,0
fifwc-esp-arg-2026-07-19,fifwc-esp-arg-2026-07-19-player-props,Spain vs. Argentina - Player Props,2944170,soccer_player_assists,Lamine Yamal: 2+ assists,Lamine Yamal: 2+ assists,Yes,No,35884259308621733047783992403907232597300325720957240646192357058003571729210,39543360471296195924440978027411187364346346733235414998208075917103377803651,0,0.2,0.01,0.99,0.05,0.01,True,0.99,0.01,0.98,9.9,9.9,0.1,0.99,0.01,0.98,9.9,9.9,0.1,,,,,,,,,,,,,,,,UNSUPPORTED_OR_LINEUP_FILTER,0
fifwc-esp-arg-2026-07-19,fifwc-esp-arg-2026-07-19-player-props,Spain vs. Argentina - Player Props,2944171,soccer_player_assists,Lautaro Martínez: 1+ assists,Lautaro Martínez: 1+ assists,Yes,No,57175655523580252765921656725482420930434008382858176599673590747563220486766,102850735827754751387372908854902286807838361561064158526838956963476924210509,0,6.3613,0.02,0.66,0.05,0.01,True,0.66,0.02,0.64,9.7086,9.7086,0.1,0.98,0.34,0.6399999999999999,4.9,14.8,5.0014,,,,,,,,,,,,,,,,UNSUPPORTED_OR_LINEUP_FILTER,0
fifwc-esp-arg-2026-07-19,fifwc-esp-arg-2026-07-19-player-props,Spain vs. Argentina - Player Props,2944172,soccer_player_assists,Lautaro Martínez: 2+ assists,Lautaro Martínez: 2+ assists,Yes,No,40947734652949133534419390845063315939444182300783352770747520769303932687495,88122802318252807749675054875755911419951695636788504660520933694970494086098,0,1.3599,0.02,0.98,0.05,0.01,True,0.98,0.02,0.96,4.9,109.8301,0.1,0.98,0.02,0.96,4.9,14.8,0.1,,,,,,,,,,,,,,,,UNSUPPORTED_OR_LINEUP_FILTER,0
fifwc-esp-arg-2026-07-19,fifwc-esp-arg-2026-07-19-player-props,Spain vs. Argentina - Player Props,2944173,soccer_player_assists,Lionel Messi: 1+ assists,Lionel Messi: 1+ assists,Yes,No,96821163669669583127924246166391438125584160363899277310152530217645949000495,48356895308509667485232593263017015113922928908358021330325127247601940891900,0,5.4006,0.02,0.78,0.05,0.01,True,0.78,0.02,0.76,17.729400000000002,17.729400000000002,0.1,0.98,0.22,0.76,4.9,311.79999999999995,5.0006,,,,,,,,,,,,,,,,UNSUPPORTED_OR_LINEUP_FILTER,0
fifwc-esp-arg-2026-07-19,fifwc-esp-arg-2026-07-19-player-props,Spain vs. Argentina - Player Props,2944174,soccer_player_assists,Lionel Messi: 2+ assists,Lionel Messi: 2+ assists,Yes,No,29585625558932503381823237145183088535371787329572885584054209974076179087900,93581754423264994286047189103718762135853415626748945634826591311547143268388,0,1.36,0.02,0.98,0.05,0.01,True,0.98,0.02,0.96,9.8,104.83999999999999,0.1,0.98,0.02,0.96,4.9,14.8,0.2,,,,,,,,,,,,,,,,UNSUPPORTED_OR_LINEUP_FILTER,0
fifwc-esp-arg-2026-07-19,fifwc-esp-arg-2026-07-19-player-props,Spain vs. Argentina - Player Props,2944175,soccer_player_assists,Mikel Merino: 1+ assists,Mikel Merino: 1+ assists,Yes,No,90564578950735171705156699870927546783188536485315813721499120380503613443768,108368184564723260489528810655715654269081858836040605554603947974810564267144,0,6.3595,0.02,0.67,0.05,0.01,True,0.67,0.02,0.65,10.150500000000001,10.150500000000001,0.1,0.98,0.33,0.6499999999999999,4.9,14.8,4.9995,,,,,,,,,,,,,,,,UNSUPPORTED_OR_LINEUP_FILTER,0
fifwc-esp-arg-2026-07-19,fifwc-esp-arg-2026-07-19-player-props,Spain vs. Argentina - Player Props,2944176,soccer_player_assists,Mikel Merino: 2+ assists,Mikel Merino: 2+ assists,Yes,No,79356270174912029220413805691741518694132310303187206276851847059831393726631,63773814457122121701721507283501398281375865925410354782414902375221792362961,0,0.2,0.01,0.99,0.05,0.01,True,0.99,0.01,0.98,9.9,9.9,0.1,0.99,0.01,0.98,9.9,9.9,0.1,,,,,,,,,,,,,,,,UNSUPPORTED_OR_LINEUP_FILTER,0
fifwc-esp-arg-2026-07-19,fifwc-esp-arg-2026-07-19-player-props,Spain vs. Argentina - Player Props,2944177,soccer_player_assists,Mikel Oyarzabal: 1+ assists,Mikel Oyarzabal: 1+ assists,Yes,No,33730562444216349509732346666302000371138339335150882875211254314776003037613,7950248327645964121277404934828771520266757859687792785094803945846574979951,0,5.4003,0.02,0.69,0.05,0.01,True,0.69,0.02,0.6699999999999999,11.129699999999998,11.129699999999998,0.1,0.98,0.31,0.6699999999999999,4.9,14.8,5.000299999999999,,,,,,,,,,,,,,,,UNSUPPORTED_OR_LINEUP_FILTER,0
fifwc-esp-arg-2026-07-19,fifwc-esp-arg-2026-07-19-player-props,Spain vs. Argentina - Player Props,2944178,soccer_player_assists,Mikel Oyarzabal: 2+ assists,Mikel Oyarzabal: 2+ assists,Yes,No,85973453070387102724703062363806516459122993498900025864654641926479336572575,86985338182134438099994169742944225494016635643695596612219249611460583376054,0,1.36,0.02,0.98,0.05,0.01,True,0.98,0.02,0.96,9.8,104.83999999999999,0.1,0.98,0.02,0.96,4.9,14.8,0.2,,,,,,,,,,,,,,,,UNSUPPORTED_OR_LINEUP_FILTER,0
fifwc-esp-arg-2026-07-19,fifwc-esp-arg-2026-07-19-player-props,Spain vs. Argentina - Player Props,2944179,soccer_player_assists,Nico Williams: 1+ assists,Nico Williams: 1+ assists,Yes,No,87823503834268262286505926441840027119656247120831392696053783813255612533204,13354678771397474213364829018166733333084687644012825391186973498591014862185,0,1.36,0.02,0.98,0.05,0.01,True,0.96,0.02,0.94,13.8432,348.44419999999997,0.1,0.98,0.04,0.94,4.9,14.8,0.5768,,,,,,,,,,,,,,,,UNSUPPORTED_OR_LINEUP_FILTER,0
fifwc-esp-arg-2026-07-19,fifwc-esp-arg-2026-07-19-player-props,Spain vs. Argentina - Player Props,2944180,soccer_player_assists,Nico Williams: 2+ assists,Nico Williams: 2+ assists,Yes,No,113289938679853871133608634033500691481229996181195808892263471352149955492013,76752225072226066082004085027806504102556627591070609253515561057260448999954,0,0.2,0.01,0.99,0.05,0.01,True,0.99,0.01,0.98,9.9,9.9,0.1,0.99,0.01,0.98,9.9,9.9,0.1,,,,,,,,,,,,,,,,UNSUPPORTED_OR_LINEUP_FILTER,0
fifwc-esp-arg-2026-07-19,fifwc-esp-arg-2026-07-19-player-props,Spain vs. Argentina - Player Props,2944181,soccer_player_assists,Nicolás González: 1+ assists,Nicolás González: 1+ assists,Yes,No,36217359214511414381738813660084101974878206526768611970850730059428089413486,109541110463727351636036716905617814045387940664119548639757209260300872423809,0,5.2004,0.01,0.64,0.05,0.01,True,0.64,0.01,0.63,8.8896,8.8896,0.1,0.99,0.36,0.63,9.9,9.9,5.0004,,,,,,,,,,,,,,,,UNSUPPORTED_OR_LINEUP_FILTER,0
fifwc-esp-arg-2026-07-19,fifwc-esp-arg-2026-07-19-player-props,Spain vs. Argentina - Player Props,2944182,soccer_player_assists,Nicolás González: 2+ assists,Nicolás González: 2+ assists,Yes,No,84752863276600394941390876490117713094354207732863177180232229631899675704500,30891587502576337725997724504013681620212578551592586367751599536874586619229,0,0.4,0.02,0.98,0.05,0.01,True,0.98,0.02,0.96,4.9,14.8,0.1,0.98,0.02,0.96,4.9,14.8,0.1,,,,,,,,,,,,,,,,UNSUPPORTED_OR_LINEUP_FILTER,0
fifwc-esp-arg-2026-07-19,fifwc-esp-arg-2026-07-19-player-props,Spain vs. Argentina - Player Props,2944183,soccer_player_goals_plus_assists,Alex Baena: 1+ goals + assists,Alex Baena: 1+ goals + assists,Yes,No,78216902532119573501870280722318894089888347391457486856140404560881447440471,54961232907348586007306748144562562697775095550335754840906907064060936512108,0,1.16,0.01,0.98,0.05,0.01,True,0.98,0.01,0.97,4.9,99.94,0.1,0.99,0.02,0.97,9.9,9.9,0.1,,,,,,,,,,,,,,,,UNSUPPORTED_OR_LINEUP_FILTER,0
fifwc-esp-arg-2026-07-19,fifwc-esp-arg-2026-07-19-player-props,Spain vs. Argentina - Player Props,2944184,soccer_player_goals_plus_assists,Alex Baena: 2+ goals + assists,Alex Baena: 2+ goals + assists,Yes,No,75975730502675467040258088041802956175042449030462013427825981390446426098876,92404484139311764977322400210167106525580109247511436089470907880009230172931,0,1.36,0.02,0.98,0.05,0.01,True,0.98,0.02,0.96,9.8,104.83999999999999,0.1,0.98,0.02,0.96,4.9,14.8,0.2,,,,,,,,,,,,,,,,UNSUPPORTED_OR_LINEUP_FILTER,0
fifwc-esp-arg-2026-07-19,fifwc-esp-arg-2026-07-19-player-props,Spain vs. Argentina - Player Props,2944185,soccer_player_goals_plus_assists,Alex Baena: 3+ goals + assists,Alex Baena: 3+ goals + assists,Yes,No,95995665404138976325713016902065648114334038141853710515769979065650849473670,100173662273955986676592821363974350249076611761374256753061716254188239036660,0,0.1,0.01,0.99,0.05,0.01,True,0.99,0.01,0.98,9.9,9.9,0.1,0.99,0.01,0.98,9.9,9.9,0.1,,,,,,,,,,,,,,,,UNSUPPORTED_OR_LINEUP_FILTER,0
fifwc-esp-arg-2026-07-19,fifwc-esp-arg-2026-07-19-player-props,Spain vs. Argentina - Player Props,2944186,soccer_player_goals_plus_assists,Alex Baena: 4+ goals + assists,Alex Baena: 4+ goals + assists,Yes,No,12883193309935431636549588516483313818585826837069028117149112211697179666069,95000697464564085184197927368749783757864381754683848819983988214322347601526,0,0.1,0.01,0.99,0.05,0.01,True,0.99,0.01,0.98,9.9,9.9,0.1,0.99,0.01,0.98,9.9,9.9,0.1,,,,,,,,,,,,,,,,UNSUPPORTED_OR_LINEUP_FILTER,0
fifwc-esp-arg-2026-07-19,fifwc-esp-arg-2026-07-19-player-props,Spain vs. Argentina - Player Props,2944187,soccer_player_goals_plus_assists,Alexis Mac Allister: 1+ goals + assists,Alexis Mac Allister: 1+ goals + assists,Yes,No,99038867406751713517935593417941811012008573837264730620048989471326343325084,4599597765500369867132013296170319763175099072612203457931997704477670386295,0,0.2,0.01,0.99,0.05,0.01,True,0.99,0.01,0.98,9.9,9.9,0.1,0.99,0.01,0.98,9.9,9.9,0.1,,,,,,,,,,,,,,,,UNSUPPORTED_OR_LINEUP_FILTER,0
fifwc-esp-arg-2026-07-19,fifwc-esp-arg-2026-07-19-player-props,Spain vs. Argentina - Player Props,2944188,soccer_player_goals_plus_assists,Alexis Mac Allister: 2+ goals + assists,Alexis Mac Allister: 2+ goals + assists,Yes,No,48502653714095461101220070094124927637854728948223677987409887966313265936825,963502889589189736186568840366773666009945819696630487475775822137250533807,0,1.16,0.01,0.98,0.05,0.01,True,0.98,0.01,0.97,4.9,99.94,0.1,0.99,0.02,0.97,9.9,9.9,0.1,,,,,,,,,,,,,,,,UNSUPPORTED_OR_LINEUP_FILTER,0
fifwc-esp-arg-2026-07-19,fifwc-esp-arg-2026-07-19-player-props,Spain vs. Argentina - Player Props,2944189,soccer_player_goals_plus_assists,Alexis Mac Allister: 3+ goals + assists,Alexis Mac Allister: 3+ goals + assists,Yes,No,65125452692342336999795814972896180768736244888201000664174924194013001819877,32892096891801070309554037470004033820793163784999209815084030905878147933864,0,1.16,0.01,0.98,0.05,0.01,True,0.98,0.01,0.97,4.9,99.94,0.1,0.99,0.02,0.97,9.9,9.9,0.1,,,,,,,,,,,,,,,,UNSUPPORTED_OR_LINEUP_FILTER,0
fifwc-esp-arg-2026-07-19,fifwc-esp-arg-2026-07-19-player-props,Spain vs. Argentina - Player Props,2944190,soccer_player_goals_plus_assists,Alexis Mac Allister: 4+ goals + assists,Alexis Mac Allister: 4+ goals + assists,Yes,No,10423436921471858985615462269773994445126166034906809641009007613874714988257,33731405699885820179080842981718753564530531716101413060776213509136495811438,0,1.16,0.01,0.98,0.05,0.01,True,0.98,0.01,0.97,4.9,99.94,0.1,0.99,0.02,0.97,9.9,9.9,0.1,,,,,,,,,,,,,,,,UNSUPPORTED_OR_LINEUP_FILTER,0
fifwc-esp-arg-2026-07-19,fifwc-esp-arg-2026-07-19-player-props,Spain vs. Argentina - Player Props,2944191,soccer_player_goals_plus_assists,Dani Olmo: 1+ goals + assists,Dani Olmo: 1+ goals + assists,Yes,No,16368148068890637308364078176532257780069026176736573567513513719073492734111,98572984828110839600332215793095611797106446412821882508253869401006019773555,0,0.1,0.01,0.99,0.05,0.01,True,0.99,0.01,0.98,9.9,9.9,0.1,0.99,0.01,0.98,9.9,9.9,0.1,,,,,,,,,,,,,,,,UNSUPPORTED_OR_LINEUP_FILTER,0
fifwc-esp-arg-2026-07-19,fifwc-esp-arg-2026-07-19-player-props,Spain vs. Argentina - Player Props,2944192,soccer_player_goals_plus_assists,Dani Olmo: 2+ goals + assists,Dani Olmo: 2+ goals + assists,Yes,No,28941662054056478339055812403311550433096595162179663446740731242606326695191,27300676828385183508577342088262727292032650816534640901843734127232908464969,0,1.16,0.01,0.98,0.05,0.01,True,0.98,0.01,0.97,4.9,99.94,0.1,0.99,0.02,0.97,9.9,9.9,0.1,,,,,,,,,,,,,,,,UNSUPPORTED_OR_LINEUP_FILTER,0
fifwc-esp-arg-2026-07-19,fifwc-esp-arg-2026-07-19-player-props,Spain vs. Argentina - Player Props,2944193,soccer_player_goals_plus_assists,Dani Olmo: 3+ goals + assists,Dani Olmo: 3+ goals + assists,Yes,No,4655006226381207278743830195689339837327779447066294954498086552073846787178,83765484960609268649040725234612056305256478772431496096894732071626603748755,0,1.16,0.01,0.98,0.05,0.01,True,0.98,0.01,0.97,4.9,99.94,0.1,0.99,0.02,0.97,9.9,9.9,0.1,,,,,,,,,,,,,,,,UNSUPPORTED_OR_LINEUP_FILTER,0
fifwc-esp-arg-2026-07-19,fifwc-esp-arg-2026-07-19-player-props,Spain vs. Argentina - Player Props,2944194,soccer_player_goals_plus_assists,Dani Olmo: 4+ goals + assists,Dani Olmo: 4+ goals + assists,Yes,No,21715347663856600798967321911165820290307870512155124809297107849532111265719,27334087962974722609510322700381477869572948486070671794576337104280102756570,0,0,0,1,0.05,0.01,False,0.99,0.01,0.98,4.95,4.95,0.05,0.99,0.01,0.98,4.95,4.95,0.05,,,,,,,,,,,,,,,,UNSUPPORTED_OR_LINEUP_FILTER,0
fifwc-esp-arg-2026-07-19,fifwc-esp-arg-2026-07-19-player-props,Spain vs. Argentina - Player Props,2944195,soccer_player_goals_plus_assists,Enzo Fernández: 1+ goals + assists,Enzo Fernández: 1+ goals + assists,Yes,No,32018103855587705141013860148762267861843984601916940615639233140852092905830,43294713028966434847318245527351882022329945112262073890804444502316928908217,0,1.16,0.01,0.98,0.05,0.01,True,0.98,0.01,0.97,4.9,99.94,0.1,0.99,0.02,0.97,9.9,9.9,0.1,,,,,,,,,,,,,,,,UNSUPPORTED_OR_LINEUP_FILTER,0
fifwc-esp-arg-2026-07-19,fifwc-esp-arg-2026-07-19-player-props,Spain vs. Argentina - Player Props,2944196,soccer_player_goals_plus_assists,Enzo Fernández: 2+ goals + assists,Enzo Fernández: 2+ goals + assists,Yes,No,97002436994727633541124918604661666035318043050755196593011912829584460236599,71525002106605884575685178681361297196549257264162112234211415402432423366915,0,1.16,0.01,0.98,0.05,0.01,True,0.98,0.01,0.97,4.9,99.94,0.1,0.99,0.02,0.97,9.9,9.9,0.1,,,,,,,,,,,,,,,,UNSUPPORTED_OR_LINEUP_FILTER,0
fifwc-esp-arg-2026-07-19,fifwc-esp-arg-2026-07-19-player-props,Spain vs. Argentina - Player Props,2944197,soccer_player_goals_plus_assists,Enzo Fernández: 3+ goals + assists,Enzo Fernández: 3+ goals + assists,Yes,No,88902258668239422887130104716020608455018688251161813643167091089551136833123,41839568328382020371304844341728405112664851441673784984977991680928650401499,0,0.2,0.01,0.99,0.05,0.01,True,0.99,0.01,0.98,9.9,9.9,0.1,0.99,0.01,0.98,9.9,9.9,0.1,,,,,,,,,,,,,,,,UNSUPPORTED_OR_LINEUP_FILTER,0
fifwc-esp-arg-2026-07-19,fifwc-esp-arg-2026-07-19-player-props,Spain vs. Argentina - Player Props,2944198,soccer_player_goals_plus_assists,Enzo Fernández: 4+ goals + assists,Enzo Fernández: 4+ goals + assists,Yes,No,21982952668032250277519479016511462040519740631333504285528676371295485144494,37823478658775830553373853624759780748419369629404857542274120039442205416489,0,1.16,0.01,0.98,0.05,0.01,True,0.98,0.01,0.97,4.9,99.94,0.1,0.99,0.02,0.97,9.9,9.9,0.1,,,,,,,,,,,,,,,,UNSUPPORTED_OR_LINEUP_FILTER,0
fifwc-esp-arg-2026-07-19,fifwc-esp-arg-2026-07-19-player-props,Spain vs. Argentina - Player Props,2944199,soccer_player_goals_plus_assists,Fabián Ruiz: 1+ goals + assists,Fabián Ruiz: 1+ goals + assists,Yes,No,56150318665746628061321271025786396791686531621015865274128700644626008702294,54942209209365612732082061693771544352128224785798632070895723150915164400389,0,1.16,0.01,0.98,0.05,0.01,True,0.98,0.01,0.97,4.9,99.94,0.1,0.99,0.02,0.97,9.9,9.9,0.1,,,,,,,,,,,,,,,,UNSUPPORTED_OR_LINEUP_FILTER,0
fifwc-esp-arg-2026-07-19,fifwc-esp-arg-2026-07-19-player-props,Spain vs. Argentina - Player Props,2944200,soccer_player_goals_plus_assists,Fabián Ruiz: 2+ goals + assists,Fabián Ruiz: 2+ goals + assists,Yes,No,61811094236183288185683204470892576580305506447785487225852777825102076392316,45427470666590501092379831250072743783752299288362568808535447097015722181316,0,0.2,0.01,0.99,0.05,0.01,True,0.99,0.01,0.98,9.9,9.9,0.1,0.99,0.01,0.98,9.9,9.9,0.1,,,,,,,,,,,,,,,,UNSUPPORTED_OR_LINEUP_FILTER,0
fifwc-esp-arg-2026-07-19,fifwc-esp-arg-2026-07-19-player-props,Spain vs. Argentina - Player Props,2944201,soccer_player_goals_plus_assists,Fabián Ruiz: 3+ goals + assists,Fabián Ruiz: 3+ goals + assists,Yes,No,49647959983363621982002518169079871959467843779147310861338559656804821432458,67112904246650617540433714363656668055877644818789252279735172373356783993282,0,0,0,1,0.05,0.01,False,0.99,0.01,0.98,4.95,4.95,0.05,0.99,0.01,0.98,4.95,4.95,0.05,,,,,,,,,,,,,,,,UNSUPPORTED_OR_LINEUP_FILTER,0
fifwc-esp-arg-2026-07-19,fifwc-esp-arg-2026-07-19-player-props,Spain vs. Argentina - Player Props,2944202,soccer_player_goals_plus_assists,Fabián Ruiz: 4+ goals + assists,Fabián Ruiz: 4+ goals + assists,Yes,No,18918099816794413600376691269413081880069185012137969515820468165191846043218,3269286298933290620621314118101582868296898084096158405636101970954376699705,0,1.16,0.01,0.98,0.05,0.01,True,0.98,0.01,0.97,4.9,99.94,0.1,0.99,0.02,0.97,9.9,9.9,0.1,,,,,,,,,,,,,,,,UNSUPPORTED_OR_LINEUP_FILTER,0
fifwc-esp-arg-2026-07-19,fifwc-esp-arg-2026-07-19-player-props,Spain vs. Argentina - Player Props,2944203,soccer_player_goals_plus_assists,Ferrán Torres: 1+ goals + assists,Ferrán Torres: 1+ goals + assists,Yes,No,84523674698381859511604711819951068487959911034166575482114616408425424005311,7638223035888765003606456791109948961423314048989685543363530636332347551515,0,1.16,0.01,0.98,0.05,0.01,True,0.98,0.01,0.97,4.9,99.94,0.1,0.99,0.02,0.97,9.9,9.9,0.1,,,,,,,,,,,,,,,,UNSUPPORTED_OR_LINEUP_FILTER,0
fifwc-esp-arg-2026-07-19,fifwc-esp-arg-2026-07-19-player-props,Spain vs. Argentina - Player Props,2944204,soccer_player_goals_plus_assists,Ferrán Torres: 2+ goals + assists,Ferrán Torres: 2+ goals + assists,Yes,No,102754385186525280631310513984765282285594995939975893992430303923312379000800,22314512654505934801796627432128999518731513493520111891211100880131664468734,0,0,0,1,0.05,0.01,True,0.99,0.01,0.98,9.9,9.9,0.1,0.99,0.01,0.98,9.9,9.9,0.1,,,,,,,,,,,,,,,,UNSUPPORTED_OR_LINEUP_FILTER,0
fifwc-esp-arg-2026-07-19,fifwc-esp-arg-2026-07-19-player-props,Spain vs. Argentina - Player Props,2944205,soccer_player_goals_plus_assists,Ferrán Torres: 3+ goals + assists,Ferrán Torres: 3+ goals + assists,Yes,No,104083615402819140260351562152907498439488015068742664858306640463071884164904,109804551724290108036572043248516519452731454130501089897591943471262939869292,0,0.4,0.02,0.98,0.05,0.01,True,0.98,0.02,0.96,4.9,14.8,0.1,0.98,0.02,0.96,4.9,14.8,0.1,,,,,,,,,,,,,,,,UNSUPPORTED_OR_LINEUP_FILTER,0
fifwc-esp-arg-2026-07-19,fifwc-esp-arg-2026-07-19-player-props,Spain vs. Argentina - Player Props,2944206,soccer_player_goals_plus_assists,Ferrán Torres: 4+ goals + assists,Ferrán Torres: 4+ goals + assists,Yes,No,98824789692042872739385824830493432289343531010208076990009397169349066418183,69628606729847713860781376407817410748825341813998103239552084681262324123713,0,0.2,0.01,0.99,0.05,0.01,True,0.99,0.01,0.98,9.9,9.9,0.1,0.99,0.01,0.98,9.9,9.9,0.1,,,,,,,,,,,,,,,,UNSUPPORTED_OR_LINEUP_FILTER,0
fifwc-esp-arg-2026-07-19,fifwc-esp-arg-2026-07-19-player-props,Spain vs. Argentina - Player Props,2944207,soccer_player_goals_plus_assists,Giuliano Simeone: 1+ goals + assists,Giuliano Simeone: 1+ goals + assists,Yes,No,47795021948365128368414685020127453310181293779734733130428053235369351618591,45217830083139449663307258628162744736826877315446155717086572309278817171911,0,1.16,0.01,0.98,0.05,0.01,True,0.98,0.01,0.97,4.9,99.94,0.1,0.99,0.02,0.97,9.9,9.9,0.1,,,,,,,,,,,,,,,,UNSUPPORTED_OR_LINEUP_FILTER,0
fifwc-esp-arg-2026-07-19,fifwc-esp-arg-2026-07-19-player-props,Spain vs. Argentina - Player Props,2944208,soccer_player_goals_plus_assists,Giuliano Simeone: 2+ goals + assists,Giuliano Simeone: 2+ goals + assists,Yes,No,55578244850243498669354150330498239386719230991475292343550701213074516223970,54129057726348998009439644460846153272451338156729073632991630356325130690922,0,1.16,0.01,0.98,0.05,0.01,True,0.98,0.01,0.97,4.9,99.94,0.1,0.99,0.02,0.97,9.9,9.9,0.1,,,,,,,,,,,,,,,,UNSUPPORTED_OR_LINEUP_FILTER,0
fifwc-esp-arg-2026-07-19,fifwc-esp-arg-2026-07-19-player-props,Spain vs. Argentina - Player Props,2944209,soccer_player_goals_plus_assists,Giuliano Simeone: 3+ goals + assists,Giuliano Simeone: 3+ goals + assists,Yes,No,79324845288142229538629636075118148109786786846309707089707683882234703169150,11637596622312863931453921926330399036355301577252200641354611873328112101127,0,0.2,0.01,0.99,0.05,0.01,True,0.99,0.01,0.98,9.9,9.9,0.1,0.99,0.01,0.98,9.9,9.9,0.1,,,,,,,,,,,,,,,,UNSUPPORTED_OR_LINEUP_FILTER,0
fifwc-esp-arg-2026-07-19,fifwc-esp-arg-2026-07-19-player-props,Spain vs. Argentina - Player Props,2944210,soccer_player_goals_plus_assists,Giuliano Simeone: 4+ goals + assists,Giuliano Simeone: 4+ goals + assists,Yes,No,83344588033242216559063683239544876829699021109253266382960561622151786053689,61431876259482275089869726117968520045930733146630210336777221713454196298542,0,1.16,0.01,0.98,0.05,0.01,True,0.98,0.01,0.97,4.9,99.94,0.1,0.99,0.02,0.97,9.9,9.9,0.1,,,,,,,,,,,,,,,,UNSUPPORTED_OR_LINEUP_FILTER,0
fifwc-esp-arg-2026-07-19,fifwc-esp-arg-2026-07-19-player-props,Spain vs. Argentina - Player Props,2944211,soccer_player_goals_plus_assists,Julián Álvarez: 1+ goals + assists,Julián Álvarez: 1+ goals + assists,Yes,No,29206910212521847700860628324873878559760492370737416247740367608624820768678,13078381157460858763313767849263107294126578177598791226800558303510997923032,0,0.1,0.01,0.99,0.05,0.01,True,0.99,0.01,0.98,9.9,9.9,0.1,0.99,0.01,0.98,9.9,9.9,0.1,,,,,,,,,,,,,,,,UNSUPPORTED_OR_LINEUP_FILTER,0
fifwc-esp-arg-2026-07-19,fifwc-esp-arg-2026-07-19-player-props,Spain vs. Argentina - Player Props,2944212,soccer_player_goals_plus_assists,Julián Álvarez: 2+ goals + assists,Julián Álvarez: 2+ goals + assists,Yes,No,18137652439420070322217430956871722512859202046005441933565912361168951894314,19842333948788416711265312273741012343345391093286864577030948214743291271472,0,0,0,1,0.05,0.01,False,0.99,,,4.95,4.95,0,,0.01,,0,0,0.05,,,,,,,,,,,,,,,,UNSUPPORTED_OR_LINEUP_FILTER,0
fifwc-esp-arg-2026-07-19,fifwc-esp-arg-2026-07-19-player-props,Spain vs. Argentina - Player Props,2944213,soccer_player_goals_plus_assists,Julián Álvarez: 3+ goals + assists,Julián Álvarez: 3+ goals + assists,Yes,No,67268409732234669542476584705414872123852308610320839589533309502655529294309,53351898074805999832037894513869344772788453179453816612685025134425080467125,0,0.1,0.01,0.99,0.05,0.01,True,0.99,0.01,0.98,9.9,9.9,0.1,0.99,0.01,0.98,9.9,9.9,0.1,,,,,,,,,,,,,,,,UNSUPPORTED_OR_LINEUP_FILTER,0
fifwc-esp-arg-2026-07-19,fifwc-esp-arg-2026-07-19-player-props,Spain vs. Argentina - Player Props,2944214,soccer_player_goals_plus_assists,Julián Álvarez: 4+ goals + assists,Julián Álvarez: 4+ goals + assists,Yes,No,22294157364515989679500058793449764448222652977012594742122685522863904829379,42178021472848315437666729872574248374561713815538911537415840009282544838726,0,1.16,0.01,0.98,0.05,0.01,True,0.98,0.01,0.97,4.9,99.94,0.1,0.99,0.02,0.97,9.9,9.9,0.1,,,,,,,,,,,,,,,,UNSUPPORTED_OR_LINEUP_FILTER,0
fifwc-esp-arg-2026-07-19,fifwc-esp-arg-2026-07-19-player-props,Spain vs. Argentina - Player Props,2944215,soccer_player_goals_plus_assists,Lamine Yamal: 1+ goals + assists,Lamine Yamal: 1+ goals + assists,Yes,No,93027588990928813551535765175250434825316986058206697842863936706646025757697,33584414885576384205301173846378207333020517174433063794469325509160813769658,0,0.05,0.01,1,0.05,0.01,True,0.99,0.01,0.98,9.9,9.9,0.1,0.99,0.01,0.98,9.9,9.9,0.1,,,,,,,,,,,,,,,,UNSUPPORTED_OR_LINEUP_FILTER,0
fifwc-esp-arg-2026-07-19,fifwc-esp-arg-2026-07-19-player-props,Spain vs. Argentina - Player Props,2944216,soccer_player_goals_plus_assists,Lamine Yamal: 2+ goals + assists,Lamine Yamal: 2+ goals + assists,Yes,No,49754742019720582998618982207807964436960470249400794773477231643551802541571,22149003428726257040109888362809388208359347842825522725805622952313520066833,0,0.2,0.01,0.99,0.05,0.01,True,0.99,0.01,0.98,9.9,9.9,0.1,0.99,0.01,0.98,9.9,9.9,0.1,,,,,,,,,,,,,,,,UNSUPPORTED_OR_LINEUP_FILTER,0
fifwc-esp-arg-2026-07-19,fifwc-esp-arg-2026-07-19-player-props,Spain vs. Argentina - Player Props,2944217,soccer_player_goals_plus_assists,Lamine Yamal: 3+ goals + assists,Lamine Yamal: 3+ goals + assists,Yes,No,581599052862921738693377658815095795844452431972415290329707213872272208046,101959284882906950465334141886549376033511838381562506934203033708157045393760,0,1.36,0.02,0.98,0.05,0.01,True,0.98,0.02,0.96,9.8,104.83999999999999,0.1,0.98,0.02,0.96,4.9,14.8,0.2,,,,,,,,,,,,,,,,UNSUPPORTED_OR_LINEUP_FILTER,0
fifwc-esp-arg-2026-07-19,fifwc-esp-arg-2026-07-19-player-props,Spain vs. Argentina - Player Props,2944218,soccer_player_goals_plus_assists,Lamine Yamal: 4+ goals + assists,Lamine Yamal: 4+ goals + assists,Yes,No,54650094288271341709904084520376641090064050483235693917900795919375349322423,58254156703562910497548984719021859206694034332808760618363250486773080281085,0,0.4,0.02,0.98,0.05,0.01,True,0.98,0.02,0.96,4.9,14.8,0.1,0.98,0.02,0.96,4.9,14.8,0.1,,,,,,,,,,,,,,,,UNSUPPORTED_OR_LINEUP_FILTER,0
fifwc-esp-arg-2026-07-19,fifwc-esp-arg-2026-07-19-player-props,Spain vs. Argentina - Player Props,2944219,soccer_player_goals_plus_assists,Lautaro Martínez: 1+ goals + assists,Lautaro Martínez: 1+ goals + assists,Yes,No,99168031338863889050581113854762802398374585910868815025715097371216391064099,11967728794400991728857797977760167060936934878379534977507994140456528954803,0,0.4,0.02,0.98,0.05,0.01,True,0.98,0.02,0.96,4.9,14.8,0.1,0.98,0.02,0.96,4.9,14.8,0.1,,,,,,,,,,,,,,,,UNSUPPORTED_OR_LINEUP_FILTER,0
fifwc-esp-arg-2026-07-19,fifwc-esp-arg-2026-07-19-player-props,Spain vs. Argentina - Player Props,2944220,soccer_player_goals_plus_assists,Lautaro Martínez: 2+ goals + assists,Lautaro Martínez: 2+ goals + assists,Yes,No,4883797840971418718093551973129449703719855204048457097638377781174952832275,109436241640445539192748991291211670350281658777729297133042526889584387180034,0,0.2,0.01,0.99,0.05,0.01,True,0.99,0.01,0.98,9.9,9.9,0.1,0.99,0.01,0.98,9.9,9.9,0.1,,,,,,,,,,,,,,,,UNSUPPORTED_OR_LINEUP_FILTER,0
fifwc-esp-arg-2026-07-19,fifwc-esp-arg-2026-07-19-player-props,Spain vs. Argentina - Player Props,2944221,soccer_player_goals_plus_assists,Lautaro Martínez: 3+ goals + assists,Lautaro Martínez: 3+ goals + assists,Yes,No,6031533394584708324727747549800029048610303469134793167390244972466827948040,55135037113420297405547637783275240166204948051171426014639406710863765737122,0,1.16,0.01,0.98,0.05,0.01,True,0.98,0.01,0.97,4.9,99.94,0.1,0.99,0.02,0.97,9.9,9.9,0.1,,,,,,,,,,,,,,,,UNSUPPORTED_OR_LINEUP_FILTER,0
fifwc-esp-arg-2026-07-19,fifwc-esp-arg-2026-07-19-player-props,Spain vs. Argentina - Player Props,2944222,soccer_player_goals_plus_assists,Lautaro Martínez: 4+ goals + assists,Lautaro Martínez: 4+ goals + assists,Yes,No,60801650096148477249803874868743368486278951808951661266108082432522248266351,67543419215761511621223334300550636914701872437310774968277656359083611789869,0,0.2,0.01,0.99,0.05,0.01,True,0.99,0.01,0.98,9.9,9.9,0.1,0.99,0.01,0.98,9.9,9.9,0.1,,,,,,,,,,,,,,,,UNSUPPORTED_OR_LINEUP_FILTER,0
fifwc-esp-arg-2026-07-19,fifwc-esp-arg-2026-07-19-player-props,Spain vs. Argentina - Player Props,2944223,soccer_player_goals_plus_assists,Lionel Messi: 1+ goals + assists,Lionel Messi: 1+ goals + assists,Yes,No,115035177261789562878458297938119435758608263460110776444838415963699645316917,84284914980597795653070237884646098179877878572782591801899644427012438182617,0,0.2,0.01,0.99,0.05,0.01,True,0.99,0.01,0.98,9.9,9.9,0.1,0.99,0.01,0.98,9.9,9.9,0.1,,,,,,,,,,,,,,,,UNSUPPORTED_OR_LINEUP_FILTER,0
fifwc-esp-arg-2026-07-19,fifwc-esp-arg-2026-07-19-player-props,Spain vs. Argentina - Player Props,2944224,soccer_player_goals_plus_assists,Lionel Messi: 2+ goals + assists,Lionel Messi: 2+ goals + assists,Yes,No,44017505390921871482217131883169823522126226283722215010660319452498270545560,22179067466806501466030398949011751034254467899299709303508409001978309316718,0,0,0,1,0.05,0.01,False,0.99,0.01,0.98,4.95,4.95,0.05,0.99,0.01,0.98,4.95,4.95,0.05,,,,,,,,,,,,,,,,UNSUPPORTED_OR_LINEUP_FILTER,0
fifwc-esp-arg-2026-07-19,fifwc-esp-arg-2026-07-19-player-props,Spain vs. Argentina - Player Props,2944225,soccer_player_goals_plus_assists,Lionel Messi: 3+ goals + assists,Lionel Messi: 3+ goals + assists,Yes,No,6658089410119007108334665339060247330766962686633279922825701109936669046651,101975054550015423521041621437618741329516414684135980730175080571368687372320,0,0,0,1,0.05,0.01,False,0.99,0.01,0.98,4.95,4.95,0.05,,0.01,,0,0,0.05,,,,,,,,,,,,,,,,UNSUPPORTED_OR_LINEUP_FILTER,0
fifwc-esp-arg-2026-07-19,fifwc-esp-arg-2026-07-19-player-props,Spain vs. Argentina - Player Props,2944226,soccer_player_goals_plus_assists,Lionel Messi: 4+ goals + assists,Lionel Messi: 4+ goals + assists,Yes,No,98513093387502816110787527482804376664812645344660966907378227312398850261936,6321666357356935603343878267445335979895020604827446323161025192643488946456,0,1.16,0.01,0.98,0.05,0.01,True,0.98,0.01,0.97,4.9,99.94,0.1,0.99,0.02,0.97,9.9,9.9,0.1,,,,,,,,,,,,,,,,UNSUPPORTED_OR_LINEUP_FILTER,0
fifwc-esp-arg-2026-07-19,fifwc-esp-arg-2026-07-19-player-props,Spain vs. Argentina - Player Props,2944227,soccer_player_goals_plus_assists,Mikel Merino: 1+ goals + assists,Mikel Merino: 1+ goals + assists,Yes,No,23346760234679770807837219841842139873170244896483456025307436140833906199206,70711393455998077757808982306709953077450397256577975182860207549401565701461,0,1.16,0.01,0.98,0.05,0.01,True,0.98,0.01,0.97,4.9,99.94,0.1,0.99,0.02,0.97,9.9,9.9,0.1,,,,,,,,,,,,,,,,UNSUPPORTED_OR_LINEUP_FILTER,0
fifwc-esp-arg-2026-07-19,fifwc-esp-arg-2026-07-19-player-props,Spain vs. Argentina - Player Props,2944228,soccer_player_goals_plus_assists,Mikel Merino: 2+ goals + assists,Mikel Merino: 2+ goals + assists,Yes,No,29314707781501997795525800719636681349841637290656438993433654800166017323113,28362864951812199265778642222700188344501167405453079083190528473951933133649,0,1.16,0.01,0.98,0.05,0.01,True,0.98,0.01,0.97,4.9,99.94,0.1,0.99,0.02,0.97,9.9,9.9,0.1,,,,,,,,,,,,,,,,UNSUPPORTED_OR_LINEUP_FILTER,0
fifwc-esp-arg-2026-07-19,fifwc-esp-arg-2026-07-19-player-props,Spain vs. Argentina - Player Props,2944229,soccer_player_goals_plus_assists,Mikel Merino: 3+ goals + assists,Mikel Merino: 3+ goals + assists,Yes,No,49765913555601090476710003220120031582618415454727875013140729990302798446231,81301660713729482853104357633574632107810921720846345709676862270736825751585,0,0,0,1,0.05,0.01,False,0.99,0.01,0.98,4.95,4.95,0.05,0.99,0.01,0.98,4.95,4.95,0.05,,,,,,,,,,,,,,,,UNSUPPORTED_OR_LINEUP_FILTER,0
fifwc-esp-arg-2026-07-19,fifwc-esp-arg-2026-07-19-player-props,Spain vs. Argentina - Player Props,2944230,soccer_player_goals_plus_assists,Mikel Merino: 4+ goals + assists,Mikel Merino: 4+ goals + assists,Yes,No,68626880108125190295414012175808106126888262488309412288407597166831074109940,14103276851948383806288072647456759779781597959921145780175510061235255856992,0,0.1,0.01,0.99,0.05,0.01,True,0.99,0.01,0.98,9.9,9.9,0.1,0.99,0.01,0.98,9.9,9.9,0.1,,,,,,,,,,,,,,,,UNSUPPORTED_OR_LINEUP_FILTER,0
fifwc-esp-arg-2026-07-19,fifwc-esp-arg-2026-07-19-player-props,Spain vs. Argentina - Player Props,2944231,soccer_player_goals_plus_assists,Mikel Oyarzabal: 1+ goals + assists,Mikel Oyarzabal: 1+ goals + assists,Yes,No,110416958070678356248428104783262446090404946326385486865534308796417596526089,108334123374350060653479645218997324410477540908556704489935152224189640527797,0,1.16,0.01,0.98,0.05,0.01,True,0.98,0.01,0.97,4.9,99.94,0.1,0.99,0.02,0.97,9.9,9.9,0.1,,,,,,,,,,,,,,,,UNSUPPORTED_OR_LINEUP_FILTER,0
fifwc-esp-arg-2026-07-19,fifwc-esp-arg-2026-07-19-player-props,Spain vs. Argentina - Player Props,2944232,soccer_player_goals_plus_assists,Mikel Oyarzabal: 2+ goals + assists,Mikel Oyarzabal: 2+ goals + assists,Yes,No,18119486254226343691194095774387499519254746860087959659149676879306090117629,41803219649094754316982250854152442462988381772587747737030578665593741549405,0,0,0,1,0.05,0.01,True,0.98,0.02,0.96,4.9,14.8,0.1,0.98,0.02,0.96,4.9,14.8,0.1,,,,,,,,,,,,,,,,UNSUPPORTED_OR_LINEUP_FILTER,0
fifwc-esp-arg-2026-07-19,fifwc-esp-arg-2026-07-19-player-props,Spain vs. Argentina - Player Props,2944233,soccer_player_goals_plus_assists,Mikel Oyarzabal: 3+ goals + assists,Mikel Oyarzabal: 3+ goals + assists,Yes,No,114595897391242369692030696968975783242345104387325415465373797486557115724201,51765404341099272185671619102829610611266468132770677344387341668819418783289,0,0.1,0.01,0.99,0.05,0.01,True,0.98,0.02,0.96,4.9,14.8,0.1,0.98,0.02,0.96,4.9,14.8,0.1,,,,,,,,,,,,,,,,UNSUPPORTED_OR_LINEUP_FILTER,0
fifwc-esp-arg-2026-07-19,fifwc-esp-arg-2026-07-19-player-props,Spain vs. Argentina - Player Props,2944234,soccer_player_goals_plus_assists,Mikel Oyarzabal: 4+ goals + assists,Mikel Oyarzabal: 4+ goals + assists,Yes,No,21624350428495523990928840654199687821225955421499880860549702362634634635422,32136156289087328850732562691919684139647954374254342844773919756450507807613,0,1.16,0.01,0.98,0.05,0.01,True,0.98,0.01,0.97,4.9,99.94,0.1,0.99,0.02,0.97,9.9,9.9,0.1,,,,,,,,,,,,,,,,UNSUPPORTED_OR_LINEUP_FILTER,0
fifwc-esp-arg-2026-07-19,fifwc-esp-arg-2026-07-19-player-props,Spain vs. Argentina - Player Props,2944235,soccer_player_goals_plus_assists,Nico Williams: 1+ goals + assists,Nico Williams: 1+ goals + assists,Yes,No,33919947167931854421371534810796861647046312993063401292424488906180804152640,100759912005153250131928930862528651489443490803006248696794124759521263717761,0,0.1,0.01,0.99,0.05,0.01,True,0.99,0.01,0.98,9.9,9.9,0.1,0.99,0.01,0.98,9.9,9.9,0.1,,,,,,,,,,,,,,,,UNSUPPORTED_OR_LINEUP_FILTER,0
fifwc-esp-arg-2026-07-19,fifwc-esp-arg-2026-07-19-player-props,Spain vs. Argentina - Player Props,2944236,soccer_player_goals_plus_assists,Nico Williams: 2+ goals + assists,Nico Williams: 2+ goals + assists,Yes,No,108765087738564994326478597890012962610180006924907934641270947668436603975162,26585771938647567554486742850116590140262810377104990840165762446371483638878,0,0.1,0.01,0.99,0.05,0.01,True,0.98,0.02,0.96,4.9,14.8,0.1,0.98,0.02,0.96,4.9,14.8,0.1,,,,,,,,,,,,,,,,UNSUPPORTED_OR_LINEUP_FILTER,0
fifwc-esp-arg-2026-07-19,fifwc-esp-arg-2026-07-19-player-props,Spain vs. Argentina - Player Props,2944237,soccer_player_goals_plus_assists,Nico Williams: 3+ goals + assists,Nico Williams: 3+ goals + assists,Yes,No,56484507587512223371123415731747515670470264282514430741363093097474821385768,48579117682888386416659583518534277709149868740280115496685739524642995531552,0,0.1,0.01,0.99,0.05,0.01,True,0.98,0.02,0.96,4.9,14.8,0.1,0.98,0.02,0.96,4.9,14.8,0.1,,,,,,,,,,,,,,,,UNSUPPORTED_OR_LINEUP_FILTER,0
fifwc-esp-arg-2026-07-19,fifwc-esp-arg-2026-07-19-player-props,Spain vs. Argentina - Player Props,2944238,soccer_player_goals_plus_assists,Nico Williams: 4+ goals + assists,Nico Williams: 4+ goals + assists,Yes,No,47714599485478027084924037463383264100955746255198934428560431786186039998934,934125625266891270815288444677404183599865321739350387121727308749461610307,0,0.2,0.01,0.99,0.05,0.01,True,0.99,0.01,0.98,9.9,9.9,0.1,0.99,0.01,0.98,9.9,9.9,0.1,,,,,,,,,,,,,,,,UNSUPPORTED_OR_LINEUP_FILTER,0
fifwc-esp-arg-2026-07-19,fifwc-esp-arg-2026-07-19-player-props,Spain vs. Argentina - Player Props,2944239,soccer_player_goals_plus_assists,Nicolás González: 1+ goals + assists,Nicolás González: 1+ goals + assists,Yes,No,47422670618885588313363695970852722718498972184044862374611559603319362934591,91887061556128411935303831102841001791848550106351710956160800532337466173356,0,0.4,0.02,0.98,0.05,0.01,True,0.98,0.02,0.96,4.9,14.8,0.1,0.98,0.02,0.96,4.9,14.8,0.1,,,,,,,,,,,,,,,,UNSUPPORTED_OR_LINEUP_FILTER,0
fifwc-esp-arg-2026-07-19,fifwc-esp-arg-2026-07-19-player-props,Spain vs. Argentina - Player Props,2944240,soccer_player_goals_plus_assists,Nicolás González: 2+ goals + assists,Nicolás González: 2+ goals + assists,Yes,No,42275846717047508501111352527900080709070375627278937605879605822526919028164,23049201097230703314745968162474584243910313611666875946558431753892933266376,0,0.1,0.01,0.99,0.05,0.01,True,0.99,0.01,0.98,9.9,9.9,0.1,0.99,0.01,0.98,9.9,9.9,0.1,,,,,,,,,,,,,,,,UNSUPPORTED_OR_LINEUP_FILTER,0
fifwc-esp-arg-2026-07-19,fifwc-esp-arg-2026-07-19-player-props,Spain vs. Argentina - Player Props,2944241,soccer_player_goals_plus_assists,Nicolás González: 3+ goals + assists,Nicolás González: 3+ goals + assists,Yes,No,13946322929524169654854980891915500147524313003568295914325046260764992790000,112113381286083697871102299738835389943675324933573586556489144013175708654467,0,1.16,0.01,0.98,0.05,0.01,True,0.98,0.01,0.97,4.9,99.94,0.1,0.99,0.02,0.97,9.9,9.9,0.1,,,,,,,,,,,,,,,,UNSUPPORTED_OR_LINEUP_FILTER,0
fifwc-esp-arg-2026-07-19,fifwc-esp-arg-2026-07-19-player-props,Spain vs. Argentina - Player Props,2944242,soccer_player_goals_plus_assists,Nicolás González: 4+ goals + assists,Nicolás González: 4+ goals + assists,Yes,No,34532252301907945833677711923402019126559440680763805724473294372595507196101,81731129477590527451561970050205387826082243770672585044183062279714070771960,0,0.2,0.01,0.99,0.05,0.01,True,0.99,0.01,0.98,9.9,9.9,0.1,0.99,0.01,0.98,9.9,9.9,0.1,,,,,,,,,,,,,,,,UNSUPPORTED_OR_LINEUP_FILTER,0
