minute,p_england_shot,p_argentina_shot,p_england_sot,p_argentina_sot,p_england_goal,p_argentina_goal,p_england_foul,p_argentina_foul,p_england_yellow,p_argentina_yellow,p_england_red,p_argentina_red,p_england_penalty,p_argentina_penalty,p_england_corner,p_argentina_corner,p_var_review,p_any_injury_stoppage,p_any_substitution,expected_england_possession,p_england_leading_after,p_draw_after,p_argentina_leading_after,expected_england_goals_after,expected_argentina_goals_after,modal_score_after,expected_england_passes,p_any_england_passes,expected_england_line_breaks,p_any_england_line_breaks,expected_england_final_third_receptions,p_any_england_final_third_receptions,expected_england_crosses,p_any_england_crosses,expected_england_throw_ins,p_any_england_throw_ins,expected_england_pressures,p_any_england_pressures,expected_england_direct_pressures,p_any_england_direct_pressures,expected_england_forced_turnovers,p_any_england_forced_turnovers,expected_england_regains,p_any_england_regains,expected_england_interceptions,p_any_england_interceptions,expected_england_tackles,p_any_england_tackles,expected_argentina_passes,p_any_argentina_passes,expected_argentina_line_breaks,p_any_argentina_line_breaks,expected_argentina_final_third_receptions,p_any_argentina_final_third_receptions,expected_argentina_crosses,p_any_argentina_crosses,expected_argentina_throw_ins,p_any_argentina_throw_ins,expected_argentina_pressures,p_any_argentina_pressures,expected_argentina_direct_pressures,p_any_argentina_direct_pressures,expected_argentina_forced_turnovers,p_any_argentina_forced_turnovers,expected_argentina_regains,p_any_argentina_regains,expected_argentina_interceptions,p_any_argentina_interceptions,expected_argentina_tackles,p_any_argentina_tackles
1,0.080396,0.097488,0.034308,0.041604,0.006768,0.008796,0.119552,0.147372,0.00384,0.00464,0.001828,0.00224,0.0011,0.001284,0.027292,0.035392,0.006176,0.042732,0.042732,0.4911731519606928,0.006708,0.984556,0.008736,0.006768,0.008804,0-0,3.7149116079412097,0.9756424059622442,0.7195035240861767,0.5130060232696401,1.0886108815661235,0.6633161372237453,0.17348525459049172,0.15927045202804646,0.12727876094280316,0.11951180733507638,3.065881895349332,0.9533872838047635,0.5554227792837764,0.4261703933647133,0.4576854977411206,0.36725355489607725,0.5274327601705104,0.40988199887334953,0.09409569933266063,0.08980434704389528,0.3018465634251354,0.26054848490664173,4.7494053804070955,0.991343158799596,0.795620885617318,0.5486990583471876,1.28224366861453,0.7225858238079244,0.09954569630997978,0.09475141759648542,0.11122089590310245,0.10525891754147454,2.8932508673403956,0.9446041649324107,0.5099399026151887,0.3994683318894313,0.5263994384680768,0.4092719019768929,0.518573463397952,0.40463074149306155,0.08897966395858242,0.08513582189890256,0.4126047545547664,0.3380761464796739
2,0.087284,0.105252,0.03706,0.044608,0.0069,0.00942,0.118256,0.148564,0.003552,0.004228,0.001404,0.00182,0.000908,0.001076,0.0295,0.038772,0.005316,0.048504,0.048504,0.4912896319606928,0.013312,0.968852,0.017836,0.013676,0.018228,0-0,4.029959458998534,0.982224949442597,0.7805219447148026,0.5418331888595498,1.1809319257982087,0.6930074889904585,0.188197894463815,0.17154925480639138,0.13807279976584041,0.1289647217267137,3.0041755163117507,0.9504203849344852,0.5442438983893163,0.41971963156727565,0.44847375516014953,0.3613979286711628,0.5168172286768516,0.4035842146249736,0.09220185440091845,0.08807894431274288,0.2957713592621321,0.25604249243064514,5.152184804740853,0.9942132520088165,0.863094536870349,0.5781453843029094,1.390985990091392,0.7511701601179174,0.10798779696115644,0.10236144971830385,0.12065312685364231,0.11365864570937989,2.835018997762597,0.9412825896761454,0.4996764462945483,0.39327306329358447,0.5158047044293802,0.4029800233531686,0.5081362411618947,0.3983841986574256,0.08718878842642522,0.08349594605862398,0.40430034288910977,0.3325563707856616
3,0.086892,0.105924,0.036904,0.044836,0.00758,0.009492,0.117416,0.145444,0.005084,0.005976,0.00128,0.001568,0.001444,0.001672,0.030924,0.040724,0.006176,0.045044,0.045044,0.4913741919606928,0.020444,0.952748,0.026808,0.021268,0.027748,0-0,4.0066225811424365,0.9818052571522011,0.7760020617052747,0.539757641391984,1.1740933299291654,0.6909008964150043,0.18710806928801327,0.17064589616528414,0.1372732413345043,0.12826799962808244,2.922883712851882,0.9462216179313911,0.5295168733596957,0.41111059087557333,0.43633823239743597,0.3536009441454906,0.5028323585019385,0.3951848219816734,0.08970690862098717,0.08580091011900992,0.28776790304739197,0.25006437018420313,5.122349291827241,0.9940380000482981,0.8580964886293837,0.5760316567269451,1.382931003315328,0.749157744940273,0.10736245617218039,0.10179994417119254,0.11995444307952824,0.11303915699865619,2.7583045029137563,0.9366008296073344,0.48615539892393034,0.38501376831109,0.5018472327608715,0.3945887094065076,0.4943862750819893,0.39005486902513653,0.08482949423266696,0.08133109060433297,0.3933601352233309,0.3252143102731583
4,0.089884,0.108096,0.03824,0.046484,0.007792,0.010324,0.118164,0.14542,0.005548,0.006448,0.00108,0.00112,0.001748,0.002252,0.032052,0.042236,0.006588,0.040456,0.040456,0.4914621119606928,0.02746,0.936284,0.036256,0.029068,0.038088,0-0,4.089968573485645,0.9832602403773895,0.7921445010250171,0.5471274325019889,1.19851688660432,0.6983587514963738,0.19100030205873372,0.17386766138933196,0.14012880716070464,0.1307537369555558,2.891509572115644,0.944507620397462,0.5238330560959598,0.40775392077246886,0.43165459169984505,0.3505663422755707,0.4974349719712982,0.391911575143401,0.08874399751928562,0.08492019370844328,0.2846790115359428,0.2477443190346631,5.22890469509014,0.9946406077423252,0.8759466609185453,0.5835324205739043,1.4116988132298416,0.7562711185907158,0.10959581613280914,0.10380370981465459,0.12244974227279276,0.11524963063115601,2.7286969501783176,0.9346956709548603,0.48093702234656066,0.38179615049521487,0.4964604205385786,0.3913186728377669,0.48907954854193375,0.3868094533601626,0.083918937141758,0.08049420915834027,0.38913782005278275,0.32235912892262386
5,0.094848,0.114124,0.039776,0.048716,0.008636,0.01074,0.116744,0.14294,0.006104,0.0074,0.001128,0.00122,0.001656,0.001928,0.036228,0.048172,0.0062,0.042964,0.042964,0.4915371519606928,0.035124,0.918996,0.04588,0.037712,0.04884,0-0,4.370011107758821,0.9873488999581432,0.8463830971393513,0.5710363506694176,1.2805800370328402,0.7221239247147754,0.20407820416835437,0.1846013988756955,0.14972350833673773,0.13905401209237822,2.762266843112628,0.9368515416575213,0.5004191222931066,0.3937234975430983,0.41236078822917155,0.33791463964899393,0.4752009617853766,0.37823990610945457,0.08477737865257462,0.08128321239361747,0.27195462262310727,0.2381111671778383,5.586930850053479,0.9962534911653439,0.9359232398101284,0.6077764181053626,1.5083586545426075,0.7787271347215479,0.11709990560052172,0.1105036769401424,0.13083394756216152,0.1226365493643905,2.6067315090591943,0.9262247160325481,0.45944042629649995,0.3683630059125319,0.47426997019002803,0.37766078315024487,0.4672190033918538,0.37325718342144265,0.0801679855433866,0.07703871079037428,0.3717444023353004,0.3104695376215054
6,0.095684,0.115872,0.04076,0.04974,0.008088,0.01068,0.117772,0.146148,0.006348,0.008168,0.000976,0.00128,0.001624,0.00192,0.036464,0.04902,0.00612,0.04388,0.04388,0.4916431319606928,0.04204,0.902744,0.055216,0.045808,0.059528,0-0,4.410017184083562,0.9878450305438905,0.8541314680128276,0.5743472764104924,1.2923033442369145,0.7253625306323142,0.2059464758983002,0.1861233628669704,0.1510941799333139,0.14023327792646978,2.6765732945345415,0.9312014971055402,0.4848946661846932,0.3842379460851404,0.3995681576670945,0.3293904188796337,0.46045884633601547,0.36900595023574767,0.08214733788225538,0.07886376956382424,0.2635177995395967,0.23165605385098043,5.638077443619671,0.9964402944336489,0.944491322508926,0.6111226662547997,1.522167203301574,0.781761592922389,0.11817191838162351,0.11145671744013674,0.13203169117492847,0.12368677675633533,2.52586311875195,0.9200107572321929,0.44518724848069885,0.3592957061061761,0.45955673680674997,0.3684364676613374,0.452724511498866,0.36410670921202504,0.07768094154881426,0.0747404086542175,0.36021181015305664,0.30247143320936776
7,0.0982,0.118928,0.04216,0.051072,0.008904,0.011252,0.115508,0.14028,0.00766,0.009352,0.000104,0.00012,0.0022,0.002496,0.03456,0.046488,0.005876,0.04376,0.04376,0.4917183119606929,0.049364,0.88598,0.064656,0.054724,0.070792,0-0,4.4500232604083,0.9883217046746814,0.8618798388863038,0.5776326470042255,1.3040266514409886,0.7285633910610471,0.20781474762824598,0.18764248607045442,0.15246485152989003,0.14141092848163905,2.590177339820569,0.9249932627755225,0.4692429604360469,0.374524401130264,0.38667066947745954,0.32068522281754297,0.4455958938747744,0.3595574734761824,0.07949573940070402,0.07641804502714922,0.2550118221685164,0.22509266317819177,5.689224037185861,0.9966177835744315,0.9530594052077235,0.6144403659507667,1.5359757520605406,0.7847544376313949,0.1192439311627253,0.11240873681596109,0.13322943478769542,0.1247357469981516,2.444331872786449,0.9132159016460912,0.4308172413385387,0.35002231102703696,0.44472290314983853,0.35899812897491545,0.43811121229527994,0.35474598131361723,0.07517351194772905,0.07241747428605416,0.34858468852669616,0.2943138510270519
8,0.1018,0.123024,0.044088,0.053196,0.00912,0.011608,0.116084,0.142084,0.00778,0.00976,0.000112,0.000112,0.00216,0.002656,0.036624,0.047828,0.005828,0.04044,0.04044,0.49179629196069286,0.056732,0.869016,0.074252,0.063852,0.082424,0-0,4.630050603869629,0.9902457345137254,0.8967475078169472,0.5921058227955192,1.356781533859323,0.742511838285467,0.21622197041300215,0.19444352767607886,0.15863287371448273,0.1466904261548514,2.5318776305420347,0.9204904095925863,0.4586812402967164,0.3678832938773855,0.3779674863901448,0.3147472196547757,0.43556642188873357,0.35310185398462657,0.07770644936843764,0.07476400970797126,0.24927201630022644,0.22063205623632642,5.919383708233722,0.9973131444462412,0.9916157773523125,0.6290232093966848,1.5981142214758899,0.7977223906736283,0.12406798867768339,0.116680216902875,0.13861928104514676,0.12944059615982795,2.389314853151192,0.9083075148217292,0.42112040725073957,0.34368892796040207,0.43471308043826407,0.3525495933824808,0.42825020551562426,0.3483516516114893,0.07348150660715934,0.07084667116984822,0.3407387446650057,0.2887552995917809
9,0.101636,0.122184,0.043284,0.053032,0.008908,0.011752,0.1123,0.13868,0.009144,0.011372,5.2e-05,7.2e-05,0.002156,0.002624,0.037616,0.050032,0.005888,0.03344,0.03344,0.4918805719606928,0.063728,0.852656,0.083616,0.072776,0.094184,0-0,4.610047565707259,0.9900486550461701,0.8928733223802091,0.5905225000518874,1.350919880257286,0.7409980997034726,0.21528783454802922,0.19369067690631292,0.15794753791619465,0.1461054221176662,2.4489937065074923,0.9136195331198406,0.44366578274923457,0.3583201545330593,0.36559428633829993,0.30621577814512624,0.42130765448689256,0.3438118088897819,0.07516263944304691,0.07240738908587474,0.24111181036699494,0.21424623394036157,5.893810411450627,0.9972435465610708,0.9873317360029137,0.6274305203490903,1.5912099470964067,0.7963209782570819,0.12353198228713248,0.11620662494141476,0.13802040923876327,0.12891908653396666,2.311097885476972,0.9008476661263546,0.4073345467403746,0.3345784615467918,0.4204822481495198,0.34326996340774607,0.4142309428650296,0.3391516845618041,0.07107600503863858,0.06860890097915895,0.32958427025922904,0.2807773264558979
10,0.10484,0.126004,0.044648,0.054528,0.009864,0.012404,0.109188,0.133204,0.008668,0.010552,7.6e-05,0.000132,0.002608,0.003208,0.038876,0.051432,0.00694,0.039728,0.039728,0.4919565919606928,0.071192,0.835668,0.09314,0.082652,0.10662,0-0,4.770071871006217,0.9915202293116,0.9238668058741142,0.6030189791552522,1.3978131090735828,0.7528631652913873,0.22276092146781246,0.1996938375531725,0.16343022430249926,0.15077424774645953,2.4307311469744572,0.9120275117559603,0.44035729210317925,0.3561936469410799,0.36286798802179165,0.3043217346984882,0.41816589217801226,0.34174697966053325,0.07460213895101166,0.07188732723720326,0.2393137988901812,0.2128321687792969,6.098396785715391,0.9977535335989898,1.021604066798104,0.639983014535114,1.6464441421322726,0.8072659736087412,0.12782003341153966,0.11998826239517768,0.14281138368983112,0.13308243173137257,2.293863638362313,0.8991240402676874,0.4042969842550399,0.3325541290829842,0.41734664103505065,0.3412074841602841,0.41114195278947474,0.3371071745641243,0.07054597926930348,0.06811510884563077,0.32712650471219346,0.2790074716951042
11,0.104764,0.127032,0.045204,0.05424,0.009512,0.012308,0.109588,0.13352,0.008896,0.01082,7.6e-05,0.0001,0.002184,0.002656,0.040564,0.053588,0.006188,0.040588,0.040588,0.4920389119606928,0.078208,0.819332,0.10246,0.092184,0.118948,0-0,4.790074909168587,0.9916881652740267,0.9277409913108525,0.6045539818823209,1.4036747626756203,0.7543075584070444,0.22369505733278539,0.20044108317366804,0.16411556010078734,0.15135605316649392,2.369621813152379,0.9064839138548603,0.4292865734029172,0.3490266492002385,0.353745374424245,0.2979462945722584,0.4076530721444515,0.3347903814584795,0.07272661807381678,0.07014499916744399,0.2332973758716122,0.2080819588125108,6.123970082498487,0.9978102547858629,1.0258881081475029,0.6415220432022908,1.6533484165117562,0.8085920790434806,0.12835603980209057,0.12045982791793663,0.1434102554962146,0.13360144879361235,2.236195196094032,0.8931356703342224,0.39413283286180467,0.32573551418963587,0.40685441722894256,0.3342588963184283,0.4008057167674261,0.33021982454439813,0.06877243150268222,0.06646090000258187,0.31890244307403603,0.27305353549043465
12,0.101712,0.124328,0.043928,0.05318,0.00914,0.011984,0.11074,0.135748,0.010396,0.012368,8.8e-05,7.6e-05,0.002212,0.002716,0.038692,0.051548,0.006076,0.03754,0.03754,0.49212417196069286,0.084508,0.804272,0.11122,0.101336,0.130948,0-0,4.650053642031999,0.9904389109594569,0.9006216932536856,0.5936830233201992,1.3626431874613603,0.7440167298107718,0.21715610627797508,0.19519567550931005,0.15931820951277084,0.14727502940518022,2.3668121886088356,0.9062207993105553,0.42877757484198564,0.3486952203602308,0.35332594391401295,0.2976517700664165,0.40716972409693153,0.334468775970735,0.0726403872288883,0.0700648135278732,0.2330207587213332,0.20786287040029383,5.944957005016819,0.9973809850495536,0.9958998187017114,0.6306090898930132,1.6050184958553735,0.79911416067956,0.1246039950682343,0.11715355508403758,0.13921815285153027,0.12996179356177784,2.2335437734610077,0.8928519518693165,0.39366551555636864,0.32542034509072437,0.4063720161344089,0.33393766460630103,0.4003304875250331,0.32990144977453806,0.06869088907663068,0.06638477385584096,0.318524325297569,0.27277861213623567
13,0.106884,0.128676,0.04612,0.056132,0.009872,0.012624,0.104504,0.129492,0.010436,0.013552,5.6e-05,8.8e-05,0.00258,0.003216,0.037568,0.049952,0.00682,0.039256,0.039256,0.4922046719606928,0.091052,0.788948,0.12,0.111236,0.143596,0-0,4.870087061818066,0.9923273027401569,0.943237733057805,0.610634868045973,1.4271213770837687,0.7600012051434437,0.227431600792677,0.20342309513697443,0.16685690329393965,0.1536792916216726,2.35908572111409,0.9054934109119869,0.42737782879942376,0.34778292072748307,0.3521725100108749,0.29684119042104695,0.4058405169662514,0.33358355893399916,0.07240325240533492,0.06984426736295857,0.23226006155806586,0.20726006468565839,6.22626326963087,0.9980231750256251,1.0430242735450979,0.6476126469245032,1.6809655140296893,0.8138058838066503,0.13050006536429415,0.12234356441865679,0.14580574272174854,0.13567441158602067,2.2262523612201908,0.8920678360978662,0.39238039296641936,0.3245528702511131,0.4050454131244412,0.33305347795467644,0.39902360710845225,0.32902513860984284,0.06846664740498891,0.06617539494199876,0.3174845014122848,0.2720220366828011
14,0.103692,0.12684,0.044924,0.054012,0.009392,0.012064,0.105084,0.129312,0.01002,0.012,6.8e-05,7.2e-05,0.002216,0.00286,0.03802,0.049612,0.006184,0.042404,0.042404,0.49227691196069284,0.097212,0.774572,0.128216,0.120644,0.155676,0-0,4.750068832843847,0.991348900297169,0.9199926204373762,0.601478018008414,1.391951455471546,0.7514102807811273,0.22182678560283955,0.19894589357761439,0.1627448885042112,0.15019204345767934,2.3633001579294057,0.9058908648497948,0.42814132664082116,0.34828069700989095,0.3528016557762229,0.297283440673936,0.40656553903753145,0.33406655045152334,0.07253259867272767,0.06996457175443938,0.2326749872834844,0.20758892464743972,6.072823488932296,0.9976953431576028,1.0173200254487051,0.6384373784623953,1.6395398677527897,0.8059306806982942,0.12728402702098876,0.11951644404253181,0.14221251188344766,0.1325631037513566,2.230229495169727,0.8924962442880907,0.39308136892457346,0.3250261765425251,0.4057690147662417,0.33353590698875113,0.39973645097204175,0.3295032684861867,0.06858896104406624,0.06628960744268764,0.31805167807698526,0.2724348117267591
15,0.099316,0.120652,0.042332,0.051548,0.008612,0.011512,0.103436,0.127584,0.00976,0.011976,7.6e-05,0.0001,0.001648,0.002172,0.037828,0.049644,0.004928,0.041596,0.041596,0.49235447196069276,0.102708,0.761412,0.13588,0.129272,0.167204,0-0,4.55003845122015,0.9894332019302378,0.8812507660699948,0.5857355603995278,1.3333349194511745,0.7364032799800653,0.21248542695311054,0.1914279004052859,0.15589153052133042,0.1443480025363535,2.3668121886088356,0.9062207993105553,0.42877757484198564,0.3486952203602308,0.35332594391401295,0.2976517700664165,0.40716972409693153,0.334468775970735,0.0726403872288883,0.0700648135278732,0.2330207587213332,0.20786287040029383,5.81709052110134,0.9970237480979915,0.9744796119547174,0.6226113089638707,1.570497123957957,0.7920582161843912,0.1219239631154798,0.11478432501423863,0.13622379381961286,0.12735268244197395,2.2335437734610077,0.8928519518693165,0.39366551555636864,0.32542034509072437,0.4063720161344089,0.33393766460630103,0.4003304875250331,0.32990144977453806,0.06869088907663068,0.06638477385584096,0.318524325297569,0.27277861213623567
16,0.098772,0.119632,0.04228,0.05074,0.00872,0.010936,0.107732,0.133356,0.010084,0.012884,9.6e-05,6.8e-05,0.001756,0.001972,0.036328,0.047764,0.004996,0.03936,0.03936,0.4924058519606928,0.1081,0.749104,0.142796,0.137992,0.178144,0-0,4.4900293367330395,0.9887796853626144,0.8696282097597801,0.5808926596962232,1.315749958645063,0.7317269459192479,0.20968301935819178,0.1891587737885565,0.15383552312646617,0.14258696597038634,2.419492648800282,0.911033256604934,0.43832129785945284,0.3548815256297172,0.3611902659808635,0.3031536003109936,0.4162324999879321,0.34047308734200044,0.07425721557129765,0.0715671442612359,0.23820733028906507,0.2119607102584058,5.740370630752052,0.9967864229959021,0.961627487906521,0.6177297607538601,1.549784300819507,0.7877062395213471,0.12031594394382708,0.11335973616168704,0.13442717840046237,0.12578346159468146,2.2832579478302155,0.8980484876490807,0.4024277150332955,0.33130532624857467,0.4154170366569158,0.33993504798304097,0.40924103581990257,0.3358458719072417,0.07021980956509727,0.06781110665087087,0.3256140336063254,0.2779161662525579
17,0.089072,0.110076,0.037348,0.046116,0.007244,0.009984,0.118464,0.14348,0.011552,0.013392,7.6e-05,9.2e-05,0.000692,0.000944,0.035112,0.045248,0.002876,0.038276,0.038276,0.49248509196069284,0.11226,0.738552,0.149188,0.145236,0.188132,0-0,4.149977687972753,0.9842352317751314,0.8037670573352316,0.5523604997015605,1.2161018474104315,0.7036167348199631,0.19380270965365243,0.17617957994734756,0.14218481455556886,0.13253907773450024,2.420897461072054,0.9111581504311053,0.4385757971399187,0.35504568692690763,0.36139998123597955,0.30329972430872976,0.4164741740116922,0.3406324586060375,0.0743003309937619,0.07160717317310283,0.2383456388642046,0.21206969531276643,5.305624585439427,0.9950364029303875,0.8887987849667417,0.5888506649940928,1.4324116363682915,0.7612675085063285,0.11120383530446183,0.10524365259276525,0.1242463576919432,0.11683775973106514,2.284583659146728,0.8981835563718907,0.40266137368601357,0.3314615542923952,0.4156582372041827,0.340094236811711,0.4094786504410991,0.3360036658909833,0.07026058077812306,0.06784911234804747,0.3258030924945589,0.27805266971537457
18,0.091888,0.109924,0.039004,0.04628,0.007628,0.009688,0.113572,0.138752,0.011148,0.013524,7.2e-05,9.2e-05,0.00108,0.00146,0.03392,0.044992,0.003676,0.038744,0.038744,0.4925410919606929,0.11682,0.727872,0.155308,0.152864,0.197832,0-0,4.149977687972753,0.9842352317751314,0.8037670573352316,0.5523604997015605,1.2161018474104315,0.7036167348199631,0.19380270965365243,0.17617957994734756,0.14218481455556886,0.13253907773450024,2.434243177653887,0.9123359319260557,0.44099354030434373,0.3566031372925482,0.3633922761595817,0.3046863749640687,0.41877007723741233,0.3421445661807151,0.07470992750717229,0.07198736177076892,0.23965957032803,0.2131043018814881,5.305624585439427,0.9950364029303875,0.8887987849667417,0.5888506649940928,1.4324116363682915,0.7612675085063285,0.11120383530446183,0.10524365259276525,0.1242463576919432,0.11683775973106514,2.2971779166535935,0.8994578178497132,0.40488113088683503,0.332943901487184,0.4179496424032178,0.34160461720075685,0.4117359893424661,0.33750084019568516,0.07064790730186792,0.06821008919850025,0.3275991519327772,0.27934816628915027
19,0.097252,0.117088,0.041224,0.04954,0.00858,0.010972,0.112824,0.13804,0.009816,0.011996,6.4e-05,9.6e-05,0.001752,0.002124,0.038212,0.048912,0.004896,0.038008,0.038004,0.49260689196069285,0.121704,0.716288,0.162008,0.161464,0.208816,0-0,4.410017184083562,0.9878450305438905,0.8541314680128276,0.5743472764104924,1.2923033442369145,0.7253625306323142,0.2059464758983002,0.1861233628669704,0.1510941799333139,0.14023327792646978,2.408956556761993,0.9100909393546814,0.43641255325595946,0.353648983293093,0.35961740156749344,0.30205669299022964,0.41441994480973204,0.33927657437599457,0.07393384990281579,0.07126687240401097,0.2371700159755187,0.21114284170347764,5.638077443619671,0.9964402944336489,0.944491322508926,0.6111226662547997,1.522167203301574,0.781761592922389,0.11817191838162351,0.11145671744013674,0.13203169117492847,0.12368677675633533,2.2733151129563742,0.8970297443913718,0.4006752751379101,0.33013245162848526,0.41360803255241446,0.3387399070941425,0.4074589261609287,0.33466122114526664,0.06991402546740395,0.06752601452514062,0.32419609194457416,0.2768915672622809
20,0.096732,0.117408,0.041572,0.050084,0.008676,0.010556,0.114524,0.141464,0.01052,0.012804,6.4e-05,0.0001,0.00174,0.00206,0.038832,0.052204,0.004832,0.035892,0.035888,0.4926544919606928,0.12648,0.705448,0.168072,0.170156,0.219392,0-0,4.4500232604083,0.9883217046746814,0.8618798388863038,0.5776326470042255,1.3040266514409886,0.7285633910610471,0.20781474762824598,0.18764248607045442,0.15246485152989003,0.14141092848163905,2.3963132463160455,0.9089469746776,0.43412205973176726,0.3521668236844734,0.35772996427144926,0.3007381247961026,0.4122448785958918,0.3378378931299313,0.07354581110063753,0.07090641798300734,0.23592523879926303,0.21016027890850442,5.689224037185861,0.9966177835744315,0.9530594052077235,0.6144403659507667,1.5359757520605406,0.7847544376313949,0.1192439311627253,0.11240873681596109,0.13322943478769542,0.1247357469981516,2.261383711107764,0.895793806318488,0.39857234726344765,0.3287222862704793,0.41143722762701274,0.3373028812404095,0.40532039457016,0.33323685066032427,0.06954708455017197,0.06718378888115961,0.3224945619504726,0.27566012920770244
21,0.095236,0.116356,0.040556,0.050464,0.008584,0.010816,0.11178,0.13968,0.011028,0.013864,9.2e-05,0.000108,0.001628,0.002204,0.039168,0.052776,0.005048,0.032888,0.032888,0.4927121719606928,0.131044,0.694704,0.174252,0.17874,0.230232,0-0,4.370011107758821,0.9873488999581432,0.8463830971393513,0.5710363506694176,1.2805800370328402,0.7221239247147754,0.20407820416835437,0.1846013988756955,0.14972350833673773,0.13905401209237822,2.3541688781628882,0.9050275926163284,0.42648708131779345,0.3472017011851528,0.35143850661796877,0.29632488000544643,0.4049946578830913,0.33301962606390945,0.07225234842671004,0.06970389257087195,0.23177598154507753,0.20687622222974011,5.586930850053479,0.9962534911653439,0.9359232398101284,0.6077764181053626,1.5083586545426075,0.7787271347215479,0.11709990560052172,0.1105036769401424,0.13083394756216152,0.1226365493643905,2.2216123716123977,0.891565868316963,0.3915625876819061,0.32400026008603755,0.40420121120900715,0.33249020269770113,0.3981919559342644,0.3284668894764192,0.0683239481593987,0.06604212936712106,0.31682279530346746,0.2715401698078447
22,0.096912,0.117292,0.040956,0.049828,0.008228,0.010972,0.114632,0.142428,0.011924,0.015052,4.8e-05,0.000144,0.001628,0.002176,0.038728,0.051316,0.004972,0.036988,0.03698,0.4927866519606928,0.135088,0.68468,0.180232,0.186984,0.241216,0-0,4.430020222245931,0.9880857512625145,0.8580056534495658,0.5759931437371062,1.2981649978389518,0.7269676514170158,0.2068806117632731,0.18688327923555348,0.15177951573160198,0.14082230497556736,2.3225606020480205,0.9019777320406476,0.42076084750731313,0.34345290248964555,0.34671991337785846,0.29299667729884415,0.39955699234849096,0.3293829312682012,0.07128225142126443,0.06880097721594647,0.22866403860443843,0.20440422192144347,5.663650740402766,0.9965301736878195,0.9487753638583247,0.6127850693880194,1.5290714776810574,0.7832631811116326,0.11870792477217441,0.11193285470016323,0.13263056298131196,0.12421141892691467,2.1917838669908734,0.8882827180123922,0.38630526799575005,0.32043695483543144,0.39877419889550303,0.32885777109818126,0.3928456269573427,0.3248670381284896,0.06740659586631874,0.06518496787343597,0.3125689703182137,0.2684348290760238
23,0.098572,0.11776,0.042216,0.050636,0.008984,0.011048,0.112136,0.135012,0.011404,0.013264,6e-05,8e-05,0.002284,0.002648,0.039788,0.052476,0.005876,0.043552,0.043552,0.4928318719606928,0.139664,0.674276,0.18606,0.195988,0.252284,0-0,4.430020222245931,0.9880857512625145,0.8580056534495658,0.5759931437371062,1.2981649978389518,0.7269676514170158,0.2068806117632731,0.18688327923555348,0.15177951573160198,0.14082230497556736,2.279713827758977,0.8976865181951463,0.41299861945310645,0.33833680371571195,0.34032359809681995,0.28845996749645486,0.3921859346238104,0.32442151115021955,0.0699672310361048,0.06757562601402112,0.22444562706268315,0.2010409827325198,5.663650740402766,0.9965301736878195,0.9487753638583247,0.6127850693880194,1.5290714776810574,0.7832631811116326,0.11870792477217441,0.11193285470016323,0.13263056298131196,0.12421141892691467,2.151349671837251,0.8836729515668604,0.37917867908784947,0.3155766903925594,0.39141758220386397,0.3239022293132672,0.3855983810108488,0.319956410738211,0.06616307386903257,0.06402178174371398,0.3068026742270918,0.26420422194620696
24,0.101728,0.123428,0.043728,0.05304,0.009136,0.011536,0.107564,0.13022,0.01174,0.014032,0.000124,8.4e-05,0.002372,0.002696,0.040936,0.053272,0.006008,0.040004,0.039996,0.4928821319606928,0.14408,0.663928,0.191992,0.205136,0.26384,0-0,4.650053642031999,0.9904389109594569,0.9006216932536856,0.5936830233201992,1.3626431874613603,0.7440167298107718,0.21715610627797508,0.19519567550931005,0.15931820951277084,0.14727502940518022,2.2853330768460647,0.8982598308325439,0.41401661657496963,0.33901003221469506,0.34116245911728404,0.28905660041318615,0.3931526307188505,0.3250742746744748,0.07013969272596181,0.0677364196314546,0.2249988613632412,0.2014828720201861,5.944957005016819,0.9973809850495536,0.9958998187017114,0.6306090898930132,1.6050184958553735,0.79911416067956,0.1246039950682343,0.11715355508403758,0.13921815285153027,0.12996179356177784,2.1566525171033,0.8842881832241162,0.3801133136987217,0.3162160772631125,0.3923823843929314,0.32455421535309537,0.3865488394956349,0.320602456869001,0.06632615872113568,0.06417441316673522,0.3075589097800258,0.2647604465283595
25,0.098656,0.119536,0.042236,0.051576,0.008496,0.010988,0.110784,0.135608,0.01254,0.015208,6e-05,5.2e-05,0.001732,0.002068,0.041108,0.054716,0.004948,0.048664,0.048656,0.4929414919606928,0.148132,0.654112,0.197756,0.213636,0.274836,0-0,4.51003237489541,0.9890018958924272,0.8735023951965184,0.582513218051713,1.3216116122471002,0.7332948698302563,0.2106171552231647,0.18991585599488525,0.15452085892475426,0.1431743805054293,2.2698801418565733,0.896675436368682,0.4112171244898458,0.33715700347209077,0.3388555913110078,0.2874146548250397,0.3904942164574902,0.3232776554799498,0.06966542307885504,0.06729417044779018,0.22347746703670648,0.20026708798307724,5.765943927535148,0.9968675628258584,0.9659115292559198,0.6193639193645952,1.5566885751989903,0.7891669256015543,0.120851950334378,0.11383485366483992,0.13502605020684588,0.1263068484957346,2.142069692621665,0.8825884145177234,0.377543068518823,0.31445632440221893,0.3897291783729959,0.32275973902611843,0.38393507866247306,0.31882435142172805,0.06587767537785214,0.06375461685003048,0.30547926200945724,0.2632298161958253
26,0.09528,0.115272,0.040688,0.04894,0.00794,0.01016,0.112192,0.137228,0.014196,0.017364,6e-05,5.2e-05,0.001212,0.001508,0.037292,0.049632,0.003936,0.051084,0.051076,0.4929868519606928,0.15196,0.645144,0.202896,0.221588,0.28502,0-0,4.350008069596451,0.9870932915718689,0.842508911702613,0.569371242560174,1.274718383430803,0.7204903283064139,0.20314406830338144,0.1838393499249229,0.14903817253844961,0.13846377275350064,2.266368111177144,0.8963119193634784,0.4105808762886814,0.33673513661611276,0.3383313031732178,0.28704095682724795,0.38989003139809025,0.3228686664099273,0.06955763452269442,0.06719363001464351,0.22313169559885773,0.19999051537149493,5.5613575532703825,0.9961564449764264,0.9316391984607294,0.6060925116753244,1.501454380163124,0.7771941200597733,0.1165638992099708,0.11002677342636324,0.130235075755778,0.12211096376636354,2.138755414330385,0.8821986342855268,0.376958921887028,0.31405574938728786,0.3891261770048289,0.3223512390715355,0.38334104210948183,0.31841958797722714,0.06577574734528771,0.06365918233648504,0.30500661478887353,0.26288150150774103
27,0.091036,0.109548,0.038096,0.046984,0.007268,0.009488,0.1149,0.142464,0.01378,0.017116,6.8e-05,8.4e-05,0.000676,0.00094,0.035448,0.04682,0.002824,0.050796,0.050784,0.4930406119606928,0.155312,0.636936,0.207752,0.228856,0.294508,0-0,4.169980726135123,0.9845474420484467,0.8076412427719697,0.5540913830879743,1.2219635010124685,0.7053489490741707,0.19473684551862533,0.1769487808230188,0.14287015035385695,0.13313337608791553,2.245998333236451,0.894178157840866,0.4068906367219273,0.33428300868699135,0.3352904319740356,0.2848696405332374,0.38638575805356995,0.3204916507029627,0.0689324608969628,0.06661028174623795,0.22112622125933473,0.19838450701269184,5.331197882222522,0.9951617291390598,0.8930828263161404,0.5906082782140569,1.4393159107477747,0.7629101061334644,0.11173984169501273,0.10572311920289856,0.12484522949832667,0.11736650235689627,2.119532600240958,0.8799122556210497,0.3735708714226162,0.3117277942625787,0.3856287690694595,0.31997707562867483,0.37989563010213223,0.31606721251740233,0.06518456475641395,0.06310547029149716,0.3022652609094877,0.2608580265891278
28,0.092916,0.110628,0.038908,0.047256,0.007576,0.010108,0.11986,0.147156,0.015304,0.017908,6.4e-05,0.000108,0.001172,0.001484,0.033844,0.045684,0.003796,0.050484,0.050464,0.49310165196069283,0.158432,0.62904,0.212528,0.236436,0.304624,0-0,4.229989840622232,0.9854474616075999,0.8192637990821842,0.5592439799212523,1.23954846181858,0.7104850845322079,0.19753925311354403,0.17925207691600642,0.14492615774872117,0.13491382933732698,2.2635584866336,0.8960201851473544,0.4100718777277498,0.3363974498213782,0.3379118726629857,0.28674185733065305,0.38940668335057016,0.322541297191659,0.06947140367776593,0.06711318986504378,0.2228550784485787,0.19976918841765645,5.407917772571809,0.9955190391162423,0.9059349503643367,0.5958361647233974,1.4600287338862243,0.767770398225066,0.11334786086666541,0.10715997801411814,0.12664184491747713,0.11895083166682519,2.13610399169736,0.8818858786377926,0.3764916045815918,0.3137351208566166,0.38864377591029514,0.3220242617067758,0.38286581286708876,0.31809560405717263,0.06569420491923614,0.06358282772157364,0.30462849701240646,0.26260273119941524
29,0.09256,0.11092,0.039388,0.04708,0.007716,0.010164,0.118832,0.148464,0.016032,0.0195,7.2e-05,0.000104,0.00128,0.00136,0.035544,0.047756,0.003824,0.050948,0.050944,0.49315359196069286,0.161592,0.6213,0.217108,0.244152,0.314796,0-0,4.229989840622232,0.9854474616075999,0.8192637990821842,0.5592439799212523,1.23954846181858,0.7104850845322079,0.19753925311354403,0.17925207691600642,0.14492615774872117,0.13491382933732698,2.2740945786718894,0.897109974902808,0.4119806223312432,0.33766288952309664,0.33948473707635585,0.2878628338776458,0.3912192385287703,0.32376811629691193,0.0697947693462478,0.06741480466345728,0.22389239276212505,0.2005988489089059,5.407917772571809,0.9955190391162423,0.9059349503643367,0.5958361647233974,1.4600287338862243,0.767770398225066,0.11334786086666541,0.10715997801411814,0.12664184491747713,0.11895083166682519,2.146046826571202,0.8830544487658042,0.37824404447697724,0.3149367056495548,0.3904527800147965,0.32324961393233453,0.38464792252606267,0.31930975027549213,0.06599998901692947,0.0638691254267898,0.30604643867415776,0.26364757656815974
30,0.097864,0.118508,0.041484,0.050804,0.008204,0.010512,0.117544,0.144816,0.016364,0.020872,5.6e-05,0.000108,0.00122,0.001532,0.034628,0.044436,0.003948,0.047364,0.047348,0.49320903196069277,0.164948,0.613108,0.221944,0.252356,0.325316,0-0,4.4900293367330395,0.9887796853626144,0.8696282097597801,0.5808926596962232,1.315749958645063,0.7317269459192479,0.20968301935819178,0.1891587737885565,0.15383552312646617,0.14258696597038634,2.2670705173130297,0.8963847249350023,0.41070812592891426,0.3368195314616367,0.33843616080077576,0.2871157121016622,0.39001086840997023,0.3229504839935329,0.06957919223392654,0.06721373896825078,0.22320084988642747,0.20004583754454874,5.740370630752052,0.9967864229959021,0.961627487906521,0.6177297607538601,1.549784300819507,0.7877062395213471,0.12031594394382708,0.11335973616168704,0.13442717840046237,0.12578346159468146,2.139418269988641,0.8822766937134161,0.377075751213387,0.3141358831109311,0.38924677727846224,0.3224329587697228,0.38345984942008005,0.31850055990281234,0.06579613295180059,0.06367827001739823,0.30510114423299023,0.2629511776163779
31,0.100908,0.122768,0.042644,0.052524,0.008916,0.011444,0.114288,0.139176,0.015928,0.019496,8.8e-05,7.2e-05,0.001804,0.001988,0.03392,0.044408,0.005,0.05164,0.051616,0.4932665719606928,0.168584,0.60416,0.227256,0.261276,0.336792,0-0,4.610047565707259,0.9900486550461701,0.8928733223802091,0.5905225000518874,1.350919880257286,0.7409980997034726,0.21528783454802922,0.19369067690631292,0.15794753791619465,0.1461054221176662,2.229842992111074,0.8924546857269532,0.40396389499657065,0.33233177300261696,0.3328787065402013,0.2831428610347595,0.3836065067803297,0.318600499483092,0.06843663353862392,0.0661473668344803,0.21953567264523025,0.19710848408203596,5.893810411450627,0.9972435465610708,0.9873317360029137,0.6274305203490903,1.5912099470964067,0.7963209782570819,0.12353198228713248,0.11620662494141476,0.13802040923876327,0.12891908653396666,2.104286920101067,0.8780674090442383,0.3708837969163586,0.30987586854828764,0.3828549627758906,0.31808820529214965,0.3771630619583722,0.31419576380378333,0.06471569580661751,0.0626660865386327,0.30009108369480236,0.25924925270608934
32,0.107188,0.130236,0.045384,0.055916,0.009492,0.01248,0.113008,0.138948,0.014384,0.017592,8.4e-05,0.000132,0.002156,0.002688,0.033344,0.042848,0.005908,0.04398,0.043964,0.49333755196069284,0.1721,0.595196,0.232704,0.270784,0.349284,0-0,4.9100931381428055,0.9926281982965269,0.9509861039312814,0.6136401554172348,1.438844684287843,0.7627983567745326,0.2292998725226228,0.20490992791276164,0.16822757489051582,0.1548385247327999,2.2038539650832942,0.8896230513149634,0.39925565830795356,0.32918082106741453,0.3289989743205551,0.2803562451294961,0.37913553734076944,0.3155471625383036,0.06763899822303532,0.06540219584687201,0.21697696400514924,0.1950514881187979,6.277409863197061,0.9981217407523797,1.0515923562438956,0.6506190330332066,1.6947740627886558,0.8163592843879656,0.13157207814539595,0.12328391920878379,0.14700348633451552,0.13670903231002463,2.0797612607455918,0.8750399584951327,0.36656111184107476,0.306886222270774,0.37839275265145395,0.3150385725870477,0.37276719146623666,0.3111744213487201,0.06396142836564069,0.061958819385624087,0.2965934942624826,0.2566538745826221
33,0.107956,0.13068,0.045936,0.056068,0.009852,0.013012,0.111928,0.138008,0.014372,0.017508,0.001072,0.001204,0.002048,0.002592,0.035016,0.045744,0.007544,0.04822,0.048172,0.49340783196069277,0.175744,0.586164,0.238092,0.280644,0.362312,0-0,4.890090099980436,0.992479255174496,0.9471119184945433,0.6121404224881051,1.432983030685806,0.7614038799307352,0.22836573665764992,0.2041668587507981,0.16754223909222776,0.15425910679321586,2.1764601257837417,0.8865576074781407,0.39429292233887053,0.3258434481987932,0.3249095268457927,0.2774072740720689,0.37442289387744904,0.3123139678848993,0.06679824748498243,0.0646161016449125,0.21427994678992862,0.19287759793298231,6.251836566413966,0.9980730880173069,1.0473083148944968,0.6491190598445309,1.6878697884091727,0.8150869914243537,0.13103607175484508,0.12281386782276149,0.14640461452813205,0.13619187684931355,2.0539098900736033,0.8717674530143436,0.3620047681130727,0.30372095210337446,0.37368934197975023,0.3118093294243989,0.36813370635290443,0.3079753525890674,0.06316638971163804,0.06121274384784248,0.29290684594192923,0.25390836107599124
34,0.1056,0.12856,0.044488,0.05584,0.009656,0.012416,0.109716,0.136408,0.012956,0.015996,0.00098,0.00126,0.00226,0.002824,0.034088,0.045144,0.007816,0.050016,0.04998,0.49347727196069285,0.17932,0.577588,0.243092,0.290312,0.374744,0-0,4.810077947330957,0.9918527753814848,0.9316151767475908,0.606083049228985,1.4095364162776576,0.755743509756119,0.22462919319775831,0.201187631091155,0.16480089589907546,0.1519374599910478,2.139232600581786,0.8822548340676939,0.387548691406527,0.32128141431574264,0.3193520725852183,0.2733803186027569,0.36801853224780856,0.3078956446795421,0.06565568878967981,0.06354675986185465,0.21061476954873143,0.1899139233955488,6.1495433792815835,0.9978655438155317,1.0301721494969018,0.6430544927097778,1.6602526908912396,0.8099090602168897,0.1288920461926415,0.12093114074629074,0.14400912730259813,0.13412015512422015,2.01877854018603,0.8671824026012815,0.35581281381604435,0.29939624869542103,0.3672975274771786,0.30739645419984885,0.3618369188911966,0.303604072398167,0.06208595256645498,0.06019789508344342,0.2878967854037414,0.2501610174270882
35,0.105052,0.128452,0.045584,0.056364,0.009936,0.012752,0.111956,0.137588,0.013728,0.017372,0.001044,0.001208,0.002772,0.003396,0.032896,0.043356,0.008628,0.054896,0.054868,0.4935425119606928,0.182844,0.569004,0.248152,0.300264,0.387524,0-0,4.770071871006217,0.9915202293116,0.9238668058741142,0.6030189791552522,1.3978131090735828,0.7528631652913873,0.22276092146781246,0.1996938375531725,0.16343022430249926,0.15077424774645953,2.153983129435391,0.8839788909004846,0.3902209338514178,0.32309269376179284,0.3215540827639365,0.27497858219508975,0.37055610949728873,0.30964968649633184,0.06610840072555443,0.06397060747337846,0.21206700958769634,0.1910895090081446,6.098396785715391,0.9977535335989898,1.021604066798104,0.639983014535114,1.6464441421322726,0.8072659736087412,0.12782003341153966,0.11998826239517768,0.14281138368983112,0.13308243173137257,2.032698509009408,0.8690184111790177,0.3582662296695838,0.3011130142149132,0.3698301332234806,0.30914832658243097,0.3643318724137601,0.30533938221200774,0.06251405030322563,0.06060013613218607,0.2898819037301932,0.25164806006715146
36,0.115632,0.137928,0.049672,0.059788,0.010564,0.013936,0.111392,0.135932,0.013148,0.01604,0.001008,0.001324,0.003044,0.003812,0.034696,0.0445,0.00956,0.057096,0.057052,0.4936392519606928,0.1862,0.56016,0.25364,0.310844,0.4015,0-0,5.210138710578353,0.9945390838517346,1.0090988854823537,0.6354526694997067,1.5267694883184002,0.7827636805581526,0.24331191049721637,0.21597307060005722,0.178507611864837,0.16348231060642704,2.1020050753798305,0.8777888601233896,0.3808044604741835,0.3166885090377698,0.3137946183246439,0.2693309212103948,0.3616141706181681,0.30344893413020047,0.06451313009437719,0.06247619559479756,0.2069495923075342,0.1869393665350112,6.661009314943496,0.9987201460574492,1.1158529764848772,0.6723643058657781,1.798338178480905,0.8344261861534952,0.1396121740036594,0.130304539489268,0.15598656343026773,0.14442931377102775,1.9836471902984565,0.8624334102890332,0.349620859519016,0.29504468384502824,0.360905712974607,0.3029552823584164,0.3555401314294888,0.29920518034318233,0.061005515421271916,0.059181949246190246,0.28288672486555355,0.2463948522505197
37,0.108796,0.130092,0.046992,0.056272,0.010352,0.01292,0.115128,0.138188,0.013828,0.016628,0.001144,0.001336,0.002772,0.003216,0.03606,0.046848,0.008816,0.06172,0.061656,0.4936951119606928,0.18988,0.551588,0.258532,0.321216,0.414452,0-0,4.9100931381428055,0.9926281982965269,0.9509861039312814,0.6136401554172348,1.438844684287843,0.7627983567745326,0.2292998725226228,0.20490992791276164,0.16822757489051582,0.1548385247327999,2.067587174721419,0.8735093864459577,0.37456922810277155,0.31241459252507997,0.3086565945743015,0.26556706501893734,0.3556931570360477,0.2993124116907533,0.06345680224400307,0.061485339847690446,0.20356103221661606,0.18417958852486782,6.277409863197061,0.9981217407523797,1.0515923562438956,0.6506190330332066,1.6947740627886558,0.8163592843879656,0.13157207814539595,0.12328391920878379,0.14700348633451552,0.13670903231002463,1.9511672630439074,0.8578919027926311,0.3438962225274238,0.29099749728046953,0.35499629956656914,0.29882396214097684,0.3497185732101741,0.2951135642657363,0.06000662070214041,0.05824170153757413,0.27825478210383275,0.24289609958561031
38,0.108832,0.131224,0.046988,0.057532,0.010704,0.01316,0.113164,0.139752,0.013068,0.016136,0.000996,0.0014,0.003224,0.003756,0.035056,0.045028,0.009696,0.061668,0.06158,0.4937672119606928,0.19328,0.543536,0.263184,0.33194,0.427644,0-0,4.890090099980436,0.992479255174496,0.9471119184945433,0.6121404224881051,1.432983030685806,0.7614038799307352,0.22836573665764992,0.2041668587507981,0.16754223909222776,0.15425910679321586,2.04651499064484,0.8708156713985344,0.3707517388957846,0.30978472610362484,0.30551086574756126,0.2632531005198193,0.3520680466796474,0.29676773227264175,0.06281007090703933,0.06087817669221307,0.2014864035895233,0.18248530725013146,6.251836566413966,0.9980730880173069,1.0473083148944968,0.6491190598445309,1.6878697884091727,0.8150869914243537,0.13103607175484508,0.12281386782276149,0.14640461452813205,0.13619187684931355,1.9312815932962242,0.8550377033238118,0.340391342736653,0.28850816888697217,0.3513782913575663,0.2962825067491117,0.34615435389222626,0.2925967117718291,0.05939505250675377,0.05766557596241051,0.27541889878033016,0.24074599397691743
39,0.106496,0.127844,0.04558,0.055096,0.009564,0.01256,0.110296,0.135368,0.013064,0.015904,0.001052,0.001296,0.002656,0.003256,0.036008,0.047048,0.008332,0.069008,0.068912,0.4938366519606928,0.19626,0.53608,0.26766,0.341524,0.44024,0-0,4.790074909168587,0.9916881652740267,0.9277409913108525,0.6045539818823209,1.4036747626756203,0.7543075584070444,0.22369505733278539,0.20044108317366804,0.16411556010078734,0.15135605316649392,2.0394909292859804,0.86990507846136,0.3694792424934556,0.3089058705991157,0.3044622894719811,0.2624801600272072,0.35085967656084727,0.29591745379165113,0.06259449379471807,0.060675701697723405,0.20079486071382568,0.18191976526285436,6.123970082498487,0.9978102547858629,1.0258881081475029,0.6415220432022908,1.6533484165117562,0.8085920790434806,0.12835603980209057,0.12045982791793663,0.1434102554962146,0.13360144879361235,1.924653036713663,0.8540736208302426,0.3392230494730627,0.2876764520235805,0.350172288621232,0.29543330956250513,0.3449662807862436,0.29175576549609217,0.059191196441624884,0.05747345579292518,0.2744736043391626,0.24002793605097705
40,0.105868,0.12864,0.045092,0.05504,0.009752,0.012792,0.107976,0.132848,0.01452,0.018072,8.8e-05,0.000104,0.002764,0.003296,0.035636,0.046824,0.007164,0.061284,0.061192,0.49389125196069283,0.199104,0.528864,0.272032,0.351292,0.453072,0-0,4.810077947330957,0.9918527753814848,0.9316151767475908,0.606083049228985,1.4095364162776576,0.755743509756119,0.22462919319775831,0.201187631091155,0.16480089589907546,0.1519374599910478,2.075313642216164,0.8744829461280377,0.37596897414533337,0.31337636420303383,0.30981002847743955,0.266413696505132,0.3570223641667278,0.3002431519192035,0.06369393706755644,0.06170786797040151,0.20432172937988338,0.18479994481606243,6.1495433792815835,0.9978655438155317,1.0301721494969018,0.6430544927097778,1.6602526908912396,0.8099090602168897,0.1288920461926415,0.12093114074629074,0.14400912730259813,0.13412015512422015,1.9584586752847244,0.8589243031100391,0.34518134511737303,0.291908067190744,0.35632290257653676,0.29975352766478025,0.3510254536267549,0.29603416485604217,0.060230862373782175,0.058452859316632355,0.279294605989117,0.24368294514360345
41,0.108216,0.131688,0.04622,0.057432,0.010452,0.013288,0.107252,0.132488,0.0175,0.022076,8.8e-05,8.8e-05,0.003124,0.003836,0.036412,0.047792,0.00806,0.067436,0.067284,0.4939384319606928,0.202404,0.520916,0.27668,0.361768,0.466392,0-0,4.850084023655698,0.9921722801920408,0.9393635476210671,0.6091234694934733,1.421259723481732,0.758590284218041,0.22649746492770412,0.20267863642227524,0.16617156749565162,0.15309907894583952,2.1195652287769797,0.8799161738444197,0.38398570148000594,0.3188588335794945,0.3164160590135941,0.27124381849485935,0.36463509591516835,0.3055499877049427,0.06505207287518032,0.0629813311492059,0.2086784494967782,0.1883438178587652,6.200689972847775,0.9979719691327829,1.0387402321956993,0.6460997666258694,1.6740612396502064,0.8125159004654877,0.12996405897374327,0.12187300886135011,0.1452068709153651,0.13515663633455854,2.0002185817548592,0.8646942953543036,0.3525415926779916,0.2971006662629295,0.3639207198154427,0.3050537119710488,0.35851031419444535,0.30128358089557994,0.06151515558409412,0.05966130575072359,0.2852499609684724,0.24817369640078146
42,0.15732,0.188852,0.067836,0.082224,0.015104,0.019044,0.138072,0.171608,0.022728,0.027968,3.6e-05,0.00014,0.00416,0.004916,0.057144,0.074824,0.010804,0.088148,0.087888,0.49400857196069276,0.206648,0.510632,0.28272,0.3769,0.485504,0-0,7.050418221516375,0.9991329537359341,1.3655239456622639,0.7447530945620223,2.066041619705818,0.8733137370892767,0.3292524100747236,0.28053860547795206,0.24155850530734013,0.2145971477904619,2.820566552391162,0.9404278176160304,0.510980842432437,0.4000931239723914,0.42106397131648615,0.34365188738669084,0.4852304337714172,0.38444466431739654,0.08656666868484099,0.08292559339799566,0.2776944284913972,0.24247173479395612,9.013752618988295,0.9998782757867174,1.5099847806295656,0.7790866599042499,2.4335314213933663,0.9122735142663363,0.18892476193434204,0.17215120990671307,0.21108276961754807,0.19029295503481236,2.6617485286944507,0.9301739778622974,0.46913726038429904,0.37445828483291,0.4842797929016024,0.3838592140252668,0.47708001017150936,0.3794071264352693,0.08185999088395629,0.07859904580101595,0.3795903461969908,0.3158583869712681
43,0.142796,0.171832,0.061536,0.075124,0.013304,0.016876,0.141532,0.175132,0.022056,0.026868,6.8e-05,0.000104,0.00356,0.00436,0.0527,0.070248,0.009396,0.082604,0.082296,0.4940854319606928,0.21014,0.501524,0.288336,0.390224,0.502412,0-0,6.4103210003205415,0.9983555034665783,1.241550011686643,0.7110639835321907,1.8784687044406292,0.8471760546987323,0.29936006239559065,0.2587075501584839,0.21962775976212162,0.19718241664274294,2.963857404111897,0.9483805843051651,0.536939769039948,0.4154656718739076,0.4424549273383198,0.35754270242404407,0.5098811841949391,0.3994330685832773,0.09096444177619446,0.08694982323542078,0.29180190315562793,0.2530835168827429,8.195407121929234,0.9997240820783854,1.3728954574488044,0.7466277321884079,2.2125946412499014,0.8905836163700924,0.1717725574367133,0.15782930315062782,0.19191887181327666,0.17462617314251794,2.796971082978696,0.9390054695131378,0.49297044296154025,0.3891906774862832,0.5088822487228214,0.3988328412278185,0.5013167015335546,0.39426743459585323,0.08601865461258544,0.08242288598508518,0.39887435279680816,0.3289249852448006
44,0.139696,0.168108,0.060404,0.072904,0.013044,0.016796,0.14652,0.181632,0.02248,0.028468,7.6e-05,0.0001,0.003724,0.004432,0.052612,0.069624,0.009564,0.081808,0.081572,0.49415207196069283,0.213348,0.493252,0.2934,0.403312,0.519272,0-0,6.290302771346324,0.9981458015363059,1.2183048990662144,0.7042689637522539,1.8432987828284066,0.8417056149174881,0.2937552472057533,0.25454107772862744,0.21551574497239323,0.19387442226677098,3.0312883931569488,0.9517465713277448,0.5491557345023061,0.4225628851224664,0.45252125958388867,0.36397744954725897,0.52148153733542,0.4063596042681059,0.09303398205447846,0.08883746340491883,0.29844071476232475,0.25802573133292517,8.041967341230663,0.999678324518239,1.347191209352412,0.7400305641636908,2.1711689949730024,0.8859557781650842,0.16855651909340796,0.15511648998056193,0.1883256409749758,0.17165507973923155,2.8606052261712827,0.9427658898004212,0.5041860582920067,0.3960030062483081,0.5204598749916305,0.4057527943053719,0.5127222033509876,0.40113686932864046,0.08797567283782269,0.08421684514232985,0.40794917943201636,0.33498732571453416
45,0.139852,0.167636,0.059692,0.072172,0.012196,0.016196,0.149092,0.18418,0.02248,0.028312,6.8e-05,0.000108,0.002672,0.003132,0.055968,0.073596,0.007248,0.078744,0.078444,0.4942248719606928,0.216292,0.485364,0.298344,0.415524,0.535492,0-0,6.290302771346324,0.9981458015363059,1.2183048990662144,0.7042689637522539,1.8432987828284066,0.8417056149174881,0.2937552472057533,0.25454107772862744,0.21551574497239323,0.19387442226677098,3.127518033773325,0.9561735618852584,0.5665889352142132,0.43254222360012684,0.4668867545593358,0.37304891425566766,0.5380362079629812,0.4161062268342469,0.09598738849327959,0.09152452675900402,0.30791485215938175,0.265022102874365,8.041967341230663,0.999678324518239,1.347191209352412,0.7400305641636908,2.1711689949730024,0.8859557781650842,0.16855651909340796,0.15511648998056193,0.1883256409749758,0.17165507973923155,2.951416451352369,0.9477343782181454,0.5201916760031933,0.4055933964317042,0.53698211247941,0.41549042254382607,0.5289988049029494,0.4108054268070803,0.09076850093008836,0.08677090188282,0.42089971327601144,0.3435440680769919
46,0.13868,0.167348,0.059312,0.071536,0.012484,0.015584,0.15298,0.187656,0.025684,0.031144,7.6e-05,0.000108,0.002856,0.003124,0.05512,0.071552,0.00766,0.073008,0.072548,0.4942790519606928,0.219256,0.477952,0.302792,0.428048,0.551112,0-0,6.3103058095086935,0.9981825226476393,1.2221790845029523,0.7054124641295594,1.8491604364304437,0.8426307676585998,0.29468938307072623,0.2552371124976508,0.2162010807706813,0.19442669971373827,3.192139398274832,0.9589161179354072,0.5782959021156395,0.43914669839237463,0.4765336562946725,0.3790679704717087,0.549153213055942,0.42256142914391703,0.09797069792663507,0.09332452916415168,0.31427704661579947,0.26968333163226177,8.067540638013758,0.9996864465249181,1.3514752507018108,0.7411419017685685,2.1780732693524856,0.8867404588216741,0.16909252548395884,0.1555692315941648,0.1889245127813593,0.17215100364569202,3.0123991719119303,0.9508264387020054,0.5309399740282236,0.411948043756175,0.5480773376536852,0.4219398428744874,0.5399290774779892,0.41721041618460686,0.09264397672927403,0.08848203585870729,0.4295964221347526,0.34922832122191894
47,0.142352,0.173588,0.060988,0.075028,0.012644,0.016644,0.15558,0.189056,0.023456,0.02824,7.2e-05,8.8e-05,0.002608,0.003396,0.053136,0.070308,0.007572,0.074928,0.074512,0.4943479319606928,0.221764,0.471,0.307236,0.440716,0.567776,0-0,6.49033315297002,0.9984819568167811,1.2570467534335956,0.7155070350340951,1.9019153188487778,0.8507175782057915,0.3030966058554823,0.26147225318063305,0.22236910295527396,0.199380201342803,3.232878954156218,0.9605562216606216,0.5856763812491477,0.44327082673964846,0.48261539869303705,0.38283285897666486,0.5561617597449826,0.42659428558875245,0.09922104517809834,0.09445747990855413,0.3182879952948455,0.27260672759372395,8.297700309061618,0.9997509110033423,1.3900316228463996,0.7509325717138953,2.2402117387678344,0.8935640346270151,0.1739165829989169,0.15963300437070582,0.19431435903881059,0.17660097934518382,3.0508448000907844,0.9526810675375132,0.5377160749570471,0.415919273242086,0.555072153524424,0.4259691586461716,0.5468199014926884,0.42121251193941156,0.09382634190702153,0.0895591460641173,0.4350791298935242,0.3527865488797699
48,0.15102,0.179336,0.0637,0.07702,0.012472,0.016848,0.1548,0.190136,0.02116,0.026404,6e-05,8e-05,0.002488,0.002936,0.054616,0.072312,0.007076,0.072376,0.071888,0.4944273119606928,0.224092,0.464116,0.311792,0.453212,0.584664,0-0,6.790378725405568,0.9988754571994118,1.315159534984668,0.7315685043914616,1.9898401228793352,0.8632827183363398,0.3171086438300759,0.2717483692188335,0.23264913992959513,0.2075684426532477,3.244819858466278,0.9610244151534426,0.5878396251331068,0.4444738660158998,0.48439797836152304,0.383932028604536,0.5582159889469427,0.4277709833346397,0.09958752626904444,0.09478928331566439,0.31946361818353136,0.27346136530957865,8.681299760808052,0.9998302696846443,1.4542922430873815,0.766434386906659,2.343775854460084,0.9040353951001225,0.1819566788571804,0.1663625462393119,0.20329743613456283,0.18396451311547157,3.0621133462811376,0.9532112900843824,0.5397021735051504,0.4170781639089941,0.557122358176192,0.4271448337482785,0.5488396257728587,0.42238032335658293,0.09417289721774062,0.08987460951122062,0.4366861304435089,0.3538257860007169
49,0.10818,0.131052,0.045568,0.054768,0.008628,0.011216,0.119104,0.148376,0.016536,0.020672,8.8e-05,9.2e-05,0.000708,0.000928,0.03706,0.048884,0.003116,0.046008,0.045656,0.4944732319606928,0.225844,0.459308,0.314848,0.461848,0.595892,0-0,4.950099214467547,0.9929172938127315,0.9587344748047579,0.6166222466894046,1.4505679914919178,0.7655629080033904,0.23116814425256868,0.20639398547414145,0.169598246487092,0.15599617000447974,2.5339848489496926,0.9206577772630289,0.45906298921741506,0.3681245576936727,0.3782820592728189,0.31496274769583343,0.43592893292437357,0.3533363192008103,0.07777112250213401,0.07482384568396128,0.2494794791629357,0.22079372936987807,6.328556456763254,0.9982153919304936,1.0601604389426933,0.6535997702150806,1.7085826115476228,0.8188776685323389,0.1326440909264978,0.12422326646669724,0.14820122994728252,0.13774241456549674,2.3913034201259604,0.9084896702953833,0.4214708952298166,0.34391891679517184,0.4350748812591644,0.35278379910062196,0.42860662744741906,0.3485838719879968,0.073542663426698,0.07090349349474923,0.34102233299735596,0.2889569716929836
50,0.117348,0.139784,0.049616,0.059292,0.009604,0.012152,0.114652,0.14256,0.016552,0.019928,5.6e-05,8e-05,0.001232,0.001508,0.041936,0.055228,0.004152,0.052024,0.076432,0.4945185919606928,0.227572,0.454604,0.317824,0.471452,0.608064,0-0,5.290150863227832,0.9949590002991642,1.0245956272293064,0.6410584177345413,1.5502161027265489,0.7877978885834309,0.247048453957108,0.2188971549093225,0.1812489550579893,0.16577235235089227,2.4398624267409748,0.9128271567107652,0.4420115374262069,0.35725778017817866,0.3642311371800458,0.30526940188763974,0.4197367733324524,0.3427802051753216,0.07488238919702928,0.07214739459840402,0.24021280462858807,0.21353951917298142,6.763302502075879,0.9988445928682238,1.1329891418824725,0.677930894104702,1.825955275998838,0.8389362896799066,0.14175619956586302,0.1321671912878738,0.1583820506558017,0.1464763695934992,2.3024807619196426,0.8999895663482921,0.40581576549770726,0.33356706394428404,0.4189144445922852,0.3422395321744247,0.41268644782725217,0.3381302189966938,0.07081099215397102,0.06836203762771409,0.32835538748571125,0.2798929428114395
51,0.12194,0.147764,0.051764,0.063116,0.010036,0.013536,0.11472,0.140364,0.01738,0.020808,8e-05,7.2e-05,0.001668,0.0022,0.043756,0.056652,0.005208,0.050932,0.086336,0.4945731919606929,0.2293,0.449572,0.321128,0.481504,0.621612,0-0,5.59019643566338,0.9962657057559313,1.0827084087803789,0.6613229934344439,1.6381409067571062,0.8056589952958011,0.2610604919317016,0.2297656747563953,0.1915289920323105,0.17430431383654665,2.3984204647237037,0.9091386412760176,0.4345038086524661,0.3524140861012415,0.3580445371541234,0.3009580590254437,0.41260738963153193,0.3380778906975427,0.07361048423433392,0.07096650343347555,0.23613270166197237,0.21032412432161673,7.146901953822314,0.9992127006031097,1.1972497621234544,0.6979762922253766,1.9295193916910873,0.8547820253199946,0.1497962954241265,0.13911667556266372,0.16736512775155393,0.15410930322419347,2.263372278082533,0.8960008214139,0.3989228352425248,0.32895751981409127,0.4117990284479131,0.337542602233744,0.40567681650195486,0.3334744573234333,0.06960824136971065,0.06724083520944202,0.3227781502828229,0.2758655144199139
52,0.123644,0.148416,0.051968,0.063372,0.010192,0.013656,0.114548,0.141584,0.017372,0.022228,0.0001,9.6e-05,0.001716,0.00194,0.040608,0.054376,0.005168,0.060604,0.10604,0.49463283196069285,0.231124,0.444212,0.324664,0.491716,0.635292,0-0,5.630202511988121,0.9964121513286114,1.0904567796538553,0.6639370480768314,1.649864213961181,0.807924011912325,0.26292876366164747,0.23120333838035578,0.1928996636288867,0.17543529618122988,2.3337991002221954,0.9030731879505159,0.42279684175103943,0.34478826874062374,0.34839763541878654,0.2941818378933292,0.401490384538571,0.3306782444936941,0.07162717480097841,0.06912211414307057,0.2297705072055545,0.2052840368355181,7.198048547388507,0.9992519558423109,1.2058178448222523,0.700553001836627,1.9433279404500543,0.8567734935175197,0.15086830820522834,0.1400390589977477,0.16856287136432094,0.15512185689246138,2.2023895575229706,0.8894612960679272,0.38817453721749434,0.3217060546058851,0.40070380327363775,0.33015156142824,0.3947465439269148,0.32614919081344373,0.06773276557052493,0.06548982649542612,0.3140814414240817,0.26954046392795417
53,0.125752,0.150952,0.053708,0.06432,0.011308,0.013892,0.111856,0.138132,0.018432,0.021908,8e-05,9.2e-05,0.001744,0.002132,0.040784,0.05272,0.00548,0.064584,0.121092,0.49466027196069284,0.2334,0.4389,0.3277,0.503028,0.6492,0-0,5.690211626475228,0.9966211221662976,1.1020793359640693,0.6678203480091198,1.6674491747672917,0.8112721360406958,0.2657311712565661,0.23335480393408048,0.19495567102375083,0.17712886571749675,2.2853330768460647,0.8982598308325439,0.41401661657496963,0.33901003221469506,0.34116245911728404,0.28905660041318615,0.3931526307188505,0.3250742746744748,0.07013969272596181,0.0677364196314546,0.2249988613632412,0.2014828720201861,7.274768437737791,0.9993071994714084,1.218669968870448,0.7043769065192413,1.9640407635885033,0.8597096062527018,0.15247632737688097,0.14142078146191606,0.1703594867834713,0.15663841524767674,2.1566525171033,0.8842881832241162,0.3801133136987217,0.3162160772631125,0.3923823843929314,0.32455421535309537,0.3865488394956349,0.320602456869001,0.06632615872113568,0.06417441316673522,0.3075589097800258,0.2647604465283595
54,0.126264,0.151068,0.053404,0.064644,0.010992,0.014044,0.111124,0.135468,0.02004,0.023824,6e-05,9.2e-05,0.002232,0.002684,0.046688,0.062536,0.006208,0.06706,0.140452,0.4946996119606928,0.235112,0.434416,0.330472,0.514036,0.663264,0-0,5.670208588312859,0.9965528538332963,1.0982051505273311,0.6665309263224132,1.6615875211652547,0.8101626300841102,0.2647970353915932,0.23263831856548745,0.19427033522546278,0.17656472938246282,2.243188708692907,0.8938804201261588,0.4063816381609957,0.3339440734449677,0.3348710014638035,0.28456963012932357,0.38590241000604986,0.3201631322810834,0.06884623005203429,0.06652979129185521,0.22084960410905566,0.19816273574794863,7.249195140954695,0.9992892537907904,1.2143859275210493,0.7031077282980458,1.9571364892090202,0.8587376514210505,0.1519403209863301,0.1409604541558177,0.16976061497708783,0.1561331985070502,2.116881177607933,0.8795934297734002,0.37310355411718005,0.311406077583956,0.38514636797492574,0.3196489526885804,0.37942040085973916,0.3157421104140645,0.06510302233036239,0.06302907052372142,0.3018871431330207,0.26057849102429564
55,0.1217,0.146896,0.052172,0.06324,0.011216,0.014228,0.111092,0.136824,0.018988,0.023688,4.8e-05,9.6e-05,0.00266,0.003424,0.04624,0.061172,0.007604,0.068584,0.15834,0.49474231196069285,0.237188,0.42914,0.333672,0.525284,0.677516,0-0,5.53018732117627,0.9960347537550728,1.071085852470164,0.6573637370839078,1.6205559459509946,0.8022112913196553,0.2582580843367829,0.22760413689303716,0.18947298463744622,0.17260493102670638,2.2122828387139255,0.8905494947448711,0.4007826539907483,0.3302043773756618,0.33025726585125115,0.2812611973051381,0.38058558148332955,0.31653893013894707,0.0678976907578208,0.06564393805203328,0.21780681545598632,0.1957191987206074,7.070182063473026,0.9991499216731354,1.1843976380752579,0.694069595164529,1.9088065685526372,0.8517427841186094,0.1481882762524738,0.13773124507154555,0.16556851233240347,0.15258819694310644,2.0877155286446647,0.8760299814680436,0.367963063757383,0.3078572536309986,0.379839955935055,0.31602913406913935,0.37419287919341576,0.31215577180649523,0.06420605564379533,0.06218826178135617,0.2977278475918836,0.25749661366257937
56,0.118208,0.143076,0.050512,0.062064,0.010556,0.014032,0.109364,0.13682,0.017836,0.022248,8e-05,0.000104,0.002572,0.003296,0.046144,0.060768,0.007032,0.075044,0.186096,0.4947953719606928,0.238836,0.424376,0.336788,0.535872,0.691564,0-0,5.37016301587731,0.9953466273251789,1.0400923689762587,0.6465779647805501,1.5736627171346969,0.7927154344846826,0.25078499741699956,0.22181033363776237,0.18399029825114155,0.16805612490194055,2.2087708080344957,0.8901644254206944,0.4001464057895838,0.3297780855162854,0.3297329777134611,0.2808842722766892,0.3799813964239295,0.31612586840155554,0.06778990220166017,0.06554321973313237,0.2174610440181375,0.1954410533069162,6.865595689208259,0.9989569390726738,1.1501253072800672,0.683402905027489,1.8535723735167704,0.8433235414500747,0.14390022512806658,0.13402585379151322,0.16077753788133556,0.14851852758858153,2.0844012503533844,0.8756184287033797,0.36737891712558784,0.30745282266499263,0.37923695456688783,0.3156165743266529,0.3735988426404244,0.3117470458051109,0.06410412761123088,0.062092667604183305,0.2972552003712998,0.2571455885517663
57,0.116632,0.141824,0.049764,0.06094,0.010476,0.013528,0.111852,0.137188,0.019652,0.02448,7.2e-05,0.00012,0.002244,0.002792,0.042088,0.05654,0.006352,0.074176,0.2052,0.4948516519606928,0.240232,0.420072,0.339696,0.546368,0.70512,0-0,5.330156939552572,0.9951566901542798,1.0323439981027827,0.643828883078445,1.5619394099306232,0.7902710738443157,0.24891672568705384,0.22035510492551236,0.18261962665456546,0.1669150212018361,2.201746746675636,0.8893902177474792,0.39887390938725487,0.32892468768366223,0.3286844014378811,0.2801298291087251,0.3787730263051294,0.3152989958524852,0.06757432508933893,0.0653417505235585,0.21676950114243995,0.19488447387216157,6.81444909564207,0.9989022021887844,1.1415572245812702,0.6806786206549187,1.8397638247578048,0.8411450607193366,0.14282821234696483,0.1330970206671357,0.15957979426856864,0.147498060086391,2.0777726937708234,0.8747912198486693,0.36621062386199765,0.3066432516468929,0.37803095183055363,0.31479070814424903,0.37241076953444185,0.3109288650470814,0.063900271546102,0.0619014500161752,0.29630990593013234,0.25644304040091204
58,0.115516,0.141416,0.048392,0.060812,0.009908,0.01308,0.111756,0.137068,0.019272,0.023908,5.2e-05,0.0001,0.00168,0.00224,0.041304,0.053916,0.005324,0.071904,0.198828,0.4949063919606928,0.241632,0.415804,0.342564,0.556296,0.71822,0-0,5.310153901390202,0.9950588337931889,1.0284698126660445,0.642446333727259,1.556077756328586,0.7890381054423194,0.24798258982208088,0.21962647039824246,0.18193429085627735,0.16634388255432375,2.2509151761876525,0.8946971901736873,0.4077813842035576,0.3348757303986055,0.33602443536694154,0.2853943560484138,0.38723161713672993,0.32106617599432563,0.06908336487558767,0.06675112334128419,0.221610301272323,0.19877245914343666,6.788875798858974,0.9988737658234955,1.1372731832318712,0.6793077002188489,1.8328595503783212,0.8400444876748012,0.1422922059564139,0.13263223057612405,0.15898092246218515,0.14698736780534827,2.1241725898487505,0.8804681707893084,0.37438867670712933,0.3122904368122308,0.3864729709848934,0.3205509100338362,0.38072728127632,0.31663576956983774,0.06532726400200416,0.06323915489551124,0.3029269670183049,0.2613469595654082
59,0.119308,0.143648,0.05106,0.061872,0.010852,0.013912,0.109084,0.133872,0.017808,0.02132,6.8e-05,8e-05,0.002752,0.003304,0.037488,0.048784,0.007212,0.063308,0.204968,0.4949503519606928,0.2433,0.411236,0.345464,0.567164,0.732148,0-0,5.3501599777149424,0.9952526085381794,1.036218183539521,0.645206086539241,1.5678010635326607,0.7914968361530813,0.24985086155202677,0.2210830591269457,0.18330496245285355,0.1674857685616845,2.2410814902852496,0.8936565672233895,0.40599988924029706,0.33368975877479334,0.3345564285811295,0.28434453973370966,0.3855398989704099,0.3199166392385757,0.06878155691833793,0.06646941889603097,0.2206421412463464,0.19799636703661205,6.840022392425166,0.9989299205623025,1.145841265930669,0.6820436805734664,1.8466680991372881,0.8422380612769426,0.14336421873751573,0.1335615616944441,0.16017866607495215,0.14800844661978585,2.114892610633165,0.8793537550186322,0.37275306613810305,0.31116469139267555,0.3847845671540255,0.31940275658687256,0.3790639789279444,0.31549818242715266,0.06504186551082373,0.06297176660942971,0.3016035548006704,0.2603687699758457
60,0.115912,0.13914,0.04964,0.060052,0.01072,0.01356,0.110908,0.135776,0.01572,0.019712,7.2e-05,0.0001,0.00276,0.003292,0.041812,0.054772,0.007284,0.060796,0.216928,0.49499725196069283,0.244752,0.407048,0.3482,0.577904,0.745728,0-0,5.230141748740721,0.9946472334990293,1.0129730709190916,0.6368622611856587,1.532631141920437,0.7840333198842467,0.24424604636218922,0.21670511630560763,0.179192947663125,0.16405540971976917,2.2375694596058198,0.8932824292174071,0.4053636410391326,0.33326568518867405,0.33403214044333945,0.2839692316889665,0.38493571391100984,0.31950561887918016,0.0686737683621773,0.06636878955931391,0.22029636980849762,0.19771900913882623,6.686582611726589,0.9987524611789275,1.1201370178342758,0.6737649084651576,1.8052424528603876,0.8355654158915106,0.1401481803942103,0.130770576903261,0.15658543523665117,0.1449415375398826,2.1115783323418844,0.8789532364395727,0.3721689195063079,0.31076219301970187,0.3841815657858583,0.3189922317568459,0.3784699423749531,0.315091442529703,0.0649399374782593,0.06287625229743266,0.30113090758008665,0.2600191027025949
61,0.115748,0.139752,0.049708,0.060148,0.010368,0.013456,0.110028,0.135944,0.015888,0.019644,6e-05,5.6e-05,0.002656,0.003116,0.034016,0.045308,0.006856,0.063476,0.23054,0.4950434519606928,0.246172,0.40288,0.350948,0.588288,0.759212,0-0,5.190135672415982,0.9944287491014268,1.0052247000456154,0.6340376062019975,1.520907834716363,0.7814865771916912,0.24237777463224344,0.21524034074486387,0.17782227606654888,0.16290881859312778,2.222116524616329,0.8916205219321299,0.4025641489540088,0.3313965526613446,0.33172527263706325,0.2823155366667064,0.3822772996496496,0.31769417619591545,0.06819949871507056,0.06592589159638185,0.21877497548196292,0.19649749442387876,6.6354360181604,0.9986869938741828,1.1115689351354783,0.6709576901559383,1.7914339041014213,0.8332790636452148,0.1390761676131085,0.12983825220928402,0.15538769162388424,0.14391678315392697,2.0969955078602505,0.8771750991114843,0.36959867432640936,0.3089884043090594,0.381528359765923,0.31718297874738544,0.3758561815417914,0.31329891376766283,0.06449145413497576,0.0624558736466273,0.29905125980951813,0.2584786017848313
62,0.109768,0.13236,0.047188,0.057368,0.010476,0.013204,0.114352,0.139724,0.01574,0.01962,7.6e-05,8.4e-05,0.002776,0.003144,0.033096,0.042832,0.00704,0.060784,0.247624,0.49507985196069276,0.247832,0.398536,0.353632,0.598772,0.77244,0-0,4.9300961763051765,0.9927741917035874,0.9548602893680197,0.6151340893433516,1.4447063378898803,0.764184683587779,0.23023400838759572,0.20565230327127482,0.1689129106888039,0.1554175457125686,2.2164972755292407,0.8910097963463626,0.40154615183214565,0.33071556971575633,0.33088641161659915,0.2817132465618961,0.3813106035546095,0.3170342749098126,0.06802703702521355,0.06576478570529709,0.21822174118140483,0.19605284629125141,6.302983159980157,0.9981691650511506,1.0558763975932945,0.6521125940195959,1.7016783371681392,0.817622823346666,0.13210808453594686,0.12375371871177077,0.147602358140899,0.13722587815363052,2.091692662594201,0.8765220476822402,0.3686640397155371,0.3083422590473861,0.3805635575768555,0.31652387749050737,0.37490572305700526,0.312645922622412,0.06432836928287265,0.06230296193298768,0.29829502425658405,0.25791762485162373
63,0.114496,0.138224,0.048792,0.059736,0.010392,0.013524,0.113212,0.139352,0.015108,0.01874,7.6e-05,0.000116,0.002544,0.003372,0.031088,0.041108,0.007148,0.05338,0.246176,0.49512801196069284,0.24918,0.394544,0.356276,0.609176,0.785992,0-0,5.170132634253615,0.9943161850993241,1.0013505146088777,0.6326170500533772,1.5150461811143263,0.7802019659047643,0.24144363876727062,0.21450692610064037,0.17713694026826085,0.16233493341051064,2.205258777355066,0.8897780013436632,0.3995101575884193,0.3293515223431782,0.32920868957567107,0.2805071495791057,0.3793772113645294,0.3157125570230266,0.06768211364549956,0.06544249055736429,0.2171152725802887,0.19516281170185623,6.609862721377306,0.9986529829466342,1.10728489378608,0.6695450355199665,1.7845296297219386,0.8321239936842642,0.13854016122255766,0.1293717149293434,0.1547888198175008,0.14340394550476243,2.0810869720621037,0.8752055096754844,0.3667947704937927,0.30704815538298524,0.37863395319872073,0.3152037657350567,0.37300480608743314,0.31133807693341187,0.06400219957866644,0.061997063682787346,0.29678255315071606,0.2567943974906952
64,0.11462,0.13902,0.049088,0.059792,0.0103,0.01366,0.113404,0.137136,0.014084,0.017228,7.6e-05,0.000104,0.002636,0.003224,0.032416,0.042412,0.007088,0.056576,0.244984,0.4951841519606928,0.250496,0.390364,0.35914,0.619504,0.799684,0-0,5.190135672415982,0.9944287491014268,1.0052247000456154,0.6340376062019975,1.520907834716363,0.7814865771916912,0.24237777463224344,0.21524034074486387,0.17782227606654888,0.16290881859312778,2.2242237430239866,0.8918486607097926,0.4029458978747075,0.3316517425934019,0.3320398455197373,0.2825412652312834,0.3826398106852897,0.3179414747597885,0.06826417184876693,0.06598629914268328,0.2189824383446722,0.19666417406336434,6.6354360181604,0.9986869938741828,1.1115689351354783,0.6709576901559383,1.7914339041014213,0.8332790636452148,0.1390761676131085,0.12983825220928402,0.15538769162388424,0.14391678315392697,2.0989840748350184,0.8774191019646556,0.3699491623054864,0.3092305531291477,0.38189016058682324,0.31742997782127114,0.37621260347358615,0.3135436254824816,0.06455261095451442,0.0625132091103271,0.2993348481418684,0.2586888587869277
65,0.112108,0.136016,0.048184,0.058908,0.0104,0.01334,0.1112,0.138752,0.014336,0.017424,0.000104,0.0001,0.002644,0.003248,0.033532,0.044252,0.00704,0.055868,0.25918,0.4952155119606928,0.251964,0.386524,0.361512,0.629908,0.813044,0-0,5.070117443441764,0.9937183176449179,0.9819795874251865,0.6254311273871711,1.4857379131041402,0.7736647367169545,0.236772959442406,0.21082955862365227,0.1737102612768204,0.15945960051709884,2.163114409201909,0.8850334898597062,0.39187517917444553,0.3242115388300042,0.32291723192219063,0.2759662212278947,0.37212699065172894,0.31073329346206424,0.06638865097157207,0.06423289318637926,0.21296601532610324,0.1918163973940321,6.481996237461826,0.9984692481169554,1.0858646870390858,0.6623902671146111,1.7500082578245217,0.8262274915383614,0.13586012926980312,0.12703527383646085,0.15179446078558334,0.14083514533664887,2.0413156325667376,0.870142246644915,0.35978501091225124,0.3021736650075202,0.37139793678071514,0.3102305976776141,0.3658763674515375,0.3064114539712488,0.06277906318789317,0.06084905621499448,0.29111078650371097,0.2525671320431425
66,0.10996,0.132648,0.046572,0.056036,0.009412,0.012284,0.109304,0.135188,0.016352,0.019832,8e-05,6.8e-05,0.001664,0.00216,0.03768,0.049644,0.005084,0.055676,0.255036,0.4952621319606928,0.2528,0.383496,0.363704,0.639328,0.825364,0-0,5.0301113671170254,0.9934619175973852,0.9742312165517105,0.6225175557044133,1.4740146059000663,0.7709957246382173,0.23490468771246029,0.20935379566406642,0.17233958968024432,0.15830670572618022,2.1413398189894437,0.8825026876162658,0.3879304403272257,0.321540464953989,0.3196666454678923,0.2736088575025868,0.36838104328344856,0.3081464946754673,0.06572036192337619,0.06360732126908542,0.21082223241144069,0.19008196873985528,6.430849643895637,0.9983889185926768,1.0772966043402885,0.6594851712248109,1.7361997090655559,0.8238113017372939,0.13478811648870137,0.12609894270276145,0.15059671717281645,0.13980546959898987,2.020767107160798,0.8674462568562591,0.3561633017951214,0.29964175886165534,0.3676593282980789,0.3076469934058996,0.3621933408229914,0.3038522389513486,0.06214710938599364,0.06025536863370817,0.2881803737360916,0.25037363286463366
67,0.11934,0.14306,0.050048,0.061088,0.010004,0.01328,0.111516,0.137584,0.016108,0.019668,8e-05,8.8e-05,0.001664,0.002108,0.035232,0.04612,0.005168,0.051124,0.241372,0.49530931196069283,0.253704,0.380356,0.36594,0.649336,0.838644,0-0,5.41016909220205,0.9955291158442184,1.0478407398497351,0.6493058278889912,1.5853860243387716,0.7951313064513619,0.2526532691469454,0.22326284612546166,0.18536096984771774,0.16919566559504395,2.1666264398813384,0.8854365475805971,0.39251142737561,0.32464137126823334,0.3234415200599806,0.2763457240563555,0.37273117571112896,0.3111496123286124,0.06649643952773268,0.06433375273587505,0.21331178676395202,0.19209579589355685,6.916742282774452,0.9990089467413769,1.1586933899788652,0.6861039472189134,1.8673809222757376,0.8454721472627544,0.14497223790916838,0.13495369172843197,0.16197528149410254,0.1495377735640233,2.044629910858018,0.8705719189576958,0.36036915754404636,0.30258117887516955,0.37200093814888224,0.3106464041923863,0.3664704040045288,0.3068233485679903,0.06288099122045761,0.060944777144569695,0.29158343372429474,0.25292032063737646
68,0.123204,0.147712,0.051948,0.063824,0.011172,0.013504,0.113144,0.137848,0.016476,0.020244,4.8e-05,9.6e-05,0.00174,0.002212,0.035916,0.047316,0.00544,0.048092,0.2255,0.49533451196069284,0.255092,0.376956,0.367952,0.66052,0.852164,0-0,5.57019339750101,0.996190256433545,1.0788342233436405,0.6600083509678231,1.632279253155069,0.8045164904329545,0.2601263560667287,0.22904583508707088,0.19084365623402239,0.17373824107151803,2.1462566619406456,0.8830789855043244,0.38882118780885594,0.3221445320006785,0.3204006488607984,0.2741418354380214,0.36922690236660866,0.30873145781409284,0.06587126590200106,0.06374861598862536,0.211306312424429,0.19047393899081067,7.121328657039218,0.999192307108959,1.1929657207740554,0.6966796346886498,1.922615117311604,0.853775931400356,0.1492602890335756,0.13865511291003152,0.16676625594517042,0.15360257141606048,2.025407096768591,0.8680598801431663,0.3569811070796346,0.3002142813944253,0.36850353021351284,0.30823123249764484,0.36302499199717925,0.30443095037785906,0.06228980863158386,0.060389459916061594,0.2888420798449089,0.25086950113347306
69,0.124496,0.149376,0.052464,0.062744,0.009768,0.012788,0.110884,0.135208,0.016628,0.019816,9.6e-05,0.000112,0.000832,0.000852,0.036928,0.048444,0.003456,0.050496,0.219032,0.4953745519606928,0.2559,0.374228,0.369872,0.670292,0.86496,0-0,5.710214664637597,0.9966880384924314,1.1059535214008074,0.6691047839012885,1.6733108283693288,0.8123751574812548,0.26666530712153896,0.23407062032050285,0.1956410068220389,0.1776926155621581,2.1279941024076106,0.8809240914676677,0.3855126971628006,0.31989813949022583,0.31767435054429016,0.27216022954894303,0.3660851400577284,0.30655624114530367,0.0653107654099658,0.06322369953299478,0.20950830094761527,0.18901709252148036,7.300341734520885,0.9993246920402847,1.2229540102198468,0.7056406591584643,1.9709450379679865,0.8606748735543476,0.15301233376743184,0.14188086209575146,0.17095835858985475,0.15714332951882048,2.008172849653932,0.8657662840824756,0.35394354459429994,0.2980854068900397,0.36536792309904376,0.3060587131251197,0.35993600192162445,0.3022790225559865,0.06175978286224877,0.05989131011222382,0.28638431429787337,0.24902604954518925
70,0.124848,0.147812,0.052672,0.063208,0.010556,0.013452,0.108096,0.133212,0.014796,0.01852,4.8e-05,0.000108,0.001672,0.002052,0.038984,0.050892,0.005076,0.057788,0.218576,0.4954171119606928,0.256932,0.371068,0.372,0.680856,0.878444,0-0,5.650205550150488,0.9964832061768863,1.094330965090593,0.6652364994878108,1.6557258675632174,0.8090466014898923,0.26386289952662023,0.23192116358951131,0.19358499942717466,0.1760002062920899,2.122374853320523,0.8802530907829842,0.38449470004093744,0.319205445233094,0.3168354895238261,0.2715494169787587,0.36511844396268833,0.3058855676549955,0.06513830372010881,0.06306212757711249,0.2089550666470572,0.18856830482897102,7.223621844171599,0.9992708432614321,1.2101018861716504,0.7018331012016009,1.9502322148295368,0.8577589627270902,0.15140431459577916,0.14049988004520297,0.16916174317070432,0.15562767911574615,2.0028700043878835,0.8650525727796492,0.3530089099834277,0.2974290665460202,0.36440312090997634,0.3053888739732781,0.35898554343683836,0.3016155524825279,0.06159669801014566,0.059737980123013124,0.28562807874493934,0.24845792155231028
71,0.124292,0.148764,0.05222,0.063272,0.010328,0.013224,0.105536,0.130892,0.01374,0.017016,7.2e-05,8.4e-05,0.001632,0.001928,0.040732,0.052668,0.005044,0.055196,0.219884,0.4954536519606928,0.257804,0.368304,0.373892,0.691192,0.891684,0-0,5.630202511988121,0.9964121513286114,1.0904567796538553,0.6639370480768314,1.649864213961181,0.807924011912325,0.26292876366164747,0.23120333838035578,0.1928996636288867,0.17543529618122988,2.067587174721419,0.8735093864459577,0.37456922810277155,0.31241459252507997,0.3086565945743015,0.26556706501893734,0.3556931570360477,0.2993124116907533,0.06345680224400307,0.061485339847690446,0.20356103221661606,0.18417958852486782,7.198048547388507,0.9992519558423109,1.2058178448222523,0.700553001836627,1.9433279404500543,0.8567734935175197,0.15086830820522834,0.1400390589977477,0.16856287136432094,0.15512185689246138,1.9511672630439074,0.8578919027926311,0.3438962225274238,0.29099749728046953,0.35499629956656914,0.29882396214097684,0.3497185732101741,0.2951135642657363,0.06000662070214041,0.05824170153757413,0.27825478210383275,0.24289609958561031
72,0.123,0.148308,0.051768,0.063068,0.010436,0.013604,0.108348,0.13344,0.011848,0.01474,6.8e-05,0.000108,0.001796,0.002116,0.039092,0.051936,0.005332,0.057812,0.215948,0.4955030719606929,0.258828,0.364924,0.376248,0.701644,0.905308,0-0,5.59019643566338,0.9962657057559313,1.0827084087803789,0.6613229934344439,1.6381409067571062,0.8056589952958011,0.2610604919317016,0.2297656747563953,0.1915289920323105,0.17430431383654665,2.126589290135839,0.880756694617044,0.38525819788233484,0.3197250320291549,0.3174646352891742,0.27200757443930623,0.36584346603396845,0.30638863354946466,0.06526764998750156,0.06318330915632786,0.20936999237247578,0.18890491887397465,7.146901953822314,0.9992127006031097,1.1972497621234544,0.6979762922253766,1.9295193916910873,0.8547820253199946,0.1497962954241265,0.13911667556266372,0.16736512775155393,0.15410930322419347,2.0068471383374202,0.8655882109155004,0.35370988594158187,0.297921379309405,0.3651267225517769,0.30589131391937585,0.35969838730042797,0.30211321415175985,0.061719011649223,0.05985297995918293,0.28619525540963986,0.24888405782304834
73,0.123732,0.145892,0.05258,0.06206,0.01096,0.013848,0.106448,0.130536,0.013292,0.016468,4.8e-05,0.0001,0.002256,0.002868,0.036084,0.047004,0.006504,0.0628,0.202748,0.4955417119606928,0.259968,0.361644,0.378388,0.71262,0.919172,0-0,5.55019035933864,0.996113282699884,1.0749600379069024,0.6586886054538104,1.626417599553032,0.8033672689363042,0.2591922202017558,0.22832532267552696,0.19015832043573433,0.1731717802235907,2.1448518496688735,0.8829146180026226,0.38856668852839016,0.3219719963176405,0.3201909336056824,0.2739895959449481,0.36898522834284864,0.3085643759751471,0.06582815047953681,0.06370824824444099,0.2111680038492895,0.19036196685159923,7.095755360256122,0.9991713853601122,1.1886816794246569,0.6953774103016254,1.9157108429321208,0.852762867097214,0.1487242826430247,0.13819330279055198,0.16616738413878696,0.1530955360496472,2.024081385452079,0.8678848496388448,0.3567474484269165,0.3000507513018581,0.368262329666246,0.3080643573679639,0.3627873773759827,0.3042656533639011,0.062249037418558084,0.060351150073606585,0.2886530209566754,0.2507278579651875
74,0.115272,0.138732,0.049064,0.05976,0.010492,0.0136,0.105068,0.12908,0.014772,0.01798,9.2e-05,9.2e-05,0.002144,0.002904,0.036704,0.047932,0.00636,0.074968,0.199972,0.49557671196069275,0.260964,0.358652,0.380384,0.723136,0.932804,0-0,5.190135672415982,0.9944287491014268,1.0052247000456154,0.6340376062019975,1.520907834716363,0.7814865771916912,0.24237777463224344,0.21524034074486387,0.17782227606654888,0.16290881859312778,2.16803125215311,0.885597374732025,0.3927659266560758,0.32481322768370735,0.32365123531509665,0.276497469485229,0.3729728497348889,0.31131606945857715,0.06653955495019694,0.06437409351175039,0.2134500953390915,0.19220752824592668,6.6354360181604,0.9986869938741828,1.1115689351354783,0.6709576901559383,1.7914339041014213,0.8332790636452148,0.1390761676131085,0.12983825220928402,0.15538769162388424,0.14391678315392697,2.0459556221745303,0.8707433895440462,0.3606028161967644,0.3027441177805098,0.3722421386961491,0.31081265660606283,0.36670801862572533,0.30698803790837004,0.06292176243348338,0.0609830627846224,0.29177249261252824,0.25306154934028713
75,0.112212,0.134092,0.047628,0.057556,0.009564,0.012368,0.108032,0.133516,0.013344,0.016496,6.4e-05,5.2e-05,0.001696,0.00192,0.038908,0.050236,0.005048,0.08236,0.194308,0.49561241196069283,0.261716,0.356104,0.38218,0.732704,0.945184,0-0,5.130126557928874,0.9940841882665773,0.9936021437354012,0.6297593738342456,1.503322873910252,0.7776100427577766,0.2395753670373248,0.2130380398845647,0.17576626867168468,0.16118598245895654,2.1553879417071626,0.8841417643482372,0.3904754331318836,0.3232649442644283,0.32176379801905247,0.2751306143044058,0.37079778352104875,0.30981650607560884,0.06615151614801867,0.06401096390607763,0.21220531816283583,0.19120138052899538,6.558716127811114,0.9985822953059456,1.0987168110872823,0.6667015056522982,1.770721080962972,0.8297897907778614,0.13746814844145586,0.12843788983337,0.15359107620473383,0.1423773483744203,2.0340242203259202,0.8691919399036605,0.3584998883223019,0.30127629612955487,0.37007133377074736,0.309314940289673,0.36456948703495656,0.3055044241226015,0.0625548215162514,0.06063843582338446,0.29007096261842663,0.25178952927949505
76,0.109884,0.131944,0.046836,0.056216,0.009392,0.012008,0.106672,0.12986,0.013768,0.017116,9.2e-05,0.0001,0.001588,0.00188,0.03726,0.048464,0.004932,0.0824,0.180108,0.4956482519606928,0.262488,0.353552,0.38396,0.7421,0.957208,0-0,5.0301113671170254,0.9934619175973852,0.9742312165517105,0.6225175557044133,1.4740146059000663,0.7709957246382173,0.23490468771246029,0.20935379566406642,0.17233958968024432,0.15830670572618022,2.175757719647856,0.8864778968542254,0.39416567269863767,0.32575765656175415,0.32480466921823475,0.27733150074050106,0.37430205686556905,0.31223086493881214,0.06677668977375031,0.06459593669158614,0.2142107925023589,0.19282178002828432,6.430849643895637,0.9983889185926768,1.0772966043402885,0.6594851712248109,1.7361997090655559,0.8238113017372939,0.13478811648870137,0.12609894270276145,0.15059671717281645,0.13980546959898987,2.0532470344153477,0.8716824251675201,0.3618879387867137,0.3036396015392776,0.3735687417061168,0.3117263284363452,0.3680148990423062,0.3078931301176222,0.06314600410512515,0.061193605905170534,0.29281231649781253,0.25383783011452987
77,0.104552,0.123928,0.044448,0.053228,0.008928,0.011356,0.104528,0.12896,0.015972,0.019288,6e-05,8.8e-05,0.001308,0.001572,0.036488,0.046944,0.004264,0.079672,0.165212,0.4956812919606928,0.263176,0.351288,0.385536,0.751036,0.968576,0-0,4.730065794681477,0.9911741096760197,0.9161184350006378,0.5999310753130096,1.3860898018695085,0.749948854956487,0.22089264973786663,0.19819725059433047,0.1620595527059231,0.1496094400267004,2.184888999414373,0.8875097805584528,0.39581991802166533,0.32687209677207996,0.32616781837648884,0.27831593457944626,0.37587293802000915,0.3133104203630511,0.06705694001976793,0.06485804718047428,0.21510979824076573,0.19354711179239503,6.0472501921492,0.9976356454034567,1.0130359840993064,0.6368851066170167,1.632635593373306,0.8045861366598025,0.12674802063043786,0.11904437272444435,0.14161364007706415,0.13204346466730854,2.0618641579726766,0.8727834031201678,0.363406720029381,0.30469641791100865,0.37513654526335133,0.31280456089777053,0.3695593940800836,0.30896126067026575,0.06341101698979269,0.06144236873168096,0.29404119927133027,0.25475421277259847
78,0.107756,0.129124,0.04536,0.054948,0.008956,0.011696,0.104008,0.128944,0.018832,0.02314,0.000944,0.001372,0.001228,0.001472,0.036504,0.047796,0.005656,0.080488,0.151096,0.4957507319606928,0.263844,0.348824,0.387332,0.759992,0.9803,0-0,4.9100931381428055,0.9926281982965269,0.9509861039312814,0.6136401554172348,1.438844684287843,0.7627983567745326,0.2292998725226228,0.20490992791276164,0.16822757489051582,0.1548385247327999,2.1975323098603203,0.8889230761310338,0.39811041154585747,0.3284121274868905,0.32805525567253296,0.2796767833381383,0.3780480042338493,0.31480239250981223,0.06744497882194618,0.06522084814873397,0.21635457541702138,0.19455034141315453,6.277409863197061,0.9981217407523797,1.0515923562438956,0.6506190330332066,1.6947740627886558,0.8163592843879656,0.13157207814539595,0.12328391920878379,0.14700348633451552,0.13670903231002463,2.0737955598212867,0.874292256193403,0.36550964790384344,0.30615705484964895,0.377307350188753,0.3142947101448439,0.37169792567085225,0.3104374898008465,0.06377795790702467,0.061786700751156554,0.2957427292654318,0.256021192624753
79,0.112116,0.1332,0.04714,0.05694,0.009976,0.01216,0.101156,0.122768,0.018468,0.02296,0.001036,0.001272,0.001656,0.002084,0.038392,0.050008,0.006544,0.085592,0.14132,0.49579413196069283,0.264808,0.346128,0.389064,0.769972,0.992472,0-0,5.110123519766503,0.993964662605909,0.9897279582986629,0.6283222108719246,1.4974612203082145,0.7763026418416177,0.23864123117235184,0.21230256703094808,0.17508093287339657,0.16061091615037426,2.125184477864067,0.8805890624400141,0.38500369860186906,0.3195518805067531,0.31725492003405814,0.27185488731220686,0.36560179201020837,0.30622098544232856,0.06522453456503731,0.0631429170381752,0.20923168379733623,0.18879272971081862,6.533142831028017,0.998545572361028,1.0944327697378833,0.6652705782331894,1.7638168065834885,0.8286105465628382,0.13693214205090493,0.12797060174904662,0.15299220439835032,0.14186358852505632,2.005521427020908,0.8654099015183607,0.3534762272888638,0.29775731339782885,0.3648855220045101,0.30572387433198234,0.35946077267923143,0.3019473663443508,0.06167824043619722,0.05981464824334326,0.28600619652140635,0.2487420392535724
80,0.111316,0.133136,0.04746,0.056616,0.009472,0.012344,0.10404,0.128628,0.017488,0.021688,0.001096,0.001232,0.00176,0.002008,0.038036,0.051224,0.006636,0.093252,0.137756,0.4958393519606928,0.265544,0.343636,0.39082,0.779452,1.004836,0-0,5.070117443441764,0.9937183176449179,0.9819795874251865,0.6254311273871711,1.4857379131041402,0.7736647367169545,0.236772959442406,0.21082955862365227,0.1737102612768204,0.15945960051709884,2.1244820717281807,0.8805051580007333,0.38487644896163614,0.3194652882190485,0.3171500624065001,0.27177853174001043,0.36548095499832833,0.30613714619396415,0.06520297685380519,0.06312272032601829,0.20916252950976646,0.18873662931020108,6.481996237461826,0.9984692481169554,1.0858646870390858,0.6623902671146111,1.7500082578245217,0.8262274915383614,0.13586012926980312,0.12703527383646085,0.15179446078558334,0.14083514533664887,2.0048585713626514,0.8653206581355639,0.35335939796250476,0.2976752660651385,0.3647649217308766,0.30564013939212276,0.3593419653686331,0.30186442766152677,0.061657854829684326,0.05979548179935401,0.2859116670772896,0.2486710198994977
81,0.112664,0.134524,0.048404,0.057656,0.010332,0.013052,0.110944,0.135,0.018624,0.02284,0.002168,0.002392,0.002264,0.002568,0.03676,0.048212,0.009172,0.091696,0.12126,0.49588821196069277,0.266344,0.341088,0.392568,0.789792,1.0179,0-0,5.090120481604135,0.9938427219962529,0.9858537728619249,0.6268794692744288,1.4915995667061777,0.7749875548897369,0.237707095307379,0.2115664068247709,0.17439559707510854,0.16003545559318355,2.061967925634331,0.8727966034040565,0.3735512309809083,0.3117142761596924,0.3078177335538374,0.2649507193796137,0.35472646094100757,0.2986347322330233,0.06328434055414607,0.06132346806550559,0.20300779791605797,0.1837281238187788,6.507569534244923,0.9985078981780359,1.0901487283884848,0.6638335075121651,1.7569125322040056,0.8274231323506978,0.13639613566035405,0.12750306312818538,0.15239333259196686,0.1413495209072555,1.9458644177778583,0.8571363239538363,0.3429615879165515,0.29033452923405256,0.35403149737750167,0.2981471395172557,0.348768114725388,0.29444328048408797,0.0598435358500373,0.05808810250025476,0.2774985465508987,0.24232333415335683
82,0.10394,0.124856,0.04474,0.053572,0.009468,0.011692,0.109484,0.136288,0.019812,0.025416,0.001952,0.00236,0.002196,0.002648,0.032488,0.042968,0.0089,0.082872,0.107684,0.49592965196069283,0.267248,0.338912,0.39384,0.799284,1.029612,0-0,4.710062756519108,0.9909957875083281,0.9122442495638999,0.5983781278504632,1.3802281482674716,0.748478837604218,0.21995851387289378,0.19744790795004752,0.16137421690763507,0.14902643717988273,2.0998978569721722,0.8775310630378315,0.38042271155348467,0.3164276058170009,0.3134800454419698,0.26910103637612726,0.361251659582528,0.30319638090803647,0.0644484569606808,0.06241556103175927,0.2067421294448249,0.1867706691498201,6.021676895366105,0.9975744012924803,1.0087519427499076,0.6353261705100733,1.6257313189938232,0.8032322773999356,0.12621201423988698,0.11857204830528767,0.1410147682706807,0.13152351429286147,1.9816586233236877,0.8621595777349524,0.34927037153993884,0.29479756217687203,0.3605439121537066,0.302703045380348,0.35518370949769396,0.29895535718118604,0.06094435860173324,0.059124410047002196,0.28260313653320324,0.2461811083172084
83,0.110512,0.131196,0.046416,0.05704,0.010188,0.012456,0.112788,0.1382,0.020772,0.025924,0.002068,0.002536,0.002232,0.002752,0.034604,0.044676,0.009348,0.077936,0.093796,0.4959866319606928,0.268368,0.33598,0.395652,0.80948,1.042096,0-0,4.970102252629916,0.9930575618841042,0.9626086602414959,0.6181046497916409,1.4564296450939547,0.7669330773758913,0.23210228011754153,0.20713497516856072,0.17028358228538004,0.15657439788030436,2.0746112360802784,0.8743947512085395,0.3758417245051005,0.31328898603310085,0.3097051708498816,0.266336770352662,0.3569015271548478,0.300158590283654,0.06367237935632432,0.06168764032153773,0.20425257509231365,0.18474356828770255,6.354129753546348,0.9982604516241351,1.0644444802920918,0.6550805889138628,1.7154868859271057,0.8201238797624427,0.13318009731704866,0.12469256260846551,0.14880010175366595,0.13825864173087754,1.9577958196264684,0.8588307592865119,0.345064515791014,0.2918253364546396,0.3562023023029034,0.2996690726560596,0.3509066463161567,0.2959505235999177,0.06021047676726929,0.05843366511146686,0.27920007654500023,0.24361144753357034
84,0.11004,0.132288,0.046064,0.056944,0.009416,0.01194,0.121184,0.14834,0.023908,0.028428,0.001932,0.002412,0.001716,0.002032,0.034624,0.045832,0.00804,0.075768,0.082284,0.49604529196069286,0.269132,0.333736,0.397132,0.81892,1.054044,0-1,5.050114405279395,0.9935913997733844,0.9781054019884484,0.6239771634715081,1.479876259502103,0.7723341418724534,0.23583882357743313,0.2100920217846115,0.17302492547853235,0.1588833506516497,2.0879569526621116,0.8760599071954205,0.37825946766952556,0.31494727143117207,0.31169746577348373,0.26779698880482095,0.35919743038056795,0.30176351535240686,0.0640819758697347,0.06207189109329159,0.20556650655613906,0.18581405593670464,6.45642294067873,0.9984295968995196,1.081580645689687,0.6609408305526814,1.7431039834450386,0.8250235671305955,0.13532412287925225,0.12656723373947598,0.15119558897919988,0.140320461628757,1.9703900771333345,0.8605975321071352,0.3472842729918355,0.2933955688513956,0.3584937075019385,0.30127197743051115,0.3531639852175236,0.29753800945060305,0.06059780329101416,0.058798288108197094,0.28099613598321854,0.24496874707199667
85,0.107368,0.126912,0.045968,0.054444,0.009304,0.011668,0.132616,0.16226,0.02508,0.030992,0.001076,0.001312,0.001736,0.002128,0.030392,0.039688,0.0067,0.075768,0.07136,0.4960760919606928,0.269932,0.331728,0.39834,0.828236,1.065728,0-1,4.850084023655698,0.9921722801920408,0.9393635476210671,0.6091234694934733,1.421259723481732,0.758590284218041,0.22649746492770412,0.20267863642227524,0.16617156749565162,0.15309907894583952,2.086552140390339,0.8758856722770626,0.3780049683890596,0.3147729038173951,0.31148775051836763,0.26764341856108276,0.3589557563568078,0.30159474933926667,0.06403886044727043,0.06203145105484653,0.20542819798099948,0.18570143925113536,6.200689972847775,0.9979719691327829,1.0387402321956993,0.6460997666258694,1.6740612396502064,0.8125159004654877,0.12996405897374327,0.12187300886135011,0.1452068709153651,0.13515663633455854,1.9690643658168216,0.8604126021230982,0.3470506143391173,0.29323044532148923,0.35825250695467153,0.3011034235222463,0.35292637059632703,0.2973710743784921,0.06055703207798837,0.05875991339041475,0.2808070770949849,0.24482598820824564
86,0.108408,0.127628,0.045556,0.054384,0.009148,0.011424,0.13172,0.1636,0.026596,0.032904,0.001056,0.001364,0.0012,0.001404,0.028624,0.037472,0.0056,0.078944,0.063488,0.4961318119606928,0.270648,0.32932,0.400032,0.837396,1.07718,0-1,4.9100931381428055,0.9926281982965269,0.9509861039312814,0.6136401554172348,1.438844684287843,0.7627983567745326,0.2292998725226228,0.20490992791276164,0.16822757489051582,0.1548385247327999,2.0886593587979974,0.8761469329098127,0.3783867173097584,0.31503443859831004,0.31180232340104175,0.26787376185027556,0.35931826739244793,0.3018478830653235,0.06410353358096682,0.06209211045867746,0.2056356608437088,0.1858703584388134,6.277409863197061,0.9981217407523797,1.0515923562438956,0.6506190330332066,1.6947740627886558,0.8163592843879656,0.13157207814539595,0.12328391920878379,0.14700348633451552,0.13670903231002463,1.9710529327915904,0.8606899052033559,0.3474011023181945,0.2934781161490225,0.3586143077755719,0.30135623914013354,0.3532827925281219,0.29762146211300633,0.06061818889752704,0.05881747488037736,0.28109066542733524,0.2450401163833229
87,0.1116,0.13246,0.046628,0.0563,0.009008,0.012076,0.135788,0.168312,0.027164,0.033996,0.000972,0.001404,0.0008,0.000976,0.029888,0.040156,0.004844,0.06802,0.052664,0.4962097919606928,0.270784,0.327684,0.401532,0.846408,1.08926,0-1,5.090120481604135,0.9938427219962529,0.9858537728619249,0.6268794692744288,1.4915995667061777,0.7749875548897369,0.237707095307379,0.2115664068247709,0.17439559707510854,0.16003545559318355,2.045110178373068,0.8706340641362059,0.3704972396153188,0.30960904445857373,0.3053011504924452,0.2630985772534622,0.35182637265588734,0.2965977587625984,0.06276695548457507,0.060837685185157864,0.20134809501438375,0.18237223013823467,6.507569534244923,0.9985078981780359,1.0901487283884848,0.6638335075121651,1.7569125322040056,0.8274231323506978,0.13639613566035405,0.12750306312818538,0.15239333259196686,0.1413495209072555,1.9299558819797118,0.8548453977239505,0.34015768408393493,0.28834190324034736,0.3511370908102994,0.2961127492326383,0.34591673927102967,0.2924286024356364,0.05935428129372799,0.05762715506163851,0.2752298398920966,0.24060243668868886
88,0.111856,0.13264,0.046692,0.055712,0.00892,0.011208,0.133704,0.164052,0.02628,0.032856,8.8e-05,0.0001,0.000276,0.000316,0.035928,0.047848,0.002332,0.061312,0.047008,0.4962328919606928,0.271428,0.32576,0.402812,0.855332,1.100472,0-1,5.130126557928874,0.9940841882665773,0.9936021437354012,0.6297593738342456,1.503322873910252,0.7776100427577766,0.2395753670373248,0.2130380398845647,0.17576626867168468,0.16118598245895654,2.034574086334779,0.869263847038136,0.3685884950118254,0.3082900059945801,0.30372828607907515,0.26193861924025763,0.3500138174776873,0.29532164722597254,0.0624435898160932,0.06053394322820105,0.2003107807008374,0.18152365310494334,6.558716127811114,0.9985822953059456,1.0987168110872823,0.6667015056522982,1.770721080962972,0.8297897907778614,0.13746814844145586,0.12843788983337,0.15359107620473383,0.1423773483744203,1.9200130471058705,0.853394950653728,0.33840524418854956,0.287093671793867,0.34932808670579807,0.2948382618780291,0.3441346296120558,0.2911665083526207,0.05904849719603467,0.05733894836929243,0.27381189823034535,0.23952489147825318
89,0.120032,0.142008,0.049572,0.059532,0.008868,0.011872,0.134392,0.16644,0.027128,0.033784,4.8e-05,8e-05,0.000196,0.000336,0.037892,0.049024,0.002184,0.067008,0.040484,0.4962718119606928,0.27166,0.324248,0.404092,0.8642,1.112344,0-1,5.49018124485153,0.995872903908454,1.0633374815966878,0.6546985521576894,1.6088326387469203,0.7998789086195477,0.256389812606837,0.22615974269737682,0.18810231304087005,0.17147006652092178,1.9797864077356744,0.8619012690183784,0.3586630230736594,0.3013902729502105,0.2955493911295505,0.2558773392432757,0.34058853055104654,0.28864845257453686,0.060762088339987454,0.0589529007769064,0.19491674627039624,0.1770968350381631,7.019035469906835,0.9991053119696603,1.1758295553764604,0.6914370965275475,1.8949980197936707,0.8496813672919865,0.147116263471372,0.1368063863038792,0.1643707687196365,0.15157260678171003,1.8683103057618942,0.8456156961809101,0.32929255673254554,0.2805674888685844,0.33992126536239076,0.28817363405272556,0.3348676593853915,0.2845672391009336,0.05745841988802941,0.05583885210350148,0.2664386015892387,0.2338969602086679
90,0.11882,0.141772,0.049876,0.0605,0.010356,0.012856,0.137768,0.165688,0.029356,0.035524,0.002924,0.003768,0.001688,0.002184,0.038676,0.051468,0.009888,0.068016,0.035616,0.49636827196069283,0.272084,0.322332,0.405584,0.874568,1.125232,0-1,5.47017820668916,0.9957895182448777,1.0594632961599495,0.6533581955987291,1.602970985144883,0.7987024233975619,0.2554556767418641,0.2254365330238136,0.18741697724258197,0.17090205067899245,1.953094974572008,0.8581655823374963,0.35382753674480927,0.29800397456426375,0.29156480128234613,0.2529064005889379,0.3359967240996062,0.28537455314599436,0.059942895313166704,0.05818168571143978,0.1922888833427454,0.17493151448118538,6.9934621731237385,0.9990821367771154,1.1715455140270614,0.6901123647133138,1.8880937454141873,0.8486399351778893,0.1465802570808211,0.13634358498950472,0.16377189691325297,0.15106435536261575,1.8431217907481623,0.8416775955854545,0.32485304233090256,0.27736645761974377,0.3353384549643206,0.28490398240693626,0.3303529815826576,0.28132998862307,0.05668376684053967,0.055107171430219704,0.26284648271280214,0.23114007845906115
90+1,0.122936,0.145656,0.051868,0.06316,0.010324,0.013504,0.131596,0.16166,0.028868,0.0354,0.003024,0.003836,0.001684,0.002204,0.04186,0.054828,0.009992,0.071048,0.030796,0.49646585196069276,0.272496,0.320344,0.40716,0.8849,1.138748,0-1,5.610199473825748,0.9963396608569484,1.0865825942171166,0.6626325525855773,1.644002560359143,0.8067948227802616,0.26199462779667443,0.23048484231163924,0.1922143278305985,0.17486999878455256,1.9221891045930262,0.8537136248166142,0.34822855257456187,0.2940624860610854,0.28695106566979384,0.24945154447557893,0.3306798955768858,0.2815648935080821,0.05899435601895321,0.05728791020874768,0.18924609468967604,0.17241718210435553,7.172475250605408,0.999232579180504,1.2015338034728529,0.699267406709411,1.93642366607057,0.8557811968158157,0.15033230181467735,0.1395779908810566,0.16796399955793737,0.15461573165578402,1.8139561417848937,0.8369920231731747,0.3197125519711055,0.2736422028145147,0.3300320429244498,0.2810993026178762,0.3251254599163341,0.2775632888931435,0.0557868001539726,0.05425925382054142,0.25868718717166506,0.22793550304738508
90+2,0.151292,0.17884,0.063952,0.076336,0.013292,0.016964,0.141932,0.17416,0.036072,0.043164,0.002796,0.0039,0.0026,0.003248,0.053152,0.070716,0.011844,0.081848,0.02838,0.4965763119606928,0.273284,0.31782,0.408896,0.898232,1.155764,0-1,6.870390878055048,0.9989619287739581,1.3306562767316208,0.7356962520302017,2.013286737287484,0.8664509879807244,0.3208451872899675,0.27446443557690337,0.23539048312274746,0.20973779468126186,2.083742515846796,0.8755364672779371,0.37749596982812816,0.314424035432306,0.31106832000813567,0.2673361814386507,0.3584724083092879,0.301257094929256,0.06395262960234194,0.06195056574700053,0.2051515808307205,0.18547615914705107,8.783592947940436,0.9998467734400617,1.4714284084849767,0.7704027078745501,2.371392951978017,0.9066493972355741,0.184100704419384,0.1681479715670704,0.20569292336009679,0.18591697621601688,1.9664129431837978,0.860042005850519,0.34658329703368135,0.2929000824915111,0.3577701058601379,0.30076619371531343,0.35245114135393407,0.29703708521206207,0.06047548965193683,0.058683159260939255,0.28042895931851797,0.24454038949848955
90+3,0.153844,0.182476,0.065472,0.078404,0.01388,0.017412,0.146396,0.181212,0.038408,0.046904,0.003664,0.0043,0.003228,0.003628,0.057628,0.075012,0.013764,0.077444,0.026372,0.49665276766736505,0.27422,0.315036,0.410744,0.912128,1.17322,0-1,6.970406068866897,0.9990607285804946,1.3500272039153114,0.7407667916082795,2.0425950052976694,0.8703082768835312,0.32551586661483206,0.27784527797560543,0.23881716211418785,0.21244113519264118,2.101770940001202,0.8777602428218514,0.3807620439274392,0.3166595247092693,0.31375966578212455,0.2693053820220236,0.3615738916142081,0.30342087718201083,0.06450594419063314,0.06246945861477571,0.2069265408783443,0.1869206241093727,8.911459431855913,0.9998651650920364,1.4928486152319707,0.7752684309021856,2.4059143238754332,0.9098169985690339,0.1867807363721385,0.17037437683199996,0.20868728239201417,0.18835098710112708,1.983426238412371,0.8624030113333445,0.3495819164102297,0.29501723015889925,0.36086551288339586,0.3029272605339528,0.35550052899262274,0.29917742661102664,0.06099872021910095,0.05917555617560821,0.282855215050848,0.24637110591783362
90+4,0.159748,0.187076,0.068668,0.081072,0.014592,0.01884,0.14882,0.184144,0.041212,0.051188,0.004292,0.005148,0.003708,0.004548,0.058836,0.077144,0.016248,0.080368,0.0239,0.496760567667365,0.27498,0.312148,0.412872,0.926764,1.192112,0-1,7.194440096285438,0.9992492516855704,1.3934180808067786,0.7517746015350839,2.1082455256404855,0.8785491379577788,0.33597818830252857,0.2853613068709603,0.24649292305501427,0.21846310758897436,2.152578317163619,0.8838157884853233,0.38996643457095204,0.32292039941594963,0.32134436750882045,0.27482651819897763,0.37031443547352877,0.30948282659622395,0.06606528530309018,0.06393024930065705,0.21192870101255684,0.19097762201343305,9.197880355826584,0.9998987462034435,1.5408298783452368,0.785796735005216,2.4832421969256457,0.9165278467639272,0.1927840079463085,0.17533992507258078,0.21539464662350916,0.19377679587923635,2.031372797692896,0.8688446522528241,0.3580325710168658,0.30094969414358164,0.36958893267621373,0.30898167268302446,0.3640942577925636,0.30517430108038335,0.06247327909019985,0.0605618348794309,0.2896928448419597,0.25150656410626726
90+5,0.169124,0.198892,0.072848,0.085868,0.015996,0.020164,0.155476,0.189204,0.045312,0.056028,0.00528,0.006484,0.004772,0.005548,0.057748,0.07392,0.019828,0.09016,0.024236,0.4968899990807093,0.27564,0.309532,0.414828,0.942812,1.212316,1-1,7.635507087765693,0.9995170063675664,1.478843869686855,0.7720989805910737,2.237494987565405,0.8932744814462231,0.35657588412518115,0.2999306546959044,0.26160457740726645,0.23018463408036494,2.204205168151237,0.8896618092316239,0.39931928312806997,0.32922350045925597,0.32905140313433406,0.28039397420885337,0.3791959558467094,0.31558851490689277,0.06764977707865137,0.0654122696873698,0.2170115411489341,0.19507932045804843,9.761771549893844,0.9999423875316855,1.6352929900994804,0.805104739448628,2.635481446993252,0.9283155511630106,0.20460294885795585,0.1850291627183258,0.22859976995426495,0.2043530884115794,2.0800926885747195,0.8750813668680938,0.36661952650425417,0.3069267090961214,0.37845305278827057,0.31507987460956355,0.3728265951215357,0.3112153388906176,0.06397162116889711,0.06196838060609666,0.29664075898454095,0.25668900780034576
