fixture_id,event_slug,event_title,market_id,sports_market_type,group_item_title,question,outcome_0,outcome_1,token_0,token_1,market_volume,market_liquidity,gamma_best_bid,gamma_best_ask,fee_rate,tick_size,accepting_orders,outcome_0_ask,outcome_0_bid,outcome_0_spread,outcome_0_ask_depth_best_usd,outcome_0_ask_depth_2c_usd,outcome_0_bid_depth_best_usd,outcome_1_ask,outcome_1_bid,outcome_1_spread,outcome_1_ask_depth_best_usd,outcome_1_ask_depth_2c_usd,outcome_1_bid_depth_best_usd,side,model_probability,scenario_p10,scenario_p90,ask,bid,spread,estimated_fee,central_net_edge,robust_edge,required_edge,max_entry,depth_2c_usd,external_probability,external_validation_source,external_conflict_reason,lineup_pending_reason,player_data_quality_reason,decision,stake_per_10k
fifwc-fra-eng-2026-07-18,fifwc-fra-eng-2026-07-18,France vs. England,2941971,moneyline,France,Will France win on 2026-07-18?,Yes,No,27017352779469567119021515174282416893555366624071034758236558815968401338728,24700818764893371447983775874874488061572200819525844393509377284018768095208,3572778.6220699274,3250376.6402,0.51,0.52,0.05,0.01,True,0.52,0.51,0.010000000000000009,326884.37080000003,1514673.2866000002,1231665.5499000002,0.49,0.48,0.010000000000000009,1183364.9401,1464160.4696,301728.37440000003,No,0.58528,0.567638,0.61642,0.49,0.48,0.01,0.012495,0.082785,0.053143,0.025,0.518,1464160.47,0.4863,Oddschecker and FanDuel consensus captured 2026-07-18,Independent structure remains materially divergent from the sharp pre-match consensus; correlated selections are downgraded until official XIs.,,,EXTERNAL_CONFLICT_PASS,0
fifwc-fra-eng-2026-07-18,fifwc-fra-eng-2026-07-18,France vs. England,2941972,moneyline,Draw (France vs. England),Will France vs. England end in a draw?,Yes,No,85239138404163331579594125846576574312907099172264868553957025875753281044940,112547101819436418115775183743525115211037676921707460770609242558856503450400,1325006.430497997,3212258.0207,0.23,0.24,0.05,0.01,True,0.24,0.23,0.009999999999999981,240509.9184,738464.9784,77627.52080000001,0.77,0.76,0.010000000000000009,259883.43920000002,1100670.7017,761614.7416000001,Yes,0.264727,0.258622,0.299347,0.24,0.23,0.01,0.00912,0.015607,-0.002498,0.025,0.213,738464.98,,,,,,WATCH,0
fifwc-fra-eng-2026-07-18,fifwc-fra-eng-2026-07-18,France vs. England,2941973,moneyline,England,Will England win on 2026-07-18?,Yes,No,104204269101315799616235020335758894730330540969530162829399554926283403684718,34385162543059510571975707768358382063196208867331187336985212373807572088934,764056.5114869988,2969937.2397,0.24,0.25,0.05,0.01,True,0.25,0.24,0.010000000000000009,217943.4775,671977.0345000001,205209.2352,0.76,0.75,0.010000000000000009,649833.0448,1821620.4795000001,653845.6875,Yes,0.320553,0.295536,0.336629,0.25,0.24,0.01,0.009375,0.061178,0.024161,0.025,0.249,671977.03,0.2462,,,,,WATCH,0
fifwc-fra-eng-2026-07-18,fifwc-fra-eng-2026-07-18-halftime-result,France vs. England - Halftime Result,2941977,soccer_halftime_result,France,France leading at halftime?,Yes,No,61811493468803204160632540963577001178772148991316628543392506941734077645782,78490391201114733703387667755358493334495392218047392522111826426630817820622,18628.769661999988,463692.8706,0.4,0.41,0.05,0.01,True,0.41,0.4,0.009999999999999953,6995.3625999999995,52802.576199999996,32436.976000000002,0.6,0.59,0.010000000000000009,48655.464,94155.2358,10066.4974,No,0.6583,0.647276,0.69922,0.6,0.59,0.01,0.012,0.0463,0.017276,0.04,0.577,94155.24,,,,,,WATCH,0
fifwc-fra-eng-2026-07-18,fifwc-fra-eng-2026-07-18-halftime-result,France vs. England - Halftime Result,2941978,soccer_halftime_result,Draw,France vs. England: Draw at halftime?,Yes,No,93770991594114735840558498036990297268526632198384626767392636869348270702717,32807033096625811812555210042254733971212535752474785077716547711581928459340,42119.93257600001,643162.8089,0.37,0.38,0.05,0.01,True,0.38,0.37,0.010000000000000009,40880.1036,195598.98520000002,4977.7136,0.63,0.62,0.010000000000000009,8475.5664,85184.4238,66699.1164,Yes,0.373442,0.36384,0.438653,0.38,0.37,0.01,0.01178,-0.018338,-0.04594,0.04,0.295,195598.99,,,,,,PASS,0
fifwc-fra-eng-2026-07-18,fifwc-fra-eng-2026-07-18-halftime-result,France vs. England - Halftime Result,2941979,soccer_halftime_result,England,England leading at halftime?,Yes,No,101466604796646303063065849483250957756641188696476792686552742499161794954374,34680546878445570238499787418316253879485183282717196136763719253922561001547,8312.065805,480171.791,0.22,0.23,0.05,0.01,True,0.23,0.22,0.010000000000000009,17818.100000000002,43814.660200000006,11668.14,0.78,0.77,0.010000000000000009,41368.86,119492.94630000001,59651.9,Yes,0.284858,0.248998,0.293842,0.23,0.22,0.01,0.008855,0.046003,-0.007857,0.04,0.183,43814.66,,,,,,WATCH,0
fifwc-fra-eng-2026-07-18,fifwc-fra-eng-2026-07-18-second-half-result,France vs. England - Second Half Result,2941980,soccer_second_half_result,France,France to win the second half?,Yes,No,81269570913916644194690320611023537431288854349067468910267873985178587398268,19496067462963110205036243822692095717194745632900824355345130843698426625482,17063.550973999998,203536.1206,0.45,0.46,0.05,0.01,True,0.46,0.45,0.010000000000000009,13880.725400000001,32825.6744,494.0415,0.55,0.54,0.010000000000000009,603.8285,9555.565200000001,16294.764600000002,No,0.631922,0.62014,0.670378,0.55,0.54,0.01,0.012375,0.069547,0.039765,0.04,0.549,9555.57,,,,,,WATCH,0
fifwc-fra-eng-2026-07-18,fifwc-fra-eng-2026-07-18-second-half-result,France vs. England - Second Half Result,2941981,soccer_second_half_result,Draw,France vs. England: Second half draw?,Yes,No,59169302328506479397015766581411117208356044887548748930760200364562752545272,11243147421976689538894395841825473502307034835783870709980059448823287860895,3400.820911000001,120815.9635,0.3,0.32,0.05,0.01,True,0.32,0.3,0.020000000000000018,5193.728,11371.6362,486.54599999999994,0.7,0.68,0.019999999999999907,1135.274,6067.3133,11036.672,Yes,0.327938,0.320016,0.38492,0.32,0.3,0.02,0.01088,-0.002942,-0.028864,0.04,0.252,11371.64,,,,,,PASS,0
fifwc-fra-eng-2026-07-18,fifwc-fra-eng-2026-07-18-second-half-result,France vs. England - Second Half Result,2941982,soccer_second_half_result,England,England to win the second half?,Yes,No,101422564053483390522515281259389536590147788317745214542827734122694877131448,3632568448728797759836781450537073325968641255413176100873102585419543925335,3529.544356,153463.5314,0.26,0.27,0.05,0.01,True,0.27,0.26,0.010000000000000009,7312.8339000000005,12515.103900000002,165.4172,0.74,0.73,0.010000000000000009,470.8028,4262.1888,19771.7361,Yes,0.303984,0.271196,0.315384,0.27,0.26,0.01,0.009855,0.024129,-0.026659,0.04,0.205,12515.1,,,,,,WATCH,0
fifwc-fra-eng-2026-07-18,fifwc-fra-eng-2026-07-18-exact-score,France vs. England - Exact Score,2941983,soccer_exact_score,France 0 - 0 England,Exact Score: France 0 - 0 England?,Yes,No,77589184052310534074342368621823428560565401116328536972176290424846414791025,77899117691320282255084926855068126399522814425967645821251701722727475314950,1157756.5815330045,676868.54546,0.039,0.04,0.05,0.001,True,0.04,0.039,0.0010000000000000009,565.8648000000001,15004.65767,851.93082,0.961,0.96,0.0010000000000000009,20992.44918,325822.11828,13580.7552,Yes,0.042244,0.037124,0.088304,0.04,0.039,0.001,0.00192,0.000324,-0.029796,0.065,0.0,15004.66,,,,,,PASS,0
fifwc-fra-eng-2026-07-18,fifwc-fra-eng-2026-07-18-exact-score,France vs. England - Exact Score,2941984,soccer_exact_score,France 0 - 1 England,Exact Score: France 0 - 1 England?,Yes,No,97574919734149007313064889238734975478996946020639808421026332258713303476825,60129640300285378328035174641272884046194286578104309805402712072704054571258,387862.8409420001,573555.78138,0.042,0.043,0.05,0.001,True,0.045,0.044,0.0010000000000000009,240.98579999999998,10482.08894,212.78311999999997,0.956,0.955,0.0010000000000000009,4623.1968799999995,237925.43587999998,5114.254199999999,Yes,0.05116,0.047867,0.085693,0.045,0.044,0.001,0.002149,0.004011,-0.024282,0.065,0.0,10482.09,,,,,,PASS,0
fifwc-fra-eng-2026-07-18,fifwc-fra-eng-2026-07-18-exact-score,France vs. England - Exact Score,2941985,soccer_exact_score,France 1 - 0 England,Exact Score: France 1 - 0 England?,Yes,No,61614661992424492173938297562112512099804520917816987914209049210275885628462,36021325291674835501257551232202761749390705768070007003235288118635614421481,151331.19450399908,3174266.3652,0.06,0.07,0.05,0.01,True,0.07,0.06,0.010000000000000009,83281.69360000001,250227.6902,2479.6914,0.94,0.93,0.009999999999999898,38848.4986,227630.4654,1106588.8464000002,Yes,0.060882,0.055727,0.099704,0.07,0.06,0.01,0.003255,-0.012373,-0.042528,0.065,0.0,250227.69,,,,,,PASS,0
fifwc-fra-eng-2026-07-18,fifwc-fra-eng-2026-07-18-exact-score,France vs. England - Exact Score,2941986,soccer_exact_score,France 0 - 2 England,Exact Score: France 0 - 2 England?,Yes,No,39041009424463264405833524627754921712545508890394561269865959538907058912502,110390665526164462948552804745075921946361493821417521155912655831882419110222,309209.59770899947,590509.12507,0.03,0.031,0.05,0.001,True,0.031,0.03,0.0010000000000000009,4561.331630000001,8340.02542,184.0554,0.97,0.969,0.0010000000000000009,5951.1246,300746.52191999997,142578.39837,Yes,0.031302,0.028451,0.041004,0.031,0.03,0.001,0.001502,-0.0012,-0.029051,0.065,0.0,8340.03,,,,,,PASS,0
fifwc-fra-eng-2026-07-18,fifwc-fra-eng-2026-07-18-exact-score,France vs. England - Exact Score,2941987,soccer_exact_score,France 1 - 1 England,Exact Score: France 1 - 1 England?,Yes,No,51695634536654818524904567840367422434925521930955943706676129558812748145248,85991163361707059478122141587385154218740046714882039099540501189991002531177,220214.89363100054,2714996.9953,0.1,0.11,0.05,0.01,True,0.11,0.1,0.009999999999999995,119625.5775,339218.1694,13804.031,0.9,0.89,0.010000000000000009,124236.279,257059.9973,967879.6725,Yes,0.09782,0.092536,0.123916,0.11,0.1,0.01,0.004895,-0.017075,-0.047359,0.065,0.002,339218.17,,,,,,PASS,0
fifwc-fra-eng-2026-07-18,fifwc-fra-eng-2026-07-18-exact-score,France vs. England - Exact Score,2941988,soccer_exact_score,France 2 - 0 England,Exact Score: France 2 - 0 England?,Yes,No,83738293003989061909432987812246099956283553688616457850473263255666340995863,24422286319743612424586161606143185900928449498626548494888494659350127767379,275744.0420239956,2266644.8476,0.06,0.07,0.05,0.01,True,0.07,0.06,0.010000000000000009,75115.51460000001,158785.19180000003,12295.302599999999,0.94,0.93,0.009999999999999898,192626.40739999997,333749.29819999996,997963.2654,No,0.957587,0.943616,0.96026,0.94,0.93,0.01,0.00282,0.014767,-0.024204,0.065,0.847,333749.3,,,,,,WATCH,0
fifwc-fra-eng-2026-07-18,fifwc-fra-eng-2026-07-18-exact-score,France vs. England - Exact Score,2941989,soccer_exact_score,France 0 - 3 England,Exact Score: France 0 - 3 England?,Yes,No,43863237958662185303255747001516390892668137934134139782430242712958236796263,37325156613964674326708490905219409497036234425063978222001914062723598149570,247724.5667330005,582042.41417,0.011,0.012,0.05,0.001,True,0.012,0.011,0.0010000000000000009,53.08788,4570.63472,44.76153,0.989,0.988,0.0010000000000000009,3999.74347,695893.2234700001,4370.90212,Yes,0.01568,0.014556,0.0171,0.012,0.011,0.001,0.000593,0.003087,-0.023037,0.065,0.0,4570.63,,,,,,PASS,0
fifwc-fra-eng-2026-07-18,fifwc-fra-eng-2026-07-18-exact-score,France vs. England - Exact Score,2941990,soccer_exact_score,France 1 - 2 England,Exact Score: France 1 - 2 England?,Yes,No,47725115768942599245435543299520586635682755707864227318684625633614926636446,111967320046683721120109257616915970974897169935926251965786684117668181606776,353341.5772739953,2830616.9469,0.06,0.07,0.05,0.01,True,0.07,0.06,0.010000000000000009,50411.1881,207626.6778,17085.1506,0.94,0.93,0.009999999999999898,267667.3594,385846.2158,668487.8967,Yes,0.068378,0.066293,0.071898,0.07,0.06,0.01,0.003255,-0.004877,-0.031962,0.065,0.0,207626.68,,,,,,PASS,0
fifwc-fra-eng-2026-07-18,fifwc-fra-eng-2026-07-18-exact-score,France vs. England - Exact Score,2941991,soccer_exact_score,France 2 - 1 England,Exact Score: France 2 - 1 England?,Yes,No,70617876534332603001051872118464962749830433834266462871549496979917149356185,71824415369050529903604664265312348624339165546736865434786631559172922399295,978087.3834479987,2187457.8118,0.11,0.12,0.05,0.01,True,0.12,0.11,0.009999999999999995,139822.36440000002,272183.73030000005,14329.6252,0.89,0.88,0.010000000000000009,115939.69480000001,416094.0112,1025315.1656000001,No,0.920051,0.916902,0.923889,0.89,0.88,0.01,0.004895,0.025156,-0.002993,0.065,0.819,416094.01,,,,,,WATCH,0
fifwc-fra-eng-2026-07-18,fifwc-fra-eng-2026-07-18-exact-score,France vs. England - Exact Score,2941992,soccer_exact_score,France 3 - 0 England,Exact Score: France 3 - 0 England?,Yes,No,71579935885238729370531508632170367735300675638008874113954459647621456394107,111864925266071288591217886296151901343503794465466677078902429990890941550054,237888.19105699964,493954.26226,0.045,0.046,0.05,0.001,True,0.046,0.045,0.0010000000000000009,95.03784,10438.25099,722.51775,0.955,0.954,0.0010000000000000009,15333.43225,175185.24369,1971.0021599999998,No,0.975749,0.974036,0.977916,0.955,0.954,0.001,0.002149,0.0186,-0.008113,0.065,0.878,175185.24,,,,,,WATCH,0
fifwc-fra-eng-2026-07-18,fifwc-fra-eng-2026-07-18-exact-score,France vs. England - Exact Score,2941993,soccer_exact_score,France 1 - 3 England,Exact Score: France 1 - 3 England?,Yes,No,82683428151724578313364395635035607159364277568301998535997746533369405222616,81695283754059184552740228483256358767727532503668996582831580514490589196158,241231.26032200028,755472.48483,0.03,0.031,0.05,0.001,True,0.031,0.03,0.0010000000000000009,310.5797,7932.1666,179.2242,0.97,0.969,0.0010000000000000009,5794.9158,252958.0403,9708.1203,No,0.968098,0.966598,0.975413,0.97,0.969,0.001,0.001455,-0.003357,-0.029857,0.065,0.87,252958.04,,,,,,PASS,0
fifwc-fra-eng-2026-07-18,fifwc-fra-eng-2026-07-18-exact-score,France vs. England - Exact Score,2941994,soccer_exact_score,France 2 - 2 England,Exact Score: France 2 - 2 England?,Yes,No,6958970558174309284782223375880969055625012204063988403251481024738779408118,7397811728293736056999681087356237492491531269299601004967845780588145337370,467417.8380510001,2151878.0573,0.07,0.08,0.05,0.01,True,0.08,0.07,0.009999999999999995,43323.5992,185705.519,16521.1564,0.93,0.92,0.010000000000000009,219495.3636,438868.25049999997,498198.3908,No,0.923247,0.9226,0.938933,0.93,0.92,0.01,0.003255,-0.010008,-0.035655,0.065,0.825,438868.25,,,,,,PASS,0
fifwc-fra-eng-2026-07-18,fifwc-fra-eng-2026-07-18-exact-score,France vs. England - Exact Score,2941995,soccer_exact_score,France 3 - 1 England,Exact Score: France 3 - 1 England?,Yes,No,57716287394748798766806223253182132223051854128703406873399535626224142146187,21068985420988296968126799664296613266675922370351368397019455239267146952705,1221083.907275998,1996400.3054,0.07,0.08,0.05,0.01,True,0.08,0.07,0.009999999999999995,69475.5392,163799.1625,25950.2187,0.93,0.92,0.010000000000000009,344767.1913,556180.7135,800239.2944,No,0.957198,0.955627,0.96562,0.93,0.92,0.01,0.003255,0.023943,-0.002628,0.065,0.859,556180.71,,,,,,WATCH,0
fifwc-fra-eng-2026-07-18,fifwc-fra-eng-2026-07-18-exact-score,France vs. England - Exact Score,2941996,soccer_exact_score,France 2 - 3 England,Exact Score: France 2 - 3 England?,Yes,No,47900225213576749948704597444302726918908953028391106933373400103287761335255,12126985522496775779898513033450175928108152420587260431596891059917095347106,558066.3558029978,384160.09952,0.034,0.035,0.05,0.001,True,0.035,0.034,0.0010000000000000009,187.00955000000002,5859.99781,302.65610000000004,0.966,0.965,0.0010000000000000009,8598.9939,281655.99384,5156.12045,No,0.959651,0.958171,0.973649,0.966,0.965,0.001,0.001642,-0.007991,-0.034471,0.065,0.862,281655.99,,,,,,PASS,0
fifwc-fra-eng-2026-07-18,fifwc-fra-eng-2026-07-18-exact-score,France vs. England - Exact Score,2941997,soccer_exact_score,France 3 - 2 England,Exact Score: France 3 - 2 England?,Yes,No,69502084100804689355153051763208490212667904877262906299746339004132409869954,72166004559276241860499618632827389901491601078965102090191221599394120521739,890157.7949479943,1902565.5334,0.05,0.06,0.05,0.01,True,0.06,0.05,0.009999999999999995,40439.6988,110174.3959,9570.35,0.95,0.94,0.010000000000000009,181836.65,411029.99199999997,633853.5807999999,No,0.953447,0.950469,0.96964,0.95,0.94,0.01,0.002375,0.001072,-0.026906,0.065,0.854,411029.99,,,,,,PASS,0
fifwc-fra-eng-2026-07-18,fifwc-fra-eng-2026-07-18-exact-score,France vs. England - Exact Score,2941998,soccer_exact_score,France 3 - 3 England,Exact Score: France 3 - 3 England?,Yes,No,45441664016374221637425717412841164229115501443222518799950103324628857482912,79717254973953441731721062821113136648595821940607197619538640718877281304397,791736.3187180036,417460.14289,0.025,0.026,0.05,0.001,True,0.026,0.025,0.0009999999999999974,155.58035999999998,5958.93821,251.1705,0.975,0.974,0.0010000000000000009,9795.6495,400148.68116,5828.27964,Yes,0.035236,0.019662,0.037449,0.026,0.025,0.001,0.001266,0.007969,-0.032604,0.065,0.0,5958.94,,,,,,PASS,0
fifwc-fra-eng-2026-07-18,fifwc-fra-eng-2026-07-18-exact-score,France vs. England - Exact Score,2941999,soccer_exact_score,Any Other Score,Exact Score: Any Other Score?,Yes,No,77643273423189704343736039854784640042698303451885684346802301629042882281876,53921125910881474618616951274438881938303285021466303057535621782422136228777,278398.0073309987,400155.0713,0.13,0.14,0.05,0.01,True,0.14,0.13,0.010000000000000009,7766.831800000001,27294.111800000002,61636.3462,0.87,0.86,0.010000000000000009,412489.39379999996,554179.7714,47710.5382,Yes,0.212324,0.119869,0.23548,0.14,0.13,0.01,0.00602,0.066304,-0.051151,0.065,0.028,27294.11,,,,,,WATCH,0
fifwc-fra-eng-2026-07-18,fifwc-fra-eng-2026-07-18-first-to-score,France vs. England - First Team to Score,2942000,soccer_first_to_score,France,France to score first vs. England?,Yes,No,56735302916010239099392370155194320325205863232630645733151226259169129115252,95263391672314592162431977061052599293576507269153256221263204964044788438733,15726.355561000004,235336.4015,0.59,0.6,0.05,0.01,True,0.6,0.59,0.010000000000000009,9821.358,38284.060999999994,13799.852200000001,0.41,0.4,0.009999999999999953,9589.7278,22240.1222,6547.572,No,0.489907,0.478044,0.518938,0.41,0.4,0.01,0.012095,0.067812,0.037949,0.04,0.407,22240.12,,,,,,WATCH,0
fifwc-fra-eng-2026-07-18,fifwc-fra-eng-2026-07-18-first-to-score,France vs. England - First Team to Score,2942001,soccer_first_to_score,England,England to score first vs. France?,Yes,No,17610346931792627261599618639002865196881194394001571997005448094628240795040,90577939647849931338599586745796772026982380820389118649272944839985294328791,31867.851626999993,206597.4071,0.36,0.37,0.05,0.01,True,0.37,0.36,0.010000000000000009,6882.74,17981.1783,2872.6092,0.64,0.63,0.010000000000000009,5106.8608,29037.4938,11719.26,Yes,0.447662,0.415691,0.459578,0.37,0.36,0.01,0.011655,0.066007,0.016036,0.04,0.346,17981.18,,,,,,WATCH,0
fifwc-fra-eng-2026-07-18,fifwc-fra-eng-2026-07-18-first-to-score,France vs. England - First Team to Score,2942002,soccer_first_to_score,Neither,France vs. England: Neither team to score first?,Yes,No,53909487511469903385778890039741849533103721576045814105547494969268513418889,16366202394934605632115871327259410479798404477344927866250023057352893411893,95907.00437099999,297193.6508,0.04,0.05,0.05,0.01,True,0.05,0.04,0.010000000000000002,2377.7875,7630.5073,1606.2307999999998,0.96,0.95,0.010000000000000009,38549.53919999999,452622.3492,45177.9625,Yes,0.042244,0.037124,0.088304,0.05,0.04,0.01,0.002375,-0.010131,-0.033251,0.04,0.0,7630.51,,,,,,PASS,0
fifwc-fra-eng-2026-07-18,fifwc-fra-eng-2026-07-18-more-markets,France vs. England - More Markets,2942101,spreads,France (-1.5),Spread: France (-1.5),France,England,107315532298789701436237363960672430085793514173994076548684716531610645605062,45930495139847278152934131136324997363117779649024847111322222331312813758735,147446.08987599998,587968.2445,0.29,0.3,0.05,0.01,True,0.3,0.29,0.010000000000000009,24656.592,45950.9564,131925.5298,0.71,0.7,0.010000000000000009,322838.1502,459681.47229999996,57643.97799999999,England,0.794513,0.781849,0.834518,0.71,0.7,0.01,0.010295,0.074218,0.043554,0.04,0.713,459681.47,,,,,,CORRELATED_PASS,0
fifwc-fra-eng-2026-07-18,fifwc-fra-eng-2026-07-18-more-markets,France vs. England - More Markets,2942102,spreads,England (-1.5),Spread: England (-1.5),England,France,59081023737975607500628528400166797136144717449042303459139811438678429594435,99901836617520718258160716567558126987507829345477748705868933930827338302389,37988.527819999996,386805.9964,0.1,0.11,0.05,0.01,True,0.11,0.1,0.009999999999999995,6602.6037,14589.1863,236.3,0.9,0.89,0.010000000000000009,2126.7000000000003,103549.8293,53421.0663,England,0.141402,0.111636,0.150536,0.11,0.1,0.01,0.004895,0.026507,-0.021259,0.04,0.051,14589.19,,,,,,WATCH,0
fifwc-fra-eng-2026-07-18,fifwc-fra-eng-2026-07-18-more-markets,France vs. England - More Markets,2942103,spreads,France (-2.5),Spread: France (-2.5),France,England,93539866195124165694729688965730248046184193746602191832197809660776251335744,4110944043952185402670353611530369910123429462051198103756625151142374961601,18796.857719999996,378779.5386,0.13,0.14,0.05,0.01,True,0.14,0.13,0.010000000000000009,6640.5836,17657.3089,3001.5427000000004,0.87,0.86,0.010000000000000009,20087.2473,134744.7774,40792.1564,England,0.908727,0.902113,0.937982,0.87,0.86,0.01,0.005655,0.033072,0.008458,0.04,0.837,134744.78,,,,,,WATCH,0
fifwc-fra-eng-2026-07-18,fifwc-fra-eng-2026-07-18-more-markets,France vs. England - More Markets,2942104,spreads,England (-2.5),Spread: England (-2.5),England,France,107356637311190267360783850642751181429643542425881821170401275479962938083788,55935298681955775296732900074490808079328769995256102977083593930399895110771,132878.85890700013,459195.18565,0.029,0.03,0.05,0.001,True,0.03,0.029,0.0009999999999999974,358.6044,2916.2967,270.8136,0.971,0.97,0.0010000000000000009,9067.5864,659212.89829,11594.8756,England,0.056131,0.03732,0.061089,0.03,0.029,0.001,0.001455,0.024676,-0.012135,0.04,0.0,2916.3,,,,,,WATCH,0
fifwc-fra-eng-2026-07-18,fifwc-fra-eng-2026-07-18-more-markets,France vs. England - More Markets,2942105,spreads,France (-3.5),Spread: France (-3.5),France,England,30524596259337981680587728552664553209709035817148238328444855292983132704753,12386495218367275181874695555531833907696459056042848951693399856367821752395,97200.742493,406179.07629,0.048,0.049,0.05,0.001,True,0.049,0.048,0.0010000000000000009,417.00225,2365.91291,139.54848,0.952,0.951,0.0010000000000000009,2720.11152,360205.07516,8093.2477499999995,England,0.964522,0.96106,0.97968,0.952,0.951,0.001,0.002285,0.010237,-0.011225,0.04,0.898,360205.08,,,,,,WATCH,0
fifwc-fra-eng-2026-07-18,fifwc-fra-eng-2026-07-18-more-markets,France vs. England - More Markets,2942106,spreads,England (-3.5),Spread: England (-3.5),England,France,109806483494935630291934132465846911927555746621302847455697136067770036217238,51997224566828875083197896629043134496740294018910226882849480957145518270977,12679.110537,416762.08155,0.007,0.009,0.05,0.001,True,0.009,0.007,0.001999999999999999,7.815779999999999,768.07296,20.003339999999998,0.993,0.991,0.0020000000000000018,2837.6166599999997,469190.67236,860.6042199999999,England,0.01932,0.010758,0.022187,0.009,0.007,0.002,0.000446,0.009874,-0.016688,0.04,0.0,768.07,,,,,,PASS,0
fifwc-fra-eng-2026-07-18,fifwc-fra-eng-2026-07-18-more-markets,France vs. England - More Markets,2942107,spreads,France (-4.5),Spread: France (-4.5),France,England,85267834267532893381510494854489910146537723937553185091933756740287328487141,43139594823871088966056390711790956497528805465981182476579695643178411232867,4951.367260999999,114176.59367,0.01,0.013,0.05,0.001,True,0.013,0.01,0.002999999999999999,17.26907,341.02445,8.105599999999999,0.99,0.987,0.0030000000000000027,802.4544,4285.14418,1311.12093,England,0.987747,0.985936,0.994004,0.99,0.987,0.003,0.000495,-0.002748,-0.022559,0.04,0.924,4285.14,,,,,,PASS,0
fifwc-fra-eng-2026-07-18,fifwc-fra-eng-2026-07-18-more-markets,France vs. England - More Markets,2942108,spreads,England (-4.5),Spread: England (-4.5),England,France,83858137775429766873583079293801133212676011201440037799442043787644885294823,89058207458134900758600319309526527341787020895808278123754134456905217734693,4678.122567000001,125416.44101,,0.001,0.05,0.001,True,0.001,,,0.00983,15.84956,0,,0.999,,0,0,9.82017,,0.006218,,,,,,,,,0.04,,,,,,,,ONE_SIDED_OR_UNQUOTED_PASS,0
fifwc-fra-eng-2026-07-18,fifwc-fra-eng-2026-07-18-more-markets,France vs. England - More Markets,2942109,spreads,France (-5.5),Spread: France (-5.5),France,England,107015951727796682676788885254080516570237213402306304530045294301833891644659,9446245787433246498335064310287294029330042203205887085004523959288003776213,16497.027704000946,202710.46192,0.002,0.005,0.05,0.001,True,0.005,0.002,0.003,8.68365,60.60898,1.6739000000000002,0.998,0.995,0.0030000000000000027,835.2761,3681.4271,1728.04635,England,0.996013,0.995304,0.998391,0.998,0.995,0.003,0.0001,-0.002086,-0.020795,0.04,0.934,3681.43,,,,,,PASS,0
fifwc-fra-eng-2026-07-18,fifwc-fra-eng-2026-07-18-more-markets,France vs. England - More Markets,2942110,spreads,England (-5.5),Spread: England (-5.5),England,France,77241955199380862377228543134066331526988123349321676518462683525841616901560,110801258184439721765191661716063636530979258652834634756174617338920391705687,5886.381506999998,196673.16875,,0.001,0.05,0.001,True,0.001,,,6.305140000000001,47.520140000000005,0,,0.999,,0,0,6298.83486,,0.00186,,,,,,,,,0.04,,,,,,,,ONE_SIDED_OR_UNQUOTED_PASS,0
fifwc-fra-eng-2026-07-18,fifwc-fra-eng-2026-07-18-more-markets,France vs. England - More Markets,2942111,totals,O/U 0.5,France vs. England: O/U 0.5,Over,Under,63394989871563411327592225760911317119016898782082385835069625555113561021962,32120227478407138859055793501586096850440988532128785588091232235719684264342,388081.5057920004,423127.6068,0.961,0.965,0.05,0.001,True,0.962,0.961,0.0010000000000000009,1202.5,294809.03447,8066.278429999999,0.039,0.038,0.0010000000000000009,327.35157,4651.85196,47.5,Under,0.042244,0.037124,0.088304,0.039,0.038,0.001,0.001874,0.00137,-0.01575,0.025,0.0,4651.85,,,,,,PASS,0
fifwc-fra-eng-2026-07-18,fifwc-fra-eng-2026-07-18-more-markets,France vs. England - More Markets,2942112,totals,O/U 1.5,France vs. England: O/U 1.5,Over,Under,55849010379012227718027113079992156041960679126331030026026488393449056177567,74910594565068158224893375660958876959994195840064419226652129439754632788747,263141.0527459999,479283.7559,0.86,0.87,0.05,0.01,True,0.87,0.86,0.010000000000000009,97902.057,193245.0222,17911.6414,0.14,0.13,0.010000000000000009,2915.8486000000007,23957.7993,14629.342,Under,0.154287,0.140793,0.27216,0.14,0.13,0.01,0.00602,0.008267,-0.017227,0.025,0.099,23957.8,,,,,,PASS,0
fifwc-fra-eng-2026-07-18,fifwc-fra-eng-2026-07-18-more-markets,France vs. England - More Markets,2942113,totals,O/U 2.5,France vs. England: O/U 2.5,Over,Under,91273691439800949134343698031415822234564495516010775300750054870032248800390,51996903197318772681058668801526087046272632621329877425203598210032904792582,593269.2474020018,739068.769,0.67,0.68,0.05,0.01,True,0.68,0.67,0.010000000000000009,230770.09040000004,312736.82540000003,36916.6181,0.33,0.32,0.010000000000000009,18182.8119,154068.48320000002,108597.68960000001,Under,0.325822,0.303031,0.490873,0.33,0.32,0.01,0.011055,-0.015233,-0.050024,0.025,0.256,154068.48,,,,,,PASS,0
fifwc-fra-eng-2026-07-18,fifwc-fra-eng-2026-07-18-more-markets,France vs. England - More Markets,2942114,totals,O/U 3.5,France vs. England: O/U 3.5,Over,Under,95915378873861214136464741197731679476285197462037980287078869056825510229415,80365342899455479632541246608117408855851039680249554514392443212940481459570,882957.6672460017,1073795.5332,0.44,0.45,0.05,0.01,True,0.45,0.44,0.010000000000000009,165066.6555,239135.7578,285351.2376,0.56,0.55,0.010000000000000009,362975.07680000004,526989.9389000001,202152.08200000002,Under,0.51408,0.485598,0.678836,0.56,0.55,0.01,0.01232,-0.05824,-0.098722,0.025,0.436,526989.94,0.5518,,,,,PASS,0
fifwc-fra-eng-2026-07-18,fifwc-fra-eng-2026-07-18-more-markets,France vs. England - More Markets,2942115,totals,O/U 4.5,France vs. England: O/U 4.5,Over,Under,7267436150570971620568374104121715758612572881063684710694300709246542320993,64143894378963589272843637530029731499807712614460216549109031708733298999931,301695.05161700025,471476.972,0.25,0.26,0.05,0.01,True,0.26,0.25,0.010000000000000009,20769.1978,45717.829600000005,14882.8675,0.75,0.74,0.010000000000000009,14155.1025,127803.9335,59369.8522,Over,0.31778,0.184336,0.347258,0.26,0.25,0.01,0.00962,0.04816,-0.097284,0.025,0.141,45717.83,,,,,,WATCH,0
fifwc-fra-eng-2026-07-18,fifwc-fra-eng-2026-07-18-more-markets,France vs. England - More Markets,2942116,totals,O/U 5.5,France vs. England: O/U 5.5,Over,Under,2837693008135583864003951653173854105705739433929544841571301661558210743572,99391303792561285756495149589862050061661277188853613284256324718757101288129,218379.838828,432551.0526,0.12,0.13,0.05,0.01,True,0.13,0.12,0.010000000000000009,7878.9607000000005,20608.832400000003,6607.1448,0.88,0.87,0.010000000000000009,48452.3952,117526.6416,52728.429299999996,Over,0.190893,0.099309,0.216096,0.13,0.12,0.01,0.005655,0.055238,-0.048346,0.025,0.059,20608.83,,,,,,WATCH,0
fifwc-fra-eng-2026-07-18,fifwc-fra-eng-2026-07-18-more-markets,France vs. England - More Markets,2942117,totals,O/U 6.5,France vs. England: O/U 6.5,Over,Under,25098640277282139188067828879686561255823846168955945665383818259964582022663,74656679432355534623655040730607466184987767891880084920922552797033526495351,292960.6705860002,450823.3528,0.05,0.06,0.05,0.01,True,0.06,0.05,0.009999999999999995,3453.1854,10944.1842,65.0475,0.95,0.94,0.010000000000000009,1235.9025,836010.9467999999,54099.904599999994,Over,0.103498,0.049169,0.122202,0.06,0.05,0.01,0.00282,0.040678,-0.025651,0.025,0.011,10944.18,,,,,,WATCH,0
fifwc-fra-eng-2026-07-18,fifwc-fra-eng-2026-07-18-more-markets,France vs. England - More Markets,2942118,totals,O/U 7.5,France vs. England: O/U 7.5,Over,Under,68106979109768751965045734891157200950640947704100301544315316427684123650379,64647116436858852187348705438424254494636479711911768297280086352874089897214,81169.46528399996,313479.05396,0.02,0.021,0.05,0.001,True,0.021,0.02,0.0010000000000000009,5.54253,1428.2563400000001,138.924,0.98,0.979,0.0010000000000000009,6807.276,738630.84678,258.38747,Over,0.052213,0.02242,0.064791,0.021,0.02,0.001,0.001028,0.030185,-0.011608,0.025,0.0,1428.26,,,,,,WATCH,0
fifwc-fra-eng-2026-07-18,fifwc-fra-eng-2026-07-18-more-markets,France vs. England - More Markets,2942119,totals,O/U 8.5,France vs. England: O/U 8.5,Over,Under,12309041237156455261283503330653006911942200196521974037423298457112193029839,44323953344620754285908375724740610970694641883401414173072988917495231221712,182852.11277600008,301176.89573,0.009,0.01,0.05,0.001,True,0.009,0.008,0.0009999999999999992,1.12608,523.44989,7.90944,0.992,0.991,0.0010000000000000009,980.7705599999999,1203114.31336,123.99392,Over,0.023947,0.009702,0.03126,0.009,0.008,0.001,0.000446,0.014501,-0.011744,0.025,0.0,523.45,,,,,,WATCH,0
fifwc-fra-eng-2026-07-18,fifwc-fra-eng-2026-07-18-more-markets,France vs. England - More Markets,2942120,soccer_extra_time,Will the Match Go to Extra Time?,France vs. England: Will the Match Go to Extra Time?,Yes,No,97073421403398987959367536357885777657934815132029969889101561100080702766740,21741388897814937158825210815863347655387627963929351195812841540921288098860,27888.340128000003,203058.7697,0.24,0.25,0.05,0.01,True,0.25,0.24,0.010000000000000009,2410.055,6243.8944,55.788,0.76,0.75,0.010000000000000009,176.662,54501.8383,7130.414999999999,Yes,0.264727,0.258622,0.299347,0.25,0.24,0.01,0.009375,0.005352,-0.012753,0.025,0.213,6243.89,,,,,,PASS,0
fifwc-fra-eng-2026-07-18,fifwc-fra-eng-2026-07-18-more-markets,France vs. England - More Markets,2942121,soccer_penalty_shootout,Will the Match Go to a Penalty Shootout?,France vs. England: Will the Match Go to a Penalty Shootout?,Yes,No,83043179192993203630938053790340590898652055325504637846849207587554779805134,23115808433726815135634015219269625481365734215381833317301970662744681283594,36330.96627199998,182644.4155,0.09,0.12,0.05,0.01,True,0.11,0.09,0.020000000000000004,132.98340000000002,979.2539,809.6868000000001,0.91,0.89,0.020000000000000018,8557.2032,31026.2537,1075.9566,Yes,0.130491,0.124211,0.154067,0.11,0.09,0.02,0.004895,0.015596,-0.020684,0.08,0.013,979.25,,,,,,WATCH,0
fifwc-fra-eng-2026-07-18,fifwc-fra-eng-2026-07-18-more-markets,France vs. England - More Markets,2943451,soccer_team_to_advance,Team to Win,France vs. England: Team to Win,France,England,68383229798738153843260173110368067454393737148304707811610243859638727205428,19937769871419809473954673695368929587069246301853660575164489787400178851999,3587751.401987924,1974866.4108,0.66,0.67,0.05,0.01,True,0.67,0.66,0.010000000000000009,134033.1784,873810.1086,534051.9954,0.34,0.33,0.010000000000000009,275117.6946,674747.1525999999,66016.3416,England,0.455433,0.4372,0.476751,0.34,0.33,0.01,0.01122,0.104213,0.07398,0.025,0.388,674747.15,0.3501,Oddschecker and FanDuel consensus captured 2026-07-18,Independent structure remains materially divergent from the sharp pre-match consensus; correlated selections are downgraded until official XIs.,,,EXTERNAL_CONFLICT_PASS,0
fifwc-fra-eng-2026-07-18,fifwc-fra-eng-2026-07-18-more-markets,France vs. England - More Markets,2945106,both_teams_to_score,Both Teams to Score,France vs. England: Both Teams to Score,Yes,No,22196998392342243873366818077695026233580486194147509099410422196355740160596,87091812505903815743803270227625955577075937753838076154606280651922488975820,529549.7602470017,1012434.8833,0.68,0.69,0.05,0.01,True,0.69,0.68,0.009999999999999898,329104.0353,678368.9504999999,332243.83160000003,0.32,0.31,0.010000000000000009,156238.3584,235124.50350000002,147896.3407,No,0.29408,0.275653,0.425942,0.32,0.31,0.01,0.01088,-0.0368,-0.085227,0.08,0.158,235124.5,0.3202,,,,,PASS,0
fifwc-fra-eng-2026-07-18,fifwc-fra-eng-2026-07-18-more-markets,France vs. England - More Markets,2945107,both_teams_to_score_first_half,Both Teams to Score in First Half,France vs. England: Both Teams to Score in First Half,Yes,No,4391345830576533824841132410036723087385633160063385993395120388340762058940,91029228047248466693172036976040023691069145713384739193965550677678980926654,16551.835241000004,260269.0108,0.29,0.3,0.05,0.01,True,0.3,0.29,0.010000000000000009,9292.014,47098.8881,1370.0499,0.71,0.7,0.010000000000000009,3354.2601,37655.8264,21681.365999999998,No,0.72212,0.706378,0.801522,0.71,0.7,0.01,0.010295,0.001825,-0.043917,0.08,0.584,37655.83,,,,,,PASS,0
fifwc-fra-eng-2026-07-18,fifwc-fra-eng-2026-07-18-more-markets,France vs. England - More Markets,2945108,first_half_totals,1st Half O/U 0.5,France vs. England: 1st Half O/U 0.5,Over,Under,19030420170214947802784149973836205462632652006737868268558412229625915229793,39867569013096230718869130072991629276053620858572140740460763188407734307298,4911.743683999998,249201.8829,0.76,0.77,0.05,0.01,True,0.77,0.76,0.010000000000000009,4242.1071,72117.9315,38782.9748,0.24,0.23,0.009999999999999981,12247.2552,25300.8852,1267.1228999999998,Under,0.233449,0.22006,0.325962,0.24,0.23,0.01,0.00912,-0.015671,-0.05906,0.08,0.105,25300.89,,,,,,PASS,0
fifwc-fra-eng-2026-07-18,fifwc-fra-eng-2026-07-18-more-markets,France vs. England - More Markets,2945109,first_half_totals,1st Half O/U 1.5,France vs. England: 1st Half O/U 1.5,Over,Under,29532477279960041912919215871616839658028851474577688028383547924350543690579,53310473490168491280351774506497631946166268444995362097910713848438114414505,78747.58556500003,570518.8205,0.43,0.44,0.05,0.01,True,0.44,0.43,0.010000000000000009,56010.869199999994,211488.85580000002,23350.634000000002,0.57,0.56,0.009999999999999898,30953.165999999997,69824.3816,71286.5608,Under,0.560522,0.539478,0.674338,0.57,0.56,0.01,0.012255,-0.021733,-0.072777,0.08,0.417,69824.38,,,,,,PASS,0
fifwc-fra-eng-2026-07-18,fifwc-fra-eng-2026-07-18-more-markets,France vs. England - More Markets,2945110,first_half_totals,1st Half O/U 2.5,France vs. England: 1st Half O/U 2.5,Over,Under,67808155204273968906189272959775355827879443631549885745825143498987697193783,92809639719252106740629121756964907255693622752014359818812770810888901389658,8009.341436999997,302435.3702,0.18,0.19,0.05,0.01,True,0.19,0.18,0.010000000000000009,9978.7544,18123.3935,10425.5514,0.82,0.81,0.009999999999999898,47494.1786,86862.62419999999,42541.005600000004,Under,0.802171,0.784827,0.877056,0.82,0.81,0.01,0.00738,-0.025209,-0.072553,0.08,0.663,86862.62,,,,,,PASS,0
fifwc-fra-eng-2026-07-18,fifwc-fra-eng-2026-07-18-more-markets,France vs. England - More Markets,2945111,soccer_team_totals,France O/U 0.5,France vs. England: France O/U 0.5,Over,Under,1155902477592771353560782335139980432236817201748303853206272493548768038077,111432385899989581268168703112480667004881813393138494618777507794538549833099,39314.42148900001,346833.3376,0.87,0.88,0.05,0.01,True,0.88,0.87,0.010000000000000009,12146.6048,88797.47630000001,3140.7,0.13,0.12,0.010000000000000009,469.3,10909.1593,1716.3551999999997,Under,0.149578,0.138371,0.239102,0.13,0.12,0.01,0.005655,0.013923,-0.027284,0.08,0.027,10909.16,,,,,,WATCH,0
fifwc-fra-eng-2026-07-18,fifwc-fra-eng-2026-07-18-more-markets,France vs. England - More Markets,2945112,soccer_team_totals,France O/U 1.5,France vs. England: France O/U 1.5,Over,Under,81589413234505914927685216310143286935936701802649031117031491177192684738503,62888387784091562780738338489535946921519876413236204729414349156333247045772,93883.19578000004,522788.5836,0.62,0.63,0.05,0.01,True,0.63,0.62,0.010000000000000009,30766.194900000002,137414.11490000002,12880.636400000001,0.38,0.37,0.010000000000000009,7894.583600000001,51239.9779,18258.4751,Under,0.429042,0.406558,0.571007,0.38,0.37,0.01,0.01178,0.037262,-0.015222,0.08,0.286,51239.98,,,,,,WATCH,0
fifwc-fra-eng-2026-07-18,fifwc-fra-eng-2026-07-18-more-markets,France vs. England - More Markets,2945113,soccer_team_totals,France O/U 2.5,France vs. England: France O/U 2.5,Over,Under,75755320367500731060334760880944517643525855157370828961830227262015183469683,87227578034036924905448589320857379284862573729438119105279846295772698631539,218868.24201700016,354743.8719,0.33,0.34,0.05,0.01,True,0.34,0.33,0.010000000000000009,2656.1990000000005,14772.374800000001,6834.567300000001,0.67,0.66,0.010000000000000009,13876.242700000003,113459.7987,5156.151000000001,Under,0.692776,0.668189,0.808298,0.67,0.66,0.01,0.011055,0.011721,-0.042866,0.08,0.545,113459.8,,,,,,WATCH,0
fifwc-fra-eng-2026-07-18,fifwc-fra-eng-2026-07-18-more-markets,France vs. England - More Markets,2945114,soccer_team_totals,England O/U 0.5,France vs. England: England O/U 0.5,Over,Under,90537260687240330688834336095275437635905684025049670242708460125891335048601,102857065990693970522327748948569323722708214692682432163879425338137430957634,4674.594986000002,263964.9241,0.76,0.77,0.05,0.01,True,0.77,0.76,0.010000000000000009,11678.667000000001,83018.3879,751.64,0.24,0.23,0.009999999999999981,237.35999999999999,16947.548,3488.4330000000004,Over,0.813253,0.717078,0.826282,0.77,0.76,0.01,0.008855,0.034398,-0.091777,0.08,0.595,83018.39,,,,,,WATCH,0
fifwc-fra-eng-2026-07-18,fifwc-fra-eng-2026-07-18-more-markets,France vs. England - More Markets,2945115,soccer_team_totals,England O/U 1.5,France vs. England: England O/U 1.5,Over,Under,67750456243843347072307986773258192498011763665354882663372186000518870755605,76401261669257564407126754326116288586724017952762905839478546951938053861407,27020.481877000006,411534.0482,0.4,0.41,0.05,0.01,True,0.41,0.4,0.009999999999999953,10880.124899999999,58809.59159999999,3886.9320000000002,0.6,0.59,0.010000000000000009,5830.398,57921.6223,15656.765099999999,Over,0.508776,0.370022,0.531953,0.41,0.4,0.01,0.012095,0.086681,-0.082073,0.08,0.25,58809.59,,,,,,WATCH,0
fifwc-fra-eng-2026-07-18,fifwc-fra-eng-2026-07-18-more-markets,France vs. England - More Markets,2945116,soccer_team_totals,England O/U 2.5,France vs. England: England O/U 2.5,Over,Under,35783959034100164747830402582988118032860190237558417114231227132903320563144,8982735167555522314048065503894700321885233574257828639944344249818528878874,30301.750074,374110.4647,0.15,0.16,0.05,0.01,True,0.16,0.15,0.010000000000000009,1105.8656,15933.8906,2927.8005,0.85,0.84,0.010000000000000009,16165.869499999999,85421.6124,5805.7944,Over,0.251722,0.15106,0.271496,0.16,0.15,0.01,0.00672,0.085002,-0.04566,0.08,0.039,15933.89,,,,,,WATCH,0
fifwc-fra-eng-2026-07-18,fifwc-fra-eng-2026-07-18-more-markets,France vs. England - More Markets,2945117,soccer_first_half_team_totals,France 1st Half O/U 0.5,France vs. England: France 1st Half O/U 0.5,Over,Under,69727069764001893896337003182682640852508172501521538594722110442764606298609,33274556611449893443692187225818151054356977031365927112536473698670426353822,1478.4596639999997,116653.9258,0.59,0.6,0.05,0.01,True,0.6,0.59,0.010000000000000009,696.42,4370.4109,31.2228,0.41,0.4,0.009999999999999953,21.6972,3028.7065000000002,464.28000000000003,Under,0.455227,0.439244,0.545913,0.41,0.4,0.01,0.012095,0.033132,-0.012851,0.08,0.318,3028.71,,,,,,WATCH,0
fifwc-fra-eng-2026-07-18,fifwc-fra-eng-2026-07-18-more-markets,France vs. England - More Markets,2945118,soccer_first_half_team_totals,France 1st Half O/U 1.5,France vs. England: France 1st Half O/U 1.5,Over,Under,89539348588434915436308184966271757506111337599538639679731572669397657897392,39684943606850965759458809585481092926620339561599641142197933253045917519193,738.091289,58506.5727,0.22,0.23,0.05,0.01,True,0.23,0.22,0.010000000000000009,2.3000000000000003,281.3332,107.60640000000001,0.78,0.76,0.020000000000000018,66.3,1490.9740000000002,271.6468,Under,0.80592,0.791929,0.869087,0.78,0.76,0.02,0.00858,0.01734,-0.026651,0.08,0.67,1490.97,,,,,,WATCH,0
fifwc-fra-eng-2026-07-18,fifwc-fra-eng-2026-07-18-more-markets,France vs. England - More Markets,2945119,soccer_first_half_team_totals,England 1st Half O/U 0.5,France vs. England: England 1st Half O/U 0.5,Over,Under,59486403042503647992385365488823460465019688551052056252393278432416364922457,86113926333642401285896252640556641612558607565530195050759735264101801518747,5655.281516000001,201484.6882,0.45,0.46,0.05,0.01,True,0.46,0.45,0.010000000000000009,6895.5886,15498.857899999999,19735.6725,0.55,0.54,0.010000000000000009,24121.377500000002,27714.136500000004,8094.821400000001,Over,0.499658,0.409309,0.512807,0.46,0.45,0.01,0.01242,0.027238,-0.093111,0.08,0.289,15498.86,,,,,,WATCH,0
fifwc-fra-eng-2026-07-18,fifwc-fra-eng-2026-07-18-more-markets,France vs. England - More Markets,2945120,soccer_first_half_team_totals,England 1st Half O/U 1.5,France vs. England: England 1st Half O/U 1.5,Over,Under,87220650775571326699230716585396883141373601898140837146995676256672212692787,17883545780044722647925555111283138606032278179097860596515882584932377139422,785.412739,21071.6662,0.11,0.13,0.05,0.01,True,0.13,0.11,0.020000000000000004,59.17080000000001,226.00700000000003,105.7034,0.89,0.87,0.020000000000000018,855.2366000000001,14306.399900000002,395.98920000000004,Over,0.159467,0.105409,0.170564,0.13,0.11,0.02,0.005655,0.023812,-0.060246,0.08,0.0,226.01,,,,,,WATCH,0
fifwc-fra-eng-2026-07-18,fifwc-fra-eng-2026-07-18-more-markets,France vs. England - More Markets,2945121,both_teams_to_score_second_half,Both Teams to Score in Second Half,France vs. England: Both Teams to Score in Second Half,Yes,No,91691901000634658914706873990067819160363232504892917613990247954276313244402,61058256931953923731337600552008743233066992430126952886273477523163502670956,4764.755045000002,254635.2535,0.39,0.4,0.05,0.01,True,0.4,0.39,0.010000000000000009,44069.152,99314.2684,1578.7512,0.61,0.6,0.010000000000000009,2469.3288,14684.024599999999,66103.728,Yes,0.452193,0.336544,0.474391,0.4,0.39,0.01,0.012,0.040193,-0.105456,0.08,0.218,99314.27,,,,,,WATCH,0
fifwc-fra-eng-2026-07-18,fifwc-fra-eng-2026-07-18-more-markets,France vs. England - More Markets,2945122,second_half_totals,2nd Half O/U 0.5,France vs. England: 2nd Half O/U 0.5,Over,Under,62101359506469738081093956661143337461256300447246223972289262683739305426849,33826290342271653211897034215883867639577438603886981587262316294432140653430,308.246195,23479.6665,0.85,0.86,0.05,0.01,True,0.86,0.85,0.010000000000000009,992.397,11417.982600000001,177.4715,0.15,0.14,0.009999999999999981,31.318499999999997,221.99930000000003,161.55300000000003,Under,0.13944,0.128469,0.223811,0.15,0.14,0.01,0.006375,-0.016935,-0.057906,0.08,0.017,222.0,,,,,,PASS,0
fifwc-fra-eng-2026-07-18,fifwc-fra-eng-2026-07-18-more-markets,France vs. England - More Markets,2945123,second_half_totals,2nd Half O/U 1.5,France vs. England: 2nd Half O/U 1.5,Over,Under,25834111254132365029731697713358389164378033632151208701026657931223555188053,99423692366081068950193846265799144141378466477751264401244896337195385181551,4984.992307,142120.7673,0.59,0.6,0.05,0.01,True,0.6,0.59,0.010000000000000009,329.046,27555.8654,254.3903,0.41,0.4,0.009999999999999953,176.7797,17073.7097,219.364,Under,0.387416,0.366622,0.526336,0.41,0.4,0.01,0.012095,-0.034679,-0.085473,0.08,0.247,17073.71,,,,,,PASS,0
fifwc-fra-eng-2026-07-18,fifwc-fra-eng-2026-07-18-more-markets,France vs. England - More Markets,2945124,second_half_totals,2nd Half O/U 2.5,France vs. England: 2nd Half O/U 2.5,Over,Under,8226583154331818864748305233300514267254327797730051756401330068881536059430,21258445887911184386170604695056839168993370725414958037965658507604313076956,130.892016,72401.4852,0.29,0.3,0.05,0.01,True,0.3,0.29,0.010000000000000009,47.739,1372.2761999999998,2.9,0.71,0.7,0.010000000000000009,7.1,1447.4156,111.39099999999999,Over,0.366004,0.241644,0.391104,0.3,0.29,0.01,0.0105,0.055504,-0.098856,0.08,0.126,1372.28,,,,,,WATCH,0
fifwc-fra-eng-2026-07-18,fifwc-fra-eng-2026-07-18-more-markets,France vs. England - More Markets,2945125,soccer_second_half_team_totals,France 2nd Half O/U 0.5,France vs. England: France 2nd Half O/U 0.5,Over,Under,51211566175428534683756175912526547417583370047425526289634954935928822078243,23568438602255745033704240183014708872264306476530715200928174402398770792549,32.616251,49807.039,0.67,0.69,0.05,0.01,True,0.69,0.67,0.019999999999999907,1.4489999999999998,4.999,238.84160000000003,0.33,0.31,0.020000000000000018,117.63840000000002,438.8602000000001,0.651,Under,0.322813,0.307307,0.426562,0.33,0.31,0.02,0.011055,-0.018242,-0.063748,0.08,0.189,438.86,,,,,,PASS,0
fifwc-fra-eng-2026-07-18,fifwc-fra-eng-2026-07-18-more-markets,France vs. England - More Markets,2945126,soccer_second_half_team_totals,France 2nd Half O/U 1.5,France vs. England: France 2nd Half O/U 1.5,Over,Under,10873885943623230850154646400003522336504194534131391916594837223048831024745,103934795107960682673380615358994617021608681681785089611974602444525313332577,673.625462,42702.6575,0.3,0.32,0.05,0.01,True,0.32,0.3,0.020000000000000018,0.0736,0.0736,111.91799999999999,0.7,0.68,0.019999999999999907,261.142,418.042,0.1564,Under,0.684809,0.665931,0.784342,0.7,0.68,0.02,0.0105,-0.025691,-0.074569,0.08,0.543,418.04,,,,,,PASS,0
fifwc-fra-eng-2026-07-18,fifwc-fra-eng-2026-07-18-more-markets,France vs. England - More Markets,2945127,soccer_second_half_team_totals,England 2nd Half O/U 0.5,France vs. England: England 2nd Half O/U 0.5,Over,Under,89271967339477930160936281684609336917266377943520267734819735585752070407158,84083444525168154775067033633120208469621539680968099189309535301475912928783,89.20342200000002,72765.6828,0.51,0.54,0.05,0.01,True,0.54,0.51,0.030000000000000027,474.76800000000003,2175.86,407.1738,0.49,0.46,0.02999999999999997,391.20619999999997,2257.8912,404.432,Over,0.635567,0.53046,0.653229,0.54,0.51,0.03,0.01242,0.083147,-0.05196,0.08,0.408,2175.86,,,,,,WATCH,0
fifwc-fra-eng-2026-07-18,fifwc-fra-eng-2026-07-18-more-markets,France vs. England - More Markets,2945128,soccer_second_half_team_totals,England 2nd Half O/U 1.5,France vs. England: England 2nd Half O/U 1.5,Over,Under,47876112958999545009061559207887415864256351135672404939654444447435843835787,3041522069611775318796651568834821828923397878106993369010112044187118204678,62.313807,29934.2114,0.17,0.24,0.05,0.01,True,0.23,0.18,0.05000000000000002,2.3000000000000003,31.099999999999998,24.3378,0.82,0.77,0.04999999999999993,110.8722,272.5315,129.7758,Over,0.27238,0.181958,0.289422,0.23,0.18,0.05,0.008855,0.033525,-0.086897,0.08,0.068,31.1,,,,,,WATCH,0
fifwc-fra-eng-2026-07-18,fifwc-fra-eng-2026-07-18-total-corners,France vs. England - Total Corners,2942122,total_corners,Total Corners: O/U 7.5,France vs. England: O/U 7.5 Total Corners,Over,Under,82737101781736233368805000095435496007494486871904983788683047060637474637581,110459387052509135950514758666279069015364599349259913317149342417234908734325,12894.421028000004,127296.2436,0.7,0.71,0.05,0.01,True,0.71,0.7,0.010000000000000009,477.2052,2656.6065,1422.204,0.3,0.29,0.010000000000000009,609.516,2894.1181,194.91479999999999,Over,0.871609,0.740362,0.871018,0.71,0.7,0.01,0.010295,0.151314,-0.004933,0.06,0.643,2656.61,,,,,,WATCH,0
fifwc-fra-eng-2026-07-18,fifwc-fra-eng-2026-07-18-total-corners,France vs. England - Total Corners,2942123,total_corners,Total Corners: O/U 9.5,France vs. England: O/U 9.5 Total Corners,Over,Under,74521456636767031604688100457193866424444143835411879544395720416068677391952,5773535398990059725323205702229302251691300650431994026209860163076660304027,36727.16821899998,167027.3034,0.44,0.46,0.05,0.01,True,0.46,0.44,0.020000000000000018,2193.4502,5742.5380000000005,1241.4336,0.56,0.54,0.020000000000000018,1580.0064000000002,7635.102799999999,2574.9198,Over,0.715778,0.533947,0.71616,0.46,0.44,0.02,0.01242,0.243358,0.036527,0.06,0.436,5742.54,,,,,,WATCH,0
fifwc-fra-eng-2026-07-18,fifwc-fra-eng-2026-07-18-total-corners,France vs. England - Total Corners,2942124,total_corners,Total Corners: O/U 10.5,France vs. England: O/U 10.5 Total Corners,Over,Under,112168995059814549386010508206108993064060064763785711819890321518838685303745,39108053213129684546469482314826802561017058586480290071725568791745522768247,13299.981285,135631.8592,0.33,0.34,0.05,0.01,True,0.34,0.33,0.010000000000000009,5.1000000000000005,3583.964,6033.2613,0.67,0.66,0.010000000000000009,12249.3487,18832.1614,9.9,Over,0.618822,0.431282,0.619047,0.34,0.33,0.01,0.01122,0.267602,0.055062,0.06,0.335,3583.96,,,,,,WATCH,0
fifwc-fra-eng-2026-07-18,fifwc-fra-eng-2026-07-18-total-corners,France vs. England - Total Corners,2942125,total_corners,Total Corners: O/U 11.5,France vs. England: O/U 11.5 Total Corners,Over,Under,79794945354423002433037771941457657706842839774169576081409224999650611127540,6760474390440116577692233208572932424237181782432584004470725109648616682321,2418.225347,35597.5388,0.23,0.25,0.05,0.01,True,0.25,0.23,0.01999999999999999,377.98,615.754,21.399200000000004,0.77,0.75,0.020000000000000018,71.64080000000001,2584.0586,1133.94,Over,0.516407,0.336929,0.517964,0.25,0.23,0.02,0.009375,0.257032,0.052554,0.06,0.242,615.75,,,,,,WATCH,0
fifwc-fra-eng-2026-07-18,fifwc-fra-eng-2026-07-18-total-corners,France vs. England - Total Corners,2942126,total_corners,Total Corners: O/U 12.5,France vs. England: O/U 12.5 Total Corners,Over,Under,40906681590660419103556621797218531407941024281539588912975066296410448906563,51788962364913067057740152229959831402862938580319224337948409110894662210847,4055.468509,55447.4727,0.14,0.15,0.05,0.01,True,0.15,0.14,0.009999999999999981,34.7745,105.31590000000001,184.68520000000004,0.86,0.85,0.010000000000000009,1134.4948,3003.0848,197.0555,Over,0.414931,0.255976,0.417642,0.15,0.14,0.01,0.006375,0.258556,0.074601,0.06,0.164,105.32,,,,,,WATCH,0
fifwc-fra-eng-2026-07-18,fifwc-fra-eng-2026-07-18-total-corners,France vs. England - Total Corners,2942127,total_corners,Total Corners: O/U 8.5,France vs. England: O/U 8.5 Total Corners,Over,Under,9199245358321606659376918480682939142774574358606906132911106408283595182918,10154543686257673514573572805511142794407521096128765808644869575953422480577,98771.02945100005,249364.3169,0.57,0.58,0.05,0.01,True,0.59,0.58,0.010000000000000009,6222.1046,45861.076799999995,4495.058,0.42,0.41,0.010000000000000009,3255.042,31759.501,4323.8354,Over,0.800991,0.639562,0.801198,0.59,0.58,0.01,0.012095,0.198896,0.012467,0.06,0.542,45861.08,,,,,,WATCH,0
fifwc-fra-eng-2026-07-18,fifwc-fra-eng-2026-07-18-total-corners,France vs. England - Total Corners,2942128,total_corners,Total Corners: O/U 6.5,France vs. England: O/U 6.5 Total Corners,Over,Under,96038757124217797449325148285961624701310370449787723647122146043573091921556,70144782109197884207570390508473440928281313651662974556712206334252616295522,7928.886575999995,103447.2592,0.8,0.81,0.05,0.01,True,0.81,0.8,0.010000000000000009,522.0612,2470.3894,728.888,0.2,0.19,0.010000000000000009,182.222,848.9177,122.4588,Over,0.924569,0.830602,0.925082,0.81,0.8,0.01,0.007695,0.106874,-0.012093,0.06,0.735,2470.39,,,,,,WATCH,0
fifwc-fra-eng-2026-07-18,fifwc-fra-eng-2026-07-18-total-corners,France vs. England - Total Corners,2942129,soccer_first_half_total_corners,1st Half Total Corners: O/U 3.5,France vs. England: 1st Half O/U 3.5 Total Corners,Over,Under,364961966268651867414037428014500876692984930380256550133522201479322140365,70919329620415768390956207467660621636413175096559474493097068180068574300061,5921.702667,128205.6718,0.62,0.63,0.05,0.01,True,0.63,0.62,0.010000000000000009,276.90389999999996,9840.6424,6.2,0.38,0.37,0.010000000000000009,3.8,3727.0057000000006,162.62609999999998,Over,0.724744,0.608604,0.7274,0.63,0.62,0.01,0.011655,0.083089,-0.058051,0.06,0.511,9840.64,,,,,,WATCH,0
fifwc-fra-eng-2026-07-18,fifwc-fra-eng-2026-07-18-total-corners,France vs. England - Total Corners,2942130,soccer_first_half_total_corners,1st Half Total Corners: O/U 4.5,France vs. England: 1st Half O/U 4.5 Total Corners,Over,Under,32040466707452496073679992858224274721235398044906739823229141478841142916597,81671802901524969961293313032484006457696910967769163647428003676987740941515,1659.325805,102070.191,0.46,0.47,0.05,0.01,True,0.47,0.46,0.009999999999999953,307.06510000000003,2632.2050999999997,5772.1398,0.54,0.53,0.010000000000000009,6775.9902,14893.019800000002,346.2649,Over,0.554433,0.42694,0.556302,0.47,0.46,0.01,0.012455,0.071978,-0.080515,0.06,0.33,2632.21,,,,,,WATCH,0
fifwc-fra-eng-2026-07-18,fifwc-fra-eng-2026-07-18-total-corners,France vs. England - Total Corners,2942131,soccer_first_half_total_corners,1st Half Total Corners: O/U 5.5,France vs. England: 1st Half O/U 5.5 Total Corners,Over,Under,23859736097294385032774398803606926459911507379560539546900972804495099146936,95478875632286283349583785131192322770010071444219253360085972294248081124520,948.4944399999999,23931.3967,0.26,0.28,0.05,0.01,True,0.28,0.26,0.020000000000000018,89.2192,293.156,85.66220000000001,0.74,0.72,0.020000000000000018,243.80780000000001,1126.487,229.42079999999999,Over,0.385347,0.272258,0.387058,0.28,0.26,0.02,0.01008,0.095267,-0.042822,0.06,0.179,293.16,,,,,,WATCH,0
fifwc-fra-eng-2026-07-18,fifwc-fra-eng-2026-07-18-total-corners,France vs. England - Total Corners,2942132,soccer_second_half_total_corners,2nd Half Total Corners: O/U 3.5,France vs. England: 2nd Half O/U 3.5 Total Corners,Over,Under,57967506953408546210077454782768488111983104018630645054328806801863727158734,33868995604101967066575643625057945241343200854476512338312020690588903033078,897.216362,25305.2932,0.73,0.76,0.05,0.01,True,0.76,0.73,0.030000000000000027,784.32,3000.4802,162.0819,0.27,0.24,0.030000000000000027,59.948100000000004,374.7837,247.67999999999998,Over,0.892209,0.802911,0.892464,0.76,0.73,0.03,0.00912,0.123089,0.008791,0.06,0.707,3000.48,,,,,,WATCH,0
fifwc-fra-eng-2026-07-18,fifwc-fra-eng-2026-07-18-total-corners,France vs. England - Total Corners,2942133,soccer_second_half_total_corners,2nd Half Total Corners: O/U 4.5,France vs. England: 2nd Half O/U 4.5 Total Corners,Over,Under,60293486787940927809386510938701309692323686709810151080062528932938287471800,58080222179136729384437910261935656271406454974512360019703969515059893277292,8085.323658,124320.9798,0.56,0.57,0.05,0.01,True,0.57,0.56,0.009999999999999898,170.99999999999997,3206.8140999999996,98.50400000000002,0.44,0.43,0.010000000000000009,77.396,2262.9362,129.0,Over,0.793282,0.663938,0.792658,0.57,0.56,0.01,0.012255,0.211027,0.056683,0.06,0.566,3206.81,,,,,,WATCH,0
fifwc-fra-eng-2026-07-18,fifwc-fra-eng-2026-07-18-total-corners,France vs. England - Total Corners,2942134,soccer_second_half_total_corners,2nd Half Total Corners: O/U 5.5,France vs. England: 2nd Half O/U 5.5 Total Corners,Over,Under,6750523889293961322670902604813931674393358648059521351302541838174372881901,42073691791235335583184180190811522894505360404452549254503595161763813151547,561.5123239999999,22764.8097,0.34,0.36,0.05,0.01,True,0.37,0.34,0.02999999999999997,191.52679999999998,270.83279999999996,411.9032,0.66,0.63,0.030000000000000027,799.5768,2193.4404,326.1132,Over,0.664344,0.51286,0.663627,0.37,0.34,0.03,0.011655,0.282689,0.106205,0.06,0.415,270.83,,,,,,WATCH,0
fifwc-fra-eng-2026-07-18,fifwc-fra-eng-2026-07-18-total-corners,France vs. England - Total Corners,2942135,soccer_game_corners_odd_even,Total Corners: Odd or Even,France vs. England: Total Corners Odd or Even?,Odd,Even,12260513413424154986236494834029101043317069761387237447682034637095753394133,53852807331119707193572180932475621708500317124710147207322658523414967160603,2023.2992540000002,90533.1576,0.49,0.5,0.05,0.01,True,0.5,0.49,0.010000000000000009,332.21,8222.51,5566.5715,0.51,0.5,0.010000000000000009,5793.7785,7969.4185,327.41,Odd,0.49842,0.499447,0.504251,0.5,0.49,0.01,0.0125,-0.01408,-0.038053,0.06,0.402,8222.51,,,,,,PASS,0
fifwc-fra-eng-2026-07-18,fifwc-fra-eng-2026-07-18-total-corners,France vs. England - Total Corners,2942136,soccer_first_corner,Team to Take First Corner,France vs. England: Team to Take First Corner,France,England,109426155258832192110465069987449716342784349152372424241275278380245957302661,110820722777010390504614227253165554445079884925564786549086628000219103637965,2600.044698,32474.9805,0.57,0.6,0.05,0.01,True,0.58,0.57,0.010000000000000009,11.6,545.9747,347.62019999999995,0.43,0.4,0.02999999999999997,262.2398,1060.8373000000001,73.688,France,0.639202,0.636907,0.639667,0.58,0.57,0.01,0.01218,0.047022,0.019727,0.06,0.539,545.97,,,,,,WATCH,0
fifwc-fra-eng-2026-07-18,fifwc-fra-eng-2026-07-18-total-corners,France vs. England - Total Corners,2947011,soccer_team_total_corners,England Corners: O/U 2.5,France vs. England: England O/U 2.5 Corners,Over,Under,101905193178623810303147909727085631837985389658545420532697999275611290747586,7742170352262591023490885357666853748656892511289454063209183390728767737870,908.5143200000001,24645.3621,0.71,0.72,0.05,0.01,True,0.72,0.71,0.010000000000000009,14.399999999999999,2064.9844,71.17039999999999,0.29,0.28,0.009999999999999953,29.069599999999998,170.8896,5.6000000000000005,Over,0.797089,0.698787,0.798093,0.72,0.71,0.01,0.01008,0.067009,-0.056293,0.06,0.601,2064.98,,,,,,WATCH,0
fifwc-fra-eng-2026-07-18,fifwc-fra-eng-2026-07-18-total-corners,France vs. England - Total Corners,2947012,soccer_team_total_corners,England Corners: O/U 3.5,France vs. England: England O/U 3.5 Corners,Over,Under,61845319204240558540643636651666758256003475016182358735346564040965842124719,41975110414965163145003566385731430296867462484923481386961970748447797086375,4030.8775910000004,76009.3532,0.53,0.54,0.05,0.01,True,0.54,0.53,0.010000000000000009,890.4492,2949.3424,368.2758,0.47,0.46,0.009999999999999953,326.5842,1300.6042,758.5308,Over,0.6245,0.502573,0.625827,0.54,0.53,0.01,0.01242,0.07208,-0.074847,0.06,0.405,2949.34,,,,,,WATCH,0
fifwc-fra-eng-2026-07-18,fifwc-fra-eng-2026-07-18-total-corners,France vs. England - Total Corners,2947013,soccer_team_total_corners,England Corners: O/U 4.5,France vs. England: England O/U 4.5 Corners,Over,Under,108847348255980837539716503049469107065773854227341339827771417467604589568256,98550734328350536407451395585620390155061799450965806235939302642748646056234,3531.507166,58932.742,0.35,0.36,0.05,0.01,True,0.36,0.35,0.010000000000000009,1398.5316,1406.0316,98.0,0.65,0.64,0.010000000000000009,182.0,1069.8066,2486.2784,Over,0.440004,0.32364,0.443198,0.36,0.35,0.01,0.01152,0.068484,-0.07288,0.06,0.229,1406.03,,,,,,WATCH,0
fifwc-fra-eng-2026-07-18,fifwc-fra-eng-2026-07-18-total-corners,France vs. England - Total Corners,2947014,soccer_team_total_corners,France Corners: O/U 3.5,France vs. England: France O/U 3.5 Corners,Over,Under,45035782688877239258508858435887624672088138887210974752520793406152136271537,28449946008394643504389575913952849668378162843298839094935802904267534048712,336.643352,21797.058,0.75,0.77,0.05,0.01,True,0.77,0.75,0.020000000000000018,313.46700000000004,1698.1682,233.28750000000002,0.25,0.23,0.01999999999999999,77.7625,113.9025,93.63300000000001,Over,0.9235,0.851544,0.923689,0.77,0.75,0.02,0.008855,0.144645,0.047689,0.06,0.757,1698.17,,,,,,WATCH,0
fifwc-fra-eng-2026-07-18,fifwc-fra-eng-2026-07-18-total-corners,France vs. England - Total Corners,2947015,soccer_team_total_corners,France Corners: O/U 4.5,France vs. England: France O/U 4.5 Corners,Over,Under,82367935695271461091842544831042500995171565208217097814510970576182220600228,66328927893536243259635380550379774537742523978137930011822422551599068027776,1048.261679,73197.5854,0.59,0.6,0.05,0.01,True,0.6,0.59,0.010000000000000009,34.884,2475.4874,378.6679,0.41,0.4,0.009999999999999953,263.14209999999997,348.71209999999996,23.256,Over,0.844733,0.732927,0.844562,0.6,0.59,0.01,0.012,0.232733,0.095927,0.06,0.636,2475.49,,,,,,BET,12.38
fifwc-fra-eng-2026-07-18,fifwc-fra-eng-2026-07-18-total-corners,France vs. England - Total Corners,2947016,soccer_team_total_corners,France Corners: O/U 5.5,France vs. England: France O/U 5.5 Corners,Over,Under,62406291263331883227242324039442117842756778493812967271790007927526665449863,98293153894879388188494812066633301086970298860992220730262596500658139866414,4838.230621000001,74140.5136,0.46,0.47,0.05,0.01,True,0.47,0.44,0.02999999999999997,7642.3832999999995,8804.8833,938.96,0.56,0.53,0.030000000000000027,1195.0400000000002,1920.736,8618.0067,Over,0.735753,0.592591,0.736442,0.47,0.44,0.03,0.012455,0.253298,0.085136,0.06,0.495,8804.88,,,,,,WATCH,0
fifwc-fra-eng-2026-07-18,fifwc-fra-eng-2026-07-18-total-corners,France vs. England - Total Corners,2959208,soccer_team_total_corners,France Corners: O/U 6.5,France vs. England: France O/U 6.5 Corners,Over,Under,43481609846221061986005972302031306297266200406761102546988894631719550151934,101979042837599940529115664329200421110975035777674329922755602672801300453671,156.25,49890.1551,0.3,0.32,0.05,0.01,True,0.32,0.31,0.010000000000000009,1600.0,1650.5,48.4375,0.69,0.68,0.009999999999999898,107.81249999999999,463.2101,3400.0000000000005,Over,0.606071,0.451471,0.608656,0.32,0.31,0.01,0.01088,0.275191,0.095591,0.06,0.355,1650.5,,,,,,WATCH,0
fifwc-fra-eng-2026-07-18,fifwc-fra-eng-2026-07-18-player-props,France vs. England - Player Props,2943702,soccer_player_goalkeeper_saves,Brice Samba: 2+ saves,Brice Samba: 2+ saves,Yes,No,107239424319556934147292015802617748010670565192190716315417329416063517212725,25327042312870402417078576735458088437877510959276518403559404661297429863530,824.81658,326.5251,0.01,0.76,0.05,0.01,True,0.76,0.01,0.75,9.9104,50.0813,0.0864,0.99,0.24,0.75,8.553600000000001,8.553600000000001,3.1295999999999995,No,1.0,1.0,1.0,0.99,0.24,0.75,0.000495,0.009505,-0.030495,0.12,0.833,8.55,,,,Projected appearance probability is only 0.0%; wait for the official XI.,No verified 2026 World Cup player-minute sample is available; the generic role prior is not sufficient for a bet.,PASS,0
fifwc-fra-eng-2026-07-18,fifwc-fra-eng-2026-07-18-player-props,France vs. England - Player Props,2943703,soccer_player_goalkeeper_saves,Brice Samba: 3+ saves,Brice Samba: 3+ saves,Yes,No,70464853199361914220635425943177608221708647825164590421527577870771739707812,66359722997278914626995632328709946089937133069995390680774378534906243844215,73.25999999999999,137.6586,0.01,0.7,0.05,0.01,True,0.7,0.01,0.69,303.33099999999996,303.33099999999996,0.1,0.99,0.3,0.69,9.9,9.9,129.999,No,1.0,1.0,1.0,0.99,0.3,0.69,0.000495,0.009505,-0.030495,0.12,0.833,9.9,,,,Projected appearance probability is only 0.0%; wait for the official XI.,No verified 2026 World Cup player-minute sample is available; the generic role prior is not sufficient for a bet.,PASS,0
fifwc-fra-eng-2026-07-18,fifwc-fra-eng-2026-07-18-player-props,France vs. England - Player Props,2943704,soccer_player_goalkeeper_saves,Brice Samba: 4+ saves,Brice Samba: 4+ saves,Yes,No,43832504498794667537562273285312067395013792631186320407025315591705512831428,4842682567934698787378350289402278457425286224197245085317386766003787113842,52.9775,113.6577,0.01,0.52,0.05,0.01,True,0.52,0.01,0.51,108.33160000000001,108.33160000000001,0.1,0.99,0.48,0.51,9.9,9.9,99.9984,No,1.0,1.0,1.0,0.99,0.48,0.51,0.000495,0.009505,-0.030495,0.12,0.833,9.9,,,,Projected appearance probability is only 0.0%; wait for the official XI.,No verified 2026 World Cup player-minute sample is available; the generic role prior is not sufficient for a bet.,PASS,0
fifwc-fra-eng-2026-07-18,fifwc-fra-eng-2026-07-18-player-props,France vs. England - Player Props,2943705,soccer_player_goalkeeper_saves,Brice Samba: 5+ saves,Brice Samba: 5+ saves,Yes,No,6551304375398896690999282885374771373567188695895325825897915891048413470418,102406726678593717639284999169743677080529794379116954514729767177473864630147,0,107.6556,0.01,0.35,0.05,0.01,True,0.35,0.01,0.33999999999999997,53.844,53.844,0.1,0.99,0.65,0.33999999999999997,9.9,9.9,99.99600000000001,No,1.0,1.0,1.0,0.99,0.65,0.34,0.000495,0.009505,-0.030495,0.12,0.833,9.9,,,,Projected appearance probability is only 0.0%; wait for the official XI.,No verified 2026 World Cup player-minute sample is available; the generic role prior is not sufficient for a bet.,PASS,0
fifwc-fra-eng-2026-07-18,fifwc-fra-eng-2026-07-18-player-props,France vs. England - Player Props,2943706,soccer_player_goalkeeper_saves,Jordan Pickford: 2+ saves,Jordan Pickford: 2+ saves,Yes,No,27597930125218543988908978855024722916866759394769641722353689326181096031468,6655948019428412795641236036433485742724996333821441594490744754054899212589,0,114.3963,0.03,0.96,0.05,0.01,True,0.96,0.03,0.9299999999999999,13.488,5135.571599999999,6.0,0.97,0.04,0.9299999999999999,194.0,228.4,0.562,Yes,0.9752,0.93874,0.978778,0.96,0.03,0.93,0.00192,0.01328,-0.06318,0.12,0.769,5135.57,,,,,,WATCH,0
fifwc-fra-eng-2026-07-18,fifwc-fra-eng-2026-07-18-player-props,France vs. England - Player Props,2943707,soccer_player_goalkeeper_saves,Jordan Pickford: 3+ saves,Jordan Pickford: 3+ saves,Yes,No,80482073614570993419314669693583038663861201582717221613260557384525792779649,56321152914275988016773101355755209914229189979879917124834771431844071320671,0,1592.3257,0.41,0.43,0.05,0.01,True,0.43,0.41,0.020000000000000018,203.6093,462.55369999999994,102.91,0.59,0.57,0.020000000000000018,148.09,665.6704,269.9007,Yes,0.916511,0.829266,0.926743,0.43,0.41,0.02,0.012255,0.474256,0.347011,0.12,0.658,462.55,,,,,,WATCH,0
fifwc-fra-eng-2026-07-18,fifwc-fra-eng-2026-07-18-player-props,France vs. England - Player Props,2943708,soccer_player_goalkeeper_saves,Jordan Pickford: 4+ saves,Jordan Pickford: 4+ saves,Yes,No,52675276782640070783519534781341050487055271132036606028851178656061450699244,40282337330215973006950446535045145940716964811559272002510729869643074127975,0,2065.1889,0.01,0.56,0.05,0.01,True,0.56,0.01,0.55,56.00000000000001,746.0,0.1,0.99,0.44,0.55,9.9,9.9,44.0,Yes,0.807327,0.667046,0.826841,0.56,0.01,0.55,0.01232,0.235007,0.054726,0.12,0.494,746.0,,,,,,WATCH,0
fifwc-fra-eng-2026-07-18,fifwc-fra-eng-2026-07-18-player-props,France vs. England - Player Props,2943710,soccer_player_goalkeeper_saves,Jordan Pickford: 5+ saves,Jordan Pickford: 5+ saves,Yes,No,40002197637028842111347672702703550254816093679014376413263930406261679350623,57140502568349392325956068740822723516903115247977016255006303424258713833720,5.492955,107.6575,0.01,0.71,0.05,0.01,True,0.71,0.01,0.7,244.82219999999998,244.82219999999998,0.1,0.99,0.29,0.7,9.9,9.9,99.9978,Yes,0.654984,0.484474,0.682903,0.71,0.01,0.7,0.010295,-0.065311,-0.275821,0.12,0.313,244.82,,,,,,PASS,0
fifwc-fra-eng-2026-07-18,fifwc-fra-eng-2026-07-18-player-props,France vs. England - Player Props,2944243,soccer_player_goals,Adrien Rabiot: 1+ goals,Adrien Rabiot: 1+ goals,Yes,No,78246975446826739918229031201704545008469578270555743284584488438260725261587,40019084462509325560561692069107705906113123902973391607382351474115479016460,733.356925,16144.98351,0.033,0.068,0.05,0.001,True,0.068,0.033,0.035,12.444,30.343700000000005,10.28214,0.967,0.932,0.03499999999999992,301.29785999999996,301.29785999999996,170.556,No,0.997647,0.997538,0.998195,0.967,0.932,0.035,0.001596,0.029052,-0.011057,0.12,0.83,301.3,,,,Projected appearance probability is only 12.0%; wait for the official XI.,,WATCH,0
fifwc-fra-eng-2026-07-18,fifwc-fra-eng-2026-07-18-player-props,France vs. England - Player Props,2944244,soccer_player_goals,Adrien Rabiot: 2+ goals,Adrien Rabiot: 2+ goals,Yes,No,2838196602495364036514704461237905080016104715738792015434007498013810830700,80286289980297304627264101185926742792288566219032328207184945794813337989893,0,14768.24287,0.01,0.027,0.05,0.001,True,0.027,0.01,0.017,39.31713,73.09664,0.1,0.99,0.973,0.017000000000000015,9.9,2077.83,1416.87287,No,0.999977,0.999975,0.999986,0.99,0.973,0.017,0.000495,0.009482,-0.03052,0.12,0.833,2077.83,,,,Projected appearance probability is only 12.0%; wait for the official XI.,,PASS,0
fifwc-fra-eng-2026-07-18,fifwc-fra-eng-2026-07-18-player-props,France vs. England - Player Props,2944245,soccer_player_goals,Anthony Gordon: 1+ goals,Anthony Gordon: 1+ goals,Yes,No,112841431692269007526313813445409902132284021879393041384929872271528081308672,88186527064120752351504198302367437105939196668738111502910515967374655058262,209.282343,16352.8916,0.14,0.15,0.05,0.01,True,0.15,0.14,0.009999999999999981,52.428,253.62800000000001,324.85880000000003,0.86,0.85,0.010000000000000009,1995.5612,1995.5612,297.092,Yes,0.169803,0.131495,0.176865,0.15,0.14,0.01,0.006375,0.013428,-0.06488,0.12,0.0,253.63,,,,,,WATCH,0
fifwc-fra-eng-2026-07-18,fifwc-fra-eng-2026-07-18-player-props,France vs. England - Player Props,2944246,soccer_player_goals,Anthony Gordon: 2+ goals,Anthony Gordon: 2+ goals,Yes,No,57110125631564965470224717982372606903225150608273805075298454677629436668702,34286390230826291657020171336550950562050346380660258468626098550309826605003,85.909089,13834.49735,0.011,0.024,0.05,0.001,True,0.024,0.011,0.013000000000000001,8.39832,36.58318,1.3752199999999999,0.989,0.976,0.013000000000000012,123.64478,2261.0501,341.53168,No,0.98469,0.983325,0.990644,0.989,0.976,0.013,0.000544,-0.004854,-0.046219,0.12,0.815,2261.05,,,,,,PASS,0
fifwc-fra-eng-2026-07-18,fifwc-fra-eng-2026-07-18-player-props,France vs. England - Player Props,2944247,soccer_player_goals,Aurélien Tchouameni: 1+ goals,Aurélien Tchouameni: 1+ goals,Yes,No,93601533437863886610988184047141121259645410169150524427135991859154796273047,55359425234404890880973630001088235733709488997679450697301315432028100915307,1566.525292,22088.55461,0.027,0.04,0.05,0.001,True,0.04,0.033,0.006999999999999999,35.433600000000006,72.63752000000001,16.61616,0.967,0.96,0.007000000000000006,486.90383999999995,516.12384,850.4064,No,0.997865,0.997766,0.998362,0.967,0.96,0.007,0.001596,0.02927,-0.01083,0.12,0.83,516.12,,,,Projected appearance probability is only 12.0%; wait for the official XI.,,WATCH,0
fifwc-fra-eng-2026-07-18,fifwc-fra-eng-2026-07-18-player-props,France vs. England - Player Props,2944248,soccer_player_goals,Aurélien Tchouameni: 2+ goals,Aurélien Tchouameni: 2+ goals,Yes,No,109750152826239155271320793809174858967705946458639894440556871455304560718976,32500650905460942352993876673363182591774810811946300017193777812492642255002,5,14003.30613,0.01,0.016,0.05,0.001,True,0.016,0.01,0.006,23.29904,40.61046,0.1,0.99,0.984,0.006000000000000005,9.9,5069.835,1432.89096,No,0.999981,0.999979,0.999988,0.99,0.984,0.006,0.000495,0.009486,-0.030516,0.12,0.833,5069.84,,,,Projected appearance probability is only 12.0%; wait for the official XI.,,PASS,0
fifwc-fra-eng-2026-07-18,fifwc-fra-eng-2026-07-18-player-props,France vs. England - Player Props,2944249,soccer_player_goals,Bradley Barcola: 1+ goals,Bradley Barcola: 1+ goals,Yes,No,25591879838365978386633555140251472499890652679080294754525820703688061964815,5608163396462515818468870877941359143294865251509853305543021147646738619793,1786.2542219999996,31508.3081,0.12,0.13,0.05,0.01,True,0.13,0.12,0.010000000000000009,25.8258,213.1567,275.94239999999996,0.88,0.87,0.010000000000000009,2023.5776,2590.0647,172.8342,No,0.908975,0.905058,0.929148,0.88,0.87,0.01,0.00528,0.023695,-0.020222,0.12,0.735,2590.06,,,,Projected appearance probability is only 62.0%; wait for the official XI.,,WATCH,0
fifwc-fra-eng-2026-07-18,fifwc-fra-eng-2026-07-18-player-props,France vs. England - Player Props,2944250,soccer_player_goals,Bradley Barcola: 2+ goals,Bradley Barcola: 2+ goals,Yes,No,66414944939877517414056370136418005790411818073400654538150755854273443516589,14855735003144669940127502066367212803333306582441196778525563501062457224000,59.99,14767.44642,0.01,0.036,0.05,0.001,True,0.036,0.01,0.025999999999999995,13.1418,96.40809999999999,0.1,0.99,0.964,0.026000000000000023,9.9,2022.885,351.9082,No,0.992965,0.99232,0.995664,0.99,0.964,0.026,0.000495,0.00247,-0.038175,0.12,0.825,2022.88,,,,Projected appearance probability is only 62.0%; wait for the official XI.,,PASS,0
fifwc-fra-eng-2026-07-18,fifwc-fra-eng-2026-07-18-player-props,France vs. England - Player Props,2944251,soccer_player_goals,Bradley Barcola: 3+ goals,Bradley Barcola: 3+ goals,Yes,No,2579846865105299944475074461585435134868360607818584866660944476130075516168,64723054489648665452021891033174313545506044063178917719950017675684995562735,10.1,14272.64349,0.003,0.02,0.05,0.001,True,0.02,0.003,0.017,6.8953999999999995,48.25034,1.57737,0.997,0.98,0.017000000000000015,524.21263,3117.40684,337.8746,No,0.999633,0.99958,0.999816,0.997,0.98,0.017,0.00015,0.002483,-0.03757,0.12,0.832,3117.41,,,,Projected appearance probability is only 62.0%; wait for the official XI.,,PASS,0
fifwc-fra-eng-2026-07-18,fifwc-fra-eng-2026-07-18-player-props,France vs. England - Player Props,2944252,soccer_player_goals,Bukayo Saka: 1+ goals,Bukayo Saka: 1+ goals,Yes,No,92753858325235969039882261190311808975135130964327663263068108750029575292861,66508186626477857786381759135061203530473029874975851474551590640091672200268,649.6881030000001,17877.0877,0.08,0.1,0.05,0.01,True,0.1,0.08,0.020000000000000004,85.766,381.4856,56.1584,0.92,0.9,0.020000000000000018,645.8216,1396.5362,771.894,No,0.951758,0.949627,0.96306,0.92,0.9,0.02,0.00368,0.028078,-0.014053,0.12,0.781,1396.54,,,,Projected appearance probability is only 65.0%; wait for the official XI.,,WATCH,0
fifwc-fra-eng-2026-07-18,fifwc-fra-eng-2026-07-18-player-props,France vs. England - Player Props,2944253,soccer_player_goals,Bukayo Saka: 2+ goals,Bukayo Saka: 2+ goals,Yes,No,4323275065243379306064438995852098538524413388207985259915329521002925747220,52143215467893616663678585837401404611297570001792842249201883782502306424926,0,14710.46847,0.01,0.038,0.05,0.001,True,0.038,0.01,0.027999999999999997,56.7511,97.6075,0.1,0.99,0.962,0.028000000000000025,9.9,2077.83,1436.6989,No,0.998164,0.997993,0.998893,0.99,0.962,0.028,0.000495,0.007669,-0.032502,0.12,0.83,2077.83,,,,Projected appearance probability is only 65.0%; wait for the official XI.,,PASS,0
fifwc-fra-eng-2026-07-18,fifwc-fra-eng-2026-07-18-player-props,France vs. England - Player Props,2944254,soccer_player_goals,Declan Rice: 1+ goals,Declan Rice: 1+ goals,Yes,No,50163463492119764444834199840498556953957105931978421474450960432511756537263,40206088341345387770380288994672451406241064696159161798941488548544700871363,1435.5721869999998,45085.34301,0.056,0.06,0.05,0.001,True,0.06,0.056,0.003999999999999997,30.432599999999997,1247.99804,54.98472,0.944,0.94,0.0040000000000000036,926.88528,2983.2470399999997,476.77739999999994,No,0.945829,0.943409,0.958614,0.944,0.94,0.004,0.002643,-0.000814,-0.043234,0.12,0.774,2983.25,,,,,,PASS,0
fifwc-fra-eng-2026-07-18,fifwc-fra-eng-2026-07-18-player-props,France vs. England - Player Props,2944255,soccer_player_goals,Declan Rice: 2+ goals,Declan Rice: 2+ goals,Yes,No,89910094184981658024055170916607156355141033187717131116072564200310523999321,80984810259533183600518138491407365756327073615643732476791697499167947877213,14.1414,14306.76858,0.01,0.03,0.05,0.001,True,0.03,0.01,0.019999999999999997,49.9989,71.2641,0.0085,0.99,0.97,0.020000000000000018,0.8415,2018.8215,1616.6311,No,0.998506,0.998365,0.999101,0.99,0.97,0.02,0.000495,0.008011,-0.03213,0.12,0.831,2018.82,,,,,,PASS,0
fifwc-fra-eng-2026-07-18,fifwc-fra-eng-2026-07-18-player-props,France vs. England - Player Props,2944256,soccer_player_goals,Désiré Doué: 1+ goals,Désiré Doué: 1+ goals,Yes,No,87307384308114772520551409825358582091224651866880984016831502100720058252853,93716713245175888435961317019963500427542711839404618707659600475092192857188,2180.253851,45137.4313,0.18,0.19,0.05,0.01,True,0.19,0.18,0.010000000000000009,328.6183,4381.43,450.84239999999994,0.82,0.81,0.009999999999999898,2053.8376,5015.5154999999995,1400.9517,No,0.859436,0.853483,0.890264,0.82,0.81,0.01,0.00738,0.032056,-0.013897,0.12,0.682,5015.52,,,,Projected appearance probability is only 82.0%; wait for the official XI.,,WATCH,0
fifwc-fra-eng-2026-07-18,fifwc-fra-eng-2026-07-18-player-props,France vs. England - Player Props,2944257,soccer_player_goals,Désiré Doué: 2+ goals,Désiré Doué: 2+ goals,Yes,No,64963973945905547026904343316748965047213165454457883918522106677871709980376,70322024837468872232130735093829597445043259204492215286482615901167753726879,77.777776,15575.82635,0.012,0.035,0.05,0.001,True,0.035,0.012,0.023000000000000003,9.74995,90.57104,1.66068,0.988,0.965,0.02300000000000002,136.72931999999997,2282.2654199999997,268.82005,No,0.987198,0.986038,0.992082,0.988,0.965,0.023,0.000593,-0.001395,-0.042555,0.12,0.818,2282.27,,,,Projected appearance probability is only 82.0%; wait for the official XI.,,PASS,0
fifwc-fra-eng-2026-07-18,fifwc-fra-eng-2026-07-18-player-props,France vs. England - Player Props,2944258,soccer_player_goals,Désiré Doué: 3+ goals,Désiré Doué: 3+ goals,Yes,No,93958707606844897019378988070360287006653728121402402856067105415107521607122,72674879399919852100673141276235617843332805472788325244325690374250108221656,10,14764.36136,0.001,0.021,0.05,0.001,True,0.021,0.001,0.02,7.28427,53.11728,2.5591999999999997,0.999,0.979,0.020000000000000018,2556.6407999999997,2556.6407999999997,339.58573,No,0.99921,0.999097,0.999603,0.999,0.979,0.02,5e-05,0.00016,-0.039953,0.12,0.832,2556.64,,,,Projected appearance probability is only 82.0%; wait for the official XI.,,PASS,0
fifwc-fra-eng-2026-07-18,fifwc-fra-eng-2026-07-18-player-props,France vs. England - Player Props,2944259,soccer_player_goals,Eberechi Eze: 1+ goals,Eberechi Eze: 1+ goals,Yes,No,31273332930094748761440476290457150887596347804475185673920303989796692432863,84927210828896411808906859041638594231973967873253910336872895902926863659534,630.04111,14448.3228,0.11,0.13,0.05,0.01,True,0.13,0.11,0.020000000000000004,61.9489,237.5231,104.599,0.89,0.87,0.020000000000000018,1068.8010000000002,1475.871,414.5811,No,0.986147,0.985519,0.989449,0.89,0.87,0.02,0.004895,0.091252,0.050624,0.12,0.818,1475.87,,,,Projected appearance probability is only 52.0%; wait for the official XI.,,WATCH,0
fifwc-fra-eng-2026-07-18,fifwc-fra-eng-2026-07-18-player-props,France vs. England - Player Props,2944260,soccer_player_goals,Eberechi Eze: 2+ goals,Eberechi Eze: 2+ goals,Yes,No,114563045373740919181743673700221050180564280881826919210645775295502357701110,53808161412013389260135640439182938914789309876443844614797267404768796909448,0,14886.76114,0.01,0.04,0.05,0.001,True,0.04,0.01,0.03,79.9136,103.52418,0.1,0.99,0.96,0.030000000000000027,9.9,2077.83,1917.9263999999998,No,0.999814,0.999796,0.999888,0.99,0.96,0.03,0.000495,0.009319,-0.030699,0.12,0.832,2077.83,,,,Projected appearance probability is only 52.0%; wait for the official XI.,,PASS,0
fifwc-fra-eng-2026-07-18,fifwc-fra-eng-2026-07-18-player-props,France vs. England - Player Props,2944261,soccer_player_goals,Elliot Anderson: 1+ goals,Elliot Anderson: 1+ goals,Yes,No,10425093312927089525795775037671773705014907305551352677325012909604390194176,106510378158717753786165856677879973162476268946857066515878747871497848334476,677.2266629999999,22056.76152,0.052,0.057,0.05,0.001,True,0.057,0.052,0.0050000000000000044,52.308330000000005,105.52456000000001,17.53024,0.948,0.943,0.0050000000000000044,319.58976,857.02976,865.38167,No,0.942073,0.93949,0.955726,0.948,0.943,0.005,0.002465,-0.008392,-0.050975,0.12,0.77,857.03,,,,,,PASS,0
fifwc-fra-eng-2026-07-18,fifwc-fra-eng-2026-07-18-player-props,France vs. England - Player Props,2944262,soccer_player_goals,Elliot Anderson: 2+ goals,Elliot Anderson: 2+ goals,Yes,No,30304410919255871745295508002177957176387083520711017694524536889737240210827,6368880269652548143240184310395352707822738738719738004010498207014444662812,5,15953.64962,0.01,0.019,0.05,0.001,True,0.019,0.01,0.009,28.0307,48.294,0.1,0.99,0.981,0.009000000000000008,9.9,2077.83,1447.2693,No,0.998289,0.998129,0.99897,0.99,0.981,0.009,0.000495,0.007794,-0.032366,0.12,0.831,2077.83,,,,,,PASS,0
fifwc-fra-eng-2026-07-18,fifwc-fra-eng-2026-07-18-player-props,France vs. England - Player Props,2944263,soccer_player_goals,Harry Kane: 1+ goals,Harry Kane: 1+ goals,Yes,No,98734903948202659349349835383603113837297807912860270561914889787112393919863,101991842106596596647372699580965272537426226390917607788797245330416514300282,27941.04799300001,272103.312,0.37,0.38,0.05,0.01,True,0.38,0.37,0.010000000000000009,5410.2766,104117.12720000002,4698.8594,0.63,0.62,0.010000000000000009,8000.7606000000005,22265.929200000002,9943.2934,Yes,0.428772,0.344348,0.443183,0.38,0.37,0.01,0.01178,0.036992,-0.087432,0.12,0.177,104117.13,,,,,,WATCH,0
fifwc-fra-eng-2026-07-18,fifwc-fra-eng-2026-07-18-player-props,France vs. England - Player Props,2944264,soccer_player_goals,Harry Kane: 2+ goals,Harry Kane: 2+ goals,Yes,No,39579191868312858211028586962271273255001809170335855502492675252708096673200,50043940695795544853185274656817930582673495913381480129584447019402893562553,2989.6086129999994,170323.3006,0.09,0.1,0.05,0.01,True,0.1,0.09,0.010000000000000009,703.84,14658.11,625.8654,0.91,0.9,0.010000000000000009,6328.194600000001,18608.4842,6334.5599999999995,No,0.891097,0.882714,0.930372,0.91,0.9,0.01,0.004095,-0.022998,-0.071381,0.12,0.712,18608.48,,,,,,PASS,0
fifwc-fra-eng-2026-07-18,fifwc-fra-eng-2026-07-18-player-props,France vs. England - Player Props,2944265,soccer_player_goals,Harry Kane: 3+ goals,Harry Kane: 3+ goals,Yes,No,88316139213565322790969337024527983225812825851144741528901611931831242009310,90129450670136802361067886175802074616959413433969203800987667363814885107013,9851.081556,213300.50235,0.005,0.021,0.05,0.001,True,0.021,0.005,0.016,195.00516,3084.62495,0.5475,0.995,0.979,0.016000000000000014,108.9525,12409.3055,9090.954839999999,Yes,0.019345,0.010055,0.021784,0.021,0.005,0.016,0.001028,-0.002683,-0.051973,0.12,0.0,3084.62,,,,,,PASS,0
fifwc-fra-eng-2026-07-18,fifwc-fra-eng-2026-07-18-player-props,France vs. England - Player Props,2944266,soccer_player_goals,Jude Bellingham: 1+ goals,Jude Bellingham: 1+ goals,Yes,No,112140867761322125606229457605269107897955996277411119407442247052507418878304,85050695754837595785987356833699261950574451330305178017154274767632482512041,15085.930168000004,176616.4631,0.24,0.25,0.05,0.01,True,0.25,0.24,0.010000000000000009,2510.91,31871.2579,1461.1128,0.76,0.75,0.010000000000000009,4626.8572,8724.9968,7532.73,Yes,0.391226,0.312333,0.404872,0.25,0.24,0.01,0.009375,0.131851,0.012958,0.12,0.146,31871.26,,,,,,WATCH,0
fifwc-fra-eng-2026-07-18,fifwc-fra-eng-2026-07-18-player-props,France vs. England - Player Props,2944267,soccer_player_goals,Jude Bellingham: 2+ goals,Jude Bellingham: 2+ goals,Yes,No,108336678373772877716266168173346506691568666369618465479248383324804814289458,22433970888144091861806614841688341048036377959627633342016275481637138925725,10638.715750000001,195357.1849,0.038,0.047,0.05,0.001,True,0.047,0.038,0.009000000000000001,4916.811,5682.775159999999,229.54811999999998,0.962,0.953,0.009000000000000008,5811.191879999999,9685.676759999998,99696.189,Yes,0.089087,0.056528,0.096122,0.047,0.038,0.009,0.00224,0.039847,-0.032711,0.12,0.0,5682.78,,,,,,WATCH,0
fifwc-fra-eng-2026-07-18,fifwc-fra-eng-2026-07-18-player-props,France vs. England - Player Props,2944268,soccer_player_goals,Jude Bellingham: 3+ goals,Jude Bellingham: 3+ goals,Yes,No,18831783878130870019004479421765343586973352113050667177780624358286028605613,28923709882267778017024964813305136829730438445330621593178979907934458845991,2389.925389,165045.88343,0.004,0.009,0.05,0.001,True,0.009,0.004,0.004999999999999999,86.463,1277.90778,0.83196,0.996,0.991,0.0050000000000000044,207.15804,3525.51906,9520.537,Yes,0.014109,0.007278,0.015924,0.009,0.004,0.005,0.000446,0.004663,-0.042168,0.12,0.0,1277.91,,,,,,PASS,0
fifwc-fra-eng-2026-07-18,fifwc-fra-eng-2026-07-18-player-props,France vs. England - Player Props,2944269,soccer_player_goals,Kylian Mbappé: 1+ goals,Kylian Mbappé: 1+ goals,Yes,No,31654371096414827887768574433220955887581573596185164519249618005370659612055,109451444958177331074259534434382493672409611314151014488561467156603753366747,173487.45039900023,237784.7,0.54,0.55,0.05,0.01,True,0.55,0.54,0.010000000000000009,17808.175000000003,158196.47500000003,7071.634800000001,0.46,0.45,0.010000000000000009,6023.985200000001,29632.228900000002,14570.325,No,0.481606,0.465854,0.572993,0.46,0.45,0.01,0.01242,0.009186,-0.046566,0.12,0.295,29632.23,,,,,,PASS,0
fifwc-fra-eng-2026-07-18,fifwc-fra-eng-2026-07-18-player-props,France vs. England - Player Props,2944270,soccer_player_goals,Kylian Mbappé: 2+ goals,Kylian Mbappé: 2+ goals,Yes,No,109628990302965992082997875216420207001432619423185080374659461988558309251930,106277931573049045099088950337161942391812672149438893428246897323100009233524,68562.11342800001,220037.0358,0.18,0.19,0.05,0.01,True,0.19,0.18,0.010000000000000009,11853.5737,37469.273700000005,2337.3612,0.82,0.81,0.009999999999999898,10647.978799999999,18573.3492,50665.68630000001,No,0.826853,0.814374,0.885277,0.82,0.81,0.01,0.00738,-0.000527,-0.053006,0.12,0.642,18573.35,,,,,,PASS,0
fifwc-fra-eng-2026-07-18,fifwc-fra-eng-2026-07-18-player-props,France vs. England - Player Props,2944271,soccer_player_goals,Kylian Mbappé: 3+ goals,Kylian Mbappé: 3+ goals,Yes,No,58317072795050731784998932920735446950849353270152408892281741086145970148954,5855501224083578493784222420600629215104686286603131024947967986696133422437,43064.45762500002,217229.82418,0.046,0.047,0.05,0.001,True,0.047,0.046,0.0010000000000000009,124.05838,7481.7769,2264.78516,0.954,0.953,0.0010000000000000009,46969.67484,59266.82692,2515.48162,No,0.958821,0.953876,0.977785,0.954,0.953,0.001,0.002194,0.002626,-0.042318,0.12,0.785,59266.83,,,,,,PASS,0
fifwc-fra-eng-2026-07-18,fifwc-fra-eng-2026-07-18-player-props,France vs. England - Player Props,2944272,soccer_player_goals,Manu Koné: 1+ goals,Manu Koné: 1+ goals,Yes,No,83273436294324491407782772240542700548244670910154605225765604677158172996796,9236347194266311038852179961670574458208373092352243795080965130100216283519,783.3333319999999,16509.0121,0.06,0.08,0.05,0.01,True,0.08,0.06,0.020000000000000004,79.0504,129.8721,20.3598,0.94,0.92,0.019999999999999907,318.9702,492.53819999999996,909.0796,Yes,0.07863,0.060725,0.082159,0.08,0.06,0.02,0.00368,-0.00505,-0.062955,0.12,0.0,129.87,,,,,,PASS,0
fifwc-fra-eng-2026-07-18,fifwc-fra-eng-2026-07-18-player-props,France vs. England - Player Props,2944273,soccer_player_goals,Manu Koné: 2+ goals,Manu Koné: 2+ goals,Yes,No,38628900663940076143544940450518714606155935279594270231051128201474777937876,3916344432611955492834169831109282103867634715358324432306040146892886830112,15,15001.58251,0.002,0.017,0.05,0.001,True,0.017,0.002,0.015000000000000001,6.205850000000001,44.527120000000004,0.9021,0.998,0.983,0.015000000000000013,450.1479,2518.0778999999998,358.84415,No,0.996824,0.996525,0.998061,0.998,0.983,0.015,0.0001,-0.001276,-0.041575,0.12,0.829,2518.08,,,,,,PASS,0
fifwc-fra-eng-2026-07-18,fifwc-fra-eng-2026-07-18-player-props,France vs. England - Player Props,2944274,soccer_player_goals,Marcus Rashford: 1+ goals,Marcus Rashford: 1+ goals,Yes,No,68874874700697335344093945395081393070976573343907035145149385753401439586107,26722556144111595979247443527588973583479375393114054635166509844503595782926,798.7828059999999,25975.2748,0.16,0.17,0.05,0.01,True,0.17,0.16,0.010000000000000009,31.259600000000002,79.8287,234.2384,0.84,0.83,0.010000000000000009,1229.7516,1795.8516,152.6204,No,0.961558,0.959877,0.970506,0.84,0.83,0.01,0.00672,0.114838,0.073157,0.12,0.791,1795.85,,,,Projected appearance probability is only 42.0%; wait for the official XI.,,WATCH,0
fifwc-fra-eng-2026-07-18,fifwc-fra-eng-2026-07-18-player-props,France vs. England - Player Props,2944275,soccer_player_goals,Marcus Rashford: 2+ goals,Marcus Rashford: 2+ goals,Yes,No,15918105645360639269043819175369223215354990761173246101565695500812954115336,47695343283952045077434521575645658623376275882251837407160896372295353649342,0,14969.20396,0.01,0.04,0.05,0.001,True,0.04,0.01,0.03,82.37440000000001,104.76752,0.1,0.99,0.96,0.030000000000000027,9.9,2326.98,1976.9856,No,0.998184,0.998017,0.998903,0.99,0.96,0.03,0.000495,0.007689,-0.032478,0.12,0.83,2326.98,,,,Projected appearance probability is only 42.0%; wait for the official XI.,,PASS,0
fifwc-fra-eng-2026-07-18,fifwc-fra-eng-2026-07-18-player-props,France vs. England - Player Props,2944276,soccer_player_goals,Marcus Rashford: 3+ goals,Marcus Rashford: 3+ goals,Yes,No,41560203150913844273317677179082976444022159608025245609717739371939723667682,73468774804187049126937426714678652309438519197453420106502091424193294038819,1215.2403570000001,47529.08211,0.006,0.007,0.05,0.001,True,0.007,0.006,0.001,2.44993,24.842070000000003,1.32,0.994,0.993,0.0010000000000000009,218.68,2281.615,347.54007,No,0.999942,0.999934,0.999972,0.994,0.993,0.001,0.000298,0.005644,-0.034364,0.12,0.832,2281.61,,,,Projected appearance probability is only 42.0%; wait for the official XI.,,PASS,0
fifwc-fra-eng-2026-07-18,fifwc-fra-eng-2026-07-18-player-props,France vs. England - Player Props,2944277,soccer_player_goals,Michael Olise: 1+ goals,Michael Olise: 1+ goals,Yes,No,26878854491819423933443304952262106314199001087209730191547125172441511015961,70863268007854542161492175021271286522363845688301604898584052865238264427785,4407.719954,41698.9167,0.14,0.16,0.05,0.01,True,0.16,0.14,0.01999999999999999,165.4736,729.4253,516.6112,0.86,0.84,0.020000000000000018,3173.4688,6696.4938,868.7364,No,0.93394,0.930966,0.949013,0.86,0.84,0.02,0.00602,0.06792,0.024946,0.12,0.761,6696.49,,,,,,WATCH,0
fifwc-fra-eng-2026-07-18,fifwc-fra-eng-2026-07-18-player-props,France vs. England - Player Props,2944278,soccer_player_goals,Michael Olise: 2+ goals,Michael Olise: 2+ goals,Yes,No,58327804698245476120570569743081595975509879055865540937239938090752577398724,1447772970243588669947043564906717148820672570309816018742223938329204755884,3556.32466,25947.90232,0.019,0.023,0.05,0.001,True,0.023,0.019,0.004,38.55214,71.01972,15.36758,0.981,0.977,0.0040000000000000036,725.76342,4242.19126,1637.62786,No,0.997514,0.997279,0.998483,0.981,0.977,0.004,0.000932,0.015582,-0.024653,0.12,0.83,4242.19,,,,,,WATCH,0
fifwc-fra-eng-2026-07-18,fifwc-fra-eng-2026-07-18-player-props,France vs. England - Player Props,2944279,soccer_player_goals,Michael Olise: 3+ goals,Michael Olise: 3+ goals,Yes,No,107404835557161086293499789427783119662494843764337746992701907876927808445804,19094725100404969494683990844429569915281370835226454803353817719607573855950,1.0101,14232.93238,0.01,0.019,0.05,0.001,True,0.019,0.01,0.009,5.57783,33.5278,0.0898,0.99,0.981,0.009000000000000008,8.8902,2021.8752,287.99217,No,0.999937,0.999928,0.999969,0.99,0.981,0.009,0.000495,0.009442,-0.030567,0.12,0.832,2021.88,,,,,,PASS,0
fifwc-fra-eng-2026-07-18,fifwc-fra-eng-2026-07-18-player-props,France vs. England - Player Props,2944280,soccer_player_goals,Morgan Rogers: 1+ goals,Morgan Rogers: 1+ goals,Yes,No,6176414568777973027698177124076584903368973100779746827630906494071182936534,67454724747058531783079770290122272124306182440321665250439761429191505600596,197.813177,15147.4233,0.09,0.1,0.05,0.01,True,0.1,0.09,0.010000000000000009,19.6,19.6,7.3962,0.91,0.9,0.010000000000000009,74.78380000000001,74.78380000000001,176.4,No,0.925407,0.922113,0.942881,0.91,0.9,0.01,0.004095,0.011312,-0.031982,0.12,0.752,74.78,,,,,,WATCH,0
fifwc-fra-eng-2026-07-18,fifwc-fra-eng-2026-07-18-player-props,France vs. England - Player Props,2944281,soccer_player_goals,Morgan Rogers: 2+ goals,Morgan Rogers: 2+ goals,Yes,No,37542278029242474639542856721477590315593235781478436036634009156752212906627,79239160330149821839869048521067019470332261678512325854719240723239304697121,0,14665.09461,0.01,0.03,0.05,0.001,True,0.03,0.01,0.019999999999999997,48.8976,81.20504,0.05,0.99,0.97,0.020000000000000018,4.95,2072.8799999999997,1581.0224,No,0.997146,0.996881,0.998279,0.99,0.97,0.02,0.000495,0.006651,-0.033614,0.12,0.829,2072.88,,,,,,PASS,0
fifwc-fra-eng-2026-07-18,fifwc-fra-eng-2026-07-18-player-props,France vs. England - Player Props,2944282,soccer_player_goals,Noni Madueke: 1+ goals,Noni Madueke: 1+ goals,Yes,No,83408933824121793511462705079860291843072963237503659460228601656687523210039,91537983512845218974444848615211837515650251818458096876112909004805547212112,443.377869,15687.00652,0.115,0.117,0.05,0.001,True,0.117,0.115,0.0020000000000000018,63.355500000000006,124.9315,32.87735,0.885,0.883,0.0020000000000000018,253.01264999999998,253.01264999999998,478.1445,No,0.993094,0.992781,0.994737,0.885,0.883,0.002,0.005089,0.103005,0.062692,0.12,0.825,253.01,,,,Projected appearance probability is only 22.0%; wait for the official XI.,,WATCH,0
fifwc-fra-eng-2026-07-18,fifwc-fra-eng-2026-07-18-player-props,France vs. England - Player Props,2944283,soccer_player_goals,Noni Madueke: 2+ goals,Noni Madueke: 2+ goals,Yes,No,81505823444018886686224854216715463081617373693269733333625389092536572294509,85325635879730923726640930386636382628605158665655772449979846736343837004832,0,14706.12708,0.01,0.03,0.05,0.001,True,0.03,0.01,0.019999999999999997,48.8976,80.90504,0.1,0.99,0.97,0.020000000000000018,9.9,2027.88,1581.0224,No,0.99989,0.99988,0.999934,0.99,0.97,0.02,0.000495,0.009395,-0.030615,0.12,0.832,2027.88,,,,Projected appearance probability is only 22.0%; wait for the official XI.,,PASS,0
fifwc-fra-eng-2026-07-18,fifwc-fra-eng-2026-07-18-player-props,France vs. England - Player Props,2944284,soccer_player_goals,Ousmane Dembélé: 1+ goals,Ousmane Dembélé: 1+ goals,Yes,No,9520072624612400024519235400505163210842520660949262188918688273298318615472,72488833025429902812685826868323553633496082109315917355128168813236031568990,31124.904304000003,191570.5142,0.26,0.27,0.05,0.01,True,0.27,0.26,0.010000000000000009,6837.434100000001,19034.8869,4641.7098,0.74,0.73,0.010000000000000009,13211.020199999999,26775.2447,18486.3959,No,0.777123,0.7686,0.822858,0.74,0.73,0.01,0.00962,0.027503,-0.02102,0.12,0.596,26775.24,,,,Projected appearance probability is only 72.0%; wait for the official XI.,,WATCH,0
fifwc-fra-eng-2026-07-18,fifwc-fra-eng-2026-07-18-player-props,France vs. England - Player Props,2944285,soccer_player_goals,Ousmane Dembélé: 2+ goals,Ousmane Dembélé: 2+ goals,Yes,No,8593191847998313389720344454914018288189549016627608218408562927219420263356,86817201706380739554520573742407094598294212695833109167163575660797577840442,2849.989489,41357.81603,0.062,0.065,0.05,0.001,True,0.065,0.062,0.0030000000000000027,70.8812,1420.24951,9.3,0.938,0.935,0.0029999999999998916,140.7,2307.05878,1019.5988000000001,No,0.961264,0.957992,0.975503,0.938,0.935,0.003,0.002908,0.020356,-0.022915,0.12,0.789,2307.06,,,,Projected appearance probability is only 72.0%; wait for the official XI.,,WATCH,0
fifwc-fra-eng-2026-07-18,fifwc-fra-eng-2026-07-18-player-props,France vs. England - Player Props,2944286,soccer_player_goals,Ousmane Dembélé: 3+ goals,Ousmane Dembélé: 3+ goals,Yes,No,14219033746217092930050794002212942803118260702456825706598199768986367958402,72990010060142078584859418486891574438291473651121082377632776574988824444575,500,33995.05345,0.005,0.01,0.05,0.001,True,0.01,0.005,0.005,26.4716,47.990159999999996,1.0,0.995,0.99,0.0050000000000000044,199.0,2281.775,2620.6884,No,0.995368,0.99474,0.997619,0.995,0.99,0.005,0.000249,0.00012,-0.040509,0.12,0.827,2281.78,,,,Projected appearance probability is only 72.0%; wait for the official XI.,,PASS,0
fifwc-fra-eng-2026-07-18,fifwc-fra-eng-2026-07-18-player-props,France vs. England - Player Props,2944287,soccer_player_goals,Rayan Cherki: 1+ goals,Rayan Cherki: 1+ goals,Yes,No,9192002553678436746707797903749483655237257975725633426745193757034544878467,90873478621399993826526225508925657746660475422674744989779211390602118790345,1430.834874,42227.9057,0.19,0.193,0.05,0.001,True,0.192,0.19,0.0020000000000000018,76.8,815.14342,75.80430000000001,0.81,0.807,0.0030000000000000027,323.1657,646.66238,299.59875,No,0.928984,0.92582,0.945079,0.81,0.807,0.003,0.007695,0.111289,0.068125,0.12,0.756,646.66,,,,Projected appearance probability is only 78.0%; wait for the official XI.,No verified 2026 World Cup player-minute sample is available; the generic role prior is not sufficient for a bet.,PLAYER_DATA_QUALITY_PASS,0
fifwc-fra-eng-2026-07-18,fifwc-fra-eng-2026-07-18-player-props,France vs. England - Player Props,2944288,soccer_player_goals,Rayan Cherki: 2+ goals,Rayan Cherki: 2+ goals,Yes,No,104508758231674861841538777238902544262872127468152033183227229974415739214300,84247242377828869966867301898329858610897299320022406603668025483956576105142,0,14477.14168,0.01,0.048,0.05,0.001,True,0.048,0.01,0.038,4.8,141.4407,0.1,0.99,0.952,0.038000000000000034,9.9,2027.88,95.19999999999999,No,0.996664,0.996351,0.99796,0.99,0.952,0.038,0.000495,0.006169,-0.034144,0.12,0.829,2027.88,,,,Projected appearance probability is only 78.0%; wait for the official XI.,No verified 2026 World Cup player-minute sample is available; the generic role prior is not sufficient for a bet.,PASS,0
fifwc-fra-eng-2026-07-18,fifwc-fra-eng-2026-07-18-player-props,France vs. England - Player Props,2944289,soccer_player_goals,Rayan Cherki: 3+ goals,Rayan Cherki: 3+ goals,Yes,No,93184667563417725929956418580820077680544586571297308940799475858366276610995,53305490182964806028363598714091097303964920674789226195187988867242095167750,480.04,35155.05643,0.002,0.007,0.05,0.001,True,0.007,0.002,0.005,12.214440000000002,26.302220000000002,1.0966,0.998,0.993,0.0050000000000000044,547.2034,2560.1884,1732.70556,No,0.999895,0.999879,0.999948,0.998,0.993,0.005,0.0001,0.001795,-0.038221,0.12,0.832,2560.19,,,,Projected appearance probability is only 78.0%; wait for the official XI.,No verified 2026 World Cup player-minute sample is available; the generic role prior is not sufficient for a bet.,PASS,0
fifwc-fra-eng-2026-07-18,fifwc-fra-eng-2026-07-18-player-props,France vs. England - Player Props,2944290,soccer_player_goals,Théo Hernández: 1+ goals,Théo Hernández: 1+ goals,Yes,No,3257857018946987272298363973687441529937710160140747638544721573236313948134,73655632329014717679021765828375252313611178576115440174247789573493668463800,406.520625,13516.80828,0.01,0.04,0.05,0.001,True,0.04,0.01,0.03,0.51,1.4100000000000001,4.5200000000000005,0.99,0.96,0.030000000000000027,447.48,2686.676,12.24,Yes,0.108968,0.084444,0.11377,0.04,0.01,0.03,0.00192,0.067048,0.002524,0.12,0.0,1.41,,,,,No verified 2026 World Cup player-minute sample is available; the generic role prior is not sufficient for a bet.,PLAYER_DATA_QUALITY_PASS,0
fifwc-fra-eng-2026-07-18,fifwc-fra-eng-2026-07-18-player-props,France vs. England - Player Props,2944291,soccer_player_goals,Théo Hernández: 2+ goals,Théo Hernández: 2+ goals,Yes,No,5248989039638548217200307302849932062528593293239214121983538581892617038278,96640538618498458223823231131899399445054508349068198561252548619792631972771,0,14955.71026,0.01,0.02,0.05,0.001,True,0.02,0.01,0.01,32.6896,59.298159999999996,0.1,0.99,0.98,0.010000000000000009,9.9,2077.83,1601.7904,No,0.993835,0.99326,0.996221,0.99,0.98,0.01,0.000495,0.00334,-0.037235,0.12,0.826,2077.83,,,,,No verified 2026 World Cup player-minute sample is available; the generic role prior is not sufficient for a bet.,PASS,0
fifwc-fra-eng-2026-07-18,fifwc-fra-eng-2026-07-18-player-props,France vs. England - Player Props,2944292,soccer_player_shots,Adrien Rabiot: 1+ shots,Adrien Rabiot: 1+ shots,Yes,No,24676374852232422454060294677929458050439792053357334968582312306501138960977,32565644261501776781748882474449989704979376389295538968958348260649926157130,1101.796462,14012.8144,0.02,0.33,0.05,0.01,True,0.33,0.03,0.30000000000000004,16.929,36.611599999999996,3.0,0.97,0.67,0.29999999999999993,97.0,658.1102000000001,34.371,No,0.961685,0.96048,0.968117,0.97,0.67,0.3,0.001455,-0.00977,-0.050975,0.12,0.792,658.11,,,,Projected appearance probability is only 12.0%; wait for the official XI.,,PASS,0
fifwc-fra-eng-2026-07-18,fifwc-fra-eng-2026-07-18-player-props,France vs. England - Player Props,2944293,soccer_player_shots,Adrien Rabiot: 2+ shots,Adrien Rabiot: 2+ shots,Yes,No,30256545832095185775232758570716714996618395358522967997001191005272668643619,64371236949421805588848107370024554569171427757246556373888951068778317949817,52.25,11985.0789,0.16,0.18,0.05,0.01,True,0.18,0.16,0.01999999999999999,81.4482,133.3904,30.883200000000002,0.84,0.82,0.020000000000000018,162.1368,289.4243,371.04179999999997,No,0.993103,0.992625,0.995248,0.84,0.82,0.02,0.00672,0.146383,0.105905,0.12,0.825,289.42,,,,Projected appearance probability is only 12.0%; wait for the official XI.,,WATCH,0
fifwc-fra-eng-2026-07-18,fifwc-fra-eng-2026-07-18-player-props,France vs. England - Player Props,2944294,soccer_player_shots,Adrien Rabiot: 3+ shots,Adrien Rabiot: 3+ shots,Yes,No,65145605770292129059054062336653744866066288499236356779960727127855673498208,18098562920836951921537196459617782639154225447896271391344876055795087848831,5,12737.0919,0.04,0.07,0.05,0.01,True,0.07,0.04,0.030000000000000006,66.4895,119.69510000000001,5.518,0.96,0.93,0.029999999999999916,132.432,368.887,883.3605000000001,No,0.999145,0.99905,0.999506,0.96,0.93,0.03,0.00192,0.037225,-0.00287,0.12,0.832,368.89,,,,Projected appearance probability is only 12.0%; wait for the official XI.,,WATCH,0
fifwc-fra-eng-2026-07-18,fifwc-fra-eng-2026-07-18-player-props,France vs. England - Player Props,2944295,soccer_player_shots,Adrien Rabiot: 4+ shots,Adrien Rabiot: 4+ shots,Yes,No,113839667139708473290461655857990161187978191402242734557626405136963431866955,115587272231860777182822778912707322069074603728692244140800620324608183745103,5,11535.28845,0.012,0.04,0.05,0.001,True,0.04,0.012,0.028,110.0908,138.03214,1.5823200000000002,0.988,0.96,0.028000000000000025,130.27768,2751.7640899999997,2642.1792,No,0.999919,0.999907,0.99996,0.988,0.96,0.028,0.000593,0.011327,-0.028686,0.12,0.832,2751.76,,,,Projected appearance probability is only 12.0%; wait for the official XI.,,WATCH,0
fifwc-fra-eng-2026-07-18,fifwc-fra-eng-2026-07-18-player-props,France vs. England - Player Props,2944296,soccer_player_shots,Anthony Gordon: 1+ shots,Anthony Gordon: 1+ shots,Yes,No,58190000594654490738810024735881886037073131922700026579697745026638341690532,22966634584864804649010246659672801753536507645223947228266290556852269239724,1153.8926830000003,9801.5016,0.46,0.7,0.05,0.01,True,0.7,0.46,0.23999999999999994,68.47399999999999,4504.554,5.0001999999999995,0.54,0.3,0.24000000000000005,5.8698,324.0998,29.345999999999997,Yes,0.754191,0.672133,0.766942,0.7,0.46,0.24,0.0105,0.043691,-0.078367,0.12,0.499,4504.55,,,,,,WATCH,0
fifwc-fra-eng-2026-07-18,fifwc-fra-eng-2026-07-18-player-props,France vs. England - Player Props,2944297,soccer_player_shots,Anthony Gordon: 2+ shots,Anthony Gordon: 2+ shots,Yes,No,71794521277549554961907856160164573129833489878294924906239017270538744145425,70121841103113227880971852875093490394236654491366250113356965520721559468972,3539.664582,20468.3654,0.33,0.34,0.05,0.01,True,0.34,0.33,0.010000000000000009,5.916,5.916,72.94980000000001,0.67,0.66,0.010000000000000009,148.11020000000002,186.2622,11.484,Yes,0.409272,0.310496,0.42771,0.34,0.33,0.01,0.01122,0.058052,-0.080724,0.12,0.144,5.92,,,,,,WATCH,0
fifwc-fra-eng-2026-07-18,fifwc-fra-eng-2026-07-18-player-props,France vs. England - Player Props,2944298,soccer_player_shots,Anthony Gordon: 3+ shots,Anthony Gordon: 3+ shots,Yes,No,95582393930945046832988487157411790532211672149160449496937048801719608335553,70459866033201403224111390956882903569702587659188314654265448769730039300529,0,8555.6806,0.02,0.19,0.05,0.01,True,0.19,0.02,0.17,2.3275,30.555,0.8178000000000001,0.98,0.81,0.16999999999999993,40.0722,262.0401,9.922500000000001,Yes,0.167276,0.107206,0.180612,0.19,0.02,0.17,0.007695,-0.030419,-0.130489,0.12,0.0,30.55,,,,,,PASS,0
fifwc-fra-eng-2026-07-18,fifwc-fra-eng-2026-07-18-player-props,France vs. England - Player Props,2944299,soccer_player_shots,Anthony Gordon: 4+ shots,Anthony Gordon: 4+ shots,Yes,No,5671957009345135410735668843602728310319107569965196000456275004508915877728,49229545039970948050718286706760094706428952716685016384577254110314549944461,25,13416.36098,0.01,0.04,0.05,0.001,True,0.04,0.01,0.03,24.424400000000002,33.27002,0.15,0.99,0.96,0.030000000000000027,14.85,2515.74001,586.1856,Yes,0.054087,0.029486,0.060519,0.04,0.01,0.03,0.00192,0.012167,-0.052434,0.12,0.0,33.27,,,,,,WATCH,0
fifwc-fra-eng-2026-07-18,fifwc-fra-eng-2026-07-18-player-props,France vs. England - Player Props,2944300,soccer_player_shots,Anthony Gordon: 5+ shots,Anthony Gordon: 5+ shots,Yes,No,21256759367905091613541059549157934359796138232681071485759977637767389825547,98498470131157473584810534693783409702964437676758153859372143884629754159440,0,12611.55929,0.01,0.04,0.05,0.001,True,0.04,0.01,0.03,33.1764,95.21162000000001,0.1,0.99,0.96,0.030000000000000027,9.9,2022.885,796.2335999999999,No,0.98562,0.983292,0.993249,0.99,0.96,0.03,0.000495,-0.004875,-0.047203,0.12,0.815,2022.88,,,,,,PASS,0
fifwc-fra-eng-2026-07-18,fifwc-fra-eng-2026-07-18-player-props,France vs. England - Player Props,2944301,soccer_player_shots,Aurélien Tchouameni: 1+ shots,Aurélien Tchouameni: 1+ shots,Yes,No,100700361366625039023617994039993167537490457834208561151037928009231251239384,72709153817934095038964876114128100967309705422771424062306363743332165243016,0,7502.3641,0.1,0.52,0.05,0.01,True,0.52,0.1,0.42000000000000004,6.5,33.0,3.0,0.9,0.48,0.42000000000000004,27.0,27.0,6.0,No,0.973284,0.97238,0.978011,0.9,0.48,0.42,0.0045,0.068784,0.02788,0.12,0.804,27.0,,,,Projected appearance probability is only 12.0%; wait for the official XI.,,WATCH,0
fifwc-fra-eng-2026-07-18,fifwc-fra-eng-2026-07-18-player-props,France vs. England - Player Props,2944302,soccer_player_shots,Dayot Upamecano: 1+ shots,Dayot Upamecano: 1+ shots,Yes,No,109285905507004952402725316021543308769629101642846724123878394583357627522703,87684942696888762047871655757816978553722865151814378500659318337715931881213,296.90954600000003,4471.8613,0.12,0.19,0.05,0.01,True,0.19,0.12,0.07,21.8975,47.0975,3.6936,0.88,0.81,0.06999999999999995,27.0864,151.1765,93.3525,No,0.98975,0.989371,0.99168,0.88,0.81,0.07,0.00528,0.10447,0.064091,0.12,0.822,151.18,,,,Projected appearance probability is only 12.0%; wait for the official XI.,,WATCH,0
fifwc-fra-eng-2026-07-18,fifwc-fra-eng-2026-07-18-player-props,France vs. England - Player Props,2944303,soccer_player_shots,Dayot Upamecano: 2+ shots,Dayot Upamecano: 2+ shots,Yes,No,65409756611565695716866774858444208257391870049226268114074535458708751350835,89258368466922398520005801637213092040910848259508505386309524531944041926062,62.25,1060.8471,0.05,0.13,0.05,0.01,True,0.13,0.05,0.08,0.936,2.5260000000000002,1.117,0.95,0.87,0.07999999999999996,21.223,251.236,6.264,No,0.999549,0.999514,0.999699,0.95,0.87,0.08,0.002375,0.047174,0.007139,0.12,0.832,251.24,,,,Projected appearance probability is only 12.0%; wait for the official XI.,,WATCH,0
fifwc-fra-eng-2026-07-18,fifwc-fra-eng-2026-07-18-player-props,France vs. England - Player Props,2944304,soccer_player_shots,Dayot Upamecano: 3+ shots,Dayot Upamecano: 3+ shots,Yes,No,7088869155520845907077424268718813512926062085501161670592701104047925096711,59520156873543120325094742684757481613071584784391736061409245630689732012656,5,926.97791,0.012,0.077,0.05,0.001,True,0.077,0.012,0.065,5.775,29.174999999999997,0.35616,0.988,0.923,0.06499999999999995,29.32384,2403.35511,69.22500000000001,No,0.999987,0.999985,0.999993,0.988,0.923,0.065,0.000593,0.011394,-0.028608,0.12,0.833,2403.36,,,,Projected appearance probability is only 12.0%; wait for the official XI.,,WATCH,0
fifwc-fra-eng-2026-07-18,fifwc-fra-eng-2026-07-18-player-props,France vs. England - Player Props,2944305,soccer_player_shots,Declan Rice: 1+ shots,Declan Rice: 1+ shots,Yes,No,95952746155775769397325032286541484043391799132290137821690017571198380138919,48857064438316870697987040020155800877641074166311139390993161912991010346546,4481.806857,19691.2648,0.41,0.42,0.05,0.01,True,0.42,0.41,0.010000000000000009,275.31,370.9764,19.4791,0.59,0.58,0.010000000000000009,28.0309,56.50449999999999,380.19,Yes,0.528392,0.451398,0.54176,0.42,0.41,0.01,0.01218,0.096212,-0.020782,0.12,0.281,370.98,,,,,,WATCH,0
fifwc-fra-eng-2026-07-18,fifwc-fra-eng-2026-07-18-player-props,France vs. England - Player Props,2944306,soccer_player_shots,Declan Rice: 2+ shots,Declan Rice: 2+ shots,Yes,No,73608789771392011766019907058481526515694615251226192067983248636331395272542,63217553891612691365370345371839735214406181000755060794352496737271006438052,2564.972532,21557.8936,0.08,0.09,0.05,0.01,True,0.09,0.08,0.009999999999999995,0.44999999999999996,0.44999999999999996,49.9992,0.92,0.91,0.010000000000000009,574.9908,574.9908,4.55,Yes,0.173928,0.123996,0.184284,0.09,0.08,0.01,0.004095,0.079833,-0.010099,0.12,0.0,0.45,,,,,,WATCH,0
fifwc-fra-eng-2026-07-18,fifwc-fra-eng-2026-07-18-player-props,France vs. England - Player Props,2944307,soccer_player_shots,Declan Rice: 3+ shots,Declan Rice: 3+ shots,Yes,No,103133034062641439797078291191577355770684802548330287267164715190096244776075,93718669237082588242352893176761896956514600012123124267681568259359073220923,5,8516.05498,0.015,0.077,0.05,0.001,True,0.077,0.016,0.061,5.775,29.174999999999997,0.45376,0.984,0.922,0.061999999999999944,27.90624,2383.98503,276.6,No,0.959281,0.955268,0.975639,0.984,0.922,0.062,0.000787,-0.025506,-0.069519,0.12,0.786,2383.99,,,,,,PASS,0
fifwc-fra-eng-2026-07-18,fifwc-fra-eng-2026-07-18-player-props,France vs. England - Player Props,2944308,soccer_player_shots,Declan Rice: 4+ shots,Declan Rice: 4+ shots,Yes,No,36359359737662356032685576505865268552870214213045262121206012670803866498954,87548493408630609633292155890523580302965740588371342707741541129108451774128,15,10994.89932,0.003,0.033,0.05,0.001,True,0.033,0.003,0.030000000000000002,20.15013,32.521480000000004,1.8009,0.997,0.967,0.030000000000000027,598.4991,3702.4038199999995,590.45987,No,0.992654,0.991617,0.996262,0.997,0.967,0.03,0.00015,-0.004495,-0.045532,0.12,0.824,3702.4,,,,,,PASS,0
fifwc-fra-eng-2026-07-18,fifwc-fra-eng-2026-07-18-player-props,France vs. England - Player Props,2944309,soccer_player_shots,Elliot Anderson: 1+ shots,Elliot Anderson: 1+ shots,Yes,No,104577784439839091685023854143779682848361175404672711065978705387642352454920,38372041420438223318334933898741519230714379732540740450999380059545616811279,2652.9204570000006,21721.6494,0.53,0.54,0.05,0.01,True,0.54,0.53,0.010000000000000009,26.46,534.6544,132.3569,0.47,0.46,0.009999999999999953,117.3731,117.3731,22.540000000000003,Yes,0.598558,0.517187,0.612308,0.54,0.53,0.01,0.01242,0.046138,-0.075233,0.12,0.345,534.65,,,,,,WATCH,0
fifwc-fra-eng-2026-07-18,fifwc-fra-eng-2026-07-18-player-props,France vs. England - Player Props,2944310,soccer_player_shots,Elliot Anderson: 2+ shots,Elliot Anderson: 2+ shots,Yes,No,94453642454427951035297365752751022980309156589405594228140293071364312694505,69413593543299590992676801231774187316852146892530466001479329610581524891503,0,9241.4064,0.02,0.26,0.05,0.01,True,0.25,0.02,0.23,12.5,16.4806,0.809,0.98,0.75,0.22999999999999998,39.641000000000005,262.4801,37.5,Yes,0.232165,0.168176,0.2451,0.25,0.02,0.23,0.009375,-0.02721,-0.131199,0.12,0.007,16.48,,,,,,PASS,0
fifwc-fra-eng-2026-07-18,fifwc-fra-eng-2026-07-18-player-props,France vs. England - Player Props,2944311,soccer_player_shots,Elliot Anderson: 3+ shots,Elliot Anderson: 3+ shots,Yes,No,95490269715656119457916895686257486921839983605190133749602807326109731081627,107993349507781481472504141898795857679040613732471120184488665616102834607118,5,13037.56914,0.014,0.065,0.05,0.001,True,0.065,0.016,0.049,10.026250000000001,40.656,2.04224,0.984,0.929,0.05499999999999994,125.59776,3369.00804,507.4290900000001,Yes,0.064963,0.039543,0.071049,0.065,0.016,0.049,0.003039,-0.003076,-0.068496,0.12,0.0,40.66,,,,,,PASS,0
fifwc-fra-eng-2026-07-18,fifwc-fra-eng-2026-07-18-player-props,France vs. England - Player Props,2944312,soccer_player_shots,Elliot Anderson: 4+ shots,Elliot Anderson: 4+ shots,Yes,No,79681470451690726554313043260651386140990859765991474262322194103480920768855,83420022303258844721134152055347181309228390979254165033774222500677534667475,5,13595.3762,0.01,0.03,0.05,0.001,True,0.03,0.01,0.019999999999999997,6.7683,251.53502,0.1,0.99,0.97,0.020000000000000018,9.9,2022.885,218.8417,No,0.985905,0.983995,0.992704,0.99,0.97,0.02,0.000495,-0.00459,-0.0465,0.12,0.816,2022.88,,,,,,PASS,0
fifwc-fra-eng-2026-07-18,fifwc-fra-eng-2026-07-18-player-props,France vs. England - Player Props,2944313,soccer_player_shots,Ezri Konsa: 1+ shots,Ezri Konsa: 1+ shots,Yes,No,31284751996595030472623711121287886966241563880290295107205519709024383183339,99962776962433032622475473489684590480818909120066694846460774590966525224719,26.315788,2792.2111,0.17,0.19,0.05,0.01,True,0.19,0.17,0.01999999999999999,74.4401,147.3881,61.4057,0.83,0.81,0.019999999999999907,299.80429999999996,519.2207,317.34990000000005,Yes,0.267133,0.220527,0.27584,0.19,0.17,0.02,0.007695,0.069438,-0.017168,0.12,0.057,147.39,,,,,,WATCH,0
fifwc-fra-eng-2026-07-18,fifwc-fra-eng-2026-07-18-player-props,France vs. England - Player Props,2944314,soccer_player_shots,Ezri Konsa: 2+ shots,Ezri Konsa: 2+ shots,Yes,No,77290875555571163504924009517063864834808841098499713972041995902037572488997,29607050426298246431997947935517130474406710283571094994098873275299489909565,5,2799.41421,0.013,0.106,0.05,0.001,True,0.106,0.014,0.092,1.5899999999999999,34.754999999999995,0.20664,0.986,0.894,0.09199999999999997,14.55336,2375.89508,13.41,No,0.960636,0.957846,0.973182,0.986,0.894,0.092,0.00069,-0.026055,-0.068845,0.12,0.789,2375.9,,,,,,PASS,0
fifwc-fra-eng-2026-07-18,fifwc-fra-eng-2026-07-18-player-props,France vs. England - Player Props,2944315,soccer_player_shots,Jude Bellingham: 1+ shots,Jude Bellingham: 1+ shots,Yes,No,109114998500275627172694038560381698628580497085738221314735291824946699019847,91475873970137531577028355845750315778658030081050122834231345582398751364236,1192.0433790000002,11342.2673,0.74,0.77,0.05,0.01,True,0.76,0.74,0.020000000000000018,239.9852,398.405,10.952,0.26,0.24,0.020000000000000018,3.8480000000000003,75.81380000000001,75.78479999999999,Yes,0.850151,0.777482,0.860508,0.76,0.74,0.02,0.00912,0.081031,-0.031638,0.12,0.605,398.4,,,,,,WATCH,0
fifwc-fra-eng-2026-07-18,fifwc-fra-eng-2026-07-18-player-props,France vs. England - Player Props,2944316,soccer_player_shots,Jude Bellingham: 2+ shots,Jude Bellingham: 2+ shots,Yes,No,15112533412984603233836180300933154810013040624977226249036061538325410645360,4456944497362575266783964984124100209100723334520331549658228224113897893033,3591.6838610000004,22030.7331,0.58,0.6,0.05,0.01,True,0.6,0.58,0.020000000000000018,551.0459999999999,912.3256999999999,23.2,0.42,0.4,0.019999999999999962,16.8,176.498,367.36400000000003,No,0.434281,0.414025,0.552083,0.42,0.4,0.02,0.01218,0.002101,-0.058155,0.12,0.244,176.5,,,,,,PASS,0
fifwc-fra-eng-2026-07-18,fifwc-fra-eng-2026-07-18-player-props,France vs. England - Player Props,2944317,soccer_player_shots,Jude Bellingham: 3+ shots,Jude Bellingham: 3+ shots,Yes,No,108185215851712569761147884415194373759891897528411036347309524022820907943969,106115369422655181540092804503856367137964781140868666411652077062067927851159,163.26941,8865.0148,0.02,0.34,0.05,0.01,True,0.34,0.02,0.32,41.622800000000005,566.6228,0.7694,0.98,0.66,0.31999999999999995,37.7006,264.4601,80.7972,Yes,0.295774,0.199286,0.315589,0.34,0.02,0.32,0.01122,-0.055446,-0.191934,0.12,0.037,566.62,,,,,,PASS,0
fifwc-fra-eng-2026-07-18,fifwc-fra-eng-2026-07-18-player-props,France vs. England - Player Props,2944318,soccer_player_shots,Jude Bellingham: 4+ shots,Jude Bellingham: 4+ shots,Yes,No,100653538705177494447864397589891010847809415295880858653510080638321444324873,76612057345599130082173879529346788156465011908843146021524337510593290316902,0,9212.447,0.02,0.14,0.05,0.01,True,0.13,0.02,0.11,6.5,8.6434,0.7986,0.98,0.87,0.10999999999999999,39.1314,267.9501,43.5,Yes,0.124978,0.071751,0.137904,0.13,0.02,0.11,0.005655,-0.010677,-0.103904,0.12,0.0,8.64,,,,,,PASS,0
fifwc-fra-eng-2026-07-18,fifwc-fra-eng-2026-07-18-player-props,France vs. England - Player Props,2944319,soccer_player_shots,Jude Bellingham: 5+ shots,Jude Bellingham: 5+ shots,Yes,No,104271151640431973468832528356987605864660329711029045896033208348028733447636,51313983787129403545173790769347032037100137507743946214836950410199634068869,0,13348.07258,0.01,0.04,0.05,0.001,True,0.04,0.01,0.03,25.8484,36.189220000000006,2.8374,0.99,0.96,0.030000000000000027,280.9026,2471.23268,620.3616000000001,Yes,0.043929,0.021691,0.050256,0.04,0.01,0.03,0.00192,0.002009,-0.060229,0.12,0.0,36.19,,,,,,PASS,0
fifwc-fra-eng-2026-07-18,fifwc-fra-eng-2026-07-18-player-props,France vs. England - Player Props,2944320,soccer_player_shots,Jules Koundé: 1+ shots,Jules Koundé: 1+ shots,Yes,No,35300055720140664498251269327313075265352608295696270767754539321753392045141,64624262187310960077822893844973836064635577653520390003867967865938893035258,172.666665,597.6415,0.19,0.28,0.05,0.01,True,0.26,0.19,0.07,3.25,16.75,5.0008,0.81,0.74,0.07000000000000006,21.319200000000002,21.319200000000002,9.25,Yes,0.294964,0.244748,0.304425,0.26,0.19,0.07,0.00962,0.025344,-0.064872,0.12,0.081,16.75,,,,,,WATCH,0
fifwc-fra-eng-2026-07-18,fifwc-fra-eng-2026-07-18-player-props,France vs. England - Player Props,2944321,soccer_player_shots,Jules Koundé: 2+ shots,Jules Koundé: 2+ shots,Yes,No,106474120789189377882808437120585820756745794744925341228781165109621412870506,10364093919247556240038397574794395275524375670033678553410196948889392930957,0,3175.6103,0.05,0.07,0.05,0.01,True,0.07,0.05,0.020000000000000004,10.8262,30.7182,13.611000000000002,0.95,0.93,0.019999999999999907,258.60900000000004,871.6331,143.8338,No,0.951451,0.948043,0.966676,0.95,0.93,0.02,0.002375,-0.000924,-0.044332,0.12,0.779,871.63,,,,,,PASS,0
fifwc-fra-eng-2026-07-18,fifwc-fra-eng-2026-07-18-player-props,France vs. England - Player Props,2944322,soccer_player_shots,Jules Koundé: 3+ shots,Jules Koundé: 3+ shots,Yes,No,56017599261754536571196179592634799252899807187419311877079805076356831486172,39941815390095775595071233912194427673075957747385972819036265134187345746269,5,2523.0755,0.013,0.092,0.05,0.001,True,0.092,0.014,0.078,1.38,50.9,0.2135,0.986,0.908,0.07799999999999996,15.0365,2354.2850599999997,27.240000000000002,No,0.994512,0.993898,0.996843,0.986,0.908,0.078,0.00069,0.007822,-0.032792,0.12,0.826,2354.29,,,,,,PASS,0
fifwc-fra-eng-2026-07-18,fifwc-fra-eng-2026-07-18-player-props,France vs. England - Player Props,2944323,soccer_player_shots,Lucas Digne: 1+ shots,Lucas Digne: 1+ shots,Yes,No,114121757043436112020213540686739311580240173241476070155637768895427928751016,101819126170406358083682289418810667576074565798354947357032552949306152069397,156,398.3952,0.12,0.36,0.05,0.01,True,0.34,0.12,0.22000000000000003,10.410800000000002,27.910800000000002,1.3632,0.88,0.66,0.21999999999999997,9.9968,94.0369,20.209200000000003,,,,,,,,,,,,,,,,,,,UNSUPPORTED_OR_LINEUP_FILTER,0
fifwc-fra-eng-2026-07-18,fifwc-fra-eng-2026-07-18-player-props,France vs. England - Player Props,2944324,soccer_player_shots,Lucas Digne: 2+ shots,Lucas Digne: 2+ shots,Yes,No,14756820101572550105160061405988258560371531386701241078762494691464780978679,19772711988507984467795676263408212650602690746314079089708599452849720592170,205,4602.6395,0.05,0.08,0.05,0.01,True,0.08,0.04,0.04,21.4848,36.6552,19.5228,0.96,0.92,0.039999999999999925,468.5472,1883.1967999999997,247.07520000000002,,,,,,,,,,,,,,,,,,,UNSUPPORTED_OR_LINEUP_FILTER,0
fifwc-fra-eng-2026-07-18,fifwc-fra-eng-2026-07-18-player-props,France vs. England - Player Props,2944325,soccer_player_shots,Lucas Digne: 3+ shots,Lucas Digne: 3+ shots,Yes,No,109722395838555978911274083837696210241811451479333424744538128328751691351931,63245291420819695435832654732930416663750684956643944620096768142520993590794,5,2490.02877,0.014,0.077,0.05,0.001,True,0.077,0.015,0.062,6.7375,30.1375,0.44789999999999996,0.985,0.923,0.061999999999999944,29.4121,2365.64015,80.7625,,,,,,,,,,,,,,,,,,,UNSUPPORTED_OR_LINEUP_FILTER,0
fifwc-fra-eng-2026-07-18,fifwc-fra-eng-2026-07-18-player-props,France vs. England - Player Props,2944326,soccer_player_shots,Manu Koné: 1+ shots,Manu Koné: 1+ shots,Yes,No,113542959609060767561939523031281218371734613834110735404603942498107339350218,50694074934150886374246960078471299702803065050332767986484825891166330596005,585.99714,8233.1158,0.36,0.58,0.05,0.01,True,0.58,0.36,0.21999999999999997,110.19999999999999,2717.41,5.0004,0.64,0.42,0.22000000000000003,8.8896,484.5226,79.8,Yes,0.756863,0.675834,0.769643,0.58,0.36,0.22,0.01218,0.164683,0.043654,0.12,0.503,2717.41,,,,,,WATCH,0
fifwc-fra-eng-2026-07-18,fifwc-fra-eng-2026-07-18-player-props,France vs. England - Player Props,2944327,soccer_player_shots,Manu Koné: 2+ shots,Manu Koné: 2+ shots,Yes,No,80398882334520679443090250342942004915227236469520137892776834793714241629809,15465434098926508912518661147664358279481120533334675375453050834563755002175,0,7653.1951,0.03,0.3,0.05,0.01,True,0.29,0.02,0.26999999999999996,14.499999999999998,19.092999999999996,0.7752,0.98,0.71,0.27,37.9848,264.1602,35.5,Yes,0.413035,0.314552,0.431655,0.29,0.02,0.27,0.010295,0.11274,-0.025743,0.12,0.148,19.09,,,,,,WATCH,0
fifwc-fra-eng-2026-07-18,fifwc-fra-eng-2026-07-18-player-props,France vs. England - Player Props,2944328,soccer_player_shots,Manu Koné: 3+ shots,Manu Koné: 3+ shots,Yes,No,87451946220414455411052659293986241477849889493477795362070585528709539485344,53201277561318742869461471551318245288243809180984680948699881129727912120778,0,8426.08188,0.011,0.079,0.05,0.001,True,0.079,0.011,0.068,2.37,32.27,0.15971999999999997,0.989,0.921,0.06799999999999995,14.36028,2447.40501,27.630000000000003,Yes,0.169927,0.109468,0.183495,0.079,0.011,0.068,0.003638,0.087289,-0.01317,0.12,0.0,32.27,,,,,,WATCH,0
fifwc-fra-eng-2026-07-18,fifwc-fra-eng-2026-07-18-player-props,France vs. England - Player Props,2944329,soccer_player_shots,Manu Koné: 4+ shots,Manu Koné: 4+ shots,Yes,No,96177430989398124474975066496813386685554428633152906891186549360443471113880,18128630039613659897612474603856035865880503746434417926073880520466213630249,5,10878.77211,0.012,0.04,0.05,0.001,True,0.04,0.012,0.028,20.424400000000002,34.96522,1.48476,0.988,0.96,0.028000000000000025,122.24524000000001,2641.84303,490.1856,Yes,0.055332,0.030343,0.061925,0.04,0.012,0.028,0.00192,0.013412,-0.051577,0.12,0.0,34.97,,,,,,WATCH,0
fifwc-fra-eng-2026-07-18,fifwc-fra-eng-2026-07-18-player-props,France vs. England - Player Props,2944330,soccer_player_shots,Marc Guéhi: 1+ shots,Marc Guéhi: 1+ shots,Yes,No,35660686895449961357262321626075368419376764252040311449642104664461425929102,13799088802398806379751113062669394109639537422480980076406065041807171558866,40.764704,5254.2127,0.15,0.17,0.05,0.01,True,0.17,0.15,0.020000000000000018,61.67430000000001,126.02250000000001,91.6815,0.85,0.83,0.020000000000000018,519.5285,744.1691,301.1157,Yes,0.180821,0.147881,0.187089,0.17,0.15,0.02,0.007055,0.003766,-0.069174,0.12,0.0,126.02,,,,,,PASS,0
fifwc-fra-eng-2026-07-18,fifwc-fra-eng-2026-07-18-player-props,France vs. England - Player Props,2944331,soccer_player_shots,Marc Guéhi: 2+ shots,Marc Guéhi: 2+ shots,Yes,No,75405453146036441102166096856238883579209919449247545332000675219705433339683,95135920521781531784002792350061503252526508507023624771362074333363172775816,5,6885.0817,0.04,0.07,0.05,0.01,True,0.07,0.04,0.030000000000000006,33.9521,81.77770000000001,23.782,0.96,0.93,0.029999999999999916,570.7679999999999,1531.125,451.0779,No,0.982566,0.981278,0.988263,0.96,0.93,0.03,0.00192,0.020646,-0.020642,0.12,0.813,1531.12,,,,,,WATCH,0
fifwc-fra-eng-2026-07-18,fifwc-fra-eng-2026-07-18-player-props,France vs. England - Player Props,2944332,soccer_player_shots,Nico O’Reilly: 1+ shots,Nico O’Reilly: 1+ shots,Yes,No,111868144709715234016691271504822391451604374145528956768350588256086294471833,14628412510988127650933358016005007165204220383765877556033262346741874937538,167.59705499999998,5113.1586,0.43,0.46,0.05,0.01,True,0.46,0.43,0.030000000000000027,168.2174,404.6603,82.7363,0.57,0.54,0.029999999999999916,109.67369999999998,372.6921,197.4726,Yes,0.621525,0.539188,0.6353,0.46,0.43,0.03,0.01242,0.149105,0.026768,0.12,0.367,404.66,,,,,,WATCH,0
fifwc-fra-eng-2026-07-18,fifwc-fra-eng-2026-07-18-player-props,France vs. England - Player Props,2944333,soccer_player_shots,Nico O’Reilly: 2+ shots,Nico O’Reilly: 2+ shots,Yes,No,56902150977134805584266003882447440817782871594405493294402604094093232555784,37316953743988276035619157375097431200991453320581276476617543394049003045249,0,227.2408,0.06,0.28,0.05,0.01,True,0.29,0.06,0.22999999999999998,11.8813,23.8813,1.2,0.94,0.71,0.22999999999999998,18.799999999999997,18.799999999999997,29.0887,Yes,0.253797,0.184905,0.267591,0.29,0.06,0.23,0.010295,-0.046498,-0.15539,0.12,0.023,23.88,,,,,,PASS,0
fifwc-fra-eng-2026-07-18,fifwc-fra-eng-2026-07-18-player-props,France vs. England - Player Props,2944334,soccer_player_shots,Nico O’Reilly: 3+ shots,Nico O’Reilly: 3+ shots,Yes,No,87444649423574984165629792407142400131270359890102996288537032227894294756893,27307322504323539188788971285794798736878614005157680379589067524752417030700,5,9691.0688,0.04,0.06,0.05,0.01,True,0.06,0.04,0.019999999999999997,33.8244,51.33839999999999,8.5944,0.96,0.94,0.020000000000000018,206.2656,589.594,529.9155999999999,Yes,0.075153,0.046034,0.082063,0.06,0.04,0.02,0.00282,0.012333,-0.056786,0.12,0.0,51.34,,,,,,WATCH,0
fifwc-fra-eng-2026-07-18,fifwc-fra-eng-2026-07-18-player-props,France vs. England - Player Props,2944335,soccer_player_shots,William Saliba: 1+ shots,William Saliba: 1+ shots,Yes,No,40436275752814251276269201155380862770171716719854911523787348132143118755907,89194654988061344270519934988004328157751335370480812210319622070655448773841,2115.120009,48517.39443,0.004,0.006,0.05,0.001,True,0.006,0.004,0.002,9.13044,44.268840000000004,0.45192000000000004,0.996,0.994,0.0020000000000000018,112.52808,4156.94508,1512.60956,No,1.0,1.0,1.0,0.996,0.994,0.002,0.000199,0.003801,-0.036199,0.12,0.833,4156.95,,,,Projected appearance probability is only 0.0%; wait for the official XI.,,PASS,0
fifwc-fra-eng-2026-07-18,fifwc-fra-eng-2026-07-18-player-props,France vs. England - Player Props,2944336,soccer_player_shots,William Saliba: 2+ shots,William Saliba: 2+ shots,Yes,No,112431935026248825738602206021210658142382024099219684462999101470778510905387,81515044904085691291173594133163412095642290043180640578363296672490708759577,2349,33685.78166,0.001,0.002,0.05,0.001,True,0.002,0.001,0.001,0.8992000000000001,7.4982,0.04,0.999,0.998,0.0010000000000000009,39.96,39.96,448.7008,No,1.0,1.0,1.0,0.999,0.998,0.001,5e-05,0.00095,-0.03905,0.12,0.833,39.96,,,,Projected appearance probability is only 0.0%; wait for the official XI.,,PASS,0
fifwc-fra-eng-2026-07-18,fifwc-fra-eng-2026-07-18-player-props,France vs. England - Player Props,2944626,soccer_player_shots,Aurélien Tchouameni: 2+ shots,Aurélien Tchouameni: 2+ shots,Yes,No,59190807068534156940139467250264945854866637909688298218243937739613855470211,40176728682219500280630312782312451425715454384395997597475371719097141170590,0,7667.0979,0.05,0.26,0.05,0.01,True,0.25,0.05,0.2,12.5,16.4806,0.40800000000000003,0.95,0.75,0.19999999999999996,7.752,232.11960000000002,37.5,No,0.996777,0.996542,0.99781,0.95,0.75,0.2,0.002375,0.044402,0.004167,0.12,0.829,232.12,,,,Projected appearance probability is only 12.0%; wait for the official XI.,,WATCH,0
fifwc-fra-eng-2026-07-18,fifwc-fra-eng-2026-07-18-player-props,France vs. England - Player Props,2944627,soccer_player_shots,Aurélien Tchouameni: 3+ shots,Aurélien Tchouameni: 3+ shots,Yes,No,74781302519288501509707289087068634810260354702570395811161375581275907417114,59759981019316998020037205148688083418601896535887391226096651049917664187658,5,7809.93739,0.016,0.116,0.05,0.001,True,0.118,0.017,0.10099999999999999,12.744,259.82399999999996,0.24055,0.983,0.882,0.10099999999999998,13.90945,2363.00003,95.256,No,0.999735,0.999705,0.999849,0.983,0.882,0.101,0.000836,0.0159,-0.024131,0.12,0.832,2363.0,,,,Projected appearance probability is only 12.0%; wait for the official XI.,,WATCH,0
fifwc-fra-eng-2026-07-18,fifwc-fra-eng-2026-07-18-player-props,France vs. England - Player Props,2944628,soccer_player_shots,Aurélien Tchouameni: 4+ shots,Aurélien Tchouameni: 4+ shots,Yes,No,367952539431560634549749619134338119499376065077398294360972331883429098107,10266974470492508210124360442859697845128831012732567352037359281341249698625,5,11457.93497,0.01,0.04,0.05,0.001,True,0.04,0.01,0.03,30.9156,131.6484,1.5862,0.99,0.96,0.030000000000000027,157.0338,2668.9799,741.9744,No,0.999984,0.999981,0.999992,0.99,0.96,0.03,0.000495,0.009489,-0.030514,0.12,0.833,2668.98,,,,Projected appearance probability is only 12.0%; wait for the official XI.,,PASS,0
fifwc-fra-eng-2026-07-18,fifwc-fra-eng-2026-07-18-player-props,France vs. England - Player Props,2944629,soccer_player_shots,Bradley Barcola: 1+ shots,Bradley Barcola: 1+ shots,Yes,No,73677175493740486762407142184105470932206192081636237756068075254262729009028,347253017706255242523294235683548924877039140118128071384294502777571681930,159.641911,6929.3824,0.52,0.54,0.05,0.01,True,0.53,0.52,0.010000000000000009,63.6,80.1,5.2,0.48,0.47,0.010000000000000009,4.8,4.8,56.4,No,0.58752,0.578995,0.638715,0.48,0.47,0.01,0.01248,0.09504,0.046515,0.12,0.406,4.8,,,,Projected appearance probability is only 62.0%; wait for the official XI.,,WATCH,0
fifwc-fra-eng-2026-07-18,fifwc-fra-eng-2026-07-18-player-props,France vs. England - Player Props,2944630,soccer_player_shots,Bradley Barcola: 2+ shots,Bradley Barcola: 2+ shots,Yes,No,97077497918945998579446230289462532532152832937908473246799709715206249696646,112995727473478635492993478428628917601581402582832483548685885707438659367575,642.141576,11458.6364,0.19,0.2,0.05,0.01,True,0.2,0.19,0.010000000000000009,0.136,0.136,75.354,0.81,0.8,0.010000000000000009,321.24600000000004,418.44730000000004,0.544,No,0.814649,0.805036,0.862943,0.81,0.8,0.01,0.007695,-0.003046,-0.052659,0.12,0.633,418.45,,,,Projected appearance probability is only 62.0%; wait for the official XI.,,PASS,0
fifwc-fra-eng-2026-07-18,fifwc-fra-eng-2026-07-18-player-props,France vs. England - Player Props,2944631,soccer_player_shots,Bradley Barcola: 3+ shots,Bradley Barcola: 3+ shots,Yes,No,30032960194143265790595771612771856240291187552481322162668794500871761963787,107549740356774235645060889925413490408255003553063133019037698264564059763097,30.509999999999998,7621.4882,0.03,0.2,0.05,0.01,True,0.19,0.02,0.17,9.5,9.5,0.7812000000000001,0.98,0.81,0.16999999999999993,38.278800000000004,263.8602,40.5,No,0.938944,0.933522,0.961954,0.98,0.81,0.17,0.00098,-0.042036,-0.087458,0.12,0.764,263.86,,,,Projected appearance probability is only 62.0%; wait for the official XI.,,PASS,0
fifwc-fra-eng-2026-07-18,fifwc-fra-eng-2026-07-18-player-props,France vs. England - Player Props,2944632,soccer_player_shots,Bradley Barcola: 4+ shots,Bradley Barcola: 4+ shots,Yes,No,20007877199826740328236936408172285237776555244676941669572184739135399778287,81161689086862146076921878610971242288761405501432950548144619628003958681437,5,8203.73069,0.012,0.078,0.05,0.001,True,0.078,0.012,0.066,23.4,23.4,0.35736,0.988,0.922,0.06599999999999995,29.42264,2404.07504,276.6,No,0.984291,0.982251,0.991671,0.988,0.922,0.066,0.000593,-0.004302,-0.046341,0.12,0.814,2404.08,,,,Projected appearance probability is only 62.0%; wait for the official XI.,,PASS,0
fifwc-fra-eng-2026-07-18,fifwc-fra-eng-2026-07-18-player-props,France vs. England - Player Props,2944633,soccer_player_shots,Bradley Barcola: 5+ shots,Bradley Barcola: 5+ shots,Yes,No,60685441085228883435429135439448377697043590847250629416040416571333030091366,82483706904292620268656155129094590554872205406469157563176585383318778787819,0,10245.22252,0.01,0.067,0.05,0.001,True,0.067,0.01,0.057,5.025,171.994,0.1,0.99,0.933,0.05699999999999994,9.9,2022.885,69.97500000000001,No,0.996699,0.996123,0.998491,0.99,0.933,0.057,0.000495,0.006204,-0.034372,0.12,0.829,2022.88,,,,Projected appearance probability is only 62.0%; wait for the official XI.,,PASS,0
fifwc-fra-eng-2026-07-18,fifwc-fra-eng-2026-07-18-player-props,France vs. England - Player Props,2944634,soccer_player_shots_on_target,Adrien Rabiot: 1+ shots on target,Adrien Rabiot: 1+ shots on target,Yes,No,93337159573104414646933864024705564055541108848811221087303771066826547612137,97937306141078657284231199760322982260840345633081573614147081867077750895648,0,8696.4398,0.23,0.25,0.05,0.01,True,0.25,0.23,0.01999999999999999,62.75,230.0868,184.207,0.77,0.75,0.020000000000000018,616.693,1006.615,188.25,No,0.98346,0.982886,0.986424,0.77,0.75,0.02,0.008855,0.204605,0.164031,0.12,0.815,1006.62,,,,Projected appearance probability is only 12.0%; wait for the official XI.,,WATCH,0
fifwc-fra-eng-2026-07-18,fifwc-fra-eng-2026-07-18-player-props,France vs. England - Player Props,2944635,soccer_player_shots_on_target,Adrien Rabiot: 2+ shots on target,Adrien Rabiot: 2+ shots on target,Yes,No,35989095986308605145260025172742687722548039617439614457829601639309153335980,98598203919892432493090430571387266111600799042009873624739543444128349185760,0,2739.3849,0.01,0.18,0.05,0.01,True,0.18,0.01,0.16999999999999998,9.0,96.5,0.1,0.99,0.82,0.17000000000000004,9.9,9.9,41.0,No,0.998804,0.998716,0.999187,0.99,0.82,0.17,0.000495,0.008309,-0.031779,0.12,0.831,9.9,,,,Projected appearance probability is only 12.0%; wait for the official XI.,,PASS,0
fifwc-fra-eng-2026-07-18,fifwc-fra-eng-2026-07-18-player-props,France vs. England - Player Props,2944636,soccer_player_shots_on_target,Anthony Gordon: 1+ shots on target,Anthony Gordon: 1+ shots on target,Yes,No,112484232828051266237739275831896145223066578728055727490988772590392267092052,83672685431258088685099708147345932399618754218569473524305870184145785607930,0,15.12,0.03,0.93,0.05,0.01,True,0.93,0.03,0.9,66.4299,66.4299,0.48,0.97,0.07,0.8999999999999999,15.52,223.42000000000002,5.000100000000001,No,0.505974,0.493912,0.577854,0.97,0.07,0.9,0.001455,-0.465481,-0.517543,0.12,0.322,223.42,,,,,,PASS,0
fifwc-fra-eng-2026-07-18,fifwc-fra-eng-2026-07-18-player-props,France vs. England - Player Props,2944637,soccer_player_shots_on_target,Anthony Gordon: 2+ shots on target,Anthony Gordon: 2+ shots on target,Yes,No,50280483411622352745991612439505092297628802938302578576764158122691683727577,92802771348703446702911430451944933770482410728134965648212333177579976456728,0,14.6598,0.01,0.69,0.05,0.01,True,0.69,0.01,0.6799999999999999,11.129699999999998,11.129699999999998,2.1,0.99,0.31,0.6799999999999999,207.9,207.9,5.000299999999999,No,0.850679,0.842217,0.893125,0.99,0.31,0.68,0.000495,-0.139816,-0.188278,0.12,0.671,207.9,,,,,,PASS,0
fifwc-fra-eng-2026-07-18,fifwc-fra-eng-2026-07-18-player-props,France vs. England - Player Props,2944638,soccer_player_shots_on_target,Anthony Gordon: 3+ shots on target,Anthony Gordon: 3+ shots on target,Yes,No,44704083562999890649322497342647720010311284479221188271049636194181901521119,72811669804480686274020456905342085491685902152735826169517249666571622970461,0,8567.77276,0.01,0.04,0.05,0.001,True,0.04,0.01,0.03,25.8484,36.189220000000006,0.1,0.99,0.96,0.030000000000000027,9.9,2027.88,620.3616000000001,Yes,0.031903,0.019249,0.034871,0.04,0.01,0.03,0.00192,-0.010017,-0.062671,0.12,0.0,36.19,,,,,,PASS,0
fifwc-fra-eng-2026-07-18,fifwc-fra-eng-2026-07-18-player-props,France vs. England - Player Props,2944639,soccer_player_shots_on_target,Aurélien Tchouameni: 1+ shots on target,Aurélien Tchouameni: 1+ shots on target,Yes,No,56411387751580230166129436313425694642380459191384361064564640404295704939852,6065770501937808131458389363772738444406818076022058559076825004641018783780,0,14.6593,0.01,0.83,0.05,0.01,True,0.83,0.01,0.82,24.4103,24.4103,2.1,0.99,0.17,0.82,207.9,207.9,4.999700000000001,No,0.988895,0.988499,0.990925,0.99,0.17,0.82,0.000495,-0.0016,-0.041996,0.12,0.821,207.9,,,,Projected appearance probability is only 12.0%; wait for the official XI.,,PASS,0
fifwc-fra-eng-2026-07-18,fifwc-fra-eng-2026-07-18-player-props,France vs. England - Player Props,2944640,soccer_player_shots_on_target,Aurélien Tchouameni: 2+ shots on target,Aurélien Tchouameni: 2+ shots on target,Yes,No,5987906573121267748626699260398662783309145723628185265956691998199761643382,110680634632249399013413064641348261987039421100991632459758586822020432829017,0,24.6545,0.03,0.58,0.05,0.01,True,0.58,0.03,0.5499999999999999,6.902,24.1654,6.0,0.97,0.42,0.55,194.0,203.9,4.998,No,0.99947,0.99943,0.999642,0.97,0.42,0.55,0.001455,0.028015,-0.012025,0.12,0.832,203.9,,,,Projected appearance probability is only 12.0%; wait for the official XI.,,WATCH,0
fifwc-fra-eng-2026-07-18,fifwc-fra-eng-2026-07-18-player-props,France vs. England - Player Props,2944641,soccer_player_shots_on_target,Bradley Barcola: 1+ shots on target,Bradley Barcola: 1+ shots on target,Yes,No,40677949452413762534753870119521476607237286909326875202605685116219008524688,61998685373568184800403902460389667756415807949622844479072607507097859563399,0,4126.8241,0.42,0.44,0.05,0.01,True,0.44,0.42,0.020000000000000018,235.76080000000002,408.9298,222.6378,0.58,0.56,0.019999999999999907,307.4522,660.1188,300.05920000000003,No,0.754326,0.747339,0.792526,0.58,0.56,0.02,0.01218,0.162146,0.115159,0.12,0.575,660.12,,,,Projected appearance probability is only 62.0%; wait for the official XI.,,WATCH,0
fifwc-fra-eng-2026-07-18,fifwc-fra-eng-2026-07-18-player-props,France vs. England - Player Props,2944642,soccer_player_shots_on_target,Bradley Barcola: 2+ shots on target,Bradley Barcola: 2+ shots on target,Yes,No,112250245063269320900543192976531597820860393303474718576274115361112126359291,33305676457896502085269083472348401565529937198176587295237164766993610562056,0,14.6597,0.01,0.79,0.05,0.01,True,0.79,0.01,0.78,18.8099,18.8099,2.1,0.99,0.21,0.78,207.9,207.9,5.0001,No,0.943208,0.939581,0.959981,0.99,0.21,0.78,0.000495,-0.047287,-0.090914,0.12,0.77,207.9,,,,Projected appearance probability is only 62.0%; wait for the official XI.,,PASS,0
fifwc-fra-eng-2026-07-18,fifwc-fra-eng-2026-07-18-player-props,France vs. England - Player Props,2944643,soccer_player_shots_on_target,Bradley Barcola: 3+ shots on target,Bradley Barcola: 3+ shots on target,Yes,No,77799513151889410408874697239216426774044980883638475882157719952705801263735,2451868786919547496295621962553449715849798860072992296547351901705539155826,0,14.6576,0.01,0.58,0.05,0.01,True,0.58,0.01,0.57,6.902,6.902,2.1,0.99,0.42,0.5700000000000001,207.9,207.9,4.998,No,0.990862,0.989921,0.994579,0.99,0.42,0.57,0.000495,0.000367,-0.040574,0.12,0.822,207.9,,,,Projected appearance probability is only 62.0%; wait for the official XI.,,PASS,0
fifwc-fra-eng-2026-07-18,fifwc-fra-eng-2026-07-18-player-props,France vs. England - Player Props,2944644,soccer_player_shots_on_target,Bradley Barcola: 4+ shots on target,Bradley Barcola: 4+ shots on target,Yes,No,84894917785643445123175543857911141464232365274768135763114952234685743933474,113417307091479815175377901179779479759678788586357868462325314625255338686923,10.41,8713.88043,0.02,0.049,0.05,0.001,True,0.049,0.02,0.029,0.735,31.2518,4.3566,0.98,0.951,0.029000000000000026,213.4734,632.2551,14.264999999999999,No,0.998878,0.998715,0.999432,0.98,0.951,0.029,0.00098,0.017898,-0.022265,0.12,0.831,632.26,,,,Projected appearance probability is only 62.0%; wait for the official XI.,,WATCH,0
fifwc-fra-eng-2026-07-18,fifwc-fra-eng-2026-07-18-player-props,France vs. England - Player Props,2944645,soccer_player_shots_on_target,Dayot Upamecano: 1+ shots on target,Dayot Upamecano: 1+ shots on target,Yes,No,98139595202937108112619240787614674146305251104050438979323531059681697975008,49510723785811681941886441440276700141739335596823296663007826228876095647614,0,1033.8564,0.01,0.27,0.05,0.01,True,0.27,0.01,0.26,13.5,141.5,0.1,0.99,0.73,0.26,9.9,9.9,36.5,No,0.99681,0.996692,0.997409,0.99,0.73,0.26,0.000495,0.006315,-0.033803,0.12,0.829,9.9,,,,Projected appearance probability is only 12.0%; wait for the official XI.,,PASS,0
fifwc-fra-eng-2026-07-18,fifwc-fra-eng-2026-07-18-player-props,France vs. England - Player Props,2944646,soccer_player_shots_on_target,Declan Rice: 1+ shots on target,Declan Rice: 1+ shots on target,Yes,No,7525667130828901496244736966568355532897269483231200430706659187966781190984,14233662971401671265883066740807951939123013689352481603515618123059788448608,0,14.6434,0.01,0.89,0.05,0.01,True,0.89,0.01,0.88,40.450500000000005,40.450500000000005,2.1,0.99,0.11,0.88,207.9,207.9,4.9995,No,0.736976,0.729016,0.781609,0.99,0.11,0.88,0.000495,-0.253519,-0.301479,0.12,0.556,207.9,,,,,,PASS,0
fifwc-fra-eng-2026-07-18,fifwc-fra-eng-2026-07-18-player-props,France vs. England - Player Props,2944647,soccer_player_shots_on_target,Declan Rice: 2+ shots on target,Declan Rice: 2+ shots on target,Yes,No,46019490388874746083269768652130419376970491088988255411872010973237314862018,68615902823390025938133658590841872130106894151791670063822493662756723286942,0,14.80055,0.01,0.62,0.05,0.001,True,0.62,0.01,0.61,8.1592,8.1592,0.1,0.99,0.38,0.61,9.9,2077.83,5.0008,No,0.961901,0.959399,0.973746,0.99,0.38,0.61,0.000495,-0.028594,-0.071096,0.12,0.791,2077.83,,,,,,PASS,0
fifwc-fra-eng-2026-07-18,fifwc-fra-eng-2026-07-18-player-props,France vs. England - Player Props,2944648,soccer_player_shots_on_target,Désiré Doué: 1+ shots on target,Désiré Doué: 1+ shots on target,Yes,No,71948122644209302412150794315852179657551201457737988998936381883487353144518,90251818642366911710533759816568310229778710682210788595011126567945597217815,0,235.6595,0.06,0.73,0.05,0.01,True,0.73,0.06,0.6699999999999999,36.5,371.5,4.9998,0.94,0.27,0.6699999999999999,78.33019999999999,87.83019999999999,13.5,Yes,0.55437,0.488626,0.565252,0.73,0.06,0.67,0.009855,-0.185485,-0.291229,0.12,0.317,371.5,,,,Projected appearance probability is only 82.0%; wait for the official XI.,,PASS,0
fifwc-fra-eng-2026-07-18,fifwc-fra-eng-2026-07-18-player-props,France vs. England - Player Props,2944649,soccer_player_shots_on_target,Désiré Doué: 2+ shots on target,Désiré Doué: 2+ shots on target,Yes,No,24160388625031788720687147025143612796354935130056475364162250656663089090006,18762741570611901181300188883688316728229132179426173247427790148313930387749,0,247.6595,0.01,0.4,0.05,0.01,True,0.4,0.01,0.39,160.0,160.0,0.1,0.99,0.6,0.39,9.9,9.9,240.0,Yes,0.254951,0.190795,0.267567,0.4,0.01,0.39,0.012,-0.157049,-0.261205,0.12,0.029,160.0,,,,Projected appearance probability is only 82.0%; wait for the official XI.,,PASS,0
fifwc-fra-eng-2026-07-18,fifwc-fra-eng-2026-07-18-player-props,France vs. England - Player Props,2944650,soccer_player_shots_on_target,Désiré Doué: 3+ shots on target,Désiré Doué: 3+ shots on target,Yes,No,55504492604464569079110503338854164187319000364187882218940300890149741633043,95506900033070249566534323037990998347358198429126419678892485732544307604323,0,393.6591,0.01,0.22,0.05,0.01,True,0.22,0.01,0.21,1.4102000000000001,120.4102,0.1,0.99,0.78,0.20999999999999996,9.9,9.9,4.9998000000000005,No,0.9138,0.906486,0.945401,0.99,0.78,0.21,0.000495,-0.076695,-0.124009,0.12,0.736,9.9,,,,Projected appearance probability is only 82.0%; wait for the official XI.,,PASS,0
fifwc-fra-eng-2026-07-18,fifwc-fra-eng-2026-07-18-player-props,France vs. England - Player Props,2944651,soccer_player_shots_on_target,Désiré Doué: 4+ shots on target,Désiré Doué: 4+ shots on target,Yes,No,39224139521205940927830519597463255425314598604323891273761018544200341683748,103436231106854027621495810522365494486745913289659380610976581081326521173121,0,6.1597,0.02,0.97,0.05,0.01,True,0.97,0.02,0.95,16.2184,278.5303,0.5,0.98,0.03,0.95,24.5,232.4,0.5015999999999999,No,0.977206,0.974378,0.987678,0.98,0.03,0.95,0.00098,-0.003774,-0.046602,0.12,0.806,232.4,,,,Projected appearance probability is only 82.0%; wait for the official XI.,,PASS,0
fifwc-fra-eng-2026-07-18,fifwc-fra-eng-2026-07-18-player-props,France vs. England - Player Props,2944652,soccer_player_shots_on_target,Elliot Anderson: 1+ shots on target,Elliot Anderson: 1+ shots on target,Yes,No,74793635977401915527893050308103628941452470445714289804179933268485971702292,23776778580046903477133545251110531272805308840678329708127139268688281291021,0,4701.4742,0.16,0.18,0.05,0.01,True,0.18,0.16,0.01999999999999999,45.18,368.4513,156.416,0.84,0.82,0.020000000000000018,821.184,1532.2939999999999,205.82,Yes,0.309688,0.258484,0.318724,0.18,0.16,0.02,0.00738,0.122308,0.031104,0.12,0.094,368.45,,,,,,WATCH,0
fifwc-fra-eng-2026-07-18,fifwc-fra-eng-2026-07-18-player-props,France vs. England - Player Props,2944653,soccer_player_shots_on_target,Elliot Anderson: 2+ shots on target,Elliot Anderson: 2+ shots on target,Yes,No,59991902107706823831008748582248743595476308861125764781569541034869298542575,100570080123328149300342013558315283481221257734609014192029234094704431145423,260.989125,1500.7294,0.02,0.56,0.05,0.01,True,0.56,0.02,0.54,6.3616,22.264599999999998,6.0,0.98,0.44,0.54,294.0,303.9,4.9984,No,0.946149,0.942701,0.962641,0.98,0.44,0.54,0.00098,-0.034831,-0.078279,0.12,0.773,303.9,,,,,,PASS,0
fifwc-fra-eng-2026-07-18,fifwc-fra-eng-2026-07-18-player-props,France vs. England - Player Props,2944654,soccer_player_shots_on_target,Ezri Konsa: 1+ shots on target,Ezri Konsa: 1+ shots on target,Yes,No,88041123353394970897085615086953914841757913230345514314311468272800260671287,40759350391502167017745927276987129839646287644800432960455809115353386214881,0,2283.2496,0.01,0.25,0.05,0.01,True,0.25,0.01,0.24,12.5,131.5,2.1,0.99,0.75,0.24,207.9,207.9,37.5,No,0.905955,0.902769,0.923241,0.99,0.75,0.24,0.000495,-0.08454,-0.127726,0.12,0.732,207.9,,,,,,PASS,0
fifwc-fra-eng-2026-07-18,fifwc-fra-eng-2026-07-18-player-props,France vs. England - Player Props,2944655,soccer_player_shots_on_target,Harry Kane: 1+ shots on target,Harry Kane: 1+ shots on target,Yes,No,80859690297819559617992075277369279069178406363748840761162257014079744393980,112106379010297813514827539791592637268464248068484375820484620758137361072402,0,1932.7861,0.37,0.77,0.05,0.01,True,0.77,0.37,0.4,38.5,391.5,4.9986999999999995,0.63,0.23,0.4,8.5113,8.5113,11.5,Yes,0.716568,0.635973,0.72886,0.77,0.37,0.4,0.008855,-0.062287,-0.182882,0.12,0.463,391.5,,,,,,PASS,0
fifwc-fra-eng-2026-07-18,fifwc-fra-eng-2026-07-18-player-props,France vs. England - Player Props,2944656,soccer_player_shots_on_target,Harry Kane: 2+ shots on target,Harry Kane: 2+ shots on target,Yes,No,77154179123174493330025912969335971892471630593397197131359564274917261203572,99180700190032235004315358025944828714168901627720891205309955614969339138051,0,4739.4834,0.02,0.42,0.05,0.01,True,0.42,0.02,0.39999999999999997,42.0,696.0,0.5,0.98,0.58,0.4,24.5,232.4,57.99999999999999,Yes,0.359221,0.271574,0.375176,0.42,0.02,0.4,0.01218,-0.072959,-0.200606,0.12,0.106,696.0,,,,,,PASS,0
fifwc-fra-eng-2026-07-18,fifwc-fra-eng-2026-07-18-player-props,France vs. England - Player Props,2944657,soccer_player_shots_on_target,Harry Kane: 3+ shots on target,Harry Kane: 3+ shots on target,Yes,No,9863893111317927672570222222556879969161786536111059276408009496306571566813,101462494872353682009111583975446627073626530296483048959143722328624771813970,0,2613.4321,0.01,0.23,0.05,0.01,True,0.24,0.01,0.22999999999999998,60.0,162.0,0.1,0.99,0.76,0.22999999999999998,9.9,9.9,190.0,No,0.866046,0.855689,0.914172,0.99,0.76,0.23,0.000495,-0.124449,-0.174806,0.12,0.684,9.9,,,,,,PASS,0
fifwc-fra-eng-2026-07-18,fifwc-fra-eng-2026-07-18-player-props,France vs. England - Player Props,2944658,soccer_player_shots_on_target,Harry Kane: 4+ shots on target,Harry Kane: 4+ shots on target,Yes,No,101216810344289940886909472225782181533698696024901919183560771034593603435786,27599021452863822009611978969454136344422880678374420449176499812584519253553,0,8804.6916,0.01,0.04,0.05,0.001,True,0.04,0.01,0.03,25.8484,45.889540000000004,0.1,0.99,0.96,0.030000000000000027,9.9,2027.88,620.3616000000001,Yes,0.039282,0.021498,0.043766,0.04,0.01,0.03,0.00192,-0.002638,-0.060422,0.12,0.0,45.89,,,,,,PASS,0
fifwc-fra-eng-2026-07-18,fifwc-fra-eng-2026-07-18-player-props,France vs. England - Player Props,2944659,soccer_player_shots_on_target,Jude Bellingham: 1+ shots on target,Jude Bellingham: 1+ shots on target,Yes,No,73488275409823826499819791949264003612116316585863076461707290191974446918757,7554289456019771942884846280641745775188432112267851465288104735011787239445,0,2827.7933,0.07,0.67,0.05,0.01,True,0.67,0.07,0.6000000000000001,67.0,889.0,5.000100000000001,0.93,0.33,0.6000000000000001,66.4299,75.9299,33.0,Yes,0.53734,0.462085,0.549785,0.67,0.07,0.6,0.011055,-0.143715,-0.25897,0.12,0.291,889.0,,,,,,PASS,0
fifwc-fra-eng-2026-07-18,fifwc-fra-eng-2026-07-18-player-props,France vs. England - Player Props,2944660,soccer_player_shots_on_target,Jude Bellingham: 2+ shots on target,Jude Bellingham: 2+ shots on target,Yes,No,88733387422716084996652161844038029278866640542041950237233072354750001345994,27477587299414881825989386702964865977811433548973725398777864438590992714111,0,12.7354,0.01,0.82,0.05,0.01,True,0.82,0.01,0.8099999999999999,22.7796,22.7796,0.1,0.99,0.18,0.81,9.9,9.9,5.0004,No,0.819261,0.809385,0.8695,0.99,0.18,0.81,0.000495,-0.171234,-0.22111,0.12,0.637,9.9,,,,,,PASS,0
fifwc-fra-eng-2026-07-18,fifwc-fra-eng-2026-07-18-player-props,France vs. England - Player Props,2944661,soccer_player_shots_on_target,Jude Bellingham: 3+ shots on target,Jude Bellingham: 3+ shots on target,Yes,No,7570819437795548942756788839140625787857461587777473098004510278926282784920,22454076683686203823848330071908328051734418356501943826798966749004674659819,0,12.6583,0.01,0.63,0.05,0.01,True,0.63,0.01,0.62,8.5113,8.5113,0.1,0.99,0.37,0.62,9.9,9.9,4.9986999999999995,No,0.956689,0.952768,0.973621,0.99,0.37,0.62,0.000495,-0.033806,-0.077727,0.12,0.784,9.9,,,,,,PASS,0
fifwc-fra-eng-2026-07-18,fifwc-fra-eng-2026-07-18-player-props,France vs. England - Player Props,2944662,soccer_player_shots_on_target,Jules Koundé: 1+ shots on target,Jules Koundé: 1+ shots on target,Yes,No,5938175810189306107822653567213565983965470872260204846956184644108182260157,74290470596562531997431935474605735096104935884455342312803171428172131178601,10.87,255.09979,0.06,0.08,0.05,0.001,True,0.08,0.06,0.020000000000000004,20.080000000000002,20.080000000000002,15.059999999999999,0.94,0.92,0.019999999999999907,235.94,235.94,230.92000000000002,Yes,0.100097,0.081861,0.103649,0.08,0.06,0.02,0.00368,0.016417,-0.041819,0.12,0.0,20.08,,,,,,WATCH,0
fifwc-fra-eng-2026-07-18,fifwc-fra-eng-2026-07-18-player-props,France vs. England - Player Props,2944663,soccer_player_shots_on_target,Kylian Mbappé: 1+ shots on target,Kylian Mbappé: 1+ shots on target,Yes,No,26607206120245566310181276689830249858981864544038392304116196977728762103973,50983672592226318853255359330688855035858831265363211482434011745609634184389,129.20946199999997,263.5792,0.67,0.7,0.05,0.01,True,0.7,0.67,0.029999999999999916,3.5,3.5,4.998200000000001,0.33,0.3,0.030000000000000027,2.4618,2.4618,1.5,Yes,0.835688,0.770163,0.845109,0.7,0.67,0.03,0.0105,0.125188,0.019663,0.12,0.598,3.5,,,,,,WATCH,0
fifwc-fra-eng-2026-07-18,fifwc-fra-eng-2026-07-18-player-props,France vs. England - Player Props,2944664,soccer_player_shots_on_target,Kylian Mbappé: 2+ shots on target,Kylian Mbappé: 2+ shots on target,Yes,No,13070852594991303334749031895570077078121808405639690584151785511467385704620,29609827535257067442996213536195589488671786275832829615449289189147857890004,333.992394,2175.1261,0.43,0.65,0.05,0.01,True,0.65,0.43,0.22000000000000003,24.284,164.70180000000002,9.073,0.57,0.35,0.21999999999999997,12.027,40.11,13.075999999999999,No,0.429865,0.410712,0.541237,0.57,0.35,0.22,0.012255,-0.15239,-0.211543,0.12,0.241,40.11,,,,,,PASS,0
fifwc-fra-eng-2026-07-18,fifwc-fra-eng-2026-07-18-player-props,France vs. England - Player Props,2944665,soccer_player_shots_on_target,Kylian Mbappé: 3+ shots on target,Kylian Mbappé: 3+ shots on target,Yes,No,89990885463726323487056122491829721026349264768083153157204647930995135766244,98795070657153323345912330807844887498797242429150332883427264263470347632653,50,810.1385,0.02,0.4,0.05,0.01,True,0.4,0.02,0.38,22.5,292.4875,0.5,0.98,0.6,0.38,24.5,232.4,33.75,Yes,0.307619,0.212058,0.327092,0.4,0.02,0.38,0.012,-0.104381,-0.239942,0.12,0.049,292.49,,,,,,PASS,0
fifwc-fra-eng-2026-07-18,fifwc-fra-eng-2026-07-18-player-props,France vs. England - Player Props,2944666,soccer_player_shots_on_target,Kylian Mbappé: 4+ shots on target,Kylian Mbappé: 4+ shots on target,Yes,No,31680560126187104832173341123141176787314724311587752708648884756812598912443,76401982509049025318476883791948041028443347491781315392700271835924651475732,0,12.6594,0.01,0.74,0.05,0.01,True,0.74,0.01,0.73,14.2302,14.2302,0.1,0.99,0.26,0.73,9.9,9.9,4.9998000000000005,No,0.86539,0.852187,0.920567,0.99,0.26,0.73,0.000495,-0.125105,-0.178308,0.12,0.681,9.9,,,,,,PASS,0
fifwc-fra-eng-2026-07-18,fifwc-fra-eng-2026-07-18-player-props,France vs. England - Player Props,2944667,soccer_player_shots_on_target,Lucas Digne: 1+ shots on target,Lucas Digne: 1+ shots on target,Yes,No,9046332571046360788996902421648585623560389942235530988020514144754443156349,57625806419115976072084761784498683248480818193489071220271275146934387622584,0,12.6596,0.01,0.8,0.05,0.01,True,0.8,0.01,0.79,20.0,20.0,0.1,0.99,0.2,0.79,9.9,9.9,5.0,,,,,,,,,,,,,,,,,,,UNSUPPORTED_OR_LINEUP_FILTER,0
fifwc-fra-eng-2026-07-18,fifwc-fra-eng-2026-07-18-player-props,France vs. England - Player Props,2944668,soccer_player_shots_on_target,Lucas Digne: 2+ shots on target,Lucas Digne: 2+ shots on target,Yes,No,50978133541777025886419954648016976293499758958980522026252176888124308173729,111615290894251320499984545010032513836415345289363448256801536836518768092427,0,6.1399,0.02,0.96,0.05,0.01,True,0.96,0.02,0.94,11.932799999999999,44.6812,0.5,0.98,0.04,0.94,24.5,232.4,0.4972,,,,,,,,,,,,,,,,,,,UNSUPPORTED_OR_LINEUP_FILTER,0
fifwc-fra-eng-2026-07-18,fifwc-fra-eng-2026-07-18-player-props,France vs. England - Player Props,2944669,soccer_player_shots_on_target,Manu Koné: 1+ shots on target,Manu Koné: 1+ shots on target,Yes,No,2575564987742966860901955684645681429389403163854791637198980907650652889183,109652846218758225707730508118558916914488653730358642896743872544500516985707,0,13.6596,0.02,0.92,0.05,0.01,True,0.92,0.02,0.9,4.6276,84.3379,6.0,0.98,0.08,0.9,294.0,303.9,0.40240000000000004,No,0.579685,0.568005,0.643949,0.98,0.08,0.9,0.00098,-0.401295,-0.452975,0.12,0.396,303.9,,,,,,PASS,0
fifwc-fra-eng-2026-07-18,fifwc-fra-eng-2026-07-18-player-props,France vs. England - Player Props,2944670,soccer_player_shots_on_target,Manu Koné: 2+ shots on target,Manu Koné: 2+ shots on target,Yes,No,24401385974281883063173496984646759079701386600290132891582130790892037625963,113474345318246430659253304132574434316505348201005943638799280812852268937924,0,12.6591,0.01,0.61,0.05,0.01,True,0.61,0.01,0.6,7.8202,7.8202,0.1,0.99,0.39,0.6,9.9,9.9,4.9998000000000005,No,0.89577,0.889219,0.926251,0.99,0.39,0.6,0.000495,-0.094725,-0.141276,0.12,0.719,9.9,,,,,,PASS,0
fifwc-fra-eng-2026-07-18,fifwc-fra-eng-2026-07-18-player-props,France vs. England - Player Props,2944671,soccer_player_shots_on_target,Marc Guéhi: 1+ shots on target,Marc Guéhi: 1+ shots on target,Yes,No,37751805478903574432755675700811308468598107702305748754818432873545436332175,93421490195241898044625424424538386073833059755338337076942116201352313427769,41.66,3960.5063,0.01,0.23,0.05,0.01,True,0.25,0.01,0.24,50.0,212.0,2.1,0.99,0.77,0.21999999999999997,207.9,207.9,11.55,No,0.938583,0.936463,0.950024,0.99,0.77,0.22,0.000495,-0.051912,-0.094032,0.12,0.767,207.9,,,,,,PASS,0
fifwc-fra-eng-2026-07-18,fifwc-fra-eng-2026-07-18-player-props,France vs. England - Player Props,2944672,soccer_player_shots_on_target,Michael Olise: 1+ shots on target,Michael Olise: 1+ shots on target,Yes,No,92242160119480878968337111671625268859373019584582229391986526837375940450239,75723249773653539872589433954146236441342755584566660678666960110510007142995,0,2899.5548,0.05,0.69,0.05,0.01,True,0.69,0.05,0.6399999999999999,69.0,1128.0,0.5,0.95,0.31,0.6399999999999999,9.5,9.5,31.0,Yes,0.576801,0.50512,0.588866,0.69,0.05,0.64,0.010695,-0.123894,-0.235575,0.12,0.333,1128.0,,,,,,PASS,0
fifwc-fra-eng-2026-07-18,fifwc-fra-eng-2026-07-18-player-props,France vs. England - Player Props,2944673,soccer_player_shots_on_target,Michael Olise: 2+ shots on target,Michael Olise: 2+ shots on target,Yes,No,35033648317220325038126374233185282835604699625719266718515175613472093728962,316922745665953213084045188689508213776082155546034469296542485312775828565,0,909.7694,0.01,0.32,0.05,0.01,True,0.32,0.01,0.31,16.0,166.5,0.1,0.99,0.68,0.30999999999999994,9.9,9.9,34.0,Yes,0.245804,0.182197,0.258513,0.32,0.01,0.31,0.01088,-0.085076,-0.188683,0.12,0.021,166.5,,,,,,PASS,0
fifwc-fra-eng-2026-07-18,fifwc-fra-eng-2026-07-18-player-props,France vs. England - Player Props,2944674,soccer_player_shots_on_target,Michael Olise: 3+ shots on target,Michael Olise: 3+ shots on target,Yes,No,66898434157795891844917962513332474785167475486742439895991674847011441160948,7964452861109568562943023233609835101907700016723603323255430315462161647350,0,204.4043,0.01,0.23,0.05,0.01,True,0.23,0.01,0.22,13.365300000000001,61.365300000000005,0.1,0.99,0.77,0.21999999999999997,9.9,9.9,44.7447,No,0.923687,0.916992,0.952176,0.99,0.77,0.22,0.000495,-0.066808,-0.113503,0.12,0.747,9.9,,,,,,PASS,0
fifwc-fra-eng-2026-07-18,fifwc-fra-eng-2026-07-18-player-props,France vs. England - Player Props,2944675,soccer_player_shots_on_target,Michael Olise: 4+ shots on target,Michael Olise: 4+ shots on target,Yes,No,115622226388867105130016175193490839899180198945712649299001875809079925796509,89532871693150705903171294630097606590332131259682791929560410673556358894049,0,6.1597,0.02,0.97,0.05,0.01,True,0.97,0.02,0.95,16.2184,278.5303,0.5,0.98,0.03,0.95,24.5,232.4,0.5015999999999999,No,0.981547,0.979195,0.990132,0.98,0.03,0.95,0.00098,0.000567,-0.041785,0.12,0.811,232.4,,,,,,PASS,0
fifwc-fra-eng-2026-07-18,fifwc-fra-eng-2026-07-18-player-props,France vs. England - Player Props,2944676,soccer_player_shots_on_target,Nico O’Reilly: 1+ shots on target,Nico O’Reilly: 1+ shots on target,Yes,No,71225553068835884739572711078498022359075696683032881186287178650238092401951,99987955093281520858257584693059485181279570587170466492337794910240568718585,0,864.1565,0.01,0.37,0.05,0.01,True,0.37,0.01,0.36,18.5,191.5,2.1,0.99,0.63,0.36,207.9,207.9,31.5,Yes,0.265648,0.220632,0.27367,0.37,0.01,0.36,0.011655,-0.116007,-0.201023,0.12,0.057,191.5,,,,,,PASS,0
fifwc-fra-eng-2026-07-18,fifwc-fra-eng-2026-07-18-player-props,France vs. England - Player Props,2944677,soccer_player_shots_on_target,Nico O’Reilly: 2+ shots on target,Nico O’Reilly: 2+ shots on target,Yes,No,101412876269345647838293589785139681793072656402692644743194739775264197259963,83732177747139954396250051013480763646838781827638185190757718343397497727982,0,14.6597,0.01,0.6,0.05,0.01,True,0.6,0.01,0.59,7.5,7.5,2.1,0.99,0.4,0.59,207.9,207.9,5.0,No,0.961096,0.958545,0.973181,0.99,0.4,0.59,0.000495,-0.029399,-0.07195,0.12,0.79,207.9,,,,,,PASS,0
fifwc-fra-eng-2026-07-18,fifwc-fra-eng-2026-07-18-player-props,France vs. England - Player Props,2944678,soccer_player_shots_on_target,Ousmane Dembélé: 1+ shots on target,Ousmane Dembélé: 1+ shots on target,Yes,No,114106488316859520579211197688993016959420210066252116290846192197172978180314,30936873531234418286734610678145704950451790157397779227804563191527876989868,0,615.613,0.43,0.45,0.05,0.01,True,0.45,0.43,0.020000000000000018,112.95,112.95,107.92999999999999,0.57,0.55,0.019999999999999907,143.07,143.07,138.05,No,0.563914,0.554258,0.620422,0.57,0.55,0.02,0.012255,-0.018341,-0.067997,0.12,0.382,143.07,,,,Projected appearance probability is only 72.0%; wait for the official XI.,,PASS,0
fifwc-fra-eng-2026-07-18,fifwc-fra-eng-2026-07-18-player-props,France vs. England - Player Props,2944679,soccer_player_shots_on_target,Ousmane Dembélé: 2+ shots on target,Ousmane Dembélé: 2+ shots on target,Yes,No,21761569329928504212595207720631416317308567578225584408643810927134007521744,101394815514839875889261358144767018375269583128646597522581473592257420786906,0,60.1585,0.02,0.45,0.05,0.01,True,0.45,0.02,0.43,36.0,36.0,0.5,0.98,0.55,0.42999999999999994,24.5,232.4,44.0,No,0.828119,0.818877,0.873717,0.98,0.55,0.43,0.00098,-0.152861,-0.202103,0.12,0.647,232.4,,,,Projected appearance probability is only 72.0%; wait for the official XI.,,PASS,0
fifwc-fra-eng-2026-07-18,fifwc-fra-eng-2026-07-18-player-props,France vs. England - Player Props,2944680,soccer_player_shots_on_target,Ousmane Dembélé: 3+ shots on target,Ousmane Dembélé: 3+ shots on target,Yes,No,2360823325900554426762426206934957747297116806757927597219406008686750896470,46205824211568964590377408617549780750655972781757833987425790847595408972038,0,8.6594,0.01,0.67,0.05,0.01,True,0.67,0.01,0.66,10.150500000000001,10.150500000000001,0.1,0.99,0.33,0.6599999999999999,9.9,9.9,4.9995,No,0.95105,0.946626,0.969622,0.99,0.33,0.66,0.000495,-0.039445,-0.083869,0.12,0.777,9.9,,,,Projected appearance probability is only 72.0%; wait for the official XI.,,PASS,0
fifwc-fra-eng-2026-07-18,fifwc-fra-eng-2026-07-18-player-props,France vs. England - Player Props,2944681,soccer_player_shots_on_target,Ousmane Dembélé: 4+ shots on target,Ousmane Dembélé: 4+ shots on target,Yes,No,77632595677506772212813517862989756704413115079232343221804088050723243028181,31772157618992437058907018994494826479439909786203318043064461808951199229682,0,3633.03296,0.02,0.05,0.05,0.001,True,0.05,0.02,0.030000000000000002,30.6995,45.0983,2.8724000000000003,0.98,0.95,0.030000000000000027,140.7476,3378.991,583.2905,No,0.989183,0.987771,0.994272,0.98,0.95,0.03,0.00098,0.008203,-0.033209,0.12,0.82,3378.99,,,,Projected appearance probability is only 72.0%; wait for the official XI.,,PASS,0
fifwc-fra-eng-2026-07-18,fifwc-fra-eng-2026-07-18-player-props,France vs. England - Player Props,2944682,soccer_player_shots_on_target,William Saliba: 1+ shots on target,William Saliba: 1+ shots on target,Yes,No,58077808309665850978332957005022847541285765165432883144212404128374086741712,78292856791836618216041120172880341426796913659603637410755432868907125337696,0,12.6576,0.01,0.58,0.05,0.01,True,0.58,0.01,0.57,6.902,6.902,0.1,0.99,0.42,0.5700000000000001,9.9,9.9,4.998,No,1.0,1.0,1.0,0.99,0.42,0.57,0.000495,0.009505,-0.030495,0.12,0.833,9.9,,,,Projected appearance probability is only 0.0%; wait for the official XI.,,PASS,0
fifwc-fra-eng-2026-07-18,fifwc-fra-eng-2026-07-18-player-props,France vs. England - Player Props,2945161,soccer_player_shots,Désiré Doué: 1+ shots,Désiré Doué: 1+ shots,Yes,No,4389912137113455993030135258871529694461484710410803069148417700128118333122,11371370739772678288779500611751613055160074516770260584989031385889769417421,337.74841499999997,7456.4792,0.64,0.67,0.05,0.01,True,0.67,0.64,0.030000000000000027,266.7069,385.59810000000004,25.6,0.36,0.33,0.02999999999999997,14.399999999999999,51.392999999999994,131.3631,Yes,0.748882,0.701328,0.755148,0.67,0.64,0.03,0.011055,0.067827,-0.019727,0.12,0.528,385.6,,,,Projected appearance probability is only 82.0%; wait for the official XI.,,WATCH,0
fifwc-fra-eng-2026-07-18,fifwc-fra-eng-2026-07-18-player-props,France vs. England - Player Props,2945163,soccer_player_shots,Désiré Doué: 2+ shots,Désiré Doué: 2+ shots,Yes,No,69073961030280540437848811214409134385975983219709018409299354378815566599598,91518531259959192328698333711395147156887171260237900278503033882630723753143,1127.215054,19625.8138,0.41,0.44,0.05,0.01,True,0.42,0.41,0.010000000000000009,16.8,90.5748,69.987,0.59,0.57,0.020000000000000018,100.713,173.02499999999998,22.799999999999997,Yes,0.575001,0.475971,0.59078,0.42,0.41,0.01,0.01218,0.142821,0.003791,0.12,0.305,90.57,,,,Projected appearance probability is only 82.0%; wait for the official XI.,,WATCH,0
fifwc-fra-eng-2026-07-18,fifwc-fra-eng-2026-07-18-player-props,France vs. England - Player Props,2945166,soccer_player_shots,Désiré Doué: 3+ shots,Désiré Doué: 3+ shots,Yes,No,41118409214762754044129015298594406558536092474097345140796559825480968051664,112371228775206691794173172214203122250975187681784156217394202767548979908867,315.59259099999997,10818.9557,0.27,0.28,0.05,0.01,True,0.28,0.27,0.010000000000000009,704.48,704.48,79.8093,0.73,0.72,0.010000000000000009,215.78069999999997,379.2732,1811.52,Yes,0.362435,0.258257,0.382307,0.28,0.27,0.01,0.01008,0.072355,-0.071823,0.12,0.093,704.48,,,,Projected appearance probability is only 82.0%; wait for the official XI.,,WATCH,0
fifwc-fra-eng-2026-07-18,fifwc-fra-eng-2026-07-18-player-props,France vs. England - Player Props,2945168,soccer_player_shots,Désiré Doué: 4+ shots,Désiré Doué: 4+ shots,Yes,No,102220288236323994182033654704782517966432243688762561853438806518548742080973,72233105203389991574292294285331922649943840043622155661861071695116366870202,296.72,12627.85498,0.012,0.058,0.05,0.001,True,0.058,0.014,0.044000000000000004,0.44776,56.35506000000001,0.21,0.986,0.942,0.04400000000000004,14.79,583.0634,7.272239999999999,Yes,0.189196,0.115393,0.205886,0.058,0.014,0.044,0.002732,0.128464,0.014661,0.12,0.0,56.36,,,,Projected appearance probability is only 82.0%; wait for the official XI.,,WATCH,0
fifwc-fra-eng-2026-07-18,fifwc-fra-eng-2026-07-18-player-props,France vs. England - Player Props,2945170,soccer_player_shots,Désiré Doué: 5+ shots,Désiré Doué: 5+ shots,Yes,No,42096034401407375694050957680891839287654412764188890890046595239174685690490,90782921651786725993157984977713988600299705760422578249525636616225525839037,5,8727.82264,0.01,0.072,0.05,0.001,True,0.074,0.01,0.064,22.2,216.921,0.1,0.99,0.926,0.06399999999999995,9.9,2022.885,277.8,Yes,0.083305,0.043708,0.093822,0.074,0.01,0.064,0.003426,0.005879,-0.073718,0.12,0.0,216.92,,,,Projected appearance probability is only 82.0%; wait for the official XI.,,PASS,0
fifwc-fra-eng-2026-07-18,fifwc-fra-eng-2026-07-18-player-props,France vs. England - Player Props,2945172,soccer_player_shots,Harry Kane: 1+ shots,Harry Kane: 1+ shots,Yes,No,20546603611387439503408681976855818230812014855828902344272846065798150890912,113563788751173065301117884264273396465709419511180673448012795194681100971505,750.7399929999998,3636.5001,0.83,0.86,0.05,0.01,True,0.86,0.83,0.030000000000000027,854.5046,15071.5515,3.4113,0.17,0.14,0.03,0.6987000000000001,94.22039999999998,139.1054,Yes,0.925489,0.870644,0.932388,0.86,0.83,0.03,0.00602,0.059469,-0.035376,0.12,0.7,15071.55,,,,,,WATCH,0
fifwc-fra-eng-2026-07-18,fifwc-fra-eng-2026-07-18-player-props,France vs. England - Player Props,2945175,soccer_player_shots,Harry Kane: 2+ shots,Harry Kane: 2+ shots,Yes,No,69979799896770611331853511413241005831529735180417335336309736823467399843105,86302513488645619160216590045064337472593859458191631710850950308004152128211,1378.2833699999996,15176.18,0.65,0.66,0.05,0.01,True,0.66,0.65,0.010000000000000009,0.8514,0.8514,372.7035,0.35,0.34,0.009999999999999953,200.6865,241.3865,0.43860000000000005,Yes,0.731999,0.611129,0.750452,0.66,0.65,0.01,0.01122,0.060779,-0.100091,0.12,0.438,0.85,,,,,,WATCH,0
fifwc-fra-eng-2026-07-18,fifwc-fra-eng-2026-07-18-player-props,France vs. England - Player Props,2945177,soccer_player_shots,Harry Kane: 3+ shots,Harry Kane: 3+ shots,Yes,No,112244103881936223000945894450644824730444542375644509484628130110387633435286,115660562265434170178052645322142790030969134346727971947672580640271409266077,1577.626678,23360.3996,0.43,0.45,0.05,0.01,True,0.45,0.43,0.020000000000000018,177.23700000000002,567.3168000000001,138.2923,0.57,0.55,0.019999999999999907,183.3177,384.45590000000004,216.62300000000002,No,0.51923,0.49454,0.653834,0.57,0.55,0.02,0.012255,-0.063025,-0.127715,0.12,0.323,384.46,,,,,,PASS,0
fifwc-fra-eng-2026-07-18,fifwc-fra-eng-2026-07-18-player-props,France vs. England - Player Props,2945178,soccer_player_shots,Harry Kane: 4+ shots,Harry Kane: 4+ shots,Yes,No,80471663254356884376152529530656790146261295795732185523059411601269510564670,105627511557654588274155489860853865318673390886666377383842227510603922068015,605.100805,14431.2543,0.28,0.3,0.05,0.01,True,0.3,0.28,0.019999999999999962,102.012,522.8042,87.8528,0.72,0.7,0.020000000000000018,225.9072,566.5252,238.028,No,0.736695,0.714665,0.837668,0.72,0.7,0.02,0.01008,0.006615,-0.055415,0.12,0.542,566.53,,,,,,PASS,0
fifwc-fra-eng-2026-07-18,fifwc-fra-eng-2026-07-18-player-props,France vs. England - Player Props,2945179,soccer_player_shots,Harry Kane: 5+ shots,Harry Kane: 5+ shots,Yes,No,102069206007484707895685294893896430337211927136783562974637767249373464223972,81126823497646545318970395689818805912606449544526154914215866504951964868335,85.01317,11274.20124,0.021,0.089,0.05,0.001,True,0.089,0.021,0.06799999999999999,26.7,38.922,0.5964,0.979,0.911,0.06799999999999995,27.8036,2198.4885999999997,273.3,Yes,0.122126,0.064745,0.136873,0.089,0.021,0.068,0.004054,0.029072,-0.068309,0.12,0.0,38.92,,,,,,WATCH,0
fifwc-fra-eng-2026-07-18,fifwc-fra-eng-2026-07-18-player-props,France vs. England - Player Props,2945180,soccer_player_shots,Michael Olise: 1+ shots,Michael Olise: 1+ shots,Yes,No,114190232498305655502818858857479949798125085721298035055100210666182483049017,88713132047673303744986395502183967287168644236788202605035694849248863920813,253.761233,6532.4567,0.65,0.67,0.05,0.01,True,0.68,0.66,0.020000000000000018,200.04240000000001,318.2739,26.400000000000002,0.34,0.32,0.020000000000000018,13.600000000000001,41.6,94.1376,Yes,0.802388,0.745009,0.810255,0.68,0.66,0.02,0.01088,0.111508,0.014129,0.12,0.572,318.27,,,,,,WATCH,0
fifwc-fra-eng-2026-07-18,fifwc-fra-eng-2026-07-18-player-props,France vs. England - Player Props,2945181,soccer_player_shots,Michael Olise: 2+ shots,Michael Olise: 2+ shots,Yes,No,85339134747320673759405821791451133010894616625982132079981575742024430307206,20551445614414293482231194194170296735356146081241854656001539376280621510241,347.360789,11721.9822,0.54,0.56,0.05,0.01,True,0.56,0.54,0.020000000000000018,2946.7480000000005,4385.4565,103.15080000000002,0.46,0.44,0.020000000000000018,87.8692,190.9214,2315.302,No,0.414446,0.396448,0.523223,0.46,0.44,0.02,0.01242,-0.057974,-0.115972,0.12,0.227,190.92,,,,,,PASS,0
fifwc-fra-eng-2026-07-18,fifwc-fra-eng-2026-07-18-player-props,France vs. England - Player Props,2945182,soccer_player_shots,Michael Olise: 3+ shots,Michael Olise: 3+ shots,Yes,No,108159638945809348610742615911042831570229598642489022471028260232550330876088,86321602766435583436423755656807900351977177318316396943134066479153412730532,9.453778,7772.9281,0.03,0.29,0.05,0.01,True,0.28,0.03,0.25,14.000000000000002,14.000000000000002,5.0001,0.97,0.72,0.25,161.66989999999998,404.07059999999996,36.0,Yes,0.344716,0.240545,0.365312,0.28,0.03,0.25,0.01008,0.054636,-0.089535,0.12,0.076,14.0,,,,,,WATCH,0
fifwc-fra-eng-2026-07-18,fifwc-fra-eng-2026-07-18-player-props,France vs. England - Player Props,2945183,soccer_player_shots,Michael Olise: 4+ shots,Michael Olise: 4+ shots,Yes,No,44186966320552252586358873127319519871033535769973255027968084449925635145035,23166665463896554261197502599819793393341888188027753570224556969754599874705,5,7945.0543,0.02,0.16,0.05,0.01,True,0.15,0.02,0.13,7.5,7.5,0.8545999999999999,0.98,0.85,0.13,41.8754,260.2001,42.5,Yes,0.166384,0.099207,0.182102,0.15,0.02,0.13,0.006375,0.010009,-0.097168,0.12,0.0,7.5,,,,,,WATCH,0
fifwc-fra-eng-2026-07-18,fifwc-fra-eng-2026-07-18-player-props,France vs. England - Player Props,2945184,soccer_player_shots,Michael Olise: 5+ shots,Michael Olise: 5+ shots,Yes,No,48310519535873625920262594642897881352922171385774456101356550710683440469068,110084534194027473866329837607224444316137607154372828528902472696401964832435,5,8550.3391,0.01,0.077,0.05,0.001,True,0.077,0.01,0.067,5.775,29.174999999999997,0.1,0.99,0.923,0.06699999999999995,9.9,2022.885,69.22500000000001,Yes,0.067348,0.034541,0.076347,0.077,0.01,0.067,0.003554,-0.013206,-0.086013,0.12,0.0,29.17,,,,,,PASS,0
fifwc-fra-eng-2026-07-18,fifwc-fra-eng-2026-07-18-player-props,France vs. England - Player Props,2945185,soccer_player_shots,Ousmane Dembélé: 1+ shots,Ousmane Dembélé: 1+ shots,Yes,No,64078035900919346882725095855433071429265648852621609155939055479700722837523,18131871856615987237589612580037703905620936784305652960002562602390780342616,1257.5475510000003,14251.2215,0.71,0.72,0.05,0.01,True,0.72,0.71,0.010000000000000009,1.5479999999999998,385.7324,24.871299999999998,0.29,0.28,0.009999999999999953,10.1587,235.0997,0.602,No,0.375657,0.368609,0.42526,0.29,0.28,0.01,0.010295,0.075362,0.028314,0.12,0.2,235.1,,,,Projected appearance probability is only 72.0%; wait for the official XI.,,WATCH,0
fifwc-fra-eng-2026-07-18,fifwc-fra-eng-2026-07-18-player-props,France vs. England - Player Props,2945186,soccer_player_shots,Ousmane Dembélé: 2+ shots,Ousmane Dembélé: 2+ shots,Yes,No,32324620302737272124846735001850066034560997908538200037393506088530117490607,107797271056349593628079320117592042050732375108794850138317156549770282920794,962.064746,48695.4251,0.63,0.66,0.05,0.01,True,0.66,0.63,0.030000000000000027,248.8398,374.7864,180.2871,0.37,0.34,0.02999999999999997,108.47290000000001,135.77290000000002,128.1902,No,0.568738,0.554085,0.654338,0.37,0.34,0.03,0.011655,0.187083,0.13243,0.12,0.382,135.77,,,,Projected appearance probability is only 72.0%; wait for the official XI.,,WATCH,0
fifwc-fra-eng-2026-07-18,fifwc-fra-eng-2026-07-18-player-props,France vs. England - Player Props,2945187,soccer_player_shots,Ousmane Dembélé: 3+ shots,Ousmane Dembélé: 3+ shots,Yes,No,12150910564810134501695357894521965367005424203811932277811707508369380553514,109892760033995320587452521752730095323359931582828822542437655560798769989628,827.650201,11348.9928,0.4,0.47,0.05,0.01,True,0.47,0.4,0.06999999999999995,4.699999999999999,68.6936,150.056,0.6,0.53,0.06999999999999995,225.08399999999997,225.08399999999997,5.300000000000001,No,0.763604,0.748367,0.838223,0.6,0.53,0.07,0.012,0.151604,0.096367,0.12,0.576,225.08,,,,Projected appearance probability is only 72.0%; wait for the official XI.,,WATCH,0
fifwc-fra-eng-2026-07-18,fifwc-fra-eng-2026-07-18-player-props,France vs. England - Player Props,2945189,soccer_player_shots,Ousmane Dembélé: 4+ shots,Ousmane Dembélé: 4+ shots,Yes,No,91599581374598948903040654899642144582843661739552244016960478027087400793669,6826046447820423113986946443917189300585613327769672831975008217299403402226,653.056,10255.8833,0.08,0.16,0.05,0.01,True,0.16,0.08,0.08,8.0,9.3158,2.4,0.92,0.84,0.08000000000000007,27.6,146.175,42.0,No,0.894716,0.884149,0.938515,0.92,0.84,0.08,0.00368,-0.028964,-0.079531,0.12,0.713,146.18,,,,Projected appearance probability is only 72.0%; wait for the official XI.,,PASS,0
fifwc-fra-eng-2026-07-18,fifwc-fra-eng-2026-07-18-player-props,France vs. England - Player Props,2945191,soccer_player_shots,Ousmane Dembélé: 5+ shots,Ousmane Dembélé: 5+ shots,Yes,No,79413082763309578684226715983631276075309136471312152278378526537240306066382,99259104436861163825817237685818789944656157776093037345854863924083876644423,65.875,11999.71569,0.012,0.038,0.05,0.001,True,0.038,0.012,0.026,18.45774,30.086940000000002,16.38,0.988,0.962,0.026000000000000023,1348.62,103608.005,467.27226,Yes,0.039122,0.019654,0.04462,0.038,0.012,0.026,0.001828,-0.000706,-0.060174,0.12,0.0,30.09,,,,Projected appearance probability is only 72.0%; wait for the official XI.,,PASS,0
fifwc-fra-eng-2026-07-18,fifwc-fra-eng-2026-07-18-player-props,France vs. England - Player Props,2945193,soccer_player_assists,Adrien Rabiot: 1+ assists,Adrien Rabiot: 1+ assists,Yes,No,2338561799627105572540839308211537419469238223841748024058411720590592943787,66395790788938301132834874991889352098043700114427612948773012690965357699388,664.43479,18412.02236,0.05,0.1,0.05,0.001,True,0.098,0.05,0.048,1.225,9.03425,11.425,0.95,0.902,0.04799999999999993,217.075,217.075,11.275,No,0.993581,0.993288,0.995056,0.95,0.902,0.048,0.002375,0.041206,0.000913,0.12,0.826,217.07,,,,Projected appearance probability is only 12.0%; wait for the official XI.,,WATCH,0
fifwc-fra-eng-2026-07-18,fifwc-fra-eng-2026-07-18-player-props,France vs. England - Player Props,2945195,soccer_player_assists,Adrien Rabiot: 2+ assists,Adrien Rabiot: 2+ assists,Yes,No,46006292015886621894611570312078085989261533828742971946311615908005670034026,42896515444173838375577178599995525764687224531291845418759003772478138310389,35.1,20572.58056,0.002,0.019,0.05,0.001,True,0.019,0.002,0.017,7.16528,277.19676000000004,1.43278,0.998,0.981,0.017000000000000015,714.95722,2727.94222,369.95472,No,0.999825,0.999809,0.999894,0.998,0.981,0.017,0.0001,0.001725,-0.038291,0.12,0.832,2727.94,,,,Projected appearance probability is only 12.0%; wait for the official XI.,,PASS,0
fifwc-fra-eng-2026-07-18,fifwc-fra-eng-2026-07-18-player-props,France vs. England - Player Props,2945198,soccer_player_assists,Anthony Gordon: 1+ assists,Anthony Gordon: 1+ assists,Yes,No,29196779369028919885501735237467476892682323440200655517254539978671598001234,60272212261516277418858896279887308484006146751994214338061238625362716110259,4851.955967,25602.3588,0.11,0.12,0.05,0.01,True,0.12,0.11,0.009999999999999995,4.8,22.353,85.5778,0.89,0.88,0.010000000000000009,692.4022,1620.84,35.2,Yes,0.288054,0.28055,0.289478,0.12,0.11,0.01,0.00528,0.162774,0.11527,0.12,0.115,22.35,,,,,,WATCH,0
fifwc-fra-eng-2026-07-18,fifwc-fra-eng-2026-07-18-player-props,France vs. England - Player Props,2945200,soccer_player_assists,Anthony Gordon: 2+ assists,Anthony Gordon: 2+ assists,Yes,No,76253657333826338924166529607457529420786399761530370202476367863958807245779,72090458900262439592464621038779719871128056207604980400383900184546906275244,0,21843.02369,0.02,0.05,0.05,0.001,True,0.05,0.02,0.030000000000000002,47.214,644.2403999999999,4.3566,0.98,0.95,0.030000000000000027,213.4734,682.2051,897.0659999999999,Yes,0.046168,0.043672,0.046654,0.05,0.02,0.03,0.002375,-0.006207,-0.048703,0.12,0.0,644.24,,,,,,PASS,0
fifwc-fra-eng-2026-07-18,fifwc-fra-eng-2026-07-18-player-props,France vs. England - Player Props,2945203,soccer_player_assists,Aurélien Tchouameni: 1+ assists,Aurélien Tchouameni: 1+ assists,Yes,No,20657884954397510841671963080085623109190991661364120621640783934119376870383,56063384133538997145879544229321194334087907941698086951894703589534257880443,7.142856,11433.16951,0.01,0.085,0.05,0.001,True,0.085,0.01,0.07500000000000001,2.125,38.47,0.25,0.99,0.915,0.07499999999999996,24.75,11977.23,22.875,No,0.995141,0.994918,0.996263,0.99,0.915,0.075,0.000495,0.004646,-0.035577,0.12,0.827,11977.23,,,,Projected appearance probability is only 12.0%; wait for the official XI.,,PASS,0
fifwc-fra-eng-2026-07-18,fifwc-fra-eng-2026-07-18-player-props,France vs. England - Player Props,2945205,soccer_player_assists,Aurélien Tchouameni: 2+ assists,Aurélien Tchouameni: 2+ assists,Yes,No,65731829926091663088197059595582311884701119387545246823014995957489443128951,110068476327732210118140985017621858709465880291754530319633417822524128301507,25,20475.97965,0.01,0.03,0.05,0.001,True,0.03,0.01,0.019999999999999997,227.8344,268.9736,0.1,0.99,0.97,0.020000000000000018,9.9,79.83000000000001,7366.645599999999,No,0.9999,0.999891,0.999939,0.99,0.97,0.02,0.000495,0.009405,-0.030604,0.12,0.832,79.83,,,,Projected appearance probability is only 12.0%; wait for the official XI.,,PASS,0
fifwc-fra-eng-2026-07-18,fifwc-fra-eng-2026-07-18-player-props,France vs. England - Player Props,2945208,soccer_player_assists,Bradley Barcola: 1+ assists,Bradley Barcola: 1+ assists,Yes,No,55098403328016060932264842947374410639570797514631710406809854666779622334761,59377542265682964702463691081308486830754128549735328145783083157844264398565,4,12218.62413,0.01,0.171,0.05,0.001,True,0.17,0.01,0.16,1.2240000000000002,5.8804,0.1,0.99,0.83,0.16000000000000003,9.9,3575.83,5.976,No,0.956853,0.954906,0.966712,0.99,0.83,0.16,0.000495,-0.033642,-0.075589,0.12,0.786,3575.83,,,,Projected appearance probability is only 62.0%; wait for the official XI.,,PASS,0
fifwc-fra-eng-2026-07-18,fifwc-fra-eng-2026-07-18-player-props,France vs. England - Player Props,2945210,soccer_player_assists,Bradley Barcola: 2+ assists,Bradley Barcola: 2+ assists,Yes,No,84288897586352649459650190286434743070139353780081387262574569686446905535963,32099920640264672631846654294512604690355116815253799621954163027154181768219,25,20562.34456,0.01,0.028,0.05,0.001,True,0.028,0.01,0.018000000000000002,5.2004399999999995,23.77234,0.1,0.99,0.972,0.018000000000000016,9.9,2022.885,180.52955999999998,No,0.998463,0.998317,0.999063,0.99,0.972,0.018,0.000495,0.007968,-0.032178,0.12,0.831,2022.88,,,,Projected appearance probability is only 62.0%; wait for the official XI.,,PASS,0
fifwc-fra-eng-2026-07-18,fifwc-fra-eng-2026-07-18-player-props,France vs. England - Player Props,2945212,soccer_player_assists,Bukayo Saka: 1+ assists,Bukayo Saka: 1+ assists,Yes,No,112421465112555177566422382831594803532185512613795513767774397811547237486956,42368235474115809011628048850928050454632100620773374970055430144997871205571,299.398987,12121.9963,0.02,0.11,0.05,0.01,True,0.11,0.02,0.09,2.2187,5.9936,1.0,0.98,0.89,0.08999999999999997,49.0,255.8902,17.951300000000003,Yes,0.135516,0.132744,0.136044,0.11,0.02,0.09,0.004895,0.020621,-0.022151,0.12,0.0,5.99,,,,Projected appearance probability is only 65.0%; wait for the official XI.,,WATCH,0
fifwc-fra-eng-2026-07-18,fifwc-fra-eng-2026-07-18-player-props,France vs. England - Player Props,2945215,soccer_player_assists,Bukayo Saka: 2+ assists,Bukayo Saka: 2+ assists,Yes,No,85607657817527281090416092381875879269978225651676206893151230554032949962112,89613267433909704909068288573734556567920158949335767186616363280723724506727,0,19186.50246,0.01,0.057,0.05,0.001,True,0.058,0.01,0.048,2.9000000000000004,576.3154000000001,2.0465,0.99,0.942,0.04800000000000004,202.6035,222.5835,47.099999999999994,No,0.984774,0.98465,0.985413,0.99,0.942,0.048,0.000495,-0.005721,-0.045845,0.12,0.817,222.58,,,,Projected appearance probability is only 65.0%; wait for the official XI.,,PASS,0
fifwc-fra-eng-2026-07-18,fifwc-fra-eng-2026-07-18-player-props,France vs. England - Player Props,2945216,soccer_player_assists,Declan Rice: 1+ assists,Declan Rice: 1+ assists,Yes,No,43613129225627675939770913346936653055223617629160886470988405650364575381622,51003553778067171617157651961334677816886327195206612722862879657825815030284,798.177817,24807.4901,0.04,0.07,0.05,0.01,True,0.07,0.04,0.030000000000000006,11.3407,31.7815,15.2852,0.96,0.93,0.029999999999999916,366.84479999999996,833.3371999999999,150.6693,Yes,0.128087,0.098692,0.133561,0.07,0.04,0.03,0.003255,0.054832,-0.014563,0.12,0.0,31.78,,,,,,WATCH,0
fifwc-fra-eng-2026-07-18,fifwc-fra-eng-2026-07-18-player-props,France vs. England - Player Props,2945217,soccer_player_assists,Declan Rice: 2+ assists,Declan Rice: 2+ assists,Yes,No,12358453339083958864884105946216172309350434884673088057398345956759022606440,63430206638919441419168150682221936232629812614679552911804407153428126297577,35.1,29587.70531,0.002,0.028,0.05,0.001,True,0.028,0.002,0.026000000000000002,10.221400000000001,352.88322,1.43278,0.998,0.972,0.026000000000000023,714.95722,2727.94222,354.8286,No,0.991422,0.990643,0.994789,0.998,0.972,0.026,0.0001,-0.006678,-0.047457,0.12,0.823,2727.94,,,,,,PASS,0
fifwc-fra-eng-2026-07-18,fifwc-fra-eng-2026-07-18-player-props,France vs. England - Player Props,2945218,soccer_player_assists,Désiré Doué: 1+ assists,Désiré Doué: 1+ assists,Yes,No,23654533719836152159777223492098065159143945796126362482214111252155829761675,12945689902648379209906158528483848771150946403165555216451152205950991113761,77.049016,15076.5552,0.05,0.08,0.05,0.01,True,0.08,0.05,0.03,0.44,0.44,33.517,0.95,0.92,0.029999999999999916,636.823,6055.1206,5.0600000000000005,Yes,0.137065,0.106949,0.142886,0.08,0.05,0.03,0.00368,0.053385,-0.016731,0.12,0.0,0.44,,,,Projected appearance probability is only 82.0%; wait for the official XI.,,WATCH,0
fifwc-fra-eng-2026-07-18,fifwc-fra-eng-2026-07-18-player-props,France vs. England - Player Props,2945219,soccer_player_assists,Désiré Doué: 2+ assists,Désiré Doué: 2+ assists,Yes,No,20295573433697695341165304905438743811214281725469234316971592745345574332175,32163679708438632674748258914032821070872103238468941536011759946915740179863,0,22665.39966,0.01,0.037,0.05,0.001,True,0.037,0.01,0.026999999999999996,52.793079999999996,89.50384,0.1,0.99,0.963,0.027000000000000024,9.9,2022.885,1374.0469199999998,No,0.987847,0.986743,0.992488,0.99,0.963,0.027,0.000495,-0.002648,-0.043752,0.12,0.819,2022.88,,,,Projected appearance probability is only 82.0%; wait for the official XI.,,PASS,0
fifwc-fra-eng-2026-07-18,fifwc-fra-eng-2026-07-18-player-props,France vs. England - Player Props,2945220,soccer_player_assists,Eberechi Eze: 1+ assists,Eberechi Eze: 1+ assists,Yes,No,7106850480563650771582796900780090224635011056494280528584381042087643892115,30852580703892809237718766250057422472541670230499619536371867186711756094346,276.666665,15249.71341,0.027,0.038,0.05,0.001,True,0.038,0.027,0.011,53.725159999999995,86.29035999999999,5.47587,0.973,0.962,0.01100000000000001,197.33413,207.23413,1360.09484,No,0.989239,0.988749,0.991809,0.973,0.962,0.011,0.001314,0.014925,-0.025565,0.12,0.821,207.23,,,,Projected appearance probability is only 52.0%; wait for the official XI.,,WATCH,0
fifwc-fra-eng-2026-07-18,fifwc-fra-eng-2026-07-18-player-props,France vs. England - Player Props,2945221,soccer_player_assists,Eberechi Eze: 2+ assists,Eberechi Eze: 2+ assists,Yes,No,54838273512353346490765278194769072228058298669241621641346849620691922458835,40216062195380692521398036573633387726715678972900260815207863324020107218224,34.0909,27037.03539,0.01,0.04,0.05,0.001,True,0.04,0.01,0.03,44.681599999999996,775.6406000000001,0.009000000000000001,0.99,0.96,0.030000000000000027,0.891,70.82100000000001,1072.3583999999998,No,0.999888,0.999877,0.999933,0.99,0.96,0.03,0.000495,0.009393,-0.030618,0.12,0.832,70.82,,,,Projected appearance probability is only 52.0%; wait for the official XI.,,PASS,0
fifwc-fra-eng-2026-07-18,fifwc-fra-eng-2026-07-18-player-props,France vs. England - Player Props,2945222,soccer_player_assists,Elliot Anderson: 1+ assists,Elliot Anderson: 1+ assists,Yes,No,10891267310327429143495304497589243861409423894815376352469945639709425992648,113613551085548928657742508346117443824418536292768738016961581110997152035186,257.999997,17246.9895,0.03,0.06,0.05,0.01,True,0.06,0.03,0.03,117.18299999999999,147.675,8.3622,0.97,0.94,0.030000000000000027,270.3778,775.2778,1835.867,Yes,0.117828,0.090678,0.122896,0.06,0.03,0.03,0.00282,0.055008,-0.012142,0.12,0.0,147.68,,,,,,WATCH,0
fifwc-fra-eng-2026-07-18,fifwc-fra-eng-2026-07-18-player-props,France vs. England - Player Props,2945223,soccer_player_assists,Elliot Anderson: 2+ assists,Elliot Anderson: 2+ assists,Yes,No,89084857910998424034084237627438488744922679778354642918345561081273755875312,96393125289018473581986283443888824943400620956250685263900447298911719115261,25,21895.44891,0.01,0.03,0.05,0.001,True,0.03,0.01,0.019999999999999997,228.69959999999998,320.9924,0.1,0.99,0.97,0.020000000000000018,9.9,79.83000000000001,7394.6204,No,0.992768,0.992108,0.995613,0.99,0.97,0.02,0.000495,0.002273,-0.038387,0.12,0.824,79.83,,,,,,PASS,0
fifwc-fra-eng-2026-07-18,fifwc-fra-eng-2026-07-18-player-props,France vs. England - Player Props,2945224,soccer_player_assists,Harry Kane: 1+ assists,Harry Kane: 1+ assists,Yes,No,45533897283581268504107400957279531237633047524131822815994425883316285743707,100192017519786112871912007497719578197354417180546678605376988449168314884068,800.0420700000001,34440.716,0.12,0.14,0.05,0.01,True,0.14,0.12,0.020000000000000018,272.0942,1986.3582,344.6556,0.88,0.86,0.020000000000000018,2527.4744,3666.6388,1671.4358,No,0.953834,0.951762,0.964761,0.88,0.86,0.02,0.00528,0.068554,0.026482,0.12,0.783,3666.64,,,,,,WATCH,0
fifwc-fra-eng-2026-07-18,fifwc-fra-eng-2026-07-18-player-props,France vs. England - Player Props,2945225,soccer_player_assists,Harry Kane: 2+ assists,Harry Kane: 2+ assists,Yes,No,9784617747408565818123526375144844526933904662895134012466392412361942759629,60613453646680313997973950208542374095175957670106741466759191116849800848945,0,29099.32376,0.011,0.04,0.05,0.001,True,0.04,0.011,0.029,234.92200000000003,328.99010000000004,2.4068,0.989,0.96,0.029000000000000026,216.3932,2704.01711,5638.128,No,0.998918,0.998816,0.99935,0.989,0.96,0.029,0.000544,0.009374,-0.030728,0.12,0.831,2704.02,,,,,,PASS,0
fifwc-fra-eng-2026-07-18,fifwc-fra-eng-2026-07-18-player-props,France vs. England - Player Props,2945226,soccer_player_assists,Jude Bellingham: 1+ assists,Jude Bellingham: 1+ assists,Yes,No,69079526590160164823834190545660084165604158427118108492840486321280151802325,56981229813407196142179226145919285553366027416907614676572411928650296184141,4315.535191,40402.4344,0.09,0.1,0.05,0.01,True,0.1,0.09,0.010000000000000009,51.830999999999996,156.0359,92.4714,0.91,0.9,0.010000000000000009,934.9886,1674.3637,466.479,No,0.906283,0.902193,0.92808,0.91,0.9,0.01,0.004095,-0.007812,-0.051902,0.12,0.732,1674.36,,,,,,PASS,0
fifwc-fra-eng-2026-07-18,fifwc-fra-eng-2026-07-18-player-props,France vs. England - Player Props,2945227,soccer_player_assists,Jude Bellingham: 2+ assists,Jude Bellingham: 2+ assists,Yes,No,53770561253014003925426453320867325149822742148190005186819570391728027057976,115262415339410183486098843162638764668044879029406390243244186113840425671992,419.836265,26954.83759,0.003,0.013,0.05,0.001,True,0.013,0.003,0.009999999999999998,1.7063799999999998,26.21638,1.5766799999999999,0.997,0.987,0.010000000000000009,523.9833199999999,3062.00276,129.55362,No,0.995465,0.995046,0.997258,0.997,0.987,0.01,0.00015,-0.001685,-0.042103,0.12,0.827,3062.0,,,,,,PASS,0
fifwc-fra-eng-2026-07-18,fifwc-fra-eng-2026-07-18-player-props,France vs. England - Player Props,2945228,soccer_player_assists,Kylian Mbappé: 1+ assists,Kylian Mbappé: 1+ assists,Yes,No,93601508024291157929573233113700783741906312039708156153906083893484949849940,2244681215397013571652490937463235523133628467122181099935532165133107666153,2705.479555999998,33924.2131,0.22,0.23,0.05,0.01,True,0.23,0.22,0.010000000000000009,306.843,1704.9861,1832.4944,0.78,0.77,0.010000000000000009,6497.025600000001,9962.717700000001,1027.257,Yes,0.242223,0.230047,0.244628,0.23,0.22,0.01,0.008855,0.003368,-0.048808,0.12,0.066,1704.99,,,,,,PASS,0
fifwc-fra-eng-2026-07-18,fifwc-fra-eng-2026-07-18-player-props,France vs. England - Player Props,2945229,soccer_player_assists,Kylian Mbappé: 2+ assists,Kylian Mbappé: 2+ assists,Yes,No,38455199897323749652722487255631187057023999694444503068878930679862090922251,103215169687403103803386400724176220379338674411750939415817271563748101968132,97.957095,30981.12238,0.023,0.034,0.05,0.001,True,0.034,0.023,0.011000000000000003,59.32728000000001,173.2244,16.89672,0.977,0.966,0.01100000000000001,717.74328,32001.853,1685.59272,Yes,0.033132,0.029768,0.033829,0.034,0.023,0.011,0.001642,-0.00251,-0.045874,0.12,0.0,173.22,,,,,,PASS,0
fifwc-fra-eng-2026-07-18,fifwc-fra-eng-2026-07-18-player-props,France vs. England - Player Props,2945230,soccer_player_assists,Manu Koné: 1+ assists,Manu Koné: 1+ assists,Yes,No,32235327529440259063117272056129087211589628725006950497868150932840768409833,26431205482760499779407765536631778139684545447329081011656280394630976157851,184.913332,15948.02313,0.011,0.078,0.05,0.001,True,0.078,0.011,0.067,7.8,108.2984,0.1595,0.989,0.922,0.06699999999999995,14.3405,3540.2205,92.2,Yes,0.159072,0.124,0.165864,0.078,0.011,0.067,0.003596,0.077476,0.002405,0.12,0.0,108.3,,,,,,WATCH,0
fifwc-fra-eng-2026-07-18,fifwc-fra-eng-2026-07-18-player-props,France vs. England - Player Props,2945231,soccer_player_assists,Manu Koné: 2+ assists,Manu Koné: 2+ assists,Yes,No,84385886062843624379851065661805230114872245981570293761300776863926999930157,13959508089959763224968115196485574967961699039493652773547560647477018645425,1960.652366,30829.55283,0.01,0.029,0.05,0.001,True,0.029,0.01,0.019000000000000003,0.435,227.0145,2.1,0.99,0.971,0.019000000000000017,207.9,227.88,14.565,No,0.986618,0.985398,0.991738,0.99,0.971,0.019,0.000495,-0.003877,-0.045097,0.12,0.817,227.88,,,,,,PASS,0
fifwc-fra-eng-2026-07-18,fifwc-fra-eng-2026-07-18-player-props,France vs. England - Player Props,2945232,soccer_player_assists,Marcus Rashford: 1+ assists,Marcus Rashford: 1+ assists,Yes,No,108050346582401523382280800373448575640730992214806275784655077421492990968665,72512762849321911530178483409681703939480522975787283031227135381078704996858,275.642854,20360.3443,0.02,0.07,0.05,0.01,True,0.07,0.02,0.05,555.9736,630.2520000000001,7.409800000000001,0.98,0.93,0.04999999999999993,363.0802,856.5853,7386.5064,No,0.981898,0.981085,0.986188,0.98,0.93,0.05,0.00098,0.000918,-0.039895,0.12,0.813,856.59,,,,Projected appearance probability is only 42.0%; wait for the official XI.,,PASS,0
fifwc-fra-eng-2026-07-18,fifwc-fra-eng-2026-07-18-player-props,France vs. England - Player Props,2945233,soccer_player_assists,Marcus Rashford: 2+ assists,Marcus Rashford: 2+ assists,Yes,No,18400232153272428529397796536546697010766038822676805723604444978197966393476,106917686950974138580400926985899483489670766600861193826438453824868736378234,25,14300.59469,0.01,0.02,0.05,0.001,True,0.02,0.01,0.01,37.2918,51.096320000000006,0.1,0.99,0.98,0.010000000000000009,9.9,2022.885,1827.2982,No,0.999604,0.999567,0.999762,0.99,0.98,0.01,0.000495,0.009109,-0.030928,0.12,0.832,2022.88,,,,Projected appearance probability is only 42.0%; wait for the official XI.,,PASS,0
fifwc-fra-eng-2026-07-18,fifwc-fra-eng-2026-07-18-player-props,France vs. England - Player Props,2945234,soccer_player_assists,Michael Olise: 1+ assists,Michael Olise: 1+ assists,Yes,No,4895441595985323564551681046525326155984776061575905254253930408009357658538,34085042122916103707977390860421085099641557880854054434506796835769469888399,1817.0702910000023,45680.2121,0.26,0.27,0.05,0.01,True,0.27,0.26,0.010000000000000009,334.5516,1294.5347,165.4354,0.74,0.73,0.010000000000000009,470.85459999999995,2989.2174999999997,904.5283999999999,Yes,0.295197,0.282713,0.297656,0.27,0.26,0.01,0.009855,0.015342,-0.037142,0.12,0.117,1294.53,,,,,,WATCH,0
fifwc-fra-eng-2026-07-18,fifwc-fra-eng-2026-07-18-player-props,France vs. England - Player Props,2945235,soccer_player_assists,Michael Olise: 2+ assists,Michael Olise: 2+ assists,Yes,No,46205773031082226508631709621871293980035368505369656918512844824545030699340,112012560136595781598972971132477156632649558759732631270267470380332502793590,744.234126,21727.326,0.047,0.053,0.05,0.001,True,0.053,0.047,0.005999999999999998,22.61722,115.74398000000001,5.97135,0.953,0.947,0.006000000000000005,121.07865,216.97865,404.12278,Yes,0.054793,0.05,0.055778,0.053,0.047,0.006,0.00251,-0.000717,-0.04551,0.12,0.0,115.74,,,,,,PASS,0
fifwc-fra-eng-2026-07-18,fifwc-fra-eng-2026-07-18-player-props,France vs. England - Player Props,2945236,soccer_player_assists,Morgan Rogers: 1+ assists,Morgan Rogers: 1+ assists,Yes,No,5567955452169136974878339012944827061172171410916324024264937729726589402449,17545581767841953246247949109055651347039082030227421900266806029714893599852,6.25,11023.78535,0.01,0.129,0.05,0.001,True,0.128,0.01,0.11800000000000001,1.0752000000000002,4.6182,0.1,0.99,0.872,0.118,9.9,3575.83,7.324800000000001,Yes,0.080595,0.061757,0.08414,0.128,0.01,0.118,0.005581,-0.052986,-0.111824,0.12,0.0,4.62,,,,,,PASS,0
fifwc-fra-eng-2026-07-18,fifwc-fra-eng-2026-07-18-player-props,France vs. England - Player Props,2945237,soccer_player_assists,Morgan Rogers: 2+ assists,Morgan Rogers: 2+ assists,Yes,No,109485957879979358338245549934143938457215028475930617719131204281622268838023,53543553519964104403915887100753440247115889764218509217785270953345847485590,25,20136.44177,0.01,0.049,0.05,0.001,True,0.049,0.01,0.039,4.9,440.33279999999996,0.1,0.99,0.951,0.039000000000000035,9.9,79.83000000000001,95.1,No,0.996661,0.996352,0.997985,0.99,0.951,0.039,0.000495,0.006166,-0.034143,0.12,0.829,79.83,,,,,,PASS,0
fifwc-fra-eng-2026-07-18,fifwc-fra-eng-2026-07-18-player-props,France vs. England - Player Props,2945238,soccer_player_assists,Noni Madueke: 1+ assists,Noni Madueke: 1+ assists,Yes,No,104011483457485488837456305447178747990256334258750501991048383602625379560436,97581773649235860313979949108869752603061286759012848278723413841247349152299,5.263156,9826.7136,0.01,0.14,0.05,0.01,True,0.13,0.01,0.12000000000000001,1.3104,4.2532,0.6,0.99,0.87,0.12,59.4,59.4,8.7696,No,0.99068,0.990261,0.992889,0.99,0.87,0.12,0.000495,0.000185,-0.040234,0.12,0.822,59.4,,,,Projected appearance probability is only 22.0%; wait for the official XI.,,PASS,0
fifwc-fra-eng-2026-07-18,fifwc-fra-eng-2026-07-18-player-props,France vs. England - Player Props,2945239,soccer_player_assists,Noni Madueke: 2+ assists,Noni Madueke: 2+ assists,Yes,No,52339900279937238934350680546629955524407182120699155463899974615560048053131,73540360158234047994810247602182090219787928459526059905946854067262898996917,25,20447.46588,0.01,0.049,0.05,0.001,True,0.049,0.01,0.039,4.9,440.33279999999996,0.1,0.99,0.951,0.039000000000000035,9.9,79.83000000000001,95.1,No,0.9998,0.999781,0.99988,0.99,0.951,0.039,0.000495,0.009305,-0.030714,0.12,0.832,79.83,,,,Projected appearance probability is only 22.0%; wait for the official XI.,,PASS,0
fifwc-fra-eng-2026-07-18,fifwc-fra-eng-2026-07-18-player-props,France vs. England - Player Props,2945240,soccer_player_assists,Ousmane Dembélé: 1+ assists,Ousmane Dembélé: 1+ assists,Yes,No,91784589905213608526528527969815854355472777763799792071713719118164811226626,56225941246279288140967501832932404906608437518518997526505073014444649751239,871.9653059999999,23228.1048,0.17,0.18,0.05,0.01,True,0.18,0.17,0.009999999999999981,68.3586,71.3397,175.8412,0.83,0.82,0.010000000000000009,858.5187999999998,993.9187999999998,311.41139999999996,No,0.917439,0.913813,0.935978,0.83,0.82,0.01,0.007055,0.080384,0.036758,0.12,0.744,993.92,,,,Projected appearance probability is only 72.0%; wait for the official XI.,,WATCH,0
fifwc-fra-eng-2026-07-18,fifwc-fra-eng-2026-07-18-player-props,France vs. England - Player Props,2945241,soccer_player_assists,Ousmane Dembélé: 2+ assists,Ousmane Dembélé: 2+ assists,Yes,No,13310498167042636630238268214150502149440763120075984206640534780139980303173,72248498514915604162626694167637735585014696097011160770344952713392611048277,87.207842,28987.34266,0.033,0.045,0.05,0.001,True,0.045,0.033,0.011999999999999997,78.5214,133.0382,4.011480000000001,0.967,0.955,0.01200000000000001,117.54852,351.23256,1666.3986,No,0.995074,0.994617,0.996978,0.967,0.955,0.012,0.001596,0.026479,-0.013979,0.12,0.827,351.23,,,,Projected appearance probability is only 72.0%; wait for the official XI.,,WATCH,0
fifwc-fra-eng-2026-07-18,fifwc-fra-eng-2026-07-18-player-props,France vs. England - Player Props,2945242,soccer_player_assists,Rayan Cherki: 1+ assists,Rayan Cherki: 1+ assists,Yes,No,10002609740444718938756595608475069183492767742696375112805638211333513558882,92238851005203350148463706373391276763009645142191824441777553800299747222167,1351.887426,26675.9656,0.2,0.23,0.05,0.01,True,0.23,0.2,0.03,173.61780000000002,396.3546,61.916,0.8,0.77,0.030000000000000027,247.664,251.714,581.2422,No,0.991594,0.991202,0.993556,0.8,0.77,0.03,0.008,0.183594,0.143202,0.12,0.823,251.71,,,,Projected appearance probability is only 78.0%; wait for the official XI.,No verified 2026 World Cup player-minute sample is available; the generic role prior is not sufficient for a bet.,PLAYER_DATA_QUALITY_PASS,0
fifwc-fra-eng-2026-07-18,fifwc-fra-eng-2026-07-18-player-props,France vs. England - Player Props,2945243,soccer_player_assists,Rayan Cherki: 2+ assists,Rayan Cherki: 2+ assists,Yes,No,31906904960718405882486104723690705892324619239709985812836148329575956432482,95765407501056318502909861560077186592992710346506918964775939055877966681900,0,15706.6299,0.01,0.09,0.05,0.01,True,0.09,0.01,0.08,9.0,675.8000000000001,0.6,0.99,0.91,0.07999999999999996,59.4,59.4,91.0,No,0.999955,0.99995,0.999972,0.99,0.91,0.08,0.000495,0.00946,-0.030545,0.12,0.832,59.4,,,,Projected appearance probability is only 78.0%; wait for the official XI.,No verified 2026 World Cup player-minute sample is available; the generic role prior is not sufficient for a bet.,PASS,0
fifwc-fra-eng-2026-07-18,fifwc-fra-eng-2026-07-18-player-props,France vs. England - Player Props,2945244,soccer_player_assists,Théo Hernández: 1+ assists,Théo Hernández: 1+ assists,Yes,No,51873036389156255808787588895861783620853633903995862387827460153079229191445,50921804520189311698110389216980367439376392983993432811302864427322443638549,0,10312.3043,0.02,0.14,0.05,0.01,True,0.13,0.02,0.11,6.5,8.289200000000001,1.0,0.98,0.87,0.10999999999999999,49.0,256.9,43.5,No,0.98699,0.986384,0.990024,0.98,0.87,0.11,0.00098,0.00601,-0.034596,0.12,0.818,256.9,,,,,No verified 2026 World Cup player-minute sample is available; the generic role prior is not sufficient for a bet.,PASS,0
fifwc-fra-eng-2026-07-18,fifwc-fra-eng-2026-07-18-player-props,France vs. England - Player Props,2945245,soccer_player_assists,Théo Hernández: 2+ assists,Théo Hernández: 2+ assists,Yes,No,44350655782165843137975792131650833671082762455922968807462811885336099022392,47390592944100665594405107646234901901406942057041602307308137344407961007425,25,20660.03577,0.01,0.049,0.05,0.001,True,0.049,0.01,0.039,4.9,440.33279999999996,0.1,0.99,0.951,0.039000000000000035,9.9,79.83000000000001,95.1,No,0.999915,0.999907,0.999949,0.99,0.951,0.039,0.000495,0.00942,-0.030588,0.12,0.832,79.83,,,,,No verified 2026 World Cup player-minute sample is available; the generic role prior is not sufficient for a bet.,PASS,0
fifwc-fra-eng-2026-07-18,fifwc-fra-eng-2026-07-18-player-props,France vs. England - Player Props,2945246,soccer_player_goals_plus_assists,Adrien Rabiot: 1+ goals + assists,Adrien Rabiot: 1+ goals + assists,Yes,No,39662062545274269289476752041395327016058372175024886637769167531291669073305,108746870390948937103350605802336013827079720714231730934314156965278740194976,0,9780.5182,0.02,0.34,0.05,0.01,True,0.34,0.02,0.32,17.0,320.5,0.5,0.98,0.66,0.31999999999999995,24.5,232.4,33.0,No,0.991354,0.990965,0.993328,0.98,0.66,0.32,0.00098,0.010374,-0.030015,0.12,0.823,232.4,,,,Projected appearance probability is only 12.0%; wait for the official XI.,,WATCH,0
fifwc-fra-eng-2026-07-18,fifwc-fra-eng-2026-07-18-player-props,France vs. England - Player Props,2945247,soccer_player_goals_plus_assists,Adrien Rabiot: 2+ goals + assists,Adrien Rabiot: 2+ goals + assists,Yes,No,55904026499865307070751311968727607971941625148580213128376482524293235255839,50897662695824795534174771231658992556448655410688465343260057987441523146268,0,6.1597,0.02,0.97,0.05,0.01,True,0.97,0.02,0.95,16.2184,278.5303,0.5,0.98,0.03,0.95,24.5,232.4,0.5015999999999999,No,0.999681,0.999651,0.999805,0.98,0.03,0.95,0.00098,0.018701,-0.021329,0.12,0.832,232.4,,,,Projected appearance probability is only 12.0%; wait for the official XI.,,WATCH,0
fifwc-fra-eng-2026-07-18,fifwc-fra-eng-2026-07-18-player-props,France vs. England - Player Props,2945248,soccer_player_goals_plus_assists,Adrien Rabiot: 3+ goals + assists,Adrien Rabiot: 3+ goals + assists,Yes,No,74140820658697264159118504428148948363040167225333902333601799714696662621285,9913879268146517469309092402252890074444191865283446163144201665770179842507,25,3.6597,0.01,0.97,0.05,0.01,True,0.97,0.01,0.96,16.2184,278.5303,0.1,0.99,0.03,0.96,9.9,9.9,0.5015999999999999,No,0.999992,0.999991,0.999996,0.99,0.03,0.96,0.000495,0.009497,-0.030504,0.12,0.833,9.9,,,,Projected appearance probability is only 12.0%; wait for the official XI.,,PASS,0
fifwc-fra-eng-2026-07-18,fifwc-fra-eng-2026-07-18-player-props,France vs. England - Player Props,2945249,soccer_player_goals_plus_assists,Adrien Rabiot: 4+ goals + assists,Adrien Rabiot: 4+ goals + assists,Yes,No,56308321009240597284325593573806633237882776594763751099527926959991974806056,29941637487749517799287279856386158246984820708259824292840293244547645086280,25,3.6597,0.01,0.97,0.05,0.01,True,0.97,0.01,0.96,17.4018,275.6603,0.1,0.99,0.03,0.96,9.9,9.9,0.5382,No,1.0,1.0,1.0,0.99,0.03,0.96,0.000495,0.009505,-0.030495,0.12,0.833,9.9,,,,Projected appearance probability is only 12.0%; wait for the official XI.,,PASS,0
fifwc-fra-eng-2026-07-18,fifwc-fra-eng-2026-07-18-player-props,France vs. England - Player Props,2945250,soccer_player_goals_plus_assists,Anthony Gordon: 1+ goals + assists,Anthony Gordon: 1+ goals + assists,Yes,No,38320233131098941857523094228711237974422633777121812210623936366650437697824,59531931233277146754928156639993071532072151499035155541283322445892026386194,0,1089.8661,0.02,0.96,0.05,0.01,True,0.96,0.02,0.94,16.771199999999997,24266.501600000003,0.5,0.98,0.04,0.94,24.5,232.4,0.6988,No,0.591056,0.584863,0.624948,0.98,0.04,0.94,0.00098,-0.389924,-0.436117,0.12,0.412,232.4,,,,,,PASS,0
fifwc-fra-eng-2026-07-18,fifwc-fra-eng-2026-07-18-player-props,France vs. England - Player Props,2945251,soccer_player_goals_plus_assists,Anthony Gordon: 2+ goals + assists,Anthony Gordon: 2+ goals + assists,Yes,No,44067088616248487591757947233628878289463684800776157536701076306857186753960,21275356494116837603505539772630855294488209685303867836900027197066726229939,0,6.1597,0.02,0.97,0.05,0.01,True,0.97,0.02,0.95,16.2184,278.5303,0.5,0.98,0.03,0.95,24.5,232.4,0.5015999999999999,No,0.90186,0.898548,0.918395,0.98,0.03,0.95,0.00098,-0.07912,-0.122432,0.12,0.728,232.4,,,,,,PASS,0
fifwc-fra-eng-2026-07-18,fifwc-fra-eng-2026-07-18-player-props,France vs. England - Player Props,2945252,soccer_player_goals_plus_assists,Anthony Gordon: 3+ goals + assists,Anthony Gordon: 3+ goals + assists,Yes,No,34045112052212697736125218692196397584842716057330702556896028343927825266566,92906660658868517938299336081905969120482396989451161190232531381788412678081,0,6.1597,0.02,0.97,0.05,0.01,True,0.97,0.02,0.95,16.2184,278.5303,0.5,0.98,0.03,0.95,24.5,232.4,0.5015999999999999,No,0.983577,0.982691,0.987621,0.98,0.03,0.95,0.00098,0.002597,-0.038289,0.12,0.815,232.4,,,,,,PASS,0
fifwc-fra-eng-2026-07-18,fifwc-fra-eng-2026-07-18-player-props,France vs. England - Player Props,2945253,soccer_player_goals_plus_assists,Anthony Gordon: 4+ goals + assists,Anthony Gordon: 4+ goals + assists,Yes,No,43484183655048826047871546410087038909040663113593914824530578216607291647377,96404475679579281106731626808274510367708851186115095801517429868250191223711,0,4.1599,0.01,0.98,0.05,0.01,True,0.98,0.01,0.97,39.7194,311.9001,0.6,0.99,0.02,0.97,59.4,59.4,0.8106,No,0.9979,0.997742,0.998561,0.99,0.02,0.97,0.000495,0.007405,-0.032753,0.12,0.83,59.4,,,,,,PASS,0
fifwc-fra-eng-2026-07-18,fifwc-fra-eng-2026-07-18-player-props,France vs. England - Player Props,2945254,soccer_player_goals_plus_assists,Aurélien Tchouameni: 1+ goals + assists,Aurélien Tchouameni: 1+ goals + assists,Yes,No,71450215600821639931602414750266933044266917129097241430269059129011511251309,52245460015410790960467792036202298113724165682936600871873313880743024464389,0,5432.0987,0.02,0.47,0.05,0.01,True,0.47,0.02,0.44999999999999996,10.6408,10.6408,0.5,0.98,0.53,0.44999999999999996,24.5,232.4,11.9992,No,0.993092,0.992779,0.994678,0.98,0.53,0.45,0.00098,0.012112,-0.028201,0.12,0.825,232.4,,,,Projected appearance probability is only 12.0%; wait for the official XI.,,WATCH,0
fifwc-fra-eng-2026-07-18,fifwc-fra-eng-2026-07-18-player-props,France vs. England - Player Props,2945255,soccer_player_goals_plus_assists,Aurélien Tchouameni: 2+ goals + assists,Aurélien Tchouameni: 2+ goals + assists,Yes,No,66012989039290986582023499602457781466226386152692626235925990099582981851015,50640194720184617791912819780132361355660942175071232939989949103796514141081,0,6.1597,0.02,0.97,0.05,0.01,True,0.97,0.02,0.95,16.2184,278.5303,0.5,0.98,0.03,0.95,24.5,232.4,0.5015999999999999,No,0.999797,0.999778,0.999877,0.98,0.03,0.95,0.00098,0.018817,-0.021202,0.12,0.832,232.4,,,,Projected appearance probability is only 12.0%; wait for the official XI.,,WATCH,0
fifwc-fra-eng-2026-07-18,fifwc-fra-eng-2026-07-18-player-props,France vs. England - Player Props,2945256,soccer_player_goals_plus_assists,Aurélien Tchouameni: 3+ goals + assists,Aurélien Tchouameni: 3+ goals + assists,Yes,No,47764834523521616926663220527597464916130690451055744852397591536385640812470,930098682434898070229627603532479243879357341613188726322278366072698019784,0,6.1596,0.02,0.97,0.05,0.01,True,0.97,0.02,0.95,16.286299999999997,278.3404,0.5,0.98,0.03,0.95,24.5,232.4,0.5036999999999999,No,0.999996,0.999995,0.999998,0.98,0.03,0.95,0.00098,0.019016,-0.020985,0.12,0.833,232.4,,,,Projected appearance probability is only 12.0%; wait for the official XI.,,WATCH,0
fifwc-fra-eng-2026-07-18,fifwc-fra-eng-2026-07-18-player-props,France vs. England - Player Props,2945257,soccer_player_goals_plus_assists,Aurélien Tchouameni: 4+ goals + assists,Aurélien Tchouameni: 4+ goals + assists,Yes,No,22064267637516366547907970192362825354115671966762878551870005963796104429119,72529347450095534627310689441852351749001074264184255748001672929644320207700,25,3.6597,0.01,0.97,0.05,0.01,True,0.97,0.01,0.96,16.2184,278.5303,0.1,0.99,0.03,0.96,9.9,9.9,0.5015999999999999,No,1.0,1.0,1.0,0.99,0.03,0.96,0.000495,0.009505,-0.030495,0.12,0.833,9.9,,,,Projected appearance probability is only 12.0%; wait for the official XI.,,PASS,0
fifwc-fra-eng-2026-07-18,fifwc-fra-eng-2026-07-18-player-props,France vs. England - Player Props,2945258,soccer_player_goals_plus_assists,Bradley Barcola: 1+ goals + assists,Bradley Barcola: 1+ goals + assists,Yes,No,41657246357371740514465543013473505146259523427581098363170438110008067815277,88018487411444656384925155251005079783843355793307025390469705297788390849041,0,7799.7828,0.01,0.6,0.05,0.01,True,0.6,0.01,0.59,4.614,23.3776,2.6,0.99,0.4,0.59,257.4,257.4,3.0760000000000005,No,0.872163,0.866876,0.89977,0.99,0.4,0.59,0.000495,-0.118332,-0.163619,0.12,0.696,257.4,,,,Projected appearance probability is only 62.0%; wait for the official XI.,,PASS,0
fifwc-fra-eng-2026-07-18,fifwc-fra-eng-2026-07-18-player-props,France vs. England - Player Props,2945259,soccer_player_goals_plus_assists,Bradley Barcola: 2+ goals + assists,Bradley Barcola: 2+ goals + assists,Yes,No,73686292187252000803137825180655240667940664210128254622402895726567194464699,81088018454069847808536244169167569835451953907104662112836058498226646875063,0,4.1599,0.01,0.98,0.05,0.01,True,0.98,0.01,0.97,39.7194,311.9001,0.6,0.99,0.02,0.97,59.4,59.4,0.8106,No,0.985808,0.984543,0.991176,0.99,0.02,0.97,0.000495,-0.004687,-0.045952,0.12,0.817,59.4,,,,Projected appearance probability is only 62.0%; wait for the official XI.,,PASS,0
fifwc-fra-eng-2026-07-18,fifwc-fra-eng-2026-07-18-player-props,France vs. England - Player Props,2945260,soccer_player_goals_plus_assists,Bradley Barcola: 3+ goals + assists,Bradley Barcola: 3+ goals + assists,Yes,No,18473009245371574770448459713971135315999986200929130201931482616654508840002,83575678021039938657386235628058195794909676098861358666405662697873469254342,0,6.1597,0.02,0.97,0.05,0.01,True,0.97,0.02,0.95,16.2184,278.5303,0.5,0.98,0.03,0.95,24.5,232.4,0.5015999999999999,No,0.998929,0.998778,0.999459,0.98,0.03,0.95,0.00098,0.017949,-0.022202,0.12,0.831,232.4,,,,Projected appearance probability is only 62.0%; wait for the official XI.,,WATCH,0
fifwc-fra-eng-2026-07-18,fifwc-fra-eng-2026-07-18-player-props,France vs. England - Player Props,2945261,soccer_player_goals_plus_assists,Bradley Barcola: 4+ goals + assists,Bradley Barcola: 4+ goals + assists,Yes,No,84890186950555575220803768285581563125603673583735772440293350507395693391955,61762024646221869496225477441802107195195526950237326614594724837314210623292,0,4.16,0.01,0.98,0.05,0.01,True,0.98,0.01,0.97,40.474,311.14,0.6,0.99,0.02,0.97,59.4,59.4,0.826,No,0.999939,0.999927,0.999974,0.99,0.02,0.97,0.000495,0.009444,-0.030568,0.12,0.832,59.4,,,,Projected appearance probability is only 62.0%; wait for the official XI.,,PASS,0
fifwc-fra-eng-2026-07-18,fifwc-fra-eng-2026-07-18-player-props,France vs. England - Player Props,2945262,soccer_player_goals_plus_assists,Bukayo Saka: 1+ goals + assists,Bukayo Saka: 1+ goals + assists,Yes,No,28187797411326443264265285364023985286162023408407478161575129617550413005775,80945009156971278377925326559219857517681425848929780626511436831070410241064,170,5537.5875,0.03,0.67,0.05,0.01,True,0.67,0.03,0.64,67.0,531.6780000000001,0.23099999999999998,0.97,0.33,0.6399999999999999,7.469,239.869,33.0,No,0.826299,0.824127,0.837877,0.97,0.33,0.64,0.001455,-0.145156,-0.187328,0.12,0.652,239.87,,,,Projected appearance probability is only 65.0%; wait for the official XI.,,PASS,0
fifwc-fra-eng-2026-07-18,fifwc-fra-eng-2026-07-18-player-props,France vs. England - Player Props,2945263,soccer_player_goals_plus_assists,Bukayo Saka: 2+ goals + assists,Bukayo Saka: 2+ goals + assists,Yes,No,61639847959557230392863395180183774328551785539252505022763463347557043594616,99930646138132587926460070214149510587887169412814928681597734526246309606869,0,9045.1232,0.01,0.09,0.05,0.01,True,0.09,0.01,0.08,27.0,27.0,2.6,0.99,0.91,0.07999999999999996,257.4,257.4,273.0,No,0.974393,0.973709,0.977804,0.99,0.91,0.08,0.000495,-0.016102,-0.056786,0.12,0.805,257.4,,,,Projected appearance probability is only 65.0%; wait for the official XI.,,PASS,0
fifwc-fra-eng-2026-07-18,fifwc-fra-eng-2026-07-18-player-props,France vs. England - Player Props,2945264,soccer_player_goals_plus_assists,Bukayo Saka: 3+ goals + assists,Bukayo Saka: 3+ goals + assists,Yes,No,59115470995819258105586170532732934439951934915997009223283317317572790758413,81109081165232236937033201453360242201286155986861598820953518398463304936458,25,3.6597,0.01,0.97,0.05,0.01,True,0.97,0.01,0.96,16.2184,278.5303,0.1,0.99,0.03,0.96,9.9,9.9,0.5015999999999999,No,0.997416,0.997309,0.997919,0.99,0.03,0.96,0.000495,0.006921,-0.033186,0.12,0.83,9.9,,,,Projected appearance probability is only 65.0%; wait for the official XI.,,PASS,0
fifwc-fra-eng-2026-07-18,fifwc-fra-eng-2026-07-18-player-props,France vs. England - Player Props,2945265,soccer_player_goals_plus_assists,Bukayo Saka: 4+ goals + assists,Bukayo Saka: 4+ goals + assists,Yes,No,20143036121171084492819298111962690721549842376187583347007097218531769145299,109739286561358549197669915098851440569437627175346697136984399013192355196305,25,3.6597,0.01,0.97,0.05,0.01,True,0.97,0.01,0.96,16.2184,278.5303,0.1,0.99,0.03,0.96,9.9,9.9,0.5015999999999999,No,0.999802,0.999791,0.999852,0.99,0.03,0.96,0.000495,0.009307,-0.030704,0.12,0.832,9.9,,,,Projected appearance probability is only 65.0%; wait for the official XI.,,PASS,0
fifwc-fra-eng-2026-07-18,fifwc-fra-eng-2026-07-18-player-props,France vs. England - Player Props,2945266,soccer_player_goals_plus_assists,Declan Rice: 1+ goals + assists,Declan Rice: 1+ goals + assists,Yes,No,85330425274899279962554463458008794707060146041812164497278527241008877856094,31957330927087023709481964119454251593206870675565707608276270914800458597224,0,9843.117,0.01,0.21,0.05,0.01,True,0.21,0.01,0.19999999999999998,126.0,126.0,2.6,0.99,0.79,0.19999999999999996,257.4,257.4,474.0,Yes,0.175319,0.13586,0.182584,0.21,0.01,0.2,0.008295,-0.042976,-0.122435,0.12,0.0,126.0,,,,,,PASS,0
fifwc-fra-eng-2026-07-18,fifwc-fra-eng-2026-07-18-player-props,France vs. England - Player Props,2945267,soccer_player_goals_plus_assists,Declan Rice: 2+ goals + assists,Declan Rice: 2+ goals + assists,Yes,No,35477237433277923547622870111199219574756302976728990920405506466130541379467,77856692714754273222371140267253908578789794016405296296478762081464659045674,0,4.1599,0.01,0.98,0.05,0.01,True,0.98,0.01,0.97,39.7194,311.9001,0.6,0.99,0.02,0.97,59.4,59.4,0.8106,No,0.983645,0.982191,0.989997,0.99,0.02,0.97,0.000495,-0.00685,-0.048304,0.12,0.814,59.4,,,,,,PASS,0
fifwc-fra-eng-2026-07-18,fifwc-fra-eng-2026-07-18-player-props,France vs. England - Player Props,2945268,soccer_player_goals_plus_assists,Declan Rice: 3+ goals + assists,Declan Rice: 3+ goals + assists,Yes,No,91941007857493461460094958652959720334582438078949691873431801862024449399364,8148744331621773792545565428325906224001471127678255812888668130461011447127,0,6.1597,0.02,0.97,0.05,0.01,True,0.97,0.02,0.95,16.2184,278.5303,0.5,0.98,0.03,0.95,24.5,232.4,0.5015999999999999,No,0.998966,0.998821,0.999486,0.98,0.03,0.95,0.00098,0.017986,-0.022159,0.12,0.831,232.4,,,,,,WATCH,0
fifwc-fra-eng-2026-07-18,fifwc-fra-eng-2026-07-18-player-props,France vs. England - Player Props,2945269,soccer_player_goals_plus_assists,Declan Rice: 4+ goals + assists,Declan Rice: 4+ goals + assists,Yes,No,72070447115804800442745468342263152307935207199776423714030250579562345165056,46440786173885607068802256314488222062028087898484336277487470695801650124688,25,3.6599,0.01,0.97,0.05,0.01,True,0.97,0.01,0.96,16.1117,278.8301,0.1,0.99,0.03,0.96,9.9,9.9,0.49829999999999997,No,0.999951,0.999941,0.999979,0.99,0.03,0.96,0.000495,0.009456,-0.030554,0.12,0.832,9.9,,,,,,PASS,0
fifwc-fra-eng-2026-07-18,fifwc-fra-eng-2026-07-18-player-props,France vs. England - Player Props,2945270,soccer_player_goals_plus_assists,Désiré Doué: 1+ goals + assists,Désiré Doué: 1+ goals + assists,Yes,No,38568414815126729287396106165693433688383553579181848221715588768315105935339,108932083072089232559760118523461756355102281283813282857099471570020270810877,0,7891.5475,0.01,0.51,0.05,0.01,True,0.51,0.01,0.5,306.0,306.0,2.6,0.99,0.49,0.5,257.4,257.4,294.0,No,0.745867,0.736151,0.798005,0.99,0.49,0.5,0.000495,-0.244628,-0.294344,0.12,0.563,257.4,,,,Projected appearance probability is only 82.0%; wait for the official XI.,,PASS,0
fifwc-fra-eng-2026-07-18,fifwc-fra-eng-2026-07-18-player-props,France vs. England - Player Props,2945271,soccer_player_goals_plus_assists,Désiré Doué: 2+ goals + assists,Désiré Doué: 2+ goals + assists,Yes,No,18670828117867669668257802432165849203021736952112212375627756318725894453268,9335399652056035658408459215961905819782506276741117686006084669838346241868,0,4.1599,0.01,0.98,0.05,0.01,True,0.98,0.01,0.97,39.7194,311.9001,0.6,0.99,0.02,0.97,59.4,59.4,0.8106,No,0.955773,0.952038,0.972028,0.99,0.02,0.97,0.000495,-0.034722,-0.078457,0.12,0.783,59.4,,,,Projected appearance probability is only 82.0%; wait for the official XI.,,PASS,0
fifwc-fra-eng-2026-07-18,fifwc-fra-eng-2026-07-18-player-props,France vs. England - Player Props,2945272,soccer_player_goals_plus_assists,Désiré Doué: 3+ goals + assists,Désiré Doué: 3+ goals + assists,Yes,No,25226871374198627844428498001945474386064167188651421396466323483964642446566,115170412261553892279986708836562477172019800285927574859565206711383393870605,0,4.1599,0.01,0.98,0.05,0.01,True,0.98,0.01,0.97,39.6018,312.02009999999996,0.6,0.99,0.02,0.97,59.4,59.4,0.8081999999999999,No,0.994704,0.993986,0.997277,0.99,0.02,0.97,0.000495,0.004209,-0.036509,0.12,0.826,59.4,,,,Projected appearance probability is only 82.0%; wait for the official XI.,,PASS,0
fifwc-fra-eng-2026-07-18,fifwc-fra-eng-2026-07-18-player-props,France vs. England - Player Props,2945273,soccer_player_goals_plus_assists,Désiré Doué: 4+ goals + assists,Désiré Doué: 4+ goals + assists,Yes,No,84649354243681880214722403836555148458416525138803044433239572783617268033623,12825581503641969404069057556201184029426320252234904814151675500033565992251,25,3.5597,0.01,0.97,0.05,0.01,True,0.97,0.01,0.96,16.3833,273.1603,0.05,0.99,0.03,0.96,4.95,4.95,0.5067,No,0.999518,0.999426,0.999794,0.99,0.03,0.96,0.000495,0.009023,-0.031069,0.12,0.832,4.95,,,,Projected appearance probability is only 82.0%; wait for the official XI.,,PASS,0
fifwc-fra-eng-2026-07-18,fifwc-fra-eng-2026-07-18-player-props,France vs. England - Player Props,2945274,soccer_player_goals_plus_assists,Eberechi Eze: 1+ goals + assists,Eberechi Eze: 1+ goals + assists,Yes,No,63711286036913337991416591876643891395036920530173907044359979409031037175139,12497353964526430755702888489830104595724527219243382424368790115449912987346,0,7458.5439,0.02,0.38,0.05,0.01,True,0.38,0.02,0.36,19.0,356.5,0.5,0.98,0.62,0.36,24.5,232.4,31.0,No,0.975673,0.974581,0.981429,0.98,0.62,0.36,0.00098,-0.005307,-0.046399,0.12,0.806,232.4,,,,Projected appearance probability is only 52.0%; wait for the official XI.,,PASS,0
fifwc-fra-eng-2026-07-18,fifwc-fra-eng-2026-07-18-player-props,France vs. England - Player Props,2945275,soccer_player_goals_plus_assists,Eberechi Eze: 2+ goals + assists,Eberechi Eze: 2+ goals + assists,Yes,No,11554012404754526494530897673458286984789182451184974737904885070719764641440,15930482684156594297394346641767818819138960451448204152897476702436120067193,0,6.1597,0.02,0.97,0.05,0.01,True,0.97,0.02,0.95,16.2184,278.5303,0.5,0.98,0.03,0.95,24.5,232.4,0.5015999999999999,No,0.999422,0.999368,0.999653,0.98,0.03,0.95,0.00098,0.018442,-0.021612,0.12,0.832,232.4,,,,Projected appearance probability is only 52.0%; wait for the official XI.,,WATCH,0
fifwc-fra-eng-2026-07-18,fifwc-fra-eng-2026-07-18-player-props,France vs. England - Player Props,2945276,soccer_player_goals_plus_assists,Eberechi Eze: 3+ goals + assists,Eberechi Eze: 3+ goals + assists,Yes,No,65913794696555288255335991858199817051190208490095891470985859365460188161612,86426714298151760122699414152421753615545655383228930781142620524791679185421,0,4.1599,0.01,0.98,0.05,0.01,True,0.98,0.01,0.97,39.7194,311.9001,0.6,0.99,0.02,0.97,59.4,59.4,0.8106,No,0.999991,0.999989,0.999996,0.99,0.02,0.97,0.000495,0.009496,-0.030506,0.12,0.833,59.4,,,,Projected appearance probability is only 52.0%; wait for the official XI.,,PASS,0
fifwc-fra-eng-2026-07-18,fifwc-fra-eng-2026-07-18-player-props,France vs. England - Player Props,2945277,soccer_player_goals_plus_assists,Eberechi Eze: 4+ goals + assists,Eberechi Eze: 4+ goals + assists,Yes,No,83867518314010985234497362392708356771820082068437037039934616976238988304087,61625242672700379281042869594935651463478025022646666933334505687724103205634,0,4.1599,0.01,0.98,0.05,0.01,True,0.98,0.01,0.97,39.6018,312.02009999999996,0.6,0.99,0.02,0.97,59.4,59.4,0.8081999999999999,No,1.0,1.0,1.0,0.99,0.02,0.97,0.000495,0.009505,-0.030495,0.12,0.833,59.4,,,,Projected appearance probability is only 52.0%; wait for the official XI.,,PASS,0
fifwc-fra-eng-2026-07-18,fifwc-fra-eng-2026-07-18-player-props,France vs. England - Player Props,2945278,soccer_player_goals_plus_assists,Elliot Anderson: 1+ goals + assists,Elliot Anderson: 1+ goals + assists,Yes,No,77648229603849192901202965873057197147159436212287289922564532199069312168819,71572465592406672389290873320305375245043840377242999592275840712797090513224,0,8941.3985,0.01,0.5,0.05,0.01,True,0.5,0.01,0.49,3.06,300.3148,2.6,0.99,0.5,0.49,257.4,257.4,3.06,No,0.83107,0.82404,0.869195,0.99,0.5,0.49,0.000495,-0.159425,-0.206455,0.12,0.652,257.4,,,,,,PASS,0
fifwc-fra-eng-2026-07-18,fifwc-fra-eng-2026-07-18-player-props,France vs. England - Player Props,2945279,soccer_player_goals_plus_assists,Elliot Anderson: 2+ goals + assists,Elliot Anderson: 2+ goals + assists,Yes,No,13746472308851266133167593196280389199422250390281954647513909894217265039803,28579159889770301606086561845630988906392212649257009137533118214275531157931,0,4.16,0.01,0.98,0.05,0.01,True,0.98,0.01,0.97,40.474,311.14,0.6,0.99,0.02,0.97,59.4,59.4,0.826,No,0.984852,0.983501,0.990744,0.99,0.02,0.97,0.000495,-0.005643,-0.046994,0.12,0.815,59.4,,,,,,PASS,0
fifwc-fra-eng-2026-07-18,fifwc-fra-eng-2026-07-18-player-props,France vs. England - Player Props,2945280,soccer_player_goals_plus_assists,Elliot Anderson: 3+ goals + assists,Elliot Anderson: 3+ goals + assists,Yes,No,38728174434671903916127875725158131927314820107777872417092332905738972853948,67638572608420442743680451154512787906447439801438948457718270109152957737606,0,6.1597,0.02,0.97,0.05,0.01,True,0.97,0.02,0.95,16.2184,278.5303,0.5,0.98,0.03,0.95,24.5,232.4,0.5015999999999999,No,0.99908,0.99895,0.999543,0.98,0.03,0.95,0.00098,0.0181,-0.02203,0.12,0.831,232.4,,,,,,WATCH,0
fifwc-fra-eng-2026-07-18,fifwc-fra-eng-2026-07-18-player-props,France vs. England - Player Props,2945281,soccer_player_goals_plus_assists,Elliot Anderson: 4+ goals + assists,Elliot Anderson: 4+ goals + assists,Yes,No,80663916525259145070002573861723554243788942734271289212317934520675262021958,44119534147882933378009182360995536153555506164133525740632885227445672748311,25,3.6597,0.01,0.97,0.05,0.01,True,0.97,0.01,0.96,16.2184,278.5303,0.1,0.99,0.03,0.96,9.9,9.9,0.5015999999999999,No,0.999958,0.99995,0.999982,0.99,0.03,0.96,0.000495,0.009463,-0.030545,0.12,0.832,9.9,,,,,,PASS,0
fifwc-fra-eng-2026-07-18,fifwc-fra-eng-2026-07-18-player-props,France vs. England - Player Props,2945282,soccer_player_goals_plus_assists,Harry Kane: 1+ goals + assists,Harry Kane: 1+ goals + assists,Yes,No,14792432413554011597405468764722060422954224347346178693455922611570226225247,8973811218786187709816054031884931918303647408248278930061136744356327914560,0,6325.2013,0.01,0.48,0.05,0.01,True,0.48,0.01,0.47,2.8848,218.7348,2.6,0.99,0.52,0.47,257.4,257.4,3.1252,Yes,0.455144,0.367117,0.470022,0.48,0.01,0.47,0.01248,-0.037336,-0.165363,0.12,0.199,218.73,,,,,,PASS,0
fifwc-fra-eng-2026-07-18,fifwc-fra-eng-2026-07-18-player-props,France vs. England - Player Props,2945283,soccer_player_goals_plus_assists,Harry Kane: 2+ goals + assists,Harry Kane: 2+ goals + assists,Yes,No,98566437193782887495325309424617829947382474707643449425407650014823211903425,54035197873668744454231121200013911294395974111485974941503624452711805323602,0,6.1599,0.02,0.97,0.05,0.01,True,0.97,0.02,0.95,18.43,276.7801,0.5,0.98,0.03,0.95,24.5,232.4,0.57,No,0.875711,0.866327,0.920089,0.98,0.03,0.95,0.00098,-0.105269,-0.154653,0.12,0.695,232.4,,,,,,PASS,0
fifwc-fra-eng-2026-07-18,fifwc-fra-eng-2026-07-18-player-props,France vs. England - Player Props,2945284,soccer_player_goals_plus_assists,Harry Kane: 3+ goals + assists,Harry Kane: 3+ goals + assists,Yes,No,72871800055868288272023249518232657893870302191646306470952485061821911040023,11547975182231296798452218125033222286022097014531121720366448491494646065665,0,6.1597,0.02,0.98,0.05,0.01,True,0.98,0.02,0.96,39.6312,262.3119,0.5,0.98,0.03,0.95,24.5,232.4,0.5015999999999999,No,0.976164,0.973203,0.98754,0.98,0.03,0.95,0.00098,-0.004816,-0.047777,0.12,0.805,232.4,,,,,,PASS,0
fifwc-fra-eng-2026-07-18,fifwc-fra-eng-2026-07-18-player-props,France vs. England - Player Props,2945285,soccer_player_goals_plus_assists,Harry Kane: 4+ goals + assists,Harry Kane: 4+ goals + assists,Yes,No,50760617701301743808800186996455300016078256894538580361769427638646826354108,79463483296073507449755083803946949315025388003151493337764571532800801401311,0,6.1597,0.02,0.97,0.05,0.01,True,0.97,0.02,0.95,16.2184,278.5303,0.5,0.98,0.03,0.95,24.5,232.4,0.5015999999999999,No,0.996497,0.995874,0.998472,0.98,0.03,0.95,0.00098,0.015517,-0.025106,0.12,0.828,232.4,,,,,,WATCH,0
fifwc-fra-eng-2026-07-18,fifwc-fra-eng-2026-07-18-player-props,France vs. England - Player Props,2945286,soccer_player_goals_plus_assists,Jude Bellingham: 1+ goals + assists,Jude Bellingham: 1+ goals + assists,Yes,No,59079375453115982589615476728376779216854407342838874054171318833515106396393,71161478998125856673188967500310504762567861310123227022982447814118148339616,0,7022.6027,0.01,0.41,0.05,0.01,True,0.41,0.01,0.39999999999999997,245.99999999999997,245.99999999999997,2.6,0.99,0.59,0.4,257.4,257.4,354.0,Yes,0.448278,0.361166,0.463041,0.41,0.01,0.4,0.012095,0.026183,-0.100929,0.12,0.193,246.0,,,,,,WATCH,0
fifwc-fra-eng-2026-07-18,fifwc-fra-eng-2026-07-18-player-props,France vs. England - Player Props,2945287,soccer_player_goals_plus_assists,Jude Bellingham: 2+ goals + assists,Jude Bellingham: 2+ goals + assists,Yes,No,107891050066752722454230265805702303708857923006709399190274614981519812130075,46026511814545306225854308079901706504415647813986735112100384643663237629387,0,4.1599,0.01,0.98,0.05,0.01,True,0.98,0.01,0.97,39.7194,311.9001,0.6,0.99,0.02,0.97,59.4,59.4,0.8106,No,0.879837,0.870717,0.922856,0.99,0.02,0.97,0.000495,-0.110658,-0.159778,0.12,0.7,59.4,,,,,,PASS,0
fifwc-fra-eng-2026-07-18,fifwc-fra-eng-2026-07-18-player-props,France vs. England - Player Props,2945288,soccer_player_goals_plus_assists,Jude Bellingham: 3+ goals + assists,Jude Bellingham: 3+ goals + assists,Yes,No,61480240429382557545996040097273002291769212737336671037887783264984067911630,66025371753787094904074823701365881407672313245294304182308910748098914458512,0,4.1599,0.01,0.98,0.05,0.01,True,0.98,0.01,0.97,39.7194,311.9001,0.6,0.99,0.02,0.97,59.4,59.4,0.8106,No,0.977404,0.974586,0.988206,0.99,0.02,0.97,0.000495,-0.013091,-0.055909,0.12,0.806,59.4,,,,,,PASS,0
fifwc-fra-eng-2026-07-18,fifwc-fra-eng-2026-07-18-player-props,France vs. England - Player Props,2945289,soccer_player_goals_plus_assists,Jude Bellingham: 4+ goals + assists,Jude Bellingham: 4+ goals + assists,Yes,No,79845935422359785015284889292908600988549816495884989153654055148924529065683,37206150141812178725165620981982491928601612074533883440360679811550678091676,0,6.1597,0.02,0.97,0.05,0.01,True,0.97,0.02,0.95,16.2184,278.5303,0.5,0.98,0.03,0.95,24.5,232.4,0.5015999999999999,No,0.996745,0.996165,0.998582,0.98,0.03,0.95,0.00098,0.015765,-0.024815,0.12,0.829,232.4,,,,,,WATCH,0
fifwc-fra-eng-2026-07-18,fifwc-fra-eng-2026-07-18-player-props,France vs. England - Player Props,2945290,soccer_player_goals_plus_assists,Kylian Mbappé: 1+ goals + assists,Kylian Mbappé: 1+ goals + assists,Yes,No,56477344801037441447735239714795968821153816889196338393806381037903477487054,29059242265498022648772505187844206939741758190541258739709141775443777123628,346,5327.7323,0.16,0.69,0.05,0.01,True,0.69,0.16,0.5299999999999999,69.0,489.0,12.0,0.84,0.31,0.53,63.0,63.0,31.0,Yes,0.631166,0.555393,0.644044,0.69,0.16,0.53,0.010695,-0.069529,-0.185302,0.12,0.383,489.0,,,,,,PASS,0
fifwc-fra-eng-2026-07-18,fifwc-fra-eng-2026-07-18-player-props,France vs. England - Player Props,2945291,soccer_player_goals_plus_assists,Kylian Mbappé: 2+ goals + assists,Kylian Mbappé: 2+ goals + assists,Yes,No,103051586541124646913899539582491114841537633511145212584542233873182608257059,101868583403446026563679031791575664244468247319350858274178525551724556750204,15.005155,5318.9738,0.03,0.63,0.05,0.01,True,0.63,0.03,0.6,3.15,3.15,0.2001,0.97,0.37,0.6,6.4699,238.8699,1.85,No,0.725214,0.711281,0.794503,0.97,0.37,0.6,0.001455,-0.246241,-0.300174,0.12,0.538,238.87,,,,,,PASS,0
fifwc-fra-eng-2026-07-18,fifwc-fra-eng-2026-07-18-player-props,France vs. England - Player Props,2945292,soccer_player_goals_plus_assists,Kylian Mbappé: 3+ goals + assists,Kylian Mbappé: 3+ goals + assists,Yes,No,20799901395081971761053726764216557737672397112653692683923581056820975825857,65234848354839569315004565163796014085145047642997814685768427441730292678557,0,12841.2205,0.04,0.07,0.05,0.01,True,0.07,0.04,0.030000000000000006,23.798600000000004,67.4954,9.8564,0.96,0.93,0.029999999999999916,236.5536,583.0450999999999,316.18140000000005,Yes,0.087367,0.055403,0.094908,0.07,0.04,0.03,0.003255,0.014112,-0.057852,0.12,0.0,67.5,,,,,,WATCH,0
fifwc-fra-eng-2026-07-18,fifwc-fra-eng-2026-07-18-player-props,France vs. England - Player Props,2945293,soccer_player_goals_plus_assists,Kylian Mbappé: 4+ goals + assists,Kylian Mbappé: 4+ goals + assists,Yes,No,55632773295141098308036814506466139226289121436629018516389514847872718849515,39315062522832821362573639344485081361226590368620857818362365742480133560272,0,6.1597,0.02,0.97,0.05,0.01,True,0.97,0.02,0.95,16.2184,278.5303,0.5,0.98,0.03,0.95,24.5,232.4,0.5015999999999999,No,0.978341,0.97562,0.988257,0.98,0.03,0.95,0.00098,-0.002639,-0.04536,0.12,0.807,232.4,,,,,,PASS,0
fifwc-fra-eng-2026-07-18,fifwc-fra-eng-2026-07-18-player-props,France vs. England - Player Props,2945294,soccer_player_goals_plus_assists,Manu Koné: 1+ goals + assists,Manu Koné: 1+ goals + assists,Yes,No,91772984428248929624739088720916776312312572280145859256881799275224686828232,41628044859643763639771579450297481763370481858122827020989923597344517365425,0,9690.082,0.02,0.09,0.05,0.01,True,0.09,0.02,0.06999999999999999,27.0,27.0,0.5,0.98,0.91,0.06999999999999995,24.5,232.4,273.0,Yes,0.225195,0.176987,0.234383,0.09,0.02,0.07,0.004095,0.1311,0.042892,0.12,0.016,27.0,,,,,,WATCH,0
fifwc-fra-eng-2026-07-18,fifwc-fra-eng-2026-07-18-player-props,France vs. England - Player Props,2945295,soccer_player_goals_plus_assists,Manu Koné: 2+ goals + assists,Manu Koné: 2+ goals + assists,Yes,No,23228878707907215715055721412461424391340829278128341765561860776734827215609,37919838860520712949360872857256867634690508456305680820726085491643440625696,0,4.1599,0.01,0.98,0.05,0.01,True,0.98,0.01,0.97,39.7194,311.9001,0.6,0.99,0.02,0.97,59.4,59.4,0.8106,No,0.972492,0.970062,0.982845,0.99,0.02,0.97,0.000495,-0.018003,-0.060433,0.12,0.802,59.4,,,,,,PASS,0
fifwc-fra-eng-2026-07-18,fifwc-fra-eng-2026-07-18-player-props,France vs. England - Player Props,2945296,soccer_player_goals_plus_assists,Manu Koné: 3+ goals + assists,Manu Koné: 3+ goals + assists,Yes,No,54715264387660442548138548074469370934700833484087766006530751259358207446176,66101753813973196125700815637003936331471712920234984679764217114376149385803,0,6.1597,0.02,0.97,0.05,0.01,True,0.97,0.02,0.95,16.2184,278.5303,0.5,0.98,0.03,0.95,24.5,232.4,0.5015999999999999,No,0.997711,0.99739,0.99884,0.98,0.03,0.95,0.00098,0.016731,-0.02359,0.12,0.83,232.4,,,,,,WATCH,0
fifwc-fra-eng-2026-07-18,fifwc-fra-eng-2026-07-18-player-props,France vs. England - Player Props,2945297,soccer_player_goals_plus_assists,Manu Koné: 4+ goals + assists,Manu Koné: 4+ goals + assists,Yes,No,57470029343081187343352759505385884003647034301369990473474528111763385808626,102979353776970280503402368824191679614628948633255111946450579620353140880738,0,3.4559,0.01,0.98,0.05,0.01,True,0.98,0.01,0.97,5.1057999999999995,277.5241,0.6,0.99,0.02,0.97,59.4,59.4,0.1042,No,0.999856,0.999828,0.999939,0.99,0.02,0.97,0.000495,0.009361,-0.030667,0.12,0.832,59.4,,,,,,PASS,0
fifwc-fra-eng-2026-07-18,fifwc-fra-eng-2026-07-18-player-props,France vs. England - Player Props,2945298,soccer_player_goals_plus_assists,Marcus Rashford: 1+ goals + assists,Marcus Rashford: 1+ goals + assists,Yes,No,46856798148164839607859446781175296760919858625576172928008331849344814707971,20107413587553950214531800887743550550373285256348812150483915746184045590655,0,8744.504,0.01,0.44,0.05,0.01,True,0.44,0.01,0.43,176.0,176.0,0.6,0.99,0.56,0.42999999999999994,59.4,59.4,224.00000000000003,No,0.945113,0.942771,0.957696,0.99,0.56,0.43,0.000495,-0.045382,-0.087724,0.12,0.774,59.4,,,,Projected appearance probability is only 42.0%; wait for the official XI.,,PASS,0
fifwc-fra-eng-2026-07-18,fifwc-fra-eng-2026-07-18-player-props,France vs. England - Player Props,2945299,soccer_player_goals_plus_assists,Marcus Rashford: 2+ goals + assists,Marcus Rashford: 2+ goals + assists,Yes,No,58967826405208899587327982651757826187097959116935383276385925221801153849696,32780170291253529740084611134103030285237331601710000667143459201204135301246,0,6.1597,0.02,0.97,0.05,0.01,True,0.97,0.02,0.95,16.2184,278.5303,0.5,0.98,0.03,0.95,24.5,232.4,0.5015999999999999,No,0.996246,0.995906,0.997719,0.98,0.03,0.95,0.00098,0.015266,-0.025074,0.12,0.828,232.4,,,,Projected appearance probability is only 42.0%; wait for the official XI.,,WATCH,0
fifwc-fra-eng-2026-07-18,fifwc-fra-eng-2026-07-18-player-props,France vs. England - Player Props,2945300,soccer_player_goals_plus_assists,Marcus Rashford: 3+ goals + assists,Marcus Rashford: 3+ goals + assists,Yes,No,79460187505431736269540231516291829856676746583818073817519024316426020474047,75767019000001981602332362502834602972527247320414264814597154051512506298845,0,4.1599,0.01,0.98,0.05,0.01,True,0.98,0.01,0.97,39.7194,311.9001,0.6,0.99,0.02,0.97,59.4,59.4,0.8106,No,0.999827,0.999802,0.999914,0.99,0.02,0.97,0.000495,0.009332,-0.030693,0.12,0.832,59.4,,,,Projected appearance probability is only 42.0%; wait for the official XI.,,PASS,0
fifwc-fra-eng-2026-07-18,fifwc-fra-eng-2026-07-18-player-props,France vs. England - Player Props,2945301,soccer_player_goals_plus_assists,Marcus Rashford: 4+ goals + assists,Marcus Rashford: 4+ goals + assists,Yes,No,59042530534583706899865813592837061933814964502002625580504692722549555716884,1672401179112445328611914714500729094379936437453860561739428655936288640977,0,4.0599,0.01,0.98,0.05,0.01,True,0.98,0.01,0.97,39.7194,306.9501,0.55,0.99,0.02,0.97,54.45,54.45,0.8106,No,0.999994,0.999993,0.999998,0.99,0.02,0.97,0.000495,0.009499,-0.030502,0.12,0.833,54.45,,,,Projected appearance probability is only 42.0%; wait for the official XI.,,PASS,0
fifwc-fra-eng-2026-07-18,fifwc-fra-eng-2026-07-18-player-props,France vs. England - Player Props,2945302,soccer_player_goals_plus_assists,Michael Olise: 1+ goals + assists,Michael Olise: 1+ goals + assists,Yes,No,42611146696540804522693181498185243850108598822404072934762221704012528718891,86006242837716853225948942680366041296611729670132580377310001175707233788348,0,8598.8445,0.01,0.48,0.05,0.01,True,0.48,0.01,0.47,288.0,288.0,2.6,0.99,0.52,0.47,257.4,257.4,312.0,Yes,0.33959,0.317614,0.343854,0.48,0.01,0.47,0.01248,-0.15289,-0.214866,0.12,0.151,288.0,,,,,,PASS,0
fifwc-fra-eng-2026-07-18,fifwc-fra-eng-2026-07-18-player-props,France vs. England - Player Props,2945303,soccer_player_goals_plus_assists,Michael Olise: 2+ goals + assists,Michael Olise: 2+ goals + assists,Yes,No,27441350582411368676065447268237875617877841262975665667436967431232329609237,13246348064149439306795001037063016107297310448391279938876867756146268283284,0,9672.3777,0.01,0.08,0.05,0.01,True,0.08,0.01,0.07,24.0,24.0,2.6,0.99,0.92,0.06999999999999995,257.4,257.4,276.0,Yes,0.074109,0.064263,0.076154,0.08,0.01,0.07,0.00368,-0.009571,-0.059417,0.12,0.0,24.0,,,,,,PASS,0
fifwc-fra-eng-2026-07-18,fifwc-fra-eng-2026-07-18-player-props,France vs. England - Player Props,2945304,soccer_player_goals_plus_assists,Michael Olise: 3+ goals + assists,Michael Olise: 3+ goals + assists,Yes,No,33448134906020431389814324178780618639685600727916105415128867696597052611113,5104487274934296870562451628502015163643812024867456493068588794103420716985,0,4.1599,0.01,0.98,0.05,0.01,True,0.98,0.01,0.97,39.7194,311.9001,0.6,0.99,0.02,0.97,59.4,59.4,0.8106,No,0.988773,0.988283,0.990983,0.99,0.02,0.97,0.000495,-0.001722,-0.042212,0.12,0.82,59.4,,,,,,PASS,0
fifwc-fra-eng-2026-07-18,fifwc-fra-eng-2026-07-18-player-props,France vs. England - Player Props,2945305,soccer_player_goals_plus_assists,Michael Olise: 4+ goals + assists,Michael Olise: 4+ goals + assists,Yes,No,22468054913156895229613514471840882854088760313396449820422339818750765722384,50200328938647628639057084281697187128727699370225755229531606865139259218257,0,4.1599,0.01,0.98,0.05,0.01,True,0.98,0.01,0.97,39.7194,311.9001,0.6,0.99,0.02,0.97,59.4,59.4,0.8106,No,0.998703,0.998625,0.999034,0.99,0.02,0.97,0.000495,0.008208,-0.03187,0.12,0.831,59.4,,,,,,PASS,0
fifwc-fra-eng-2026-07-18,fifwc-fra-eng-2026-07-18-player-props,France vs. England - Player Props,2945306,soccer_player_goals_plus_assists,Morgan Rogers: 1+ goals + assists,Morgan Rogers: 1+ goals + assists,Yes,No,27893932534776626886185285328740824592198552018274164936565601057105772799258,23585457729007255283540907012726730931024831534542739038113541247880004660393,0,9483.7471,0.01,0.4,0.05,0.01,True,0.4,0.01,0.39,160.0,160.0,0.6,0.99,0.6,0.39,59.4,59.4,240.0,No,0.850824,0.844535,0.884768,0.99,0.6,0.39,0.000495,-0.139671,-0.18596,0.12,0.673,59.4,,,,,,PASS,0
fifwc-fra-eng-2026-07-18,fifwc-fra-eng-2026-07-18-player-props,France vs. England - Player Props,2945307,soccer_player_goals_plus_assists,Morgan Rogers: 2+ goals + assists,Morgan Rogers: 2+ goals + assists,Yes,No,107725205262120747469604511370621350775140513538402914859073408250971457816730,12182554144953313009176860503247824353902246751362112104266120116291979404651,0,12559.3233,0.05,0.07,0.05,0.01,True,0.07,0.05,0.020000000000000004,38.362100000000005,66.2045,9.659,0.95,0.93,0.019999999999999907,183.521,692.9449999999999,509.6679,No,0.988275,0.987219,0.992856,0.95,0.93,0.02,0.002375,0.0359,-0.005156,0.12,0.819,692.94,,,,,,WATCH,0
fifwc-fra-eng-2026-07-18,fifwc-fra-eng-2026-07-18-player-props,France vs. England - Player Props,2945308,soccer_player_goals_plus_assists,Morgan Rogers: 3+ goals + assists,Morgan Rogers: 3+ goals + assists,Yes,No,55045374602624868057819330861393600428802406610635647839846200630768424759096,10846627345362626970249187297452354294658602737614053762857889426341072731632,0,6.1597,0.02,0.97,0.05,0.01,True,0.97,0.02,0.95,16.2184,278.5303,0.5,0.98,0.03,0.95,24.5,232.4,0.5015999999999999,No,0.999377,0.999289,0.999691,0.98,0.03,0.95,0.00098,0.018397,-0.021691,0.12,0.832,232.4,,,,,,WATCH,0
fifwc-fra-eng-2026-07-18,fifwc-fra-eng-2026-07-18-player-props,France vs. England - Player Props,2945309,soccer_player_goals_plus_assists,Morgan Rogers: 4+ goals + assists,Morgan Rogers: 4+ goals + assists,Yes,No,111615895488506415287466923649375632717379628207864247264000567710629309939328,19591892545589801128215262572798051334687163476533466586040717112722751726686,25,3.6597,0.01,0.97,0.05,0.01,True,0.97,0.01,0.96,16.2184,278.5303,0.1,0.99,0.03,0.96,9.9,9.9,0.5015999999999999,No,0.999975,0.99997,0.99999,0.99,0.03,0.96,0.000495,0.00948,-0.030525,0.12,0.833,9.9,,,,,,PASS,0
fifwc-fra-eng-2026-07-18,fifwc-fra-eng-2026-07-18-player-props,France vs. England - Player Props,2945310,soccer_player_goals_plus_assists,Noni Madueke: 1+ goals + assists,Noni Madueke: 1+ goals + assists,Yes,No,108649968870634927938573232866909851522994802147372905853655650940989723281774,65538627872744571235856976690347447350837967550028317862844623148085557521055,0,7020.0861,0.01,0.4,0.05,0.01,True,0.4,0.01,0.39,80.0,80.0,0.6,0.99,0.6,0.39,59.4,59.4,120.0,No,0.984066,0.983362,0.987802,0.99,0.6,0.39,0.000495,-0.006429,-0.047133,0.12,0.815,59.4,,,,Projected appearance probability is only 22.0%; wait for the official XI.,,PASS,0
fifwc-fra-eng-2026-07-18,fifwc-fra-eng-2026-07-18-player-props,France vs. England - Player Props,2945311,soccer_player_goals_plus_assists,Noni Madueke: 2+ goals + assists,Noni Madueke: 2+ goals + assists,Yes,No,83170989840013430321283200693416198847752902294644097916956761285844220930670,30441886764461967499183657031645457746155823983196767233032432271805249095418,0,6.1597,0.02,0.97,0.05,0.01,True,0.97,0.02,0.95,16.2184,278.5303,0.5,0.98,0.03,0.95,24.5,232.4,0.5015999999999999,No,0.999409,0.999354,0.999643,0.98,0.03,0.95,0.00098,0.018429,-0.021626,0.12,0.832,232.4,,,,Projected appearance probability is only 22.0%; wait for the official XI.,,WATCH,0
fifwc-fra-eng-2026-07-18,fifwc-fra-eng-2026-07-18-player-props,France vs. England - Player Props,2945312,soccer_player_goals_plus_assists,Noni Madueke: 3+ goals + assists,Noni Madueke: 3+ goals + assists,Yes,No,102000874755903159320479561699698590164829883320007418696492871559008409549921,57440092796033606401605407045137222601084650944777816496370894942305587197858,0,6.1597,0.02,0.97,0.05,0.01,True,0.97,0.02,0.95,16.2184,278.5303,0.5,0.98,0.03,0.95,24.5,232.4,0.5015999999999999,No,0.999985,0.999983,0.999993,0.98,0.03,0.95,0.00098,0.019005,-0.020997,0.12,0.833,232.4,,,,Projected appearance probability is only 22.0%; wait for the official XI.,,WATCH,0
fifwc-fra-eng-2026-07-18,fifwc-fra-eng-2026-07-18-player-props,France vs. England - Player Props,2945313,soccer_player_goals_plus_assists,Noni Madueke: 4+ goals + assists,Noni Madueke: 4+ goals + assists,Yes,No,76463159454374442014706447849708146845665100869588591558616176027617396346233,41354035308237957406368409484299111337996083779786183370575927180640515680036,25,3.6597,0.01,0.97,0.05,0.01,True,0.97,0.01,0.96,16.2184,278.5303,0.1,0.99,0.03,0.96,9.9,9.9,0.5015999999999999,No,1.0,1.0,1.0,0.99,0.03,0.96,0.000495,0.009505,-0.030495,0.12,0.833,9.9,,,,Projected appearance probability is only 22.0%; wait for the official XI.,,PASS,0
fifwc-fra-eng-2026-07-18,fifwc-fra-eng-2026-07-18-player-props,France vs. England - Player Props,2945314,soccer_player_goals_plus_assists,Ousmane Dembélé: 1+ goals + assists,Ousmane Dembélé: 1+ goals + assists,Yes,No,30622544325747675128097412344065217292313410368879155461110682748855370418414,93507053242960886129893172927985541657023469563894929564459685691720152355798,0,6181.2942,0.02,0.43,0.05,0.01,True,0.43,0.02,0.41,258.0,258.0,0.5,0.98,0.57,0.41000000000000003,24.5,232.4,341.99999999999994,Yes,0.279881,0.225017,0.289863,0.43,0.02,0.41,0.012255,-0.162374,-0.257238,0.12,0.062,258.0,,,,Projected appearance probability is only 72.0%; wait for the official XI.,,PASS,0
fifwc-fra-eng-2026-07-18,fifwc-fra-eng-2026-07-18-player-props,France vs. England - Player Props,2945315,soccer_player_goals_plus_assists,Ousmane Dembélé: 2+ goals + assists,Ousmane Dembélé: 2+ goals + assists,Yes,No,48867042223423026203831651057317545207492729196962965005453598528905731905926,93216017542787342863649408156415950777656539802687122042593305214436633323898,0,5841.8266,0.02,0.08,0.05,0.01,True,0.08,0.02,0.06,24.0,24.0,0.5,0.98,0.92,0.05999999999999994,24.5,232.4,276.0,Yes,0.063252,0.04059,0.068343,0.08,0.02,0.06,0.00368,-0.020428,-0.08309,0.12,0.0,24.0,,,,Projected appearance probability is only 72.0%; wait for the official XI.,,PASS,0
fifwc-fra-eng-2026-07-18,fifwc-fra-eng-2026-07-18-player-props,France vs. England - Player Props,2945316,soccer_player_goals_plus_assists,Ousmane Dembélé: 3+ goals + assists,Ousmane Dembélé: 3+ goals + assists,Yes,No,29441159950574888797559649283440291839385647449233886987071504904485206542439,26999871159783186923985051478430007845709772457827421095764064210848280689851,0,6.1597,0.02,0.97,0.05,0.01,True,0.97,0.02,0.95,16.2184,278.5303,0.5,0.98,0.03,0.95,24.5,232.4,0.5015999999999999,No,0.990061,0.988762,0.994813,0.98,0.03,0.95,0.00098,0.009081,-0.032218,0.12,0.821,232.4,,,,Projected appearance probability is only 72.0%; wait for the official XI.,,PASS,0
fifwc-fra-eng-2026-07-18,fifwc-fra-eng-2026-07-18-player-props,France vs. England - Player Props,2945317,soccer_player_goals_plus_assists,Ousmane Dembélé: 4+ goals + assists,Ousmane Dembélé: 4+ goals + assists,Yes,No,7257243374365886503559855998486175792269861230387918200300139410222445785623,65659367626617860107235236450356380693645112430031268145160345969103386130707,0,4.1599,0.01,0.98,0.05,0.01,True,0.98,0.01,0.97,39.6018,312.02009999999996,0.6,0.99,0.02,0.97,59.4,59.4,0.8081999999999999,No,0.998808,0.998587,0.999482,0.99,0.02,0.97,0.000495,0.008313,-0.031908,0.12,0.831,59.4,,,,Projected appearance probability is only 72.0%; wait for the official XI.,,PASS,0
fifwc-fra-eng-2026-07-18,fifwc-fra-eng-2026-07-18-player-props,France vs. England - Player Props,2945318,soccer_player_goals_plus_assists,Rayan Cherki: 1+ goals + assists,Rayan Cherki: 1+ goals + assists,Yes,No,105535278595071436086692523629704822900195428505845192822339657147319259438010,80488582082090627701114080592444690191598570249117461795276944103735511637307,0,6843.8737,0.02,0.57,0.05,0.01,True,0.57,0.02,0.5499999999999999,113.99999999999999,113.99999999999999,0.5,0.98,0.43,0.55,24.5,232.4,86.0,No,0.921344,0.91786,0.939103,0.98,0.43,0.55,0.00098,-0.059636,-0.10312,0.12,0.748,232.4,,,,Projected appearance probability is only 78.0%; wait for the official XI.,No verified 2026 World Cup player-minute sample is available; the generic role prior is not sufficient for a bet.,PASS,0
fifwc-fra-eng-2026-07-18,fifwc-fra-eng-2026-07-18-player-props,France vs. England - Player Props,2945319,soccer_player_goals_plus_assists,Rayan Cherki: 2+ goals + assists,Rayan Cherki: 2+ goals + assists,Yes,No,108515389485777335854236473928099766405677886488887982323067951715490548022232,71213040585384537632829442658811130247908548866528115022168229882822378916585,0,10.04,0.06,0.08,0.05,0.01,True,0.08,0.06,0.020000000000000004,0.48,0.48,0.36,0.94,0.92,0.019999999999999907,5.64,5.64,5.5200000000000005,No,0.995894,0.99551,0.997486,0.94,0.92,0.02,0.00282,0.053074,0.01269,0.12,0.828,5.64,,,,Projected appearance probability is only 78.0%; wait for the official XI.,No verified 2026 World Cup player-minute sample is available; the generic role prior is not sufficient for a bet.,PLAYER_DATA_QUALITY_PASS,0
fifwc-fra-eng-2026-07-18,fifwc-fra-eng-2026-07-18-player-props,France vs. England - Player Props,2945320,soccer_player_goals_plus_assists,Rayan Cherki: 3+ goals + assists,Rayan Cherki: 3+ goals + assists,Yes,No,46952854254518640097982070332271226547932637082928244644614078188988152855858,81083241819893251504365093736001815741317772631822840155234700796324703899773,0,6.1597,0.02,0.97,0.05,0.01,True,0.97,0.02,0.95,16.2184,278.5303,0.5,0.98,0.03,0.95,24.5,232.4,0.5015999999999999,No,0.999856,0.999835,0.999928,0.98,0.03,0.95,0.00098,0.018876,-0.021145,0.12,0.832,232.4,,,,Projected appearance probability is only 78.0%; wait for the official XI.,No verified 2026 World Cup player-minute sample is available; the generic role prior is not sufficient for a bet.,PLAYER_DATA_QUALITY_PASS,0
fifwc-fra-eng-2026-07-18,fifwc-fra-eng-2026-07-18-player-props,France vs. England - Player Props,2945321,soccer_player_goals_plus_assists,Rayan Cherki: 4+ goals + assists,Rayan Cherki: 4+ goals + assists,Yes,No,10231170949765519885200339144201178206373100389753337785677795494222093122150,96470781477378543907716536836309652049288122457572959870232176792881818081894,0,6.1597,0.02,0.97,0.05,0.01,True,0.97,0.02,0.95,16.2184,278.5303,0.5,0.98,0.03,0.95,24.5,232.4,0.5015999999999999,No,0.999996,0.999995,0.999998,0.98,0.03,0.95,0.00098,0.019016,-0.020985,0.12,0.833,232.4,,,,Projected appearance probability is only 78.0%; wait for the official XI.,No verified 2026 World Cup player-minute sample is available; the generic role prior is not sufficient for a bet.,PLAYER_DATA_QUALITY_PASS,0
fifwc-fra-eng-2026-07-18,fifwc-fra-eng-2026-07-18-player-props,France vs. England - Player Props,2945322,soccer_player_goals_plus_assists,Théo Hernández: 1+ goals + assists,Théo Hernández: 1+ goals + assists,Yes,No,25898723858550624398049700889084968911161027094039362804323283071956103457667,32553492533287739629048593407490377041939189165683360013766167837877052294815,0,9505.9722,0.02,0.34,0.05,0.01,True,0.34,0.02,0.32,136.0,136.0,0.5,0.98,0.66,0.31999999999999995,24.5,232.4,264.0,No,0.87944,0.874164,0.906447,0.98,0.66,0.32,0.00098,-0.10154,-0.146816,0.12,0.703,232.4,,,,,No verified 2026 World Cup player-minute sample is available; the generic role prior is not sufficient for a bet.,PASS,0
fifwc-fra-eng-2026-07-18,fifwc-fra-eng-2026-07-18-player-props,France vs. England - Player Props,2945323,soccer_player_goals_plus_assists,Théo Hernández: 2+ goals + assists,Théo Hernández: 2+ goals + assists,Yes,No,3982664503047620196525396966270958826486831556453874290253251413454961754873,33403119471175225978485010678187999719966289929255674979493882729823413512444,0,6.1597,0.02,0.97,0.05,0.01,True,0.97,0.02,0.95,16.2184,278.5303,0.5,0.98,0.03,0.95,24.5,232.4,0.5015999999999999,No,0.992422,0.991719,0.995347,0.98,0.03,0.95,0.00098,0.011442,-0.029261,0.12,0.824,232.4,,,,,No verified 2026 World Cup player-minute sample is available; the generic role prior is not sufficient for a bet.,PLAYER_DATA_QUALITY_PASS,0
fifwc-fra-eng-2026-07-18,fifwc-fra-eng-2026-07-18-player-props,France vs. England - Player Props,2945324,soccer_player_goals_plus_assists,Théo Hernández: 3+ goals + assists,Théo Hernández: 3+ goals + assists,Yes,No,89938908710171945116270287080157955151754873433734085464845780889300582383502,55403110675227738438975153602712210362421854025332481655076847850606037267497,0,4.1599,0.01,0.98,0.05,0.01,True,0.98,0.01,0.97,39.7194,311.9001,0.6,0.99,0.02,0.97,59.4,59.4,0.8106,No,0.999679,0.999632,0.99984,0.99,0.02,0.97,0.000495,0.009184,-0.030863,0.12,0.832,59.4,,,,,No verified 2026 World Cup player-minute sample is available; the generic role prior is not sufficient for a bet.,PASS,0
fifwc-fra-eng-2026-07-18,fifwc-fra-eng-2026-07-18-player-props,France vs. England - Player Props,2945325,soccer_player_goals_plus_assists,Théo Hernández: 4+ goals + assists,Théo Hernández: 4+ goals + assists,Yes,No,41705843633502537137437843115492662729316864264967625524827345006856162513906,59580404119713870766712544315882396131645951327454102840311635680197952127317,100.402,5.227,,0.93,0.05,0.01,True,0.94,,,18.988,44.9791,0,,0.06,,0,0,1.212,,1e-05,,,,,,,,,0.12,,,,,,,,ONE_SIDED_OR_UNQUOTED_PASS,0
fifwc-fra-eng-2026-07-18,fifwc-fra-eng-2026-07-18-player-props,France vs. England - Player Props,2947017,soccer_player_goals,Anthony Gordon: 3+ goals,Anthony Gordon: 3+ goals,Yes,No,69342989218044868063204891924664512085373592769086000607921595735844152605008,50982926113536495415457878902838724078731762769717877178835358432179865385901,60,7737.98706,0.001,0.02,0.05,0.001,True,0.02,0.001,0.019,21.0,21.0,0.02,0.999,0.98,0.019000000000000017,19.98,19.98,1029.0,No,0.999065,0.998933,0.999536,0.999,0.98,0.019,5e-05,1.5e-05,-0.040117,0.12,0.831,19.98,,,,,,PASS,0
fifwc-fra-eng-2026-07-18,fifwc-fra-eng-2026-07-18-player-props,France vs. England - Player Props,2953418,soccer_player_shots_on_target,Jude Bellingham: 4+ shots on target,Jude Bellingham: 4+ shots on target,Yes,No,57884861028445223934766755179338131393164716949028773567549831323796656080800,39342302510294033573248178099269092624723476719210705958038019113449479730239,0,4.2599,0.01,0.98,0.05,0.01,True,0.98,0.01,0.97,39.7194,316.8501,0.65,0.99,0.02,0.97,64.35,64.35,0.8106,No,0.991997,0.990959,0.995837,0.99,0.02,0.97,0.000495,0.001502,-0.039536,0.12,0.823,64.35,,,,,,PASS,0
fifwc-fra-eng-2026-07-18,fifwc-fra-eng-2026-07-18-player-props,France vs. England - Player Props,2958994,soccer_player_shots_on_target,Dayot Upamecano: 2+ shots on target,Dayot Upamecano: 2+ shots on target,Yes,No,34393116729765875690352341251925234356720501172016114652586103760921522471643,100866748738747053446057963845130224235605824150885511439505560229313957137740,0,4.3597,0.01,0.97,0.05,0.01,True,0.97,0.01,0.96,16.2184,288.4303,0.7000000000000001,0.99,0.03,0.96,69.3,69.3,0.5015999999999999,No,0.999957,0.999954,0.999971,0.99,0.03,0.96,0.000495,0.009462,-0.030541,0.12,0.832,69.3,,,,Projected appearance probability is only 12.0%; wait for the official XI.,,PASS,0
fifwc-esp-arg-2026-07-19,fifwc-esp-arg-2026-07-19,Spain vs. Argentina,2941974,moneyline,Spain,Will Spain win on 2026-07-19?,Yes,No,105042264974012349507628582341465372921413790307165600767293079103508862620927,26950933687061136665045692928866901705470041092212665620581588770356803034388,651947.9002339987,5325781.9951,0.42,0.43,0.05,0.01,True,0.43,0.42,0.010000000000000009,751005.6769000001,1684368.0271,1143646.3878,0.58,0.57,0.010000000000000009,1579321.2021999997,4069475.6480999994,995519.1531,No,0.654249,0.634009,0.674176,0.58,0.57,0.01,0.01218,0.062069,0.029829,0.025,0.584,4069475.65,0.5805,Oddschecker and FOX consensus captured 2026-07-18,A candidate that depends on the model's shootout or injury prior and conflicts with the sharp consensus is not executable at taker prices.,,,EXTERNAL_CONFLICT_PASS,0
fifwc-esp-arg-2026-07-19,fifwc-esp-arg-2026-07-19,Spain vs. Argentina,2941975,moneyline,Draw (Spain vs. Argentina),Will Spain vs. Argentina end in a draw?,Yes,No,92571123127402723974640575698896369187398878096159854165218788690275715186568,8897745942892740554419142821188087932128583924929997823029754125155949675043,155032.54815700004,3023856.9591,0.31,0.32,0.05,0.01,True,0.32,0.31,0.010000000000000009,251816.1472,962115.1707000001,424308.8978,0.69,0.68,0.009999999999999898,944355.6521999999,1697946.4238,535112.8488,Yes,0.337816,0.315231,0.361024,0.32,0.31,0.01,0.01088,0.006936,-0.027649,0.025,0.268,962115.17,,,,,,PASS,0
fifwc-esp-arg-2026-07-19,fifwc-esp-arg-2026-07-19,Spain vs. Argentina,2941976,moneyline,Argentina,Will Argentina win on 2026-07-19?,Yes,No,22596903656102431101396261359922941848858035376971300420659017295333613251025,40285215796521673925483410143614666389701053711161542152061618519144468632440,1255285.1176709994,4422737.1833,0.26,0.27,0.05,0.01,True,0.27,0.26,0.010000000000000009,598230.333,1424432.7966,306754.877,0.74,0.73,0.010000000000000009,873071.573,1257238.742,1617437.5669999998,Yes,0.316433,0.299498,0.329971,0.27,0.26,0.01,0.009855,0.036578,0.007643,0.025,0.253,1424432.8,0.2659,,,,,WATCH,0
fifwc-esp-arg-2026-07-19,fifwc-esp-arg-2026-07-19-halftime-result,Spain vs. Argentina - Halftime Result,2942003,soccer_halftime_result,Spain,Spain leading at halftime?,Yes,No,42503841910860913824009439250447867230452353097870659911813776798275939913183,99059826531541617583139361975369310511489155419493341373589793074206923469613,22067.296222000004,306607.755,0.3,0.31,0.05,0.01,True,0.31,0.3,0.010000000000000009,1850.7899,28285.660500000005,42665.553,0.7,0.69,0.010000000000000009,99552.957,126761.5838,4119.500099999999,No,0.741969,0.720256,0.762418,0.7,0.69,0.01,0.0105,0.031469,-0.008244,0.04,0.65,126761.58,,,,,,WATCH,0
fifwc-esp-arg-2026-07-19,fifwc-esp-arg-2026-07-19-halftime-result,Spain vs. Argentina - Halftime Result,2942004,soccer_halftime_result,Draw,Spain vs. Argentina: Draw at halftime?,Yes,No,55534690741590152916803799347245209373571978987049575285043457531284537719480,82049642666299749350751413177958219988628930265531855056246225148910944146356,9406.979057000004,373246.3652,0.48,0.49,0.05,0.01,True,0.49,0.48,0.010000000000000009,45399.7054,88734.3536,409.2288,0.52,0.51,0.010000000000000009,339.33119999999997,41819.4807,47252.75460000001,Yes,0.498733,0.461413,0.532276,0.49,0.48,0.01,0.012495,-0.003762,-0.059082,0.04,0.391,88734.35,,,,,,PASS,0
fifwc-esp-arg-2026-07-19,fifwc-esp-arg-2026-07-19-halftime-result,Spain vs. Argentina - Halftime Result,2942005,soccer_halftime_result,Argentina,Argentina leading at halftime?,Yes,No,20664793222331339343552998267820854019645651559348706346914375656718469924729,50224683305525930795637556259236786272907665223902846135542340441464287900745,4920.556575000002,231785.7518,0.21,0.22,0.05,0.01,True,0.22,0.21,0.010000000000000009,12082.07,21882.1088,353.01,0.79,0.78,0.010000000000000009,1327.99,63891.277200000004,42836.43,Yes,0.243236,0.2232,0.262562,0.22,0.21,0.01,0.00858,0.014656,-0.02338,0.04,0.158,21882.11,,,,,,WATCH,0
fifwc-esp-arg-2026-07-19,fifwc-esp-arg-2026-07-19-second-half-result,Spain vs. Argentina - Second Half Result,2942006,soccer_second_half_result,Spain,Spain to win the second half?,Yes,No,105939212437102202833913457556054935614168622874084087446115067861779128457956,23218786246020293905333474773382417683136263949066492185961095523252018618652,1648.5377999999998,109952.0984,0.33,0.36,0.05,0.01,True,0.36,0.33,0.02999999999999997,228.6396,778.5615,302.2437,0.67,0.64,0.030000000000000027,613.6463,2664.6699,406.47040000000004,No,0.709649,0.686509,0.730447,0.67,0.64,0.03,0.011055,0.028594,-0.012546,0.04,0.616,2664.67,,,,,,WATCH,0
fifwc-esp-arg-2026-07-19,fifwc-esp-arg-2026-07-19-second-half-result,Spain vs. Argentina - Second Half Result,2942007,soccer_second_half_result,Draw,Spain vs. Argentina: Second half draw?,Yes,No,96971411701036318269404639535897220026875646216565699305789706527902230545440,14678681355115503843176242219100846521080162753034217854185247120562389412867,428.532695,88146.7379,0.37,0.38,0.05,0.01,True,0.38,0.37,0.010000000000000009,9.5,856.9961000000001,103.74799999999999,0.63,0.62,0.010000000000000009,176.652,523.6831,15.5,Yes,0.440213,0.405062,0.469918,0.38,0.37,0.01,0.01178,0.048433,-0.004718,0.04,0.335,857.0,,,,,,WATCH,0
fifwc-esp-arg-2026-07-19,fifwc-esp-arg-2026-07-19-second-half-result,Spain vs. Argentina - Second Half Result,2942008,soccer_second_half_result,Argentina,Argentina to win the second half?,Yes,No,92398664276034606727217378427887667955317773344409043285643991870750709654075,2079772460783102876680714723754512283737636997253510656470916509423373186373,8813.199655,94398.6074,0.28,0.29,0.05,0.01,True,0.29,0.28,0.009999999999999953,459.65,1659.9850000000001,49.3528,0.72,0.71,0.010000000000000009,126.90719999999999,1351.0671,1125.35,No,0.730564,0.712798,0.747187,0.72,0.71,0.01,0.01008,0.000484,-0.035282,0.04,0.643,1351.07,,,,,,PASS,0
fifwc-esp-arg-2026-07-19,fifwc-esp-arg-2026-07-19-exact-score,Spain vs. Argentina - Exact Score,2942009,soccer_exact_score,Spain 0 - 0 Argentina,Exact Score: Spain 0 - 0 Argentina?,Yes,No,81549293522926834217196813449020148539241513751484223259159114469711911824316,105131637194402927882857711341679712688698913278320313966910923046884205545649,43379.33072099999,1647593.4125,0.1,0.11,0.05,0.01,True,0.11,0.1,0.009999999999999995,101622.1547,200467.17849999998,8917.633,0.9,0.89,0.010000000000000009,80258.697,118812.2768,822215.6153000001,Yes,0.13616,0.101989,0.171309,0.11,0.1,0.01,0.004895,0.021265,-0.037906,0.065,0.011,200467.18,,,,,,WATCH,0
fifwc-esp-arg-2026-07-19,fifwc-esp-arg-2026-07-19-exact-score,Spain vs. Argentina - Exact Score,2942010,soccer_exact_score,Spain 0 - 1 Argentina,Exact Score: Spain 0 - 1 Argentina?,Yes,No,44745496501222841727631055299580565730260078104743395625344679668446804748261,9315261753215457668569501926418745411616198632712838640504976861465067073909,68564.89652500002,2238571.0365,0.08,0.09,0.05,0.01,True,0.09,0.08,0.009999999999999995,115326.2547,218298.32390000002,7536.5632,0.92,0.91,0.010000000000000009,86670.4768,130083.0429,1166076.5753000001,Yes,0.120196,0.099671,0.135616,0.09,0.08,0.01,0.004095,0.026101,-0.019424,0.065,0.009,218298.32,,,,,,WATCH,0
fifwc-esp-arg-2026-07-19,fifwc-esp-arg-2026-07-19-exact-score,Spain vs. Argentina - Exact Score,2942011,soccer_exact_score,Spain 1 - 0 Argentina,Exact Score: Spain 1 - 0 Argentina?,Yes,No,36284631190512394140314037549741121782871517320465510133598056044713226666250,45532354621305932937190196097170933475055093463758992985271554027450114042897,112630.5261679995,1839060.1324,0.11,0.12,0.05,0.01,True,0.12,0.11,0.009999999999999995,51121.294799999996,255841.0903,9002.686000000002,0.89,0.88,0.010000000000000009,72839.914,120773.05960000001,374889.4952,Yes,0.127551,0.106771,0.143433,0.12,0.11,0.01,0.00528,0.002271,-0.043509,0.065,0.015,255841.09,,,,,,PASS,0
fifwc-esp-arg-2026-07-19,fifwc-esp-arg-2026-07-19-exact-score,Spain vs. Argentina - Exact Score,2942012,soccer_exact_score,Spain 0 - 2 Argentina,Exact Score: Spain 0 - 2 Argentina?,Yes,No,47145578323451058779403614719457551996653409901966195623142669480376673877090,46814744040327909045077123830469972958842988519470688298076989755729925747993,141135.21337199977,528941.65138,0.04,0.041,0.05,0.001,True,0.041,0.04,0.0010000000000000009,5073.95213,20589.767219999998,534.1623999999999,0.96,0.959,0.0010000000000000009,12819.897599999998,58220.127629999995,118680.97786999999,Yes,0.050744,0.046402,0.053018,0.041,0.04,0.001,0.001966,0.007778,-0.021564,0.065,0.0,20589.77,,,,,,PASS,0
fifwc-esp-arg-2026-07-19,fifwc-esp-arg-2026-07-19-exact-score,Spain vs. Argentina - Exact Score,2942013,soccer_exact_score,Spain 1 - 1 Argentina,Exact Score: Spain 1 - 1 Argentina?,Yes,No,42736655376785853871753155043931522511145630893598165634855727846278733514149,61519513815745308865237366567876664659360188214480972005756531829514547913075,98353.13329999997,2659455.0408,0.15,0.16,0.05,0.01,True,0.16,0.15,0.010000000000000009,190527.0496,500309.0788,3883.0784999999996,0.85,0.84,0.010000000000000009,22004.1115,88830.28150000001,1000267.0104,No,0.855376,0.854153,0.863649,0.85,0.84,0.01,0.006375,-0.000999,-0.027222,0.065,0.754,88830.28,,,,,,PASS,0
fifwc-esp-arg-2026-07-19,fifwc-esp-arg-2026-07-19-exact-score,Spain vs. Argentina - Exact Score,2942014,soccer_exact_score,Spain 2 - 0 Argentina,Exact Score: Spain 2 - 0 Argentina?,Yes,No,22254858175513103187588388900033291336771070560809999961721316193141200660957,22893608586228782078354772038228054619714640643126094831956979889813476081650,217812.13693999994,1579099.369,0.07,0.08,0.05,0.01,True,0.08,0.07,0.009999999999999995,3237.9784000000004,147727.2731,25540.874100000005,0.93,0.92,0.010000000000000009,339328.75590000005,384208.40190000006,37236.7516,No,0.943147,0.941273,0.948191,0.93,0.92,0.01,0.003255,0.009892,-0.016982,0.065,0.844,384208.4,,,,,,PASS,0
fifwc-esp-arg-2026-07-19,fifwc-esp-arg-2026-07-19-exact-score,Spain vs. Argentina - Exact Score,2942015,soccer_exact_score,Spain 0 - 3 Argentina,Exact Score: Spain 0 - 3 Argentina?,Yes,No,35289164512036836621533326126064114451858610409336283611332256435522186949436,58281199611700028311622954922299614722293459648127205757837137743802418668533,304237.8251100001,339870.33785,0.012,0.013,0.05,0.001,True,0.013,0.012,0.0009999999999999992,360.38392,4383.58173,104.08368,0.988,0.987,0.0010000000000000009,8569.55632,101045.51273,27361.45608,Yes,0.016671,0.013818,0.018678,0.013,0.012,0.001,0.000642,0.00303,-0.024824,0.065,0.0,4383.58,,,,,,PASS,0
fifwc-esp-arg-2026-07-19,fifwc-esp-arg-2026-07-19-exact-score,Spain vs. Argentina - Exact Score,2942016,soccer_exact_score,Spain 1 - 2 Argentina,Exact Score: Spain 1 - 2 Argentina?,Yes,No,12384785608039901247497028680546060108195625418904439310834182431741545359435,33943426374788577933834234650409034353628286549043800145320636816016760055303,597668.6843209959,2206372.1913,0.06,0.08,0.05,0.01,True,0.07,0.06,0.010000000000000009,909.7109000000002,187351.03199999998,10583.589,0.94,0.93,0.009999999999999898,164869.561,257780.4914,11843.429100000001,Yes,0.069631,0.060638,0.074856,0.07,0.06,0.01,0.003255,-0.003624,-0.037617,0.065,0.0,187351.03,,,,,,PASS,0
fifwc-esp-arg-2026-07-19,fifwc-esp-arg-2026-07-19-exact-score,Spain vs. Argentina - Exact Score,2942017,soccer_exact_score,Spain 2 - 1 Argentina,Exact Score: Spain 2 - 1 Argentina?,Yes,No,79464966601443444211409754239549864715374909947355242456484423943167025371292,45493746872063564096177937323959647647530659113687507849142486516762995679101,725396.5405030001,1844153.6241,0.09,0.1,0.05,0.01,True,0.1,0.09,0.010000000000000009,111182.596,198500.0466,8237.921400000001,0.91,0.9,0.010000000000000009,83294.53860000001,218279.78470000002,1000643.364,No,0.925262,0.917944,0.933298,0.91,0.9,0.01,0.004095,0.011167,-0.021151,0.065,0.82,218279.78,,,,,,WATCH,0
fifwc-esp-arg-2026-07-19,fifwc-esp-arg-2026-07-19-exact-score,Spain vs. Argentina - Exact Score,2942018,soccer_exact_score,Spain 3 - 0 Argentina,Exact Score: Spain 3 - 0 Argentina?,Yes,No,9849551241373217468398926116494361037206032495449574957261289531683799404303,6378631776633584701711096755651961644025777081603563784626403545311285914224,889714.8142039999,691086.4143,0.031,0.032,0.05,0.001,True,0.032,0.031,0.0010000000000000009,592.2736,21689.67984,268.57594,0.969,0.968,0.0010000000000000009,8395.16406,411231.57297,17916.2764,No,0.980202,0.977402,0.982891,0.969,0.968,0.001,0.001502,0.0097,-0.0181,0.065,0.882,411231.57,,,,,,PASS,0
fifwc-esp-arg-2026-07-19,fifwc-esp-arg-2026-07-19-exact-score,Spain vs. Argentina - Exact Score,2942019,soccer_exact_score,Spain 1 - 3 Argentina,Exact Score: Spain 1 - 3 Argentina?,Yes,No,28222289354527373762480982537652524035997379204805798075050731984117597182468,105464392408709386724730914760889773033348761488075448055131432680768115768863,567966.4944819992,290994.09105,0.022,0.023,0.05,0.001,True,0.023,0.022,0.0010000000000000009,44.58826,4970.77434,182.43346,0.978,0.977,0.0010000000000000009,8109.99654,116301.34725,1894.03174,No,0.978391,0.973093,0.983069,0.978,0.977,0.001,0.001076,-0.000685,-0.030982,0.065,0.877,116301.35,,,,,,PASS,0
fifwc-esp-arg-2026-07-19,fifwc-esp-arg-2026-07-19-exact-score,Spain vs. Argentina - Exact Score,2942020,soccer_exact_score,Spain 2 - 2 Argentina,Exact Score: Spain 2 - 2 Argentina?,Yes,No,30705778356175131138527811895766002183117548687772523359723445110027329785211,34891371387938701211840591458071323530884822030384779347681535463054581294576,574919.933852001,2145414.7342,0.05,0.06,0.05,0.01,True,0.06,0.05,0.009999999999999995,61699.6674,139702.92710000003,1539.8515,0.95,0.94,0.010000000000000009,29257.178499999998,195369.2561,966628.1226,No,0.952622,0.940184,0.962287,0.95,0.94,0.01,0.002375,0.000247,-0.037191,0.065,0.843,195369.26,,,,,,PASS,0
fifwc-esp-arg-2026-07-19,fifwc-esp-arg-2026-07-19-exact-score,Spain vs. Argentina - Exact Score,2942021,soccer_exact_score,Spain 3 - 1 Argentina,Exact Score: Spain 3 - 1 Argentina?,Yes,No,7021530639078779013734059268307729540470749823782052736997993054767028914999,90697868812610472234346560441302376325910183076355912830906137032174188301710,254620.35916000005,334229.64299,0.037,0.039,0.05,0.001,True,0.039,0.037,0.0020000000000000018,844.7751000000001,10565.533099999999,1146.87013,0.963,0.961,0.0020000000000000018,29849.619870000002,176082.37885,20816.1249,No,0.975731,0.969316,0.980971,0.963,0.961,0.002,0.001782,0.01095,-0.020466,0.065,0.873,176082.38,,,,,,WATCH,0
fifwc-esp-arg-2026-07-19,fifwc-esp-arg-2026-07-19-exact-score,Spain vs. Argentina - Exact Score,2942022,soccer_exact_score,Spain 2 - 3 Argentina,Exact Score: Spain 2 - 3 Argentina?,Yes,No,51109306394725090330084656461396328598075978877907267180360989433722055814374,28270659931872148672320983284020103550194403267662738412591930426417805719170,5311166.146359988,2223001.41051,0.028,0.029,0.05,0.001,True,0.029,0.028,0.0010000000000000009,1281.2664,69148.44179,308.22372,0.972,0.971,0.0010000000000000009,10699.76628,511769.18361999997,42890.34200999999,No,0.98362,0.975376,0.988218,0.972,0.971,0.001,0.001361,0.010259,-0.022985,0.065,0.88,511769.18,,,,,,WATCH,0
fifwc-esp-arg-2026-07-19,fifwc-esp-arg-2026-07-19-exact-score,Spain vs. Argentina - Exact Score,2942023,soccer_exact_score,Spain 3 - 2 Argentina,Exact Score: Spain 3 - 2 Argentina?,Yes,No,83578876256912836630465568836787043011698561387422220730948431144418924444718,49384164222368191218605127033710312316664748617991737246758669505738720950669,1205172.8078770123,535559.76616,0.022,0.023,0.05,0.001,True,0.023,0.022,0.0010000000000000009,64.48004,11693.89085,134.38941999999997,0.978,0.977,0.0010000000000000009,6776.962979999999,124913.60862,1244.37559,No,0.982607,0.9746,0.987562,0.978,0.977,0.001,0.001076,0.003531,-0.029476,0.065,0.879,124913.61,,,,,,PASS,0
fifwc-esp-arg-2026-07-19,fifwc-esp-arg-2026-07-19-exact-score,Spain vs. Argentina - Exact Score,2942024,soccer_exact_score,Spain 3 - 3 Argentina,Exact Score: Spain 3 - 3 Argentina?,Yes,No,88228649965626685394164426382716859280399843611049553371375616762843144167182,18428656887981140823068577570134033651673411615058872565391929275495865976021,1225980.8563250012,435269.20017,0.009,0.01,0.05,0.001,True,0.011,0.01,0.0009999999999999992,1602.25362,4469.78612,5.4276,0.99,0.989,0.0010000000000000009,537.3324,263754.70837999997,144057.16638,No,0.991396,0.985722,0.99448,0.99,0.989,0.001,0.000495,0.000901,-0.029773,0.065,0.89,263754.71,,,,,,PASS,0
fifwc-esp-arg-2026-07-19,fifwc-esp-arg-2026-07-19-exact-score,Spain vs. Argentina - Exact Score,2942025,soccer_exact_score,Any Other Score,Exact Score: Any Other Score?,Yes,No,112506135920499895973036194948205811788595587475440410000783705571222669619858,115151072969073909238674209070880620860700060256512907416652712296216049269321,76824.524694,1278090.4669,0.04,0.05,0.05,0.01,True,0.05,0.04,0.010000000000000002,6174.7865,83418.3941,19953.89,0.96,0.95,0.010000000000000009,478893.36,510412.26,117320.9435,Yes,0.0474,0.032793,0.076831,0.05,0.04,0.01,0.002375,-0.004975,-0.044582,0.065,0.0,83418.39,,,,,,PASS,0
fifwc-esp-arg-2026-07-19,fifwc-esp-arg-2026-07-19-first-to-score,Spain vs. Argentina - First Team to Score,2942026,soccer_first_to_score,Spain,Spain to score first vs. Argentina?,Yes,No,9442745886371658885992984738892694704152411733298078866606168044613081349804,97171789406634980432007130638998091860312416287731490944838203146022145507770,16996.300814999988,118093.8815,0.53,0.54,0.05,0.01,True,0.54,0.53,0.010000000000000009,9139.251600000001,16125.112400000002,5021.1458,0.47,0.46,0.009999999999999953,4452.7142,5613.3943,7785.2884,No,0.557536,0.535593,0.580758,0.47,0.46,0.01,0.012455,0.075081,0.035138,0.04,0.465,5613.39,,,,,,WATCH,0
fifwc-esp-arg-2026-07-19,fifwc-esp-arg-2026-07-19-first-to-score,Spain vs. Argentina - First Team to Score,2942027,soccer_first_to_score,Argentina,Argentina to score first vs. Spain?,Yes,No,91613958020462206796604703490892509074037827032000264303930178637905513667554,52462745552966070037353896544408106239819915353248296777169963883406867728145,4460.5978920000025,101984.6249,0.37,0.38,0.05,0.01,True,0.38,0.37,0.010000000000000009,634.9496,3739.8328,185.0851,0.63,0.62,0.010000000000000009,315.1449,1476.065,1035.9704,Yes,0.421376,0.399316,0.440182,0.38,0.37,0.01,0.01178,0.029596,-0.010464,0.04,0.33,3739.83,,,,,,WATCH,0
fifwc-esp-arg-2026-07-19,fifwc-esp-arg-2026-07-19-first-to-score,Spain vs. Argentina - First Team to Score,2942028,soccer_first_to_score,Neither,Spain vs. Argentina: Neither team to score first?,Yes,No,46468009063184382728906236836743754404951837514722945422850096655231290940321,51886558789662081116832110864895092893246044793536840163063722959295768001701,13444.374226000002,116312.8627,0.09,0.1,0.05,0.01,True,0.1,0.09,0.010000000000000009,483.56000000000006,3420.3387000000002,865.17,0.91,0.9,0.010000000000000009,8747.83,90526.76680000001,4352.040000000001,Yes,0.13616,0.101989,0.171309,0.1,0.09,0.01,0.0045,0.03166,-0.020511,0.04,0.041,3420.34,,,,,,WATCH,0
fifwc-esp-arg-2026-07-19,fifwc-esp-arg-2026-07-19-more-markets,Spain vs. Argentina - More Markets,2942064,spreads,Spain (-1.5),Spread: Spain (-1.5),Spain,Argentina,98699639556495089435803820424633193482385080794955683699757392440226749572387,51499791058434329766698297937382776746424415010143258660366209876130116492569,581804.2153420007,409498.8448,0.19,0.2,0.05,0.01,True,0.2,0.19,0.010000000000000009,6459.736000000001,16042.1686,114620.3918,0.81,0.8,0.010000000000000009,488644.8282,532259.5168999999,25838.944000000003,Argentina,0.876627,0.856938,0.894376,0.81,0.8,0.01,0.007695,0.058932,0.021243,0.04,0.79,532259.52,,,,,,WATCH,0
fifwc-esp-arg-2026-07-19,fifwc-esp-arg-2026-07-19-more-markets,Spain vs. Argentina - More Markets,2942065,spreads,Argentina (-1.5),Spread: Argentina (-1.5),Argentina,Spain,27866062221579476928861033428139821414043096358422032545150760258360702553383,102231986809071138728906508208881547976182342159506956488734498410239184870444,87036.85475000003,640725.1446,0.08,0.09,0.05,0.01,True,0.09,0.08,0.009999999999999995,2994.4889999999996,63153.533,1860.6872,0.92,0.91,0.010000000000000009,21397.9028,40292.7512,30277.611,Argentina,0.107611,0.093391,0.123153,0.09,0.08,0.01,0.004095,0.013516,-0.018704,0.04,0.033,63153.53,,,,,,WATCH,0
fifwc-esp-arg-2026-07-19,fifwc-esp-arg-2026-07-19-more-markets,Spain vs. Argentina - More Markets,2942066,spreads,Spain (-2.5),Spread: Spain (-2.5),Spain,Argentina,1558707332570189961820096200955136519582171078932511484380238317309280969172,53983086445102802647455380797667419444136142614376756774917672725334661547690,121605.24269599997,190532.7074,0.06,0.07,0.05,0.01,True,0.07,0.06,0.010000000000000009,1840.7648000000002,3819.8283,3938.5260000000003,0.94,0.93,0.009999999999999898,61703.574,126913.0861,24455.875200000002,Argentina,0.963204,0.951962,0.971669,0.94,0.93,0.01,0.00282,0.020384,-0.008858,0.04,0.889,126913.09,,,,,,WATCH,0
fifwc-esp-arg-2026-07-19,fifwc-esp-arg-2026-07-19-more-markets,Spain vs. Argentina - More Markets,2942067,spreads,Argentina (-2.5),Spread: Argentina (-2.5),Argentina,Spain,49329839933847137508236296569317763424126272037348177295233262183539506102390,95927753836153400849282431012340434441468880940946124526171211637554397656956,65946.27981599995,140947.78591,0.02,0.021,0.05,0.001,True,0.021,0.02,0.0010000000000000009,8.82672,828.8832000000001,175.2976,0.98,0.979,0.0010000000000000009,8589.5824,71402.28375999999,411.49327999999997,Argentina,0.0305,0.023167,0.039407,0.021,0.02,0.001,0.001028,0.008472,-0.016861,0.04,0.0,828.88,,,,,,PASS,0
fifwc-esp-arg-2026-07-19,fifwc-esp-arg-2026-07-19-more-markets,Spain vs. Argentina - More Markets,2942068,spreads,Spain (-3.5),Spread: Spain (-3.5),Spain,Argentina,91615399910374774632716699707955161093586513472414125784440850426973819044394,32635700868942229311190389374989739093646922876665386023614865459624795467554,75990.39155700001,126781.61093,0.017,0.019,0.05,0.001,True,0.02,0.017,0.002999999999999999,71.1262,570.56519,224.09927000000002,0.983,0.98,0.0030000000000000027,12958.210729999999,52915.411159999996,3485.1838,Argentina,0.991013,0.986653,0.993798,0.983,0.98,0.003,0.000836,0.007178,-0.015182,0.04,0.925,52915.41,,,,,,PASS,0
fifwc-esp-arg-2026-07-19,fifwc-esp-arg-2026-07-19-more-markets,Spain vs. Argentina - More Markets,2942069,spreads,Argentina (-3.5),Spread: Argentina (-3.5),Argentina,Spain,54844701786035835259029529509138818731759430955520272076143110098426589306237,27715479182877240374926505482638123577644716388119637236285740910613452647386,1160.0530800000004,115066.49138,0.004,0.006,0.05,0.001,True,0.006,0.004,0.002,32.17902,184.81117,7.43536,0.996,0.994,0.0020000000000000018,1851.40464,6431.163439999999,5330.9909800000005,Argentina,0.007056,0.004758,0.010158,0.006,0.004,0.002,0.000298,0.000757,-0.01954,0.04,0.0,184.81,,,,,,PASS,0
fifwc-esp-arg-2026-07-19,fifwc-esp-arg-2026-07-19-more-markets,Spain vs. Argentina - More Markets,2942070,spreads,Spain (-4.5),Spread: Spain (-4.5),Spain,Argentina,9783484663367771053370513430414927678392183619921668445617744292539553771659,93904992474937854765835464136967512633018200026836946910032791050847665374852,2805.3704369999996,82358.58322,0.004,0.011,0.05,0.001,True,0.011,0.004,0.006999999999999999,16.657079999999997,26.381079999999997,3.0438400000000003,0.996,0.989,0.007000000000000006,757.91616,3624.38474,1497.62292,Argentina,0.9982,0.996587,0.9987,0.996,0.989,0.007,0.000199,0.002001,-0.017613,0.04,0.935,3624.38,,,,,,PASS,0
fifwc-esp-arg-2026-07-19,fifwc-esp-arg-2026-07-19-more-markets,Spain vs. Argentina - More Markets,2942071,spreads,Argentina (-4.5),Spread: Argentina (-4.5),Argentina,Spain,50566628398671844066086168302979468502494901688337964016203270901568885998503,97749234584173893643480670686521133892631380736811545751163271414470780121700,75343.242748,94982.78806,,0.002,0.05,0.001,True,0.002,,,11.231100000000001,23.36796,0,,0.998,,0,0,5604.3189,,0.001447,,,,,,,,,0.04,,,,,,,,ONE_SIDED_OR_UNQUOTED_PASS,0
fifwc-esp-arg-2026-07-19,fifwc-esp-arg-2026-07-19-more-markets,Spain vs. Argentina - More Markets,2942072,spreads,Spain (-5.5),Spread: Spain (-5.5),Spain,Argentina,23748597158354846643235421984130201371194669485431024611492995992258659038441,60355982191905787681048665642297423360126574401720213554851134570885746870644,13236.857835999972,115779.37105,,0.002,0.05,0.001,True,0.002,,,5.00092,24.15606,0,,0.998,,0,0,2495.45908,,0.000367,,,,,,,,,0.04,,,,,,,,ONE_SIDED_OR_UNQUOTED_PASS,0
fifwc-esp-arg-2026-07-19,fifwc-esp-arg-2026-07-19-more-markets,Spain vs. Argentina - More Markets,2942073,spreads,Argentina (-5.5),Spread: Argentina (-5.5),Argentina,Spain,70067327697400826440646334682200786574182675701377529276477192598187627976266,26663200342242369242743664725822228580684130521640679795846882193264809290075,11957.601038000003,123336.2255,,0.001,0.05,0.001,True,0.001,,,32.07781,52.95178,0,,0.999,,0,0,32045.732190000002,,0.000238,,,,,,,,,0.04,,,,,,,,ONE_SIDED_OR_UNQUOTED_PASS,0
fifwc-esp-arg-2026-07-19,fifwc-esp-arg-2026-07-19-more-markets,Spain vs. Argentina - More Markets,2942074,totals,O/U 0.5,Spain vs. Argentina: O/U 0.5,Over,Under,95825958363807846699086525334115004140149075455134418888294284834103444139805,100899066788087264896991245177978653395891419153169248929857538839728453964270,19950.005031000008,206057.5941,0.89,0.9,0.05,0.01,True,0.9,0.89,0.010000000000000009,115251.804,191326.6302,20765.168500000003,0.11,0.1,0.009999999999999995,2566.4815000000003,8760.9678,12805.756000000001,Under,0.13616,0.101989,0.171309,0.11,0.1,0.01,0.004895,0.021265,-0.024906,0.025,0.062,8760.97,,,,,,WATCH,0
fifwc-esp-arg-2026-07-19,fifwc-esp-arg-2026-07-19-more-markets,Spain vs. Argentina - More Markets,2942075,totals,O/U 1.5,Spain vs. Argentina: O/U 1.5,Over,Under,76487730613685673778526503275712730145438196914922669236000206527286181327605,94444460094130059478461527758124284936643092317254702208374627453626023521088,381472.82894999965,336147.6015,0.69,0.7,0.05,0.01,True,0.7,0.69,0.010000000000000009,60223.716,109539.37419999999,35624.6931,0.31,0.3,0.010000000000000009,16006.846899999999,52232.3824,25810.164,Under,0.383907,0.308747,0.447269,0.31,0.3,0.01,0.010695,0.063212,-0.023948,0.025,0.262,52232.38,,,,,,WATCH,0
fifwc-esp-arg-2026-07-19,fifwc-esp-arg-2026-07-19-more-markets,Spain vs. Argentina - More Markets,2942076,totals,O/U 2.5,Spain vs. Argentina: O/U 2.5,Over,Under,96709369199155811896412708963452696003757852418260689931259227822622759089946,62079784984413523345650422563713547632559798516317866687864953356087521248390,1210033.6204549987,1081789.0987,0.41,0.42,0.05,0.01,True,0.42,0.41,0.010000000000000009,294483.882,570156.6886,63229.347200000004,0.59,0.58,0.010000000000000009,90988.57280000001,159141.66240000003,406668.21799999994,Under,0.636129,0.546162,0.699998,0.59,0.58,0.01,0.012095,0.034034,-0.067933,0.025,0.496,159141.66,0.589,,,,,WATCH,0
fifwc-esp-arg-2026-07-19,fifwc-esp-arg-2026-07-19-more-markets,Spain vs. Argentina - More Markets,2942077,totals,O/U 3.5,Spain vs. Argentina: O/U 3.5,Over,Under,55402626476150628336189573790876489866083310387667065204313831315980903668019,79463031754212872590735327726896748721117002882760315528874275622377644753131,57675.32961500003,333975.5748,0.22,0.23,0.05,0.01,True,0.23,0.22,0.010000000000000009,14524.585100000002,32690.8167,1512.8916,0.78,0.77,0.010000000000000009,5363.8884,78888.84,48625.784900000006,Under,0.816967,0.7419,0.861793,0.78,0.77,0.01,0.00858,0.028387,-0.05868,0.025,0.694,78888.84,,,,,,WATCH,0
fifwc-esp-arg-2026-07-19,fifwc-esp-arg-2026-07-19-more-markets,Spain vs. Argentina - More Markets,2942078,totals,O/U 4.5,Spain vs. Argentina: O/U 4.5,Over,Under,11495950938209749273971051560503552170700519238704281218794309479744779141493,44191264759697865385135202563380717265798503080774312620323457687658441080107,104995.04142399986,312677.0569,0.1,0.11,0.05,0.01,True,0.11,0.1,0.009999999999999995,3076.3359,10954.260900000001,9590.223,0.9,0.89,0.010000000000000009,86312.007,184970.0779,24890.3541,Under,0.919604,0.870113,0.944273,0.9,0.89,0.01,0.0045,0.015104,-0.046387,0.025,0.825,184970.08,,,,,,WATCH,0
fifwc-esp-arg-2026-07-19,fifwc-esp-arg-2026-07-19-more-markets,Spain vs. Argentina - More Markets,2942079,totals,O/U 5.5,Spain vs. Argentina: O/U 5.5,Over,Under,39597975841443176908555740378556181319024921993457924597132299006128698383414,45112419386690364734449600494611320250510060938704315852020921265799923273987,27325.701738000014,226266.93685,0.037,0.039,0.05,0.001,True,0.039,0.037,0.0020000000000000018,37.560120000000005,1021.3203100000001,25.12707,0.963,0.961,0.0020000000000000018,653.98293,102735.51377,925.5198800000001,Over,0.032109,0.020576,0.058547,0.039,0.037,0.002,0.001874,-0.008765,-0.032298,0.025,0.0,1021.32,,,,,,PASS,0
fifwc-esp-arg-2026-07-19,fifwc-esp-arg-2026-07-19-more-markets,Spain vs. Argentina - More Markets,2942080,totals,O/U 6.5,Spain vs. Argentina: O/U 6.5,Over,Under,12824531344546423125643023561330753840736159393118539820917597694992566604050,20229023836786455875423160779564438217271757651373250307733617830660567954572,15266.681479000003,115597.15668,0.01,0.011,0.05,0.001,True,0.011,0.01,0.0009999999999999992,19.44569,234.44829000000001,333.4622,0.99,0.989,0.0010000000000000009,33012.7578,341286.2378,1748.34431,Over,0.011142,0.006576,0.023584,0.011,0.01,0.001,0.000544,-0.000402,-0.016968,0.025,0.0,234.45,,,,,,PASS,0
fifwc-esp-arg-2026-07-19,fifwc-esp-arg-2026-07-19-more-markets,Spain vs. Argentina - More Markets,2942081,totals,O/U 7.5,Spain vs. Argentina: O/U 7.5,Over,Under,39694945349350859827256227800649660552056278027714528836781901344275639839905,2692517155492333981922803700748758333284067767841373811796825312545022886703,26343.82951499995,136085.44927,0.004,0.005,0.05,0.001,True,0.005,0.004,0.001,36.1112,195.76522,0.84484,0.996,0.995,0.0010000000000000009,210.36516,3415.08016,7195.63105,Over,0.003578,0.001973,0.008604,0.005,0.004,0.001,0.000249,-0.001671,-0.015275,0.025,0.0,195.77,,,,,,PASS,0
fifwc-esp-arg-2026-07-19,fifwc-esp-arg-2026-07-19-more-markets,Spain vs. Argentina - More Markets,2942082,totals,O/U 8.5,Spain vs. Argentina: O/U 8.5,Over,Under,17164965730683793600598766066684853635037210347232250111784578411733566708083,51156099466887878211796641037191753756120490705979771546473791310455657552699,22410.171192999944,136557.90565,,0.003,0.05,0.001,True,0.003,,,4.9344,94.49705,0,,0.997,,0,0,1639.8655999999999,,0.000984,,,,,,,,,0.025,,,,,,,,ONE_SIDED_OR_UNQUOTED_PASS,0
fifwc-esp-arg-2026-07-19,fifwc-esp-arg-2026-07-19-more-markets,Spain vs. Argentina - More Markets,2942083,soccer_team_to_advance,Team to Advance,Spain vs. Argentina: Team to Advance,Spain,Argentina,21489275813654264105403246157265887827595023709508765470113828829105196462288,59470269118682771304947535994646971819417763580663925170396066961563339373816,2067351.7333499978,6846352.0341,0.59,0.6,0.05,0.01,True,0.6,0.59,0.010000000000000009,3042172.854,3487821.8186,1596440.5732,0.41,0.4,0.009999999999999953,1109274.8768,3074091.6640999997,2024113.236,Argentina,0.51434,0.499056,0.531009,0.41,0.4,0.01,0.012095,0.092245,0.064961,0.025,0.449,3074091.66,0.4202,Oddschecker and FOX consensus captured 2026-07-18,A candidate that depends on the model's shootout or injury prior and conflicts with the sharp consensus is not executable at taker prices.,,,EXTERNAL_CONFLICT_PASS,0
fifwc-esp-arg-2026-07-19,fifwc-esp-arg-2026-07-19-more-markets,Spain vs. Argentina - More Markets,2942084,soccer_extra_time,Will the Match Go to Extra Time?,Spain vs. Argentina: Will the Match Go to Extra Time?,Yes,No,97948501642772411011659953242528615488160007717513876997441328473821772128256,45064127349620505638971408853930687190941379805009611444184929924545684192288,6027.696115,197914.8028,0.31,0.32,0.05,0.01,True,0.32,0.31,0.010000000000000009,557.44,29908.135700000003,638.0079000000001,0.69,0.68,0.009999999999999898,1420.0821,10917.792099999999,1184.5600000000002,Yes,0.337816,0.315231,0.361024,0.32,0.31,0.01,0.01088,0.006936,-0.027649,0.025,0.268,29908.14,,,,,,PASS,0
fifwc-esp-arg-2026-07-19,fifwc-esp-arg-2026-07-19-more-markets,Spain vs. Argentina - More Markets,2942085,soccer_penalty_shootout,Will the Match Go to a Penalty Shootout?,Spain vs. Argentina: Will the Match Go to a Penalty Shootout?,Yes,No,99237176169814247102676104209521416651037975910599658912877418671626337542536,23672155771406754848331239612472695073393736122708258152585549720814710165762,40189.30236200001,147394.4006,0.19,0.2,0.05,0.01,True,0.2,0.19,0.010000000000000009,854.2540000000001,1237.0211000000002,452.4185,0.81,0.8,0.010000000000000009,1928.7315,4553.9702,3417.0160000000005,No,0.812482,0.79276,0.829858,0.81,0.8,0.01,0.007695,-0.005213,-0.054935,0.08,0.671,4553.97,,,,,,PASS,0
fifwc-esp-arg-2026-07-19,fifwc-esp-arg-2026-07-19-more-markets,Spain vs. Argentina - More Markets,2945083,both_teams_to_score,Both Teams to Score,Spain vs. Argentina: Both Teams to Score,Yes,No,43400327584658432314631806325041229967848913385037627203899950879363399512175,26086477339270164470484984523102108367508939325488072884563308690155488440387,385326.1809320019,304454.425,0.51,0.52,0.05,0.01,True,0.52,0.51,0.010000000000000009,20009.064400000003,45213.94470000001,17694.643799999998,0.49,0.48,0.010000000000000009,17000.7362,50944.2574,18469.9056,No,0.539878,0.464764,0.596916,0.49,0.48,0.01,0.012495,0.037383,-0.067731,0.08,0.343,50944.26,,,,,,WATCH,0
fifwc-esp-arg-2026-07-19,fifwc-esp-arg-2026-07-19-more-markets,Spain vs. Argentina - More Markets,2945084,both_teams_to_score_first_half,Both Teams to Score in First Half,Spain vs. Argentina: Both Teams to Score in First Half,Yes,No,105332887663665957622487397841354345154269536679107315523798052630324287544013,4661440228658734393856136334742953273722940131337485586370374307606834294035,4704.759445000001,112608.5068,0.16,0.17,0.05,0.01,True,0.17,0.16,0.010000000000000009,420.54940000000005,5699.9968,364.3984,0.84,0.83,0.010000000000000009,1913.0915999999997,10162.2832,2053.2706,No,0.868431,0.832753,0.890358,0.84,0.83,0.01,0.00672,0.021711,-0.043967,0.08,0.712,10162.28,,,,,,WATCH,0
fifwc-esp-arg-2026-07-19,fifwc-esp-arg-2026-07-19-more-markets,Spain vs. Argentina - More Markets,2945085,first_half_totals,1st Half O/U 0.5,Spain vs. Argentina: 1st Half O/U 0.5,Over,Under,98788592494598149998650102899674298468012255258943672389692097320213510544449,76765811238905050379447258681379555994437711357729660383833414638328121550927,16973.797365000002,266263.6235,0.62,0.63,0.05,0.01,True,0.63,0.62,0.010000000000000009,36574.958699999996,69708.0514,30040.1346,0.38,0.37,0.010000000000000009,18411.6954,34887.3247,21480.5313,Under,0.413213,0.359869,0.4573,0.38,0.37,0.01,0.01178,0.021433,-0.061911,0.08,0.24,34887.32,,,,,,WATCH,0
fifwc-esp-arg-2026-07-19,fifwc-esp-arg-2026-07-19-more-markets,Spain vs. Argentina - More Markets,2945086,first_half_totals,1st Half O/U 1.5,Spain vs. Argentina: 1st Half O/U 1.5,Over,Under,88491211789846798134575627874844034350484474861456960770391047920102991699376,112817446281474270495012955974920284350632577444159173457815787999785461571981,49942.49157099999,252354.0686,0.27,0.28,0.05,0.01,True,0.28,0.27,0.010000000000000009,13885.5388,19708.1215,9679.0761,0.73,0.72,0.010000000000000009,26169.3539,124917.2192,35705.6712,Under,0.773202,0.719744,0.809564,0.73,0.72,0.01,0.009855,0.033347,-0.050111,0.08,0.597,124917.22,,,,,,WATCH,0
fifwc-esp-arg-2026-07-19,fifwc-esp-arg-2026-07-19-more-markets,Spain vs. Argentina - More Markets,2945087,first_half_totals,1st Half O/U 2.5,Spain vs. Argentina: 1st Half O/U 2.5,Over,Under,32910307724756324222180173514230358930496925840490536672884218770274478698063,97807779008808666877212483834318722121095201924149767982308586680303200531729,559.393604,181315.8479,0.07,0.09,0.05,0.01,True,0.09,0.07,0.01999999999999999,203.5503,6225.0823,3028.6172,0.93,0.91,0.020000000000000018,40237.3428,73324.0803,2058.1197,Under,0.93534,0.907589,0.951056,0.93,0.91,0.02,0.003255,0.002085,-0.055666,0.08,0.789,73324.08,,,,,,PASS,0
fifwc-esp-arg-2026-07-19,fifwc-esp-arg-2026-07-19-more-markets,Spain vs. Argentina - More Markets,2945088,soccer_team_totals,Spain O/U 0.5,Spain vs. Argentina: Spain O/U 0.5,Over,Under,100355410528829167351369310476973510907896128009743831751362377462177827859431,5811351223424086036323155994457479563772669983054060850770124909757590616584,3286.7028410000003,128109.3704,0.75,0.76,0.05,0.01,True,0.76,0.75,0.010000000000000009,2349.996,20697.3062,3271.965,0.25,0.24,0.010000000000000009,1218.655,6613.014099999999,864.9839999999999,Under,0.329007,0.274024,0.379184,0.25,0.24,0.01,0.009375,0.069632,-0.015351,0.08,0.157,6613.01,,,,,,WATCH,0
fifwc-esp-arg-2026-07-19,fifwc-esp-arg-2026-07-19-more-markets,Spain vs. Argentina - More Markets,2945089,soccer_team_totals,Spain O/U 1.5,Spain vs. Argentina: Spain O/U 1.5,Over,Under,38830751010130480335360158234149115557694649367342989164909218073954827414392,69836619484603697415335565392789354837263389131211124276207135944947763729616,14201.304415,224671.4278,0.39,0.4,0.05,0.01,True,0.4,0.39,0.010000000000000009,4744.508000000001,23868.4841,391.2285,0.61,0.6,0.010000000000000009,611.9214999999999,33730.796800000004,7116.762,Under,0.69976,0.630153,0.751142,0.61,0.6,0.01,0.011895,0.077865,-0.021742,0.08,0.507,33730.8,,,,,,WATCH,0
fifwc-esp-arg-2026-07-19,fifwc-esp-arg-2026-07-19-more-markets,Spain vs. Argentina - More Markets,2945090,soccer_team_totals,Spain O/U 2.5,Spain vs. Argentina: Spain O/U 2.5,Over,Under,57630936689653361303158382794528845965536943350811324017155128103982435667892,9868694427823165689309825233772727996863244375078695087861948500417790089475,5511.902783999999,148415.8622,0.14,0.15,0.05,0.01,True,0.15,0.14,0.009999999999999981,524.1795,4053.6289,364.12460000000004,0.86,0.85,0.010000000000000009,2236.7653999999998,21899.8332,2970.3505,Under,0.900382,0.857867,0.9271,0.86,0.85,0.01,0.00602,0.034362,-0.038153,0.08,0.738,21899.83,,,,,,WATCH,0
fifwc-esp-arg-2026-07-19,fifwc-esp-arg-2026-07-19-more-markets,Spain vs. Argentina - More Markets,2945091,soccer_team_totals,Argentina O/U 0.5,Spain vs. Argentina: Argentina O/U 0.5,Over,Under,83846396984989136712249171694516589660710828822197605918114090178164988652770,49278646525431166950704568331918006098194671187372033940712950274925104777399,62786.14863899999,228453.2668,0.64,0.65,0.05,0.01,True,0.65,0.64,0.010000000000000009,6188.1494999999995,35849.5278,9702.0288,0.36,0.35,0.010000000000000009,5457.3912,23658.6669,3332.0804999999996,Over,0.652969,0.603476,0.707271,0.65,0.64,0.01,0.011375,-0.008406,-0.087899,0.08,0.48,35849.53,,,,,,PASS,0
fifwc-esp-arg-2026-07-19,fifwc-esp-arg-2026-07-19-more-markets,Spain vs. Argentina - More Markets,2945092,soccer_team_totals,Argentina O/U 1.5,Spain vs. Argentina: Argentina O/U 1.5,Over,Under,49657094344563222660567315070048602673827083966340534481179981823001492001584,95300686560893239916040907573612912175387748576823220492295166298077861821221,60452.39138499993,200560.6829,0.27,0.28,0.05,0.01,True,0.28,0.27,0.010000000000000009,2310.8064,6836.790499999999,1397.3607,0.73,0.72,0.010000000000000009,3778.0492999999997,19311.9735,5942.073599999999,Over,0.280391,0.23048,0.345969,0.28,0.27,0.01,0.01008,-0.009689,-0.0896,0.08,0.115,6836.79,,,,,,PASS,0
fifwc-esp-arg-2026-07-19,fifwc-esp-arg-2026-07-19-more-markets,Spain vs. Argentina - More Markets,2945093,soccer_team_totals,Argentina O/U 2.5,Spain vs. Argentina: Argentina O/U 2.5,Over,Under,65017691110373628604984983289084714551172384985841625320350357098650802213114,42851931730059285366032592712263954135147076493037341265935815332156807239761,7026.896493000001,113678.6022,0.08,0.09,0.05,0.01,True,0.09,0.08,0.009999999999999995,281.4867,1583.3283999999999,271.0616,0.92,0.91,0.010000000000000009,3117.2084,27529.574699999997,2846.1433,Over,0.088938,0.064742,0.1272,0.09,0.08,0.01,0.004095,-0.005157,-0.059353,0.08,0.0,1583.33,,,,,,PASS,0
fifwc-esp-arg-2026-07-19,fifwc-esp-arg-2026-07-19-more-markets,Spain vs. Argentina - More Markets,2945094,soccer_first_half_team_totals,Spain 1st Half O/U 0.5,Spain vs. Argentina: Spain 1st Half O/U 0.5,Over,Under,99560079665224382106782562344104810964345632210922897282867204395425290603208,23296648766999607441921849448187204400982593353971676535659473566092465019709,370.450719,91090.7367,0.43,0.44,0.05,0.01,True,0.44,0.43,0.010000000000000009,365.354,13756.1334,171.1056,0.57,0.56,0.009999999999999898,226.81439999999998,3251.9481,464.99600000000004,Under,0.633996,0.589136,0.669829,0.57,0.56,0.01,0.012255,0.051741,-0.023119,0.08,0.466,3251.95,,,,,,WATCH,0
fifwc-esp-arg-2026-07-19,fifwc-esp-arg-2026-07-19-more-markets,Spain vs. Argentina - More Markets,2945095,soccer_first_half_team_totals,Spain 1st Half O/U 1.5,Spain vs. Argentina: Spain 1st Half O/U 1.5,Over,Under,90679402795377185372021569499006721442635113705220032262017557002346276902736,5758672465601358364911175703045770239183633482122325607440714056783040764990,493.851817,34328.9489,0.1,0.12,0.05,0.01,True,0.12,0.1,0.01999999999999999,114.33840000000001,180.79500000000002,89.642,0.9,0.88,0.020000000000000018,806.778,3681.7780000000002,838.4816000000001,Under,0.920778,0.897149,0.937056,0.9,0.88,0.02,0.0045,0.016278,-0.037351,0.08,0.778,3681.78,,,,,,WATCH,0
fifwc-esp-arg-2026-07-19,fifwc-esp-arg-2026-07-19-more-markets,Spain vs. Argentina - More Markets,2945096,soccer_first_half_team_totals,Argentina 1st Half O/U 0.5,Spain vs. Argentina: Argentina 1st Half O/U 0.5,Over,Under,49708141944161622500691038288889731687738581308056875261788918022115319402439,62879533417630548728115241483130443793302197202974224045151883777085914538272,201.710098,82453.8396,0.34,0.35,0.05,0.01,True,0.35,0.34,0.009999999999999953,380.6775,11017.925,140.2262,0.66,0.65,0.010000000000000009,272.2038,10780.9238,706.9725000000001,Over,0.352351,0.316482,0.396513,0.35,0.34,0.01,0.011375,-0.009024,-0.074893,0.08,0.198,11017.92,,,,,,PASS,0
fifwc-esp-arg-2026-07-19,fifwc-esp-arg-2026-07-19-more-markets,Spain vs. Argentina - More Markets,2945097,soccer_first_half_team_totals,Argentina 1st Half O/U 1.5,Spain vs. Argentina: Argentina 1st Half O/U 1.5,Over,Under,50409547578717846336581987905148176048993122580356263454567129480812318091707,48513038431506018684218822077882150707813304788956692355917304192573195899752,35.75,16894.7566,0.05,0.08,0.05,0.01,True,0.08,0.05,0.03,28.358400000000003,108.7072,50.255500000000005,0.95,0.92,0.029999999999999916,954.8544999999999,17846.135,326.12160000000006,Over,0.072856,0.057378,0.094349,0.08,0.05,0.03,0.00368,-0.010824,-0.056302,0.08,0.0,108.71,,,,,,PASS,0
fifwc-esp-arg-2026-07-19,fifwc-esp-arg-2026-07-19-more-markets,Spain vs. Argentina - More Markets,2945098,both_teams_to_score_second_half,Both Teams to Score in Second Half,Spain vs. Argentina: Both Teams to Score in Second Half,Yes,No,51609412945400645746412496154188810760018237724291445418096002226611205645086,14977782548656283555118301585552341027624155712527326215253598874858223464729,7393.783465,25757.5066,0.28,0.29,0.05,0.01,True,0.29,0.28,0.009999999999999953,2746.8799999999997,2977.7231999999995,62.8992,0.72,0.71,0.010000000000000009,161.74079999999998,1625.6212,6725.12,No,0.757178,0.700713,0.796447,0.72,0.71,0.01,0.01008,0.027098,-0.059367,0.08,0.578,1625.62,,,,,,WATCH,0
fifwc-esp-arg-2026-07-19,fifwc-esp-arg-2026-07-19-more-markets,Spain vs. Argentina - More Markets,2945099,second_half_totals,2nd Half O/U 0.5,Spain vs. Argentina: 2nd Half O/U 0.5,Over,Under,26096317819650565273349649728182025748676200637854644714253408716965464594120,6004770358509381975644926388489719276457863157769967525903691525201892554784,672.0096520000001,61156.4721,0.76,0.77,0.05,0.01,True,0.77,0.76,0.010000000000000009,627.0957,4950.2812,139.5968,0.24,0.23,0.009999999999999981,44.0832,137.5068,187.3143,Under,0.302109,0.249707,0.346682,0.24,0.23,0.01,0.00912,0.052989,-0.029413,0.08,0.133,137.51,,,,,,WATCH,0
fifwc-esp-arg-2026-07-19,fifwc-esp-arg-2026-07-19-more-markets,Spain vs. Argentina - More Markets,2945100,second_half_totals,2nd Half O/U 1.5,Spain vs. Argentina: 2nd Half O/U 1.5,Over,Under,16402988523515850387261995151252436133951641185975175792678709493789810116525,24886270437549625383861477327879618484828775643227688805752757302959201053714,1745.4752909999997,52566.4123,0.41,0.43,0.05,0.01,True,0.43,0.41,0.020000000000000018,520.0119,925.1768999999999,217.98469999999998,0.59,0.57,0.020000000000000018,313.6853,972.9576999999999,689.3180999999998,Under,0.644616,0.57182,0.696616,0.59,0.57,0.02,0.012095,0.042521,-0.060275,0.08,0.449,972.96,,,,,,WATCH,0
fifwc-esp-arg-2026-07-19,fifwc-esp-arg-2026-07-19-more-markets,Spain vs. Argentina - More Markets,2945101,second_half_totals,2nd Half O/U 2.5,Spain vs. Argentina: 2nd Half O/U 2.5,Over,Under,20543219279079872846335460998371399245394934275054680453056323406909927245748,42577569158691158051480026518808218092920554819948583226977649302442502104461,166.131577,59734.8655,0.18,0.19,0.05,0.01,True,0.19,0.18,0.010000000000000009,59.47,426.8179,72.621,0.82,0.81,0.009999999999999898,330.82899999999995,992.7141999999999,253.53000000000003,Under,0.858293,0.804,0.891456,0.82,0.81,0.01,0.00738,0.030913,-0.05338,0.08,0.683,992.71,,,,,,WATCH,0
fifwc-esp-arg-2026-07-19,fifwc-esp-arg-2026-07-19-more-markets,Spain vs. Argentina - More Markets,2945102,soccer_second_half_team_totals,Spain 2nd Half O/U 0.5,Spain vs. Argentina: Spain 2nd Half O/U 0.5,Over,Under,5717340028001037324107878318698889848270140665184499563957199737418922609683,37257255616398531315692579323699074639682632694549043191765695582301374715090,82.150815,58762.4325,0.49,0.52,0.05,0.01,True,0.52,0.49,0.030000000000000027,0.2964,0.2964,341.5251,0.51,0.48,0.030000000000000027,355.4649,591.8101,0.27359999999999995,Under,0.521036,0.464767,0.567011,0.51,0.48,0.03,0.012495,-0.001459,-0.087728,0.08,0.343,591.81,,,,,,PASS,0
fifwc-esp-arg-2026-07-19,fifwc-esp-arg-2026-07-19-more-markets,Spain vs. Argentina - More Markets,2945103,soccer_second_half_team_totals,Spain 2nd Half O/U 1.5,Spain vs. Argentina: Spain 2nd Half O/U 1.5,Over,Under,23356086022706498603470777888062241471831340998520847305870935758234341416210,50668649652732239712591983209390876939417466121022687534008667319653379805867,0,55586.8526,0.13,0.21,0.05,0.01,True,0.2,0.14,0.06,10.0,10.0,15.120000000000001,0.86,0.8,0.05999999999999994,92.88,310.38,40.0,Under,0.865182,0.823522,0.893578,0.86,0.8,0.06,0.00602,-0.000838,-0.072498,0.08,0.703,310.38,,,,,,PASS,0
fifwc-esp-arg-2026-07-19,fifwc-esp-arg-2026-07-19-more-markets,Spain vs. Argentina - More Markets,2945104,soccer_second_half_team_totals,Argentina 2nd Half O/U 0.5,Spain vs. Argentina: Argentina 2nd Half O/U 0.5,Over,Under,14600821369100575484635490577065433448363648411514595744932677289130410230403,27710731280083813526951525003759156289243619077216627402494972903115424250245,175.40574600000002,59566.6697,0.47,0.5,0.05,0.01,True,0.5,0.47,0.030000000000000027,208.865,320.9273,100.345,0.53,0.5,0.030000000000000027,113.155,172.258,208.865,Under,0.538251,0.485653,0.582522,0.53,0.5,0.03,0.012455,-0.004204,-0.086802,0.08,0.364,172.26,,,,,,PASS,0
fifwc-esp-arg-2026-07-19,fifwc-esp-arg-2026-07-19-more-markets,Spain vs. Argentina - More Markets,2945105,soccer_second_half_team_totals,Argentina 2nd Half O/U 1.5,Spain vs. Argentina: Argentina 2nd Half O/U 1.5,Over,Under,14090414867213601216283145748185145494315708392841298221526070196228320296777,64203328213015463833700376139427632118992131164009350251096059850188856895364,105.788332,58250.1173,0.12,0.15,0.05,0.01,True,0.15,0.12,0.03,58.010999999999996,113.1694,47.9232,0.88,0.85,0.030000000000000027,351.4368,709.0535,328.729,Under,0.87582,0.837058,0.901616,0.88,0.85,0.03,0.00528,-0.00946,-0.078222,0.08,0.716,709.05,,,,,,PASS,0
fifwc-esp-arg-2026-07-19,fifwc-esp-arg-2026-07-19-total-corners,Spain vs. Argentina - Total Corners,2942086,total_corners,Total Corners: O/U 10.5,Spain vs. Argentina: O/U 10.5 Total Corners,Over,Under,100884929291058386486272562949288505573410161134361262436569204241548679514194,8798078604207564628901160346846366718740102821554595865956679542950175847197,14930.115309,70579.494,0.23,0.24,0.05,0.01,True,0.24,0.23,0.009999999999999981,612.6336,1888.9754,101.66000000000001,0.77,0.76,0.010000000000000009,340.34000000000003,2994.2159,1940.0064,Under,0.854107,0.796551,0.878029,0.77,0.76,0.01,0.008855,0.075252,-0.007304,0.06,0.701,2994.22,,,,,,WATCH,0
fifwc-esp-arg-2026-07-19,fifwc-esp-arg-2026-07-19-total-corners,Spain vs. Argentina - Total Corners,2942087,total_corners,Total Corners: O/U 7.5,Spain vs. Argentina: O/U 7.5 Total Corners,Over,Under,62297234945470202633521042925717694851731938289986095644136689608717831573280,14779115833904937674097764073453701387964631439951402547450795360800782701769,6262.804974000001,75419.8355,0.57,0.58,0.05,0.01,True,0.58,0.57,0.010000000000000009,241.3786,1843.6725,118.77659999999999,0.43,0.42,0.010000000000000009,89.6034,1436.7945,174.7914,Under,0.540964,0.457433,0.588284,0.43,0.42,0.01,0.012255,0.098709,-0.009822,0.06,0.36,1436.79,,,,,,WATCH,0
fifwc-esp-arg-2026-07-19,fifwc-esp-arg-2026-07-19-total-corners,Spain vs. Argentina - Total Corners,2942088,total_corners,Total Corners: O/U 6.5,Spain vs. Argentina: O/U 6.5 Total Corners,Over,Under,13791465386744541708008749529499707759399538147853478212698226131258167266843,98200721663470256841583863300165128793984043179730926032160921349858910509985,5166.890809999996,87231.0995,0.71,0.72,0.05,0.01,True,0.72,0.71,0.010000000000000009,328.3488,482.1688,487.9972,0.29,0.28,0.009999999999999953,199.3228,542.8283,127.69120000000002,Under,0.404651,0.329196,0.451402,0.29,0.28,0.01,0.010295,0.104356,0.003901,0.06,0.235,542.83,,,,,,WATCH,0
fifwc-esp-arg-2026-07-19,fifwc-esp-arg-2026-07-19-total-corners,Spain vs. Argentina - Total Corners,2942089,total_corners,Total Corners: O/U 9.5,Spain vs. Argentina: O/U 9.5 Total Corners,Over,Under,58099927348932613457612110542604695170841031065893301089162724368076781554350,33828905686744352504401030470185377424515449695732960804300825727635006324623,2945.680186,76256.3226,0.32,0.33,0.05,0.01,True,0.33,0.32,0.010000000000000009,263.3664,1016.5305000000001,328.2336,0.68,0.67,0.010000000000000009,697.4964000000001,2323.3429,534.7136,Under,0.773549,0.701,0.806351,0.68,0.67,0.01,0.01088,0.082669,-0.01488,0.06,0.604,2323.34,,,,,,WATCH,0
fifwc-esp-arg-2026-07-19,fifwc-esp-arg-2026-07-19-total-corners,Spain vs. Argentina - Total Corners,2942090,total_corners,Total Corners: O/U 12.5,Spain vs. Argentina: O/U 12.5 Total Corners,Over,Under,8840952442716169572853510450574377895501391340133938674787209180474930429943,69083233201292256218742801149657862987331957887808317053951484291136696607294,1483.276355,54977.6823,0.1,0.11,0.05,0.01,True,0.11,0.1,0.009999999999999995,7.7858,35.1151,39.072,0.9,0.89,0.010000000000000009,351.648,508.78400000000005,62.9942,Under,0.948653,0.920796,0.959304,0.9,0.89,0.01,0.0045,0.044153,-0.008704,0.06,0.828,508.78,,,,,,WATCH,0
fifwc-esp-arg-2026-07-19,fifwc-esp-arg-2026-07-19-total-corners,Spain vs. Argentina - Total Corners,2942091,total_corners,Total Corners: O/U 11.5,Spain vs. Argentina: O/U 11.5 Total Corners,Over,Under,114407872046271014049974812468345324983840270246338723559484175155285594720118,5276805451642985851441312018990805778197884630819859950202836307326431497186,314.28054,57065.0763,0.13,0.14,0.05,0.01,True,0.14,0.13,0.010000000000000009,42.309400000000004,71.10940000000001,297.31,0.87,0.86,0.010000000000000009,1989.69,6467.1037,259.9006,Under,0.911091,0.8688,0.92766,0.87,0.86,0.01,0.005655,0.035436,-0.031855,0.06,0.775,6467.1,,,,,,WATCH,0
fifwc-esp-arg-2026-07-19,fifwc-esp-arg-2026-07-19-total-corners,Spain vs. Argentina - Total Corners,2942092,total_corners,Total Corners: O/U 8.5,Spain vs. Argentina: O/U 8.5 Total Corners,Over,Under,37324691714507346241532363779598036161789194798773486258397943227545658009856,8982543254857777962338153839341664154429126981415171735057756857901145514789,8449.404262,94085.5444,0.43,0.44,0.05,0.01,True,0.44,0.43,0.010000000000000009,665.544,3731.9129000000003,2167.5526,0.57,0.56,0.009999999999999898,2873.2673999999997,6438.3625999999995,847.056,Under,0.667622,0.585709,0.709216,0.57,0.56,0.01,0.012255,0.085367,-0.021546,0.06,0.488,6438.36,,,,,,WATCH,0
fifwc-esp-arg-2026-07-19,fifwc-esp-arg-2026-07-19-total-corners,Spain vs. Argentina - Total Corners,2942093,soccer_first_half_total_corners,1st Half Total Corners: O/U 3.5,Spain vs. Argentina: 1st Half O/U 3.5 Total Corners,Over,Under,100002411886865891295169984829739899620779696243692635352330027637284200504726,58466313991005930067827911937419510174032031450766071388165026237975906922232,747.0562659999998,67254.411,0.52,0.53,0.05,0.01,True,0.53,0.52,0.010000000000000009,321.9273,3194.7273,70.12720000000002,0.48,0.47,0.010000000000000009,64.7328,904.3628,285.48269999999997,Under,0.610124,0.554929,0.639953,0.48,0.47,0.01,0.01248,0.117644,0.037449,0.06,0.457,904.36,,,,,,WATCH,0
fifwc-esp-arg-2026-07-19,fifwc-esp-arg-2026-07-19-total-corners,Spain vs. Argentina - Total Corners,2942094,soccer_first_half_total_corners,1st Half Total Corners: O/U 4.5,Spain vs. Argentina: 1st Half O/U 4.5 Total Corners,Over,Under,18035517577195560264196283974031009861538528743965343122238515888260329341310,92948244477302759140376469587916981027967522994120032845178303285800028809076,617.567541,47813.4201,0.39,0.41,0.05,0.01,True,0.41,0.39,0.019999999999999962,267.3979,453.73929999999996,39.0,0.61,0.59,0.020000000000000018,61.0,211.6791,384.7921,Under,0.783147,0.737029,0.8066,0.61,0.59,0.02,0.011895,0.161252,0.090134,0.06,0.64,211.68,,,,,,WATCH,0
fifwc-esp-arg-2026-07-19,fifwc-esp-arg-2026-07-19-total-corners,Spain vs. Argentina - Total Corners,2942095,soccer_first_half_total_corners,1st Half Total Corners: O/U 5.5,Spain vs. Argentina: 1st Half O/U 5.5 Total Corners,Over,Under,9885798250696592520803250131303664831322372676139008411884414081512223313757,85453085778552269777006138501584690473974296678744991874397268267214270455365,0,22738.5303,0.2,0.23,0.05,0.01,True,0.23,0.2,0.03,126.63340000000001,245.887,109.96600000000001,0.8,0.77,0.030000000000000027,439.86400000000003,1804.888,423.94660000000005,Under,0.894127,0.863402,0.908822,0.8,0.77,0.03,0.008,0.086127,0.030402,0.06,0.769,1804.89,,,,,,WATCH,0
fifwc-esp-arg-2026-07-19,fifwc-esp-arg-2026-07-19-total-corners,Spain vs. Argentina - Total Corners,2942096,soccer_second_half_total_corners,2nd Half Total Corners: O/U 3.5,Spain vs. Argentina: 2nd Half O/U 3.5 Total Corners,Over,Under,11229308529538595873670320349867547005156407317938860193693224935549066827409,62860820207623726522472022353297322767207473867060139730030432342477378616421,0,32738.4536,0.54,0.75,0.05,0.01,True,0.75,0.54,0.20999999999999996,9.375,31.3934,51.84,0.46,0.25,0.21000000000000002,44.160000000000004,208.0128,3.125,Under,0.396784,0.336131,0.434582,0.46,0.25,0.21,0.01242,-0.075636,-0.161289,0.06,0.241,208.01,,,,,,PASS,0
fifwc-esp-arg-2026-07-19,fifwc-esp-arg-2026-07-19-total-corners,Spain vs. Argentina - Total Corners,2942097,soccer_second_half_total_corners,2nd Half Total Corners: O/U 4.5,Spain vs. Argentina: 2nd Half O/U 4.5 Total Corners,Over,Under,106283053712737944756413005220645896427336132115117742611837159494646990271871,115002775570846373692496749840505738262097245751768345375595109604801619716229,260.587315,19173.6364,0.39,0.41,0.05,0.01,True,0.41,0.39,0.019999999999999962,97.2561,238.9027,91.1898,0.61,0.59,0.020000000000000018,142.6302,362.9986,139.9539,Over,0.416753,0.379113,0.484393,0.41,0.39,0.02,0.012095,-0.005342,-0.067982,0.06,0.283,238.9,,,,,,PASS,0
fifwc-esp-arg-2026-07-19,fifwc-esp-arg-2026-07-19-total-corners,Spain vs. Argentina - Total Corners,2942098,soccer_second_half_total_corners,2nd Half Total Corners: O/U 5.5,Spain vs. Argentina: 2nd Half O/U 5.5 Total Corners,Over,Under,111124822249406526633264627712279512035909665825351985214210548572495493981125,102481956828121692073562746719346122993834543128990489492218502912139386167551,6.57,14416.3476,0.2,0.51,0.05,0.01,True,0.5,0.2,0.3,25.0,25.0,3.0,0.8,0.5,0.30000000000000004,12.0,372.31949999999995,25.0,Under,0.741164,0.678836,0.771024,0.8,0.5,0.3,0.008,-0.066836,-0.154164,0.06,0.581,372.32,,,,,,PASS,0
fifwc-esp-arg-2026-07-19,fifwc-esp-arg-2026-07-19-total-corners,Spain vs. Argentina - Total Corners,2942099,soccer_game_corners_odd_even,Total Corners: Odd or Even,Spain vs. Argentina: Total Corners Odd or Even?,Odd,Even,81809511806554974166286568783499827532552959829603561077517915052533031770154,105960501251774976052199588859640117732301380264276021710505073760419980166278,22.585521,65460.1499,0.49,0.51,0.05,0.01,True,0.51,0.49,0.020000000000000018,1563.7671,1925.6975,1537.1545,0.51,0.49,0.020000000000000018,1599.8955,1962.3615,1502.4429,Even,0.501033,0.498882,0.502818,0.51,0.49,0.02,0.012495,-0.021462,-0.048613,0.06,0.401,1962.36,,,,,,PASS,0
fifwc-esp-arg-2026-07-19,fifwc-esp-arg-2026-07-19-total-corners,Spain vs. Argentina - Total Corners,2942100,soccer_first_corner,Team to Take First Corner,Spain vs. Argentina: Team to Take First Corner,Spain,Argentina,31595967430498868585284413010824898428939213635137025005528628849047204566740,111927034294414814148418310856833862955545046236397110012497951576440635979318,663.1743359999999,71517.7849,0.58,0.59,0.05,0.01,True,0.59,0.58,0.010000000000000009,10.797,80.9165,56.521,0.42,0.41,0.010000000000000009,40.929,63.7958,7.503,Argentina,0.471693,0.468731,0.474947,0.42,0.41,0.01,0.01218,0.039513,0.011551,0.06,0.372,63.8,,,,,,WATCH,0
fifwc-esp-arg-2026-07-19,fifwc-esp-arg-2026-07-19-total-corners,Spain vs. Argentina - Total Corners,2946990,soccer_team_total_corners,Argentina Corners: O/U 2.5,Spain vs. Argentina: Argentina O/U 2.5 Corners,Over,Under,72164062249793291578608214883711982844092559582793359301320880603209932317832,70375785804026815163955590251138965820153179223818322191633992489025444270021,630.8975899999999,18660.6118,0.66,0.68,0.05,0.01,True,0.68,0.66,0.020000000000000018,175.4944,802.8385,14.4936,0.34,0.32,0.020000000000000018,7.466400000000001,256.1799,82.5856,Over,0.670522,0.640269,0.7197,0.68,0.66,0.02,0.01088,-0.020358,-0.075611,0.06,0.542,802.84,,,,,,PASS,0
fifwc-esp-arg-2026-07-19,fifwc-esp-arg-2026-07-19-total-corners,Spain vs. Argentina - Total Corners,2946992,soccer_team_total_corners,Argentina Corners: O/U 3.5,Spain vs. Argentina: Argentina O/U 3.5 Corners,Over,Under,73444950382569205967688503620310621230483251152362611391429647026586427856542,16402754311795384837394642803522713215117597874310160959626471402838898685890,8363.592347000002,65584.1208,0.48,0.5,0.05,0.01,True,0.5,0.48,0.020000000000000018,847.455,2086.1779,539.52,0.52,0.5,0.020000000000000018,584.48,2040.3182000000002,847.455,Under,0.539,0.479011,0.573411,0.52,0.5,0.02,0.01248,0.00652,-0.078469,0.06,0.382,2040.32,,,,,,PASS,0
fifwc-esp-arg-2026-07-19,fifwc-esp-arg-2026-07-19-total-corners,Spain vs. Argentina - Total Corners,2946994,soccer_team_total_corners,Argentina Corners: O/U 4.5,Spain vs. Argentina: Argentina O/U 4.5 Corners,Over,Under,3796172721600717202755466600225929888362314613195263348371083384271541719892,28702343548331938994450854595757632572728703046703053639373528332859073266202,1477.9491819999998,17934.4201,0.32,0.33,0.05,0.01,True,0.33,0.32,0.010000000000000009,125.4,431.9,360.944,0.68,0.67,0.010000000000000009,767.0060000000001,867.2250000000001,254.60000000000002,Under,0.720962,0.665184,0.748833,0.68,0.67,0.01,0.01088,0.030082,-0.050696,0.06,0.567,867.23,,,,,,WATCH,0
fifwc-esp-arg-2026-07-19,fifwc-esp-arg-2026-07-19-total-corners,Spain vs. Argentina - Total Corners,2946996,soccer_team_total_corners,Spain Corners: O/U 3.5,Spain vs. Argentina: Spain O/U 3.5 Corners,Over,Under,87627593236447009326283483113573690968807285694678985718420516764750262539249,47051696656187637496372034973741634338728567334606972612524314572135804902048,41.241825000000006,21464.107,0.65,0.69,0.05,0.01,True,0.73,0.67,0.05999999999999994,83.95,1517.8725,10.05,0.33,0.27,0.06,4.95,46.95,31.05,Under,0.459322,0.399638,0.495056,0.33,0.27,0.06,0.011055,0.118267,0.033583,0.06,0.304,46.95,,,,,,WATCH,0
fifwc-esp-arg-2026-07-19,fifwc-esp-arg-2026-07-19-total-corners,Spain vs. Argentina - Total Corners,2946998,soccer_team_total_corners,Spain Corners: O/U 4.5,Spain vs. Argentina: Spain O/U 4.5 Corners,Over,Under,60932047582050241065510309315321185045507415646740524014918345521551849870703,40609539806272242140326847904779599128430638391059108864174666488512356918008,1510.451157,60149.65,0.48,0.49,0.05,0.01,True,0.49,0.48,0.010000000000000009,93.0804,117.3003,929.28,0.52,0.51,0.010000000000000009,1006.72,1582.9206,96.87960000000001,Under,0.64664,0.585718,0.680502,0.52,0.51,0.01,0.01248,0.11416,0.028238,0.06,0.488,1582.92,,,,,,WATCH,0
fifwc-esp-arg-2026-07-19,fifwc-esp-arg-2026-07-19-total-corners,Spain vs. Argentina - Total Corners,2946999,soccer_team_total_corners,Spain Corners: O/U 5.5,Spain vs. Argentina: Spain O/U 5.5 Corners,Over,Under,33309267699294782071644632716412252377320253789657448064102675280167855522671,6912275855618446281389162769306175284789176005615916103308565172144990897087,307.09,19311.1191,0.36,0.39,0.05,0.01,True,0.39,0.36,0.030000000000000027,248.0439,354.60790000000003,35.0928,0.64,0.61,0.030000000000000027,62.38720000000001,315.84170000000006,387.9661,Under,0.793727,0.743296,0.818447,0.64,0.61,0.03,0.01152,0.142207,0.066776,0.06,0.646,315.84,,,,,,WATCH,0
fifwc-esp-arg-2026-07-19,fifwc-esp-arg-2026-07-19-player-props,Spain vs. Argentina - Player Props,2943686,soccer_player_goalkeeper_saves,David Raya: 2+ saves,David Raya: 2+ saves,Yes,No,39949099385493501611733331213639619409584953774981095679540370987953051472104,17924491596589075976729976036992442764670723569279519265166490575951537401421,0,108.1585,0.01,0.77,0.05,0.01,True,0.77,0.01,0.76,334.7806,334.7806,0.1,0.99,0.23,0.76,9.9,9.9,99.9994,No,1.0,1.0,1.0,0.99,0.23,0.76,0.000495,0.009505,-0.030495,0.12,0.833,9.9,,,,Projected appearance probability is only 0.4%; wait for the official XI.,No verified 2026 World Cup player-minute sample is available; the generic role prior is not sufficient for a bet.,PASS,0
fifwc-esp-arg-2026-07-19,fifwc-esp-arg-2026-07-19-player-props,Spain vs. Argentina - Player Props,2943688,soccer_player_goalkeeper_saves,David Raya: 3+ saves,David Raya: 3+ saves,Yes,No,36988753783723752091639612008488951540283296947661745914801431645242096203129,115532626142313927461775745971979071509617704061524712572364329213373024080150,0,114.2184,0.01,0.63,0.05,0.01,True,0.63,0.01,0.62,170.27009999999999,170.27009999999999,0.1,0.99,0.37,0.62,9.9,9.9,99.9999,No,1.0,1.0,1.0,0.99,0.37,0.62,0.000495,0.009505,-0.030495,0.12,0.833,9.9,,,,Projected appearance probability is only 0.4%; wait for the official XI.,No verified 2026 World Cup player-minute sample is available; the generic role prior is not sufficient for a bet.,PASS,0
fifwc-esp-arg-2026-07-19,fifwc-esp-arg-2026-07-19-player-props,Spain vs. Argentina - Player Props,2943689,soccer_player_goalkeeper_saves,David Raya: 4+ saves,David Raya: 4+ saves,Yes,No,85866015367527069080396541996615969690076274401580569626097936237867982676257,45514150179443383274571778561739161906492928107535744222138007472623385843248,0,112.2514,0.01,0.45,0.05,0.01,True,0.45,0.01,0.44,81.81450000000001,81.81450000000001,0.1,0.99,0.55,0.43999999999999995,9.9,9.9,99.9955,No,1.0,1.0,1.0,0.99,0.55,0.44,0.000495,0.009505,-0.030495,0.12,0.833,9.9,,,,Projected appearance probability is only 0.4%; wait for the official XI.,No verified 2026 World Cup player-minute sample is available; the generic role prior is not sufficient for a bet.,PASS,0
fifwc-esp-arg-2026-07-19,fifwc-esp-arg-2026-07-19-player-props,Spain vs. Argentina - Player Props,2943692,soccer_player_goalkeeper_saves,David Raya: 5+ saves,David Raya: 5+ saves,Yes,No,2544294834117918730823197950932814219109455619001244730870991320270135431655,104392627401988207669717437741419365194589185307975810045142534442755509066819,0,115.6897,0.01,0.34,0.05,0.01,True,0.34,0.01,0.33,51.5134,51.5134,0.1,0.99,0.66,0.32999999999999996,9.9,9.9,99.9966,No,1.0,1.0,1.0,0.99,0.66,0.33,0.000495,0.009505,-0.030495,0.12,0.833,9.9,,,,Projected appearance probability is only 0.4%; wait for the official XI.,No verified 2026 World Cup player-minute sample is available; the generic role prior is not sufficient for a bet.,PASS,0
fifwc-esp-arg-2026-07-19,fifwc-esp-arg-2026-07-19-player-props,Spain vs. Argentina - Player Props,2943694,soccer_player_goalkeeper_saves,Juan Musso: 2+ saves,Juan Musso: 2+ saves,Yes,No,48932856069105025035980283452602475106308627350129463918945008350409560749448,16260627631258635535096029108958097635488028587457726794640082082493292092532,0,155.6099,0.01,0.86,0.05,0.01,True,0.87,0.01,0.86,675.5898,1030.8215,0.1,0.99,0.13,0.86,9.9,9.9,100.9502,No,1.0,1.0,1.0,0.99,0.13,0.86,0.000495,0.009505,-0.030495,0.12,0.833,9.9,,,,Projected appearance probability is only 0.4%; wait for the official XI.,No verified 2026 World Cup player-minute sample is available; the generic role prior is not sufficient for a bet.,PASS,0
fifwc-esp-arg-2026-07-19,fifwc-esp-arg-2026-07-19-player-props,Spain vs. Argentina - Player Props,2943696,soccer_player_goalkeeper_saves,Juan Musso: 3+ saves,Juan Musso: 3+ saves,Yes,No,15341244262148977522933559842968425581930451889508956028982918740176584227332,46442306085421483082225752654980537027320458786425678618790573438994902531100,0,126.2585,0.01,0.78,0.05,0.01,True,0.78,0.01,0.77,354.5412,354.5412,0.1,0.99,0.22,0.77,9.9,9.9,99.9988,No,1.0,1.0,1.0,0.99,0.22,0.77,0.000495,0.009505,-0.030495,0.12,0.833,9.9,,,,Projected appearance probability is only 0.4%; wait for the official XI.,No verified 2026 World Cup player-minute sample is available; the generic role prior is not sufficient for a bet.,PASS,0
fifwc-esp-arg-2026-07-19,fifwc-esp-arg-2026-07-19-player-props,Spain vs. Argentina - Player Props,2943698,soccer_player_goalkeeper_saves,Juan Musso: 4+ saves,Juan Musso: 4+ saves,Yes,No,19396633055299427896043316007542634032193119612771385776121321080915945400293,1977064054262081446871596806474629012011426725557203592239791358373574234021,2.44,123.5043,0.01,0.6,0.05,0.01,True,0.6,0.01,0.59,150.0,150.0,0.1,0.99,0.4,0.59,9.9,9.9,100.0,No,1.0,1.0,1.0,0.99,0.4,0.59,0.000495,0.009505,-0.030495,0.12,0.833,9.9,,,,Projected appearance probability is only 0.4%; wait for the official XI.,No verified 2026 World Cup player-minute sample is available; the generic role prior is not sufficient for a bet.,PASS,0
fifwc-esp-arg-2026-07-19,fifwc-esp-arg-2026-07-19-player-props,Spain vs. Argentina - Player Props,2943700,soccer_player_goalkeeper_saves,Juan Musso: 5+ saves,Juan Musso: 5+ saves,Yes,No,107250327000203249371892208903428987887439391254973405011511606126321524047742,48935763432314771351531655580720486995528854947329085204509848829796423437664,1.21,198.0985,0.01,0.18,0.05,0.01,True,0.18,0.01,0.16999999999999998,8.1,8.1,0.1,0.99,0.82,0.17000000000000004,9.9,9.9,36.9,No,1.0,1.0,1.0,0.99,0.82,0.17,0.000495,0.009505,-0.030495,0.12,0.833,9.9,,,,Projected appearance probability is only 0.4%; wait for the official XI.,No verified 2026 World Cup player-minute sample is available; the generic role prior is not sufficient for a bet.,PASS,0
fifwc-esp-arg-2026-07-19,fifwc-esp-arg-2026-07-19-player-props,Spain vs. Argentina - Player Props,2944080,soccer_player_goals,Alex Baena: 1+ goals,Alex Baena: 1+ goals,Yes,No,12708468417309426009778963679179328305720397616739088464388142615393086078715,10231879245014922207244823236877756303305234600573547408288214927835817629195,28.651676000000002,32141.6707,0.11,0.13,0.05,0.01,True,0.13,0.11,0.020000000000000004,106.20870000000001,165.19770000000003,26.525399999999998,0.89,0.87,0.020000000000000018,214.6146,331.2366,710.7813,No,0.882026,0.863072,0.896271,0.89,0.87,0.02,0.004895,-0.012869,-0.071823,0.12,0.692,331.24,,,,,,PASS,0
fifwc-esp-arg-2026-07-19,fifwc-esp-arg-2026-07-19-player-props,Spain vs. Argentina - Player Props,2944082,soccer_player_goals,Alex Baena: 2+ goals,Alex Baena: 2+ goals,Yes,No,25483689701888514269522333360205653501139194814857246463270692269152382179819,89767899926687583231451878269386835427088779702972702810153300265452101799469,0,23034.7718,0.01,0.19,0.05,0.001,True,0.19,0.01,0.18,2.5783,2.5783,0.1,0.99,0.81,0.17999999999999994,9.9,2322.285,10.991700000000002,No,0.99275,0.990028,0.994404,0.99,0.81,0.18,0.000495,0.002255,-0.040467,0.12,0.822,2322.28,,,,,,PASS,0
fifwc-esp-arg-2026-07-19,fifwc-esp-arg-2026-07-19-player-props,Spain vs. Argentina - Player Props,2944084,soccer_player_goals,Alexis Mac Allister: 1+ goals,Alexis Mac Allister: 1+ goals,Yes,No,15438493061808193022388097487412428148475673062720676947542756518009118824436,29768024340990717608835586722200131197343250336113936213313949015927438256437,3442.269643,43685.5324,0.08,0.09,0.05,0.01,True,0.09,0.08,0.009999999999999995,159.5646,2780.9348,68.2208,0.92,0.91,0.010000000000000009,784.5392,3469.2039,1613.3754000000001,No,0.925706,0.913716,0.934877,0.92,0.91,0.01,0.00368,0.002026,-0.049964,0.12,0.744,3469.2,,,,,,PASS,0
fifwc-esp-arg-2026-07-19,fifwc-esp-arg-2026-07-19-player-props,Spain vs. Argentina - Player Props,2944086,soccer_player_goals,Alexis Mac Allister: 2+ goals,Alexis Mac Allister: 2+ goals,Yes,No,77279935813953871016940339337903779821685924823741557044526236777076306721926,21223102193278243537289708987706691655516823854935058984713225928529246235935,0,22906.50263,0.01,0.098,0.05,0.001,True,0.099,0.01,0.08900000000000001,8.97534,23.97534,0.1,0.99,0.901,0.08899999999999997,9.9,5324.28,81.68466,No,0.997169,0.996114,0.997824,0.99,0.901,0.089,0.000495,0.006674,-0.034381,0.12,0.829,5324.28,,,,,,PASS,0
fifwc-esp-arg-2026-07-19,fifwc-esp-arg-2026-07-19-player-props,Spain vs. Argentina - Player Props,2944089,soccer_player_goals,Dani Olmo: 1+ goals,Dani Olmo: 1+ goals,Yes,No,60102933211761985323463364727308956972160313844995355747095836226764529443832,7170847150127900219874258954996477102834363391101552115179367854584846140491,1915.831665,82888.9263,0.15,0.16,0.05,0.01,True,0.16,0.15,0.010000000000000009,1096.0464,6080.7459,446.98049999999995,0.85,0.84,0.010000000000000009,2532.8894999999998,8673.2554,5754.2436,No,0.941585,0.931791,0.94884,0.85,0.84,0.01,0.006375,0.08521,0.035416,0.12,0.762,8673.26,,,,,,WATCH,0
fifwc-esp-arg-2026-07-19,fifwc-esp-arg-2026-07-19-player-props,Spain vs. Argentina - Player Props,2944091,soccer_player_goals,Dani Olmo: 2+ goals,Dani Olmo: 2+ goals,Yes,No,27632102439595358216531959184809040017609855273799343357873361641033181795051,31313882058121744832829270097582642444287288692376992555696120498238482662242,0,47713.60853,0.01,0.039,0.05,0.001,True,0.039,0.01,0.028999999999999998,637.65,726.264,0.1,0.99,0.961,0.029000000000000026,9.9,2322.285,15712.349999999999,No,0.99826,0.997585,0.998664,0.99,0.961,0.029,0.000495,0.007765,-0.03291,0.12,0.83,2322.28,,,,,,PASS,0
fifwc-esp-arg-2026-07-19,fifwc-esp-arg-2026-07-19-player-props,Spain vs. Argentina - Player Props,2944094,soccer_player_goals,Enzo Fernández: 1+ goals,Enzo Fernández: 1+ goals,Yes,No,98408483511989914854271558620181629127354948209599513392836841910467903526872,57541953489183073550684676957263929394265029288570625696355048450179087424878,2218.8131019999996,70913.2077,0.1,0.11,0.05,0.01,True,0.11,0.1,0.009999999999999995,561.7864999999999,2987.8514999999998,238.09699999999998,0.9,0.89,0.010000000000000009,2142.873,3740.5268,4545.3634999999995,Yes,0.112199,0.098597,0.129822,0.11,0.1,0.01,0.004895,-0.002696,-0.056298,0.12,0.0,2987.85,,,,,,PASS,0
fifwc-esp-arg-2026-07-19,fifwc-esp-arg-2026-07-19-player-props,Spain vs. Argentina - Player Props,2944096,soccer_player_goals,Enzo Fernández: 2+ goals,Enzo Fernández: 2+ goals,Yes,No,79650570211915629298532721190373724045436348661405885055283695777674298951335,73477998993620903518039146798905691712680254061672559990666988956582659923747,944,44224.29241,0.016,0.018,0.05,0.001,True,0.018,0.016,0.0019999999999999983,1.26,226.78,7.088,0.984,0.982,0.0020000000000000018,435.912,7876.825,68.74,No,0.993456,0.991067,0.994954,0.984,0.982,0.002,0.000787,0.008669,-0.033721,0.12,0.823,7876.82,,,,,,PASS,0
fifwc-esp-arg-2026-07-19,fifwc-esp-arg-2026-07-19-player-props,Spain vs. Argentina - Player Props,2944098,soccer_player_goals,Fabián Ruiz: 1+ goals,Fabián Ruiz: 1+ goals,Yes,No,97344929596292899697349035549836424978755357921722555664922131675913164444466,36537864615688050904363993921410339808196606294788222739036829127005790414342,1419.2340439999998,34805.6029,0.09,0.1,0.05,0.01,True,0.1,0.09,0.010000000000000009,31.436000000000003,88.6688,479.1231,0.91,0.9,0.010000000000000009,4844.4669,5190.1425,156.924,Yes,0.133699,0.117682,0.154928,0.1,0.09,0.01,0.0045,0.029199,-0.026818,0.12,0.0,88.67,,,,,,WATCH,0
fifwc-esp-arg-2026-07-19,fifwc-esp-arg-2026-07-19-player-props,Spain vs. Argentina - Player Props,2944099,soccer_player_goals,Fabián Ruiz: 2+ goals,Fabián Ruiz: 2+ goals,Yes,No,100468217094190304194826504665333873643568724779448125631285283396993775335338,102994691486892814127262843182511954689501343984010804335140384186602425599919,0,29812.07338,0.01,0.048,0.05,0.001,True,0.047,0.01,0.037,11.03936,70.39139,0.15,0.99,0.953,0.03700000000000003,14.85,2327.2349999999997,223.84063999999998,No,0.990635,0.98715,0.992761,0.99,0.953,0.037,0.000495,0.00014,-0.043345,0.12,0.819,2327.23,,,,,,PASS,0
fifwc-esp-arg-2026-07-19,fifwc-esp-arg-2026-07-19-player-props,Spain vs. Argentina - Player Props,2944100,soccer_player_goals,Ferrán Torres: 1+ goals,Ferrán Torres: 1+ goals,Yes,No,21106239258988315501197345623445701698528896134058574853274141245873798087599,42483489427518049676218390993851571380210940560173173901447686186369257129856,887.6751069999999,14321.7,0.15,0.17,0.05,0.01,True,0.17,0.15,0.020000000000000018,117.80660000000002,208.397,90.24749999999999,0.85,0.83,0.020000000000000018,511.4025,4971.591799999999,575.1734,No,0.981301,0.978098,0.983656,0.85,0.83,0.02,0.006375,0.124926,0.081723,0.12,0.81,4971.59,,,,Projected appearance probability is only 70.0%; wait for the official XI.,,WATCH,0
fifwc-esp-arg-2026-07-19,fifwc-esp-arg-2026-07-19-player-props,Spain vs. Argentina - Player Props,2944101,soccer_player_goals,Ferrán Torres: 2+ goals,Ferrán Torres: 2+ goals,Yes,No,13007573611288301487344647412613904983778596903688911881276011122372646634547,21489948873755368231679987498326556258287292685537883677238639317872875841929,0,14622.20853,0.01,0.039,0.05,0.001,True,0.039,0.01,0.028999999999999998,57.168929999999996,82.8836,0.1,0.99,0.961,0.029000000000000026,9.9,2322.285,1408.7010699999998,No,0.999748,0.999649,0.999807,0.99,0.961,0.029,0.000495,0.009253,-0.030846,0.12,0.832,2322.28,,,,Projected appearance probability is only 70.0%; wait for the official XI.,,PASS,0
fifwc-esp-arg-2026-07-19,fifwc-esp-arg-2026-07-19-player-props,Spain vs. Argentina - Player Props,2944102,soccer_player_goals,Ferrán Torres: 3+ goals,Ferrán Torres: 3+ goals,Yes,No,31646542616248731765626184444722540254410799770287755470472164142492598415715,90185296609608553692733177514906569288623740405280228577810877898388876193697,14.9914,24121.25387,0.002,0.02,0.05,0.001,True,0.02,0.002,0.018000000000000002,222.442,250.3502,1.0933599999999999,0.998,0.98,0.018000000000000016,545.58664,2563.56664,10899.658,No,0.999998,0.999996,0.999998,0.998,0.98,0.018,0.0001,0.001898,-0.038104,0.12,0.833,2563.57,,,,Projected appearance probability is only 70.0%; wait for the official XI.,,PASS,0
fifwc-esp-arg-2026-07-19,fifwc-esp-arg-2026-07-19-player-props,Spain vs. Argentina - Player Props,2944103,soccer_player_goals,Gavi Paez: 1+ goals,Gavi Paez: 1+ goals,Yes,No,10666510663543829248174961621423203869497008761737335477473422976075702254597,82707590693513115172777720493750069186402913910185843101563308561148758026427,0,11770.00851,0.01,0.032,0.05,0.001,True,0.031,0.01,0.020999999999999998,4.66829,12.64776,0.1,0.99,0.969,0.02100000000000002,9.9,2820.985,145.92171,,,,,,,,,,,,,,,,,,,UNSUPPORTED_OR_LINEUP_FILTER,0
fifwc-esp-arg-2026-07-19,fifwc-esp-arg-2026-07-19-player-props,Spain vs. Argentina - Player Props,2944104,soccer_player_goals,Gavi Paez: 2+ goals,Gavi Paez: 2+ goals,Yes,No,85509668569411531211113270541741864319460733729601428850411539743821006677792,108387709733360306489195433832055913781445024120673691367605042078138553077913,65,169.5626,,0.09,0.05,0.01,True,0.09,,,4.5,14.5,0,,0.91,,0,0,45.5,,,,,,,,,,,,,,,,,,,UNSUPPORTED_OR_LINEUP_FILTER,0
fifwc-esp-arg-2026-07-19,fifwc-esp-arg-2026-07-19-player-props,Spain vs. Argentina - Player Props,2944105,soccer_player_goals,Giovani Lo Celso: 1+ goals,Giovani Lo Celso: 1+ goals,Yes,No,65372037794860838003912783955936200829684475346438926306949505910117574614358,54783562614037307612281842476561981462807626961582680233642791936953000267936,0,4838.7954,0.01,0.07,0.05,0.01,True,0.07,0.01,0.060000000000000005,0.37590000000000007,0.37590000000000007,3.15,0.99,0.93,0.05999999999999994,311.85,311.85,4.9941,No,0.996187,0.995554,0.996667,0.99,0.93,0.06,0.000495,0.005692,-0.034941,0.12,0.828,311.85,,,,Projected appearance probability is only 12.0%; wait for the official XI.,,PASS,0
fifwc-esp-arg-2026-07-19,fifwc-esp-arg-2026-07-19-player-props,Spain vs. Argentina - Player Props,2944106,soccer_player_goals,Giovani Lo Celso: 2+ goals,Giovani Lo Celso: 2+ goals,Yes,No,39111965355363515550531779714051193510832703950514315511047059849751745464301,2501319880639347676677035954367928157999879620708067917779015412657842150537,15,165.6427,,0.09,0.05,0.01,True,0.09,,,4.5,14.5,0,,0.91,,0,0,45.5,,6.1e-05,,,,,,,,,0.12,,,,,,,,ONE_SIDED_OR_UNQUOTED_PASS,0
fifwc-esp-arg-2026-07-19,fifwc-esp-arg-2026-07-19-player-props,Spain vs. Argentina - Player Props,2944107,soccer_player_goals,Giuliano Simeone: 1+ goals,Giuliano Simeone: 1+ goals,Yes,No,9133924521588475798395427143476050343830134286578689273477948275226602071881,85777070803921630553991155822620494207126731661254451725949922565643933629130,36.45066,13873.82164,0.091,0.1,0.05,0.001,True,0.1,0.091,0.009000000000000008,54.62100000000001,79.73442,27.209,0.909,0.9,0.009000000000000008,271.791,567.3705,491.58900000000006,No,0.935628,0.925167,0.943611,0.909,0.9,0.009,0.004136,0.022492,-0.027969,0.12,0.755,567.37,,,,,,WATCH,0
fifwc-esp-arg-2026-07-19,fifwc-esp-arg-2026-07-19-player-props,Spain vs. Argentina - Player Props,2944109,soccer_player_goals,Giuliano Simeone: 2+ goals,Giuliano Simeone: 2+ goals,Yes,No,6724759683418295962641508110392478160388659318547116133211644439111710090709,89237845170386166561946041015991778777952363126427998184027895697756942749874,20.5025,8716.5405,,0.09,0.05,0.01,True,0.09,,,4.5,14.5,0,,0.91,,0,0,45.5,,0.002118,,,,,,,,,0.12,,,,,,,,ONE_SIDED_OR_UNQUOTED_PASS,0
fifwc-esp-arg-2026-07-19,fifwc-esp-arg-2026-07-19-player-props,Spain vs. Argentina - Player Props,2944111,soccer_player_goals,Julián Álvarez: 1+ goals,Julián Álvarez: 1+ goals,Yes,No,43162746682402475901747424544397957659619103573598680370514625998434352505275,24957223440611126748760372100954394109668349135461576917495622907103019272357,2829.534483,41174.4025,0.18,0.19,0.05,0.01,True,0.19,0.18,0.010000000000000009,112.7403,884.5634999999999,648.1296,0.82,0.81,0.009999999999999898,2952.5903999999996,5106.7164999999995,480.6297,No,0.892389,0.875429,0.905464,0.82,0.81,0.01,0.00738,0.065009,0.008049,0.12,0.705,5106.72,,,,,,WATCH,0
fifwc-esp-arg-2026-07-19,fifwc-esp-arg-2026-07-19-player-props,Spain vs. Argentina - Player Props,2944113,soccer_player_goals,Julián Álvarez: 2+ goals,Julián Álvarez: 2+ goals,Yes,No,64692988650668169231302376737536727861513807850625670715412623798091453153963,43652743627315153504677743366947007562270519335262923837207984709994963674317,609.391303,25823.89041,0.035,0.046,0.05,0.001,True,0.046,0.035,0.010999999999999996,8.0316,1187.0836,41.25415,0.965,0.954,0.01100000000000001,1137.43585,1518.13408,166.5684,No,0.99399,0.99179,0.995368,0.965,0.954,0.011,0.001689,0.027301,-0.014898,0.12,0.824,1518.13,,,,,,WATCH,0
fifwc-esp-arg-2026-07-19,fifwc-esp-arg-2026-07-19-player-props,Spain vs. Argentina - Player Props,2944115,soccer_player_goals,Julián Álvarez: 3+ goals,Julián Álvarez: 3+ goals,Yes,No,40997326657911644589011207394310622424956261516952423579047619477169700532667,63619820826796885167117058683936899675889798233882909067542925182308030358532,185.908565,54741.62831,0.01,0.012,0.05,0.001,True,0.012,0.01,0.002,264.66396000000003,493.00896,0.0070999999999999995,0.99,0.988,0.0020000000000000018,0.7029,2786.65886,21790.66604,No,0.999774,0.999631,0.999847,0.99,0.988,0.002,0.000495,0.009279,-0.030864,0.12,0.832,2786.66,,,,,,PASS,0
fifwc-esp-arg-2026-07-19,fifwc-esp-arg-2026-07-19-player-props,Spain vs. Argentina - Player Props,2944118,soccer_player_goals,Lamine Yamal: 1+ goals,Lamine Yamal: 1+ goals,Yes,No,5347578882944882694678528183311777683806516836615678544993224689174263151458,85057396839772721934787014013700960885045146047829222755491682292373251885758,72089.44880099995,175406.8057,0.23,0.24,0.05,0.01,True,0.24,0.23,0.009999999999999981,925.6608,38831.4514,1713.1412,0.77,0.76,0.010000000000000009,5735.2988,21561.5488,2931.2592,No,0.886137,0.867922,0.899846,0.77,0.76,0.01,0.008855,0.107282,0.049067,0.12,0.697,21561.55,,,,,,WATCH,0
fifwc-esp-arg-2026-07-19,fifwc-esp-arg-2026-07-19-player-props,Spain vs. Argentina - Player Props,2944120,soccer_player_goals,Lamine Yamal: 2+ goals,Lamine Yamal: 2+ goals,Yes,No,76484701671377331927476414503827082203481886895409022433767823537793245254479,23522935290131553060296641678025826070257086266633129734958389152592692099218,14025.603936999996,187298.89188,0.047,0.049,0.05,0.001,True,0.049,0.047,0.0020000000000000018,5.19351,8667.86153,0.705,0.953,0.951,0.0020000000000000018,14.295,7381.38869,100.79648999999999,No,0.992644,0.989891,0.994319,0.953,0.951,0.002,0.00224,0.037404,-0.005349,0.12,0.822,7381.39,,,,,,WATCH,0
fifwc-esp-arg-2026-07-19,fifwc-esp-arg-2026-07-19-player-props,Spain vs. Argentina - Player Props,2944122,soccer_player_goals,Lamine Yamal: 3+ goals,Lamine Yamal: 3+ goals,Yes,No,82780017491529141803195497515270438235623162100085810628433413589868252119954,94608752590997580660424202297420345564475666629792870303134154442161598699274,2996.1015079999997,165519.32489,0.005,0.008,0.05,0.001,True,0.008,0.005,0.003,827.8960000000001,1318.4360000000001,7.34,0.995,0.992,0.0030000000000000027,1460.66,72278.355,102659.10399999999,No,0.99968,0.99947,0.999782,0.995,0.992,0.003,0.000249,0.004431,-0.035778,0.12,0.832,72278.35,,,,,,PASS,0
fifwc-esp-arg-2026-07-19,fifwc-esp-arg-2026-07-19-player-props,Spain vs. Argentina - Player Props,2944125,soccer_player_goals,Lautaro Martínez: 1+ goals,Lautaro Martínez: 1+ goals,Yes,No,86832872130034327968335279095816593397343780410118289034829391929609127618438,6032875464164973491456843952153556456078380218560672838399751108149574267119,1766.4818669999997,19216.2397,0.16,0.17,0.05,0.01,True,0.17,0.16,0.010000000000000009,20.192600000000002,72.8253,274.9264,0.84,0.83,0.010000000000000009,1443.3636,1655.5919,98.5874,No,0.971199,0.966532,0.974764,0.84,0.83,0.01,0.00672,0.124479,0.079812,0.12,0.798,1655.59,,,,Projected appearance probability is only 42.0%; wait for the official XI.,,WATCH,0
fifwc-esp-arg-2026-07-19,fifwc-esp-arg-2026-07-19-player-props,Spain vs. Argentina - Player Props,2944127,soccer_player_goals,Lautaro Martínez: 2+ goals,Lautaro Martínez: 2+ goals,Yes,No,80370474665837456607426580964481377868667903670357452634326762625620589942069,113795567763468850561637496636942158672468428762809588965745614914774943491558,613.970755,16843.47695,0.018,0.036,0.05,0.001,True,0.036,0.018,0.018,62.557559999999995,115.36381999999999,3.1715999999999998,0.982,0.964,0.018000000000000016,173.02839999999998,7977.97429,1675.15244,No,0.998989,0.998611,0.999223,0.982,0.964,0.018,0.000884,0.016105,-0.024272,0.12,0.831,7977.97,,,,Projected appearance probability is only 42.0%; wait for the official XI.,,WATCH,0
fifwc-esp-arg-2026-07-19,fifwc-esp-arg-2026-07-19-player-props,Spain vs. Argentina - Player Props,2944129,soccer_player_goals,Lautaro Martínez: 3+ goals,Lautaro Martínez: 3+ goals,Yes,No,82051141341774313788501070174364306814104714279922548997562050792198483418396,27278817272661759236536429833999785175283621662649004503033711261688254386374,30.3535,31014.25577,0.002,0.008,0.05,0.001,True,0.008,0.002,0.006,3.17368,226.30268,1.0906600000000002,0.998,0.992,0.006000000000000005,544.2393400000001,2546.8747000000003,393.53632,No,0.999976,0.999961,0.999984,0.998,0.992,0.006,0.0001,0.001876,-0.038139,0.12,0.833,2546.87,,,,Projected appearance probability is only 42.0%; wait for the official XI.,,PASS,0
fifwc-esp-arg-2026-07-19,fifwc-esp-arg-2026-07-19-player-props,Spain vs. Argentina - Player Props,2944131,soccer_player_goals,Lionel Messi: 1+ goals,Lionel Messi: 1+ goals,Yes,No,19029877229417829161248219538711554060197571112541269866129812661168175842109,44180469342130002795156991808410751235359149022913377793304893959649622439879,111181.5735560001,567011.1022,0.32,0.33,0.05,0.01,True,0.33,0.32,0.010000000000000009,3196.8981,16154.3251,8250.2528,0.68,0.67,0.010000000000000009,17531.787200000002,34591.6872,6490.6719,Yes,0.363078,0.325154,0.408854,0.33,0.32,0.01,0.011055,0.022023,-0.055901,0.12,0.158,16154.33,,,,,,WATCH,0
fifwc-esp-arg-2026-07-19,fifwc-esp-arg-2026-07-19-player-props,Spain vs. Argentina - Player Props,2944133,soccer_player_goals,Lionel Messi: 2+ goals,Lionel Messi: 2+ goals,Yes,No,4973350921975507113784969909123792135948444557772131942129422318975040738410,112424074339427804803602856744467829101862501898772723494965160476701637918035,161070.76627499989,564740.9755,0.07,0.08,0.05,0.01,True,0.08,0.07,0.009999999999999995,9063.3272,53440.8349,1167.8212,0.93,0.92,0.010000000000000009,15515.338800000001,25633.652000000002,104228.2628,Yes,0.075757,0.059942,0.099238,0.08,0.07,0.01,0.00368,-0.007923,-0.063738,0.12,0.0,53440.83,,,,,,PASS,0
fifwc-esp-arg-2026-07-19,fifwc-esp-arg-2026-07-19-player-props,Spain vs. Argentina - Player Props,2944135,soccer_player_goals,Lionel Messi: 3+ goals,Lionel Messi: 3+ goals,Yes,No,70270189157563908665663263008952559183623106122239670308645649842365943377434,45485145569077345298784369797861963083089045830175941116363083679383868433332,214077.25296099897,299951.77982,0.018,0.019,0.05,0.001,True,0.019,0.018,0.0010000000000000009,453.89897999999994,7114.10298,178.01207999999997,0.982,0.981,0.0010000000000000009,9711.547919999999,62457.69974,23435.521019999996,No,0.989049,0.982996,0.992356,0.982,0.981,0.001,0.000884,0.006165,-0.039888,0.12,0.815,62457.7,,,,,,PASS,0
fifwc-esp-arg-2026-07-19,fifwc-esp-arg-2026-07-19-player-props,Spain vs. Argentina - Player Props,2944137,soccer_player_goals,Mikel Merino: 1+ goals,Mikel Merino: 1+ goals,Yes,No,66445872446328946234282016822089157642146517512006600936480917756531457617127,105029163163978007398266829652044213851860417906087349994744886518312934557844,3685.528980000001,23319.5653,0.17,0.18,0.05,0.01,True,0.18,0.17,0.009999999999999981,307.4346,2037.1219,397.1829,0.83,0.82,0.010000000000000009,1939.1870999999999,2961.1175999999996,1400.5354,No,0.960217,0.953539,0.965161,0.83,0.82,0.01,0.007055,0.123162,0.076484,0.12,0.785,2961.12,,,,Projected appearance probability is only 70.0%; wait for the official XI.,,WATCH,0
fifwc-esp-arg-2026-07-19,fifwc-esp-arg-2026-07-19-player-props,Spain vs. Argentina - Player Props,2944138,soccer_player_goals,Mikel Merino: 2+ goals,Mikel Merino: 2+ goals,Yes,No,18459207340761931245593664310436937977070055748222452828708860827626798666270,45730366610265360849556303179651038218677204874445440075867662668521860472608,120.2505,15048.08848,0.003,0.026,0.05,0.001,True,0.026,0.003,0.023,10.8485,58.9075,1.5374700000000001,0.997,0.974,0.02300000000000002,510.95253,3220.92954,406.4015,No,0.998847,0.9984,0.999115,0.997,0.974,0.023,0.00015,0.001698,-0.038749,0.12,0.831,3220.93,,,,Projected appearance probability is only 70.0%; wait for the official XI.,,PASS,0
fifwc-esp-arg-2026-07-19,fifwc-esp-arg-2026-07-19-player-props,Spain vs. Argentina - Player Props,2944139,soccer_player_goals,Mikel Oyarzabal: 1+ goals,Mikel Oyarzabal: 1+ goals,Yes,No,77561887762780921352070654862847880349002178635448603650798666383539468738271,9179917939119324516862957664558343433573914614316057649981396231422944385419,2378.2006189999997,60528.1181,0.31,0.32,0.05,0.01,True,0.32,0.31,0.010000000000000009,2883.0176,13798.5179,1653.5121,0.69,0.68,0.009999999999999898,3680.3978999999995,10229.249499999998,6126.412400000001,No,0.703173,0.662137,0.735579,0.69,0.68,0.01,0.010695,0.002478,-0.078558,0.12,0.489,10229.25,,,,,,PASS,0
fifwc-esp-arg-2026-07-19,fifwc-esp-arg-2026-07-19-player-props,Spain vs. Argentina - Player Props,2944140,soccer_player_goals,Mikel Oyarzabal: 2+ goals,Mikel Oyarzabal: 2+ goals,Yes,No,107825654746687251608848872768181108062199141702882849714549467100183070117485,37997440062174555855199351574011184445306101298143671238397805045610121316240,252.031611,44831.08784,0.052,0.069,0.05,0.001,True,0.06,0.052,0.008,60.843599999999995,736.49706,14.755519999999999,0.948,0.94,0.008000000000000007,269.00448,582.36148,953.2163999999999,No,0.950797,0.934289,0.961345,0.948,0.94,0.008,0.002465,0.000332,-0.056176,0.12,0.765,582.36,,,,,,PASS,0
fifwc-esp-arg-2026-07-19,fifwc-esp-arg-2026-07-19-player-props,Spain vs. Argentina - Player Props,2944141,soccer_player_goals,Mikel Oyarzabal: 3+ goals,Mikel Oyarzabal: 3+ goals,Yes,No,111991629839664690672459430125856594975377317290957598742725171836224802947859,111126086592842814015990206661690355147064246000273015043057445574900471158959,0,63962.30552,0.01,0.015,0.05,0.001,True,0.015,0.01,0.004999999999999999,353.58,965.4404,0.1,0.99,0.985,0.0050000000000000044,9.9,2820.7850000000003,23218.42,No,0.994398,0.991059,0.996119,0.99,0.985,0.005,0.000495,0.003903,-0.039436,0.12,0.823,2820.79,,,,,,PASS,0
fifwc-esp-arg-2026-07-19,fifwc-esp-arg-2026-07-19-player-props,Spain vs. Argentina - Player Props,2944142,soccer_player_goals,Nico Williams: 1+ goals,Nico Williams: 1+ goals,Yes,No,111713349270425030165782460157631433958557983719462272127689795545856464688332,24725163987144252494734685626355267991416267850446150453823328880097283211891,34.471817,23762.3236,0.09,0.11,0.05,0.01,True,0.11,0.09,0.020000000000000004,38.241499999999995,75.65029999999999,52.695899999999995,0.91,0.89,0.020000000000000018,532.8141,982.9677,309.4085,No,0.98083,0.977555,0.983241,0.91,0.89,0.02,0.004095,0.066735,0.02346,0.12,0.809,982.97,,,,Projected appearance probability is only 62.0%; wait for the official XI.,,WATCH,0
fifwc-esp-arg-2026-07-19,fifwc-esp-arg-2026-07-19-player-props,Spain vs. Argentina - Player Props,2944143,soccer_player_goals,Nico Williams: 2+ goals,Nico Williams: 2+ goals,Yes,No,107986567041618561142385288122417227081355251085634364895666375474304389066593,1909745167151121329734436794987342980537263802821794852552839008450249573732,0,22845.57133,0.01,0.25,0.05,0.001,True,0.25,0.01,0.24,1.5,1.5,0.1,0.99,0.75,0.24,9.9,2322.285,4.5,No,0.999701,0.999583,0.999771,0.99,0.75,0.24,0.000495,0.009206,-0.030912,0.12,0.832,2322.28,,,,Projected appearance probability is only 62.0%; wait for the official XI.,,PASS,0
fifwc-esp-arg-2026-07-19,fifwc-esp-arg-2026-07-19-player-props,Spain vs. Argentina - Player Props,2944144,soccer_player_goals,Nico Williams: 3+ goals,Nico Williams: 3+ goals,Yes,No,47072592305072300067825668778096727616640714330396020595121304842126245522872,55307111146054267749031118980844246336754181612352151177315135665993354015090,569.3619,30051.37457,0.003,0.013,0.05,0.001,True,0.013,0.003,0.009999999999999998,4.9448099999999995,9.19102,1.6216499999999998,0.997,0.987,0.010000000000000009,538.9283499999999,3353.85964,375.42519,No,0.999997,0.999995,0.999998,0.997,0.987,0.01,0.00015,0.002847,-0.037155,0.12,0.833,3353.86,,,,Projected appearance probability is only 62.0%; wait for the official XI.,,PASS,0
fifwc-esp-arg-2026-07-19,fifwc-esp-arg-2026-07-19-player-props,Spain vs. Argentina - Player Props,2944145,soccer_player_goals,Nicolás González: 1+ goals,Nicolás González: 1+ goals,Yes,No,35237747619074851277275419983589948337455491267306007117193073750781498111193,53953383788156597081406409209263547838237660430400617011843008399522539164893,40.11111,10531.25852,0.021,0.05,0.05,0.001,True,0.05,0.021,0.029,0.263,0.263,3.0775500000000005,0.979,0.95,0.029000000000000026,143.47245,3586.44251,4.997,,,,,,,,,,,,,,,,,,,UNSUPPORTED_OR_LINEUP_FILTER,0
fifwc-esp-arg-2026-07-19,fifwc-esp-arg-2026-07-19-player-props,Spain vs. Argentina - Player Props,2944146,soccer_player_goals,Nicolás González: 2+ goals,Nicolás González: 2+ goals,Yes,No,97465101150058163870108986598966068300969526745519070094777897619865617339760,91956930837383000276206055411099621511287894167776102866105342591853868606377,20.2525,170.288,,0.09,0.05,0.01,True,0.09,,,4.5,14.5,0,,0.91,,0,0,45.5,,,,,,,,,,,,,,,,,,,UNSUPPORTED_OR_LINEUP_FILTER,0
fifwc-esp-arg-2026-07-19,fifwc-esp-arg-2026-07-19-player-props,Spain vs. Argentina - Player Props,2944147,soccer_player_goals,Nicolás Paz: 1+ goals,Nicolás Paz: 1+ goals,Yes,No,6188934682560936081640347920016304285342687649908498908092417120814402461545,13140692265508716808450407119850928771521378417274555643674853299969382835946,0,11268.20418,0.02,0.06,0.05,0.001,True,0.06,0.02,0.039999999999999994,0.31859999999999994,0.31859999999999994,5.4414,0.98,0.94,0.040000000000000036,266.6286,3941.3402,4.9914,,,,,,,,,,,,,,,,,,,UNSUPPORTED_OR_LINEUP_FILTER,0
fifwc-esp-arg-2026-07-19,fifwc-esp-arg-2026-07-19-player-props,Spain vs. Argentina - Player Props,2944148,soccer_player_goals,Nicolás Paz: 2+ goals,Nicolás Paz: 2+ goals,Yes,No,36091736372002202944127225180715026001673877480100927665254348083306996793436,53708280210411167267567273673117656205094714236736745933948628521371805767098,0,8167.6645,0.01,0.13,0.05,0.01,True,0.13,0.01,0.12000000000000001,1.6406,1.6406,0.1,0.99,0.87,0.12,9.9,9.9,10.9794,,,,,,,,,,,,,,,,,,,UNSUPPORTED_OR_LINEUP_FILTER,0
fifwc-esp-arg-2026-07-19,fifwc-esp-arg-2026-07-19-player-props,Spain vs. Argentina - Player Props,2944149,soccer_player_goals,Thiago Almada: 1+ goals,Thiago Almada: 1+ goals,Yes,No,15042900714453698540814308797894972649028352346640973308193426204817899938060,1700635054850557251562328516532662920620728311864448295651696492764563155569,11.256665,8758.31,0.013,0.11,0.05,0.001,True,0.11,0.013,0.097,0.55,1.15,0.19499999999999998,0.987,0.89,0.09699999999999998,14.805,3067.88766,4.45,No,0.993819,0.992784,0.994601,0.987,0.89,0.097,0.000642,0.006178,-0.034858,0.12,0.825,3067.89,,,,Projected appearance probability is only 32.0%; wait for the official XI.,,PASS,0
fifwc-esp-arg-2026-07-19,fifwc-esp-arg-2026-07-19-player-props,Spain vs. Argentina - Player Props,2944150,soccer_player_goals,Thiago Almada: 2+ goals,Thiago Almada: 2+ goals,Yes,No,49366216843338701748324422186977293070015654517052718958940423878238336268399,22993053976829182743013307468440321893408901992943030927744647091906759526768,14.9914,177.548,,0.09,0.05,0.01,True,0.09,,,4.5,14.5,0,,0.91,,0,0,45.5,,6e-05,,,,,,,,,0.12,,,,,,,,ONE_SIDED_OR_UNQUOTED_PASS,0
fifwc-esp-arg-2026-07-19,fifwc-esp-arg-2026-07-19-player-props,Spain vs. Argentina - Player Props,2944151,soccer_player_goals,Yeremi Pino: 1+ goals,Yeremi Pino: 1+ goals,Yes,No,113761654047291258386060934900247445556393399568425471883478719295230727648352,7342824982713942479022078789527870102906559324066917804626114040154535173638,1.0101,10833.24728,0.01,0.06,0.05,0.001,True,0.06,0.01,0.049999999999999996,0.31859999999999994,0.31859999999999994,0.1398,0.99,0.94,0.050000000000000044,13.840200000000001,2615.4802,4.9914,,,,,,,,,,,,,,,,,,,UNSUPPORTED_OR_LINEUP_FILTER,0
fifwc-esp-arg-2026-07-19,fifwc-esp-arg-2026-07-19-player-props,Spain vs. Argentina - Player Props,2944152,soccer_player_goals,Yeremi Pino: 2+ goals,Yeremi Pino: 2+ goals,Yes,No,94316288268894039561248110591323083326980714324938831594096168648019641331801,51419984579357071010978366456843315905537723380577190597577183622098316613886,21.2414,77.0914,,0.14,0.05,0.01,True,0.14,,,1.54,1.54,0,,0.86,,0,0,9.459999999999999,,,,,,,,,,,,,,,,,,,UNSUPPORTED_OR_LINEUP_FILTER,0
fifwc-esp-arg-2026-07-19,fifwc-esp-arg-2026-07-19-player-props,Spain vs. Argentina - Player Props,2944153,soccer_player_assists,Alex Baena: 1+ assists,Alex Baena: 1+ assists,Yes,No,43645483791208375943216369267154907833094659064061219261682089899203698187531,56673844014664388872413252840336256046083130871719483372473612084797932744093,0,13359.4473,0.13,0.15,0.05,0.01,True,0.15,0.13,0.01999999999999999,70.365,175.1298,60.1445,0.87,0.85,0.020000000000000018,402.5055,837.8063,398.735,No,0.950736,0.942424,0.95688,0.87,0.85,0.02,0.005655,0.075081,0.026769,0.12,0.773,837.81,,,,,,WATCH,0
fifwc-esp-arg-2026-07-19,fifwc-esp-arg-2026-07-19-player-props,Spain vs. Argentina - Player Props,2944154,soccer_player_assists,Alex Baena: 2+ assists,Alex Baena: 2+ assists,Yes,No,100386588308029712233853266901122409497656737735381029197068623551095846239872,35111078432260368233467241584046694396363628944062513512391722501226845950134,0,8280.2283,0.01,0.13,0.05,0.01,True,0.13,0.01,0.12000000000000001,1.6406,1.6406,0.1,0.99,0.87,0.12,9.9,9.9,10.9794,No,0.998766,0.998286,0.999053,0.99,0.87,0.12,0.000495,0.008271,-0.032209,0.12,0.831,9.9,,,,,,PASS,0
fifwc-esp-arg-2026-07-19,fifwc-esp-arg-2026-07-19-player-props,Spain vs. Argentina - Player Props,2944155,soccer_player_assists,Alexis Mac Allister: 1+ assists,Alexis Mac Allister: 1+ assists,Yes,No,107380468206005139118576302651998459375573969748632218832975842917741592593261,73240202162503186721205638226178091886627876989531963259881215715763561360295,12.5,14846.9469,0.05,0.08,0.05,0.01,True,0.08,0.05,0.03,23.535999999999998,49.9969,8.479000000000001,0.95,0.92,0.029999999999999916,161.101,505.7106,270.664,No,0.948288,0.939812,0.954739,0.95,0.92,0.03,0.002375,-0.004087,-0.052563,0.12,0.77,505.71,,,,,,PASS,0
fifwc-esp-arg-2026-07-19,fifwc-esp-arg-2026-07-19-player-props,Spain vs. Argentina - Player Props,2944156,soccer_player_assists,Alexis Mac Allister: 2+ assists,Alexis Mac Allister: 2+ assists,Yes,No,96091935990721747640531598885161257596049002579561927200424473664388191861744,107025065264464844151101602461349672676601444415463186618241328369153369467721,25,8542.5104,0.01,0.25,0.05,0.01,True,0.25,0.01,0.24,1.5,1.5,0.1,0.99,0.75,0.24,9.9,9.9,4.5,No,0.998639,0.998126,0.998956,0.99,0.75,0.24,0.000495,0.008144,-0.032369,0.12,0.831,9.9,,,,,,PASS,0
fifwc-esp-arg-2026-07-19,fifwc-esp-arg-2026-07-19-player-props,Spain vs. Argentina - Player Props,2944157,soccer_player_assists,Dani Olmo: 1+ assists,Dani Olmo: 1+ assists,Yes,No,66050873653473201402080967192728313730111920135600511264638383000427267091349,101618957845627142109460503063281861755459644908920260321751512694088976777345,1587.4125990000002,34715.8228,0.07,0.11,0.05,0.01,True,0.11,0.07,0.039999999999999994,33.4818,124.7755,38.0135,0.93,0.89,0.040000000000000036,505.0365,1110.2552,270.8982,No,0.925491,0.913138,0.934677,0.93,0.89,0.04,0.003255,-0.007764,-0.060117,0.12,0.743,1110.26,,,,,,PASS,0
fifwc-esp-arg-2026-07-19,fifwc-esp-arg-2026-07-19-player-props,Spain vs. Argentina - Player Props,2944158,soccer_player_assists,Dani Olmo: 2+ assists,Dani Olmo: 2+ assists,Yes,No,4021346951726405845004819958856733124768225518160615381334673000519764854991,113693314426714187615979922732265468355559473656301818547167005393348268870766,0,35877.45041,0.01,0.029,0.05,0.001,True,0.029,0.01,0.019000000000000003,474.15000000000003,766.696,0.1,0.99,0.971,0.019000000000000017,9.9,2322.285,15875.85,No,0.997153,0.996058,0.99781,0.99,0.971,0.019,0.000495,0.006658,-0.034437,0.12,0.828,2322.28,,,,,,PASS,0
fifwc-esp-arg-2026-07-19,fifwc-esp-arg-2026-07-19-player-props,Spain vs. Argentina - Player Props,2944159,soccer_player_assists,Enzo Fernández: 1+ assists,Enzo Fernández: 1+ assists,Yes,No,79361644427055088940338085657493148157048917870763511717709724753028116496634,71399687802995859638822432269294914460503524953346558019097329458694680803669,353.27024900000004,19787.38152,0.07,0.082,0.05,0.001,True,0.082,0.07,0.011999999999999997,15.99984,20.87784,16.7909,0.93,0.918,0.01200000000000001,223.0791,343.84766,179.12016,Yes,0.091962,0.080704,0.10662,0.082,0.07,0.012,0.003764,0.006199,-0.04506,0.12,0.0,20.88,,,,,,PASS,0
fifwc-esp-arg-2026-07-19,fifwc-esp-arg-2026-07-19-player-props,Spain vs. Argentina - Player Props,2944160,soccer_player_assists,Enzo Fernández: 2+ assists,Enzo Fernández: 2+ assists,Yes,No,53207645056504653084613873471140720951758033853139967636602374103039716356235,15103710583845989833810332198676663623682503999168028230611804111496926075269,0,18124.18398,0.014,0.058,0.05,0.001,True,0.056,0.014,0.042,12.529440000000001,388.30636,3.0482199999999997,0.986,0.944,0.04200000000000004,214.68177999999997,3327.3693399999997,211.21056,No,0.995636,0.994024,0.996641,0.986,0.944,0.042,0.00069,0.008945,-0.032666,0.12,0.826,3327.37,,,,,,PASS,0
fifwc-esp-arg-2026-07-19,fifwc-esp-arg-2026-07-19-player-props,Spain vs. Argentina - Player Props,2944161,soccer_player_assists,Fabián Ruiz: 1+ assists,Fabián Ruiz: 1+ assists,Yes,No,26579726879796158412969394878190348562507673010121347635720713716356303767646,113744919109328570963717789211113454911531348315404781485267997726868670608767,6.25,12621.5477,0.05,0.07,0.05,0.01,True,0.07,0.05,0.020000000000000004,13.013700000000002,43.602500000000006,10.653,0.95,0.93,0.019999999999999907,202.40699999999998,572.5621,172.8963,Yes,0.086598,0.075982,0.100832,0.07,0.05,0.02,0.003255,0.013343,-0.037273,0.12,0.0,43.6,,,,,,WATCH,0
fifwc-esp-arg-2026-07-19,fifwc-esp-arg-2026-07-19-player-props,Spain vs. Argentina - Player Props,2944162,soccer_player_assists,Fabián Ruiz: 2+ assists,Fabián Ruiz: 2+ assists,Yes,No,67234786202504918763005271643415473908655524581659696768251056293114709670953,12163502583011721562066133881945251691331706009248330289303388549788275364886,0,8597.2563,0.01,0.25,0.05,0.01,True,0.25,0.01,0.24,1.5,1.5,0.1,0.99,0.75,0.24,9.9,9.9,8.25,No,0.996137,0.994662,0.997027,0.99,0.75,0.24,0.000495,0.005642,-0.035833,0.12,0.827,9.9,,,,,,PASS,0
fifwc-esp-arg-2026-07-19,fifwc-esp-arg-2026-07-19-player-props,Spain vs. Argentina - Player Props,2944163,soccer_player_assists,Ferrán Torres: 1+ assists,Ferrán Torres: 1+ assists,Yes,No,23469506646798155630257348407460968753616276518820701631010045995768775111384,73664816561817619173150798447172139691287973389023227317070907986754107089800,0,8698.0845,0.01,0.13,0.05,0.01,True,0.13,0.01,0.12000000000000001,1.716,5.616,1.1,0.99,0.87,0.12,108.9,108.9,11.484,No,0.995344,0.994535,0.995935,0.99,0.87,0.12,0.000495,0.004849,-0.03596,0.12,0.827,108.9,,,,Projected appearance probability is only 70.0%; wait for the official XI.,,PASS,0
fifwc-esp-arg-2026-07-19,fifwc-esp-arg-2026-07-19-player-props,Spain vs. Argentina - Player Props,2944164,soccer_player_assists,Ferrán Torres: 2+ assists,Ferrán Torres: 2+ assists,Yes,No,29979952953022054311498913214965276964989008801241831875261593385510856623255,17786053127147063718330800426697033870179718576318928451919868619459326663891,0,8258.8221,0.01,0.13,0.05,0.01,True,0.13,0.01,0.12000000000000001,1.6406,1.6406,0.1,0.99,0.87,0.12,9.9,9.9,10.9794,No,0.999984,0.999978,0.999988,0.99,0.87,0.12,0.000495,0.009489,-0.030517,0.12,0.833,9.9,,,,Projected appearance probability is only 70.0%; wait for the official XI.,,PASS,0
fifwc-esp-arg-2026-07-19,fifwc-esp-arg-2026-07-19-player-props,Spain vs. Argentina - Player Props,2944165,soccer_player_assists,Giuliano Simeone: 1+ assists,Giuliano Simeone: 1+ assists,Yes,No,101974595299503700690869157815813141643456076230121015475073946729631505163064,33292213945445702915224763506325644089667772765506768522586141247251526739780,9.46,11730.87938,0.05,0.06,0.05,0.001,True,0.06,0.05,0.009999999999999995,0.31859999999999994,0.31859999999999994,2.0,0.95,0.94,0.010000000000000009,38.0,38.0,4.9914,No,0.969573,0.964514,0.973405,0.95,0.94,0.01,0.002375,0.017198,-0.027861,0.12,0.796,38.0,,,,,,WATCH,0
fifwc-esp-arg-2026-07-19,fifwc-esp-arg-2026-07-19-player-props,Spain vs. Argentina - Player Props,2944166,soccer_player_assists,Giuliano Simeone: 2+ assists,Giuliano Simeone: 2+ assists,Yes,No,12690819893921814560269198872067218719251896635497352674377613714679723192755,13689550883665272121343352389624032072545842360330778524053583906299992139595,34.46,8756.2627,0.01,0.13,0.05,0.01,True,0.13,0.01,0.12000000000000001,2.5740000000000003,2.5740000000000003,0.15,0.99,0.87,0.12,14.85,14.85,17.226,No,0.999532,0.999354,0.999642,0.99,0.87,0.12,0.000495,0.009037,-0.031141,0.12,0.832,14.85,,,,,,PASS,0
fifwc-esp-arg-2026-07-19,fifwc-esp-arg-2026-07-19-player-props,Spain vs. Argentina - Player Props,2944167,soccer_player_assists,Julián Álvarez: 1+ assists,Julián Álvarez: 1+ assists,Yes,No,92931584628026222655442137868839785569820477773811804034491629981771910304287,31871259969474201970370966666001796204095478546291093543037797187297070834216,13.502856,24064.3568,0.08,0.11,0.05,0.01,True,0.11,0.08,0.03,83.8926,1558.4318,33.148,0.92,0.89,0.030000000000000027,381.20200000000006,842.1475,678.7674,No,0.973579,0.969174,0.976912,0.92,0.89,0.03,0.00368,0.049899,0.005494,0.12,0.801,842.15,,,,,,WATCH,0
fifwc-esp-arg-2026-07-19,fifwc-esp-arg-2026-07-19-player-props,Spain vs. Argentina - Player Props,2944168,soccer_player_assists,Julián Álvarez: 2+ assists,Julián Álvarez: 2+ assists,Yes,No,63469509727597064959058575305875617228930126819292998165231328448264939812537,95555003181603737690767521574165780955921714915928678500351695180257073651354,0,8263.2283,0.01,0.13,0.05,0.01,True,0.13,0.01,0.12000000000000001,1.6406,1.6406,0.1,0.99,0.87,0.12,9.9,9.9,10.9794,No,0.999648,0.999513,0.99973,0.99,0.87,0.12,0.000495,0.009153,-0.030982,0.12,0.832,9.9,,,,,,PASS,0
fifwc-esp-arg-2026-07-19,fifwc-esp-arg-2026-07-19-player-props,Spain vs. Argentina - Player Props,2944169,soccer_player_assists,Lamine Yamal: 1+ assists,Lamine Yamal: 1+ assists,Yes,No,112471448052965729893749684587576405289321845287375706585804308595547450760606,98023061038579741511340671148278522856918571893911160147497462637577661465199,11176.85914,28368.3143,0.2,0.21,0.05,0.01,True,0.21,0.2,0.009999999999999981,54.776399999999995,323.2275,138.612,0.8,0.79,0.010000000000000009,554.448,3022.4293000000002,206.06359999999998,No,0.915254,0.901379,0.925615,0.8,0.79,0.01,0.008,0.107254,0.053379,0.12,0.731,3022.43,,,,,,WATCH,0
fifwc-esp-arg-2026-07-19,fifwc-esp-arg-2026-07-19-player-props,Spain vs. Argentina - Player Props,2944170,soccer_player_assists,Lamine Yamal: 2+ assists,Lamine Yamal: 2+ assists,Yes,No,35884259308621733047783992403907232597300325720957240646192357058003571729210,39543360471296195924440978027411187364346346733235414998208075917103377803651,222.222221,40142.83558,0.039,0.048,0.05,0.001,True,0.048,0.039,0.009000000000000001,52.216319999999996,877.70232,7.2220200000000006,0.961,0.952,0.009000000000000008,177.95798,177.95798,1035.62368,No,0.995971,0.994437,0.996897,0.961,0.952,0.009,0.001874,0.033097,-0.008437,0.12,0.827,177.96,,,,,,WATCH,0
fifwc-esp-arg-2026-07-19,fifwc-esp-arg-2026-07-19-player-props,Spain vs. Argentina - Player Props,2944171,soccer_player_assists,Lautaro Martínez: 1+ assists,Lautaro Martínez: 1+ assists,Yes,No,57175655523580252765921656725482420930434008382858176599673590747563220486766,102850735827754751387372908854902286807838361561064158526838956963476924210509,112.290425,10622.55043,0.015,0.113,0.05,0.001,True,0.1,0.015,0.085,1.5,963.8079999999999,0.22499999999999998,0.985,0.898,0.08699999999999997,14.775,12163.73992,8171.8,No,0.998373,0.998098,0.99858,0.985,0.898,0.087,0.000739,0.012634,-0.027641,0.12,0.831,12163.74,,,,Projected appearance probability is only 42.0%; wait for the official XI.,,WATCH,0
fifwc-esp-arg-2026-07-19,fifwc-esp-arg-2026-07-19-player-props,Spain vs. Argentina - Player Props,2944172,soccer_player_assists,Lautaro Martínez: 2+ assists,Lautaro Martínez: 2+ assists,Yes,No,40947734652949133534419390845063315939444182300783352770747520769303932687495,88122802318252807749675054875755911419951695636788504660520933694970494086098,0,8589.9961,0.01,0.25,0.05,0.01,True,0.25,0.01,0.24,1.5,1.5,0.1,0.99,0.75,0.24,9.9,9.9,4.5,No,0.999997,0.999996,0.999998,0.99,0.75,0.24,0.000495,0.009502,-0.030499,0.12,0.833,9.9,,,,Projected appearance probability is only 42.0%; wait for the official XI.,,PASS,0
fifwc-esp-arg-2026-07-19,fifwc-esp-arg-2026-07-19-player-props,Spain vs. Argentina - Player Props,2944173,soccer_player_assists,Lionel Messi: 1+ assists,Lionel Messi: 1+ assists,Yes,No,96821163669669583127924246166391438125584160363899277310152530217645949000495,48356895308509667485232593263017015113922928908358021330325127247601940891900,38251.58468599999,32035.2348,0.26,0.27,0.05,0.01,True,0.27,0.26,0.010000000000000009,1.35,3461.4151999999995,1456.4160000000002,0.74,0.73,0.010000000000000009,4145.184,7981.1337,3.65,Yes,0.28525,0.281742,0.289874,0.27,0.26,0.01,0.009855,0.005395,-0.038113,0.12,0.116,3461.42,,,,,,PASS,0
fifwc-esp-arg-2026-07-19,fifwc-esp-arg-2026-07-19-player-props,Spain vs. Argentina - Player Props,2944174,soccer_player_assists,Lionel Messi: 2+ assists,Lionel Messi: 2+ assists,Yes,No,29585625558932503381823237145183088535371787329572885584054209974076179087900,93581754423264994286047189103718762135853415626748945634826591311547143268388,4116.181752000001,23129.6768,0.06,0.07,0.05,0.01,True,0.07,0.06,0.010000000000000009,358.97470000000004,539.1258,88.82159999999999,0.94,0.93,0.009999999999999898,1391.5384,2879.1186,4769.2353,No,0.954779,0.953201,0.955947,0.94,0.93,0.01,0.00282,0.011959,-0.029619,0.12,0.784,2879.12,,,,,,WATCH,0
fifwc-esp-arg-2026-07-19,fifwc-esp-arg-2026-07-19-player-props,Spain vs. Argentina - Player Props,2944175,soccer_player_assists,Mikel Merino: 1+ assists,Mikel Merino: 1+ assists,Yes,No,90564578950735171705156699870927546783188536485315813721499120380503613443768,108368184564723260489528810655715654269081858836040605554603947974810564267144,0,8768.8685,0.02,0.12,0.05,0.01,True,0.12,0.02,0.09999999999999999,3.9,29.51,1.0,0.98,0.88,0.09999999999999998,49.0,157.9,28.6,No,0.989565,0.987764,0.990887,0.98,0.88,0.1,0.00098,0.008585,-0.033216,0.12,0.82,157.9,,,,Projected appearance probability is only 70.0%; wait for the official XI.,,PASS,0
fifwc-esp-arg-2026-07-19,fifwc-esp-arg-2026-07-19-player-props,Spain vs. Argentina - Player Props,2944176,soccer_player_assists,Mikel Merino: 2+ assists,Mikel Merino: 2+ assists,Yes,No,79356270174912029220413805691741518694132310303187206276851847059831393726631,63773814457122121701721507283501398281375865925410354782414902375221792362961,0,14172.74867,0.01,0.033,0.05,0.001,True,0.033,0.01,0.023,46.13103,111.06988,0.1,0.99,0.967,0.02300000000000002,9.9,2322.285,1351.77897,No,0.999922,0.999891,0.99994,0.99,0.967,0.023,0.000495,0.009427,-0.030604,0.12,0.832,2322.28,,,,Projected appearance probability is only 70.0%; wait for the official XI.,,PASS,0
fifwc-esp-arg-2026-07-19,fifwc-esp-arg-2026-07-19-player-props,Spain vs. Argentina - Player Props,2944177,soccer_player_assists,Mikel Oyarzabal: 1+ assists,Mikel Oyarzabal: 1+ assists,Yes,No,33730562444216349509732346666302000371138339335150882875211254314776003037613,7950248327645964121277404934828771520266757859687792785094803945846574979951,182.375595,13939.4006,0.08,0.11,0.05,0.01,True,0.11,0.08,0.03,97.6514,1680.8302,36.4488,0.92,0.89,0.030000000000000027,419.1612,984.7785,790.0886,No,0.982883,0.979932,0.985048,0.92,0.89,0.03,0.00368,0.059203,0.016252,0.12,0.812,984.78,,,,,,WATCH,0
fifwc-esp-arg-2026-07-19,fifwc-esp-arg-2026-07-19-player-props,Spain vs. Argentina - Player Props,2944178,soccer_player_assists,Mikel Oyarzabal: 2+ assists,Mikel Oyarzabal: 2+ assists,Yes,No,85973453070387102724703062363806516459122993498900025864654641926479336572575,86985338182134438099994169742944225494016635643695596612219249611460583376054,0,8599.4426,0.01,0.25,0.05,0.01,True,0.33,0.01,0.32,1.9107,10.4855,0.1,0.99,0.67,0.31999999999999995,9.9,9.9,3.8793,No,0.999853,0.999794,0.999887,0.99,0.67,0.32,0.000495,0.009358,-0.030701,0.12,0.832,9.9,,,,,,PASS,0
fifwc-esp-arg-2026-07-19,fifwc-esp-arg-2026-07-19-player-props,Spain vs. Argentina - Player Props,2944179,soccer_player_assists,Nico Williams: 1+ assists,Nico Williams: 1+ assists,Yes,No,87823503834268262286505926441840027119656247120831392696053783813255612533204,13354678771397474213364829018166733333084687644012825391186973498591014862185,0,6283.8491,0.03,0.11,0.05,0.01,True,0.11,0.03,0.08,1.375,3.794,0.9501000000000001,0.97,0.89,0.07999999999999996,30.7199,656.1199,11.125,No,0.992215,0.990869,0.993202,0.97,0.89,0.08,0.001455,0.02076,-0.020586,0.12,0.823,656.12,,,,Projected appearance probability is only 62.0%; wait for the official XI.,,WATCH,0
fifwc-esp-arg-2026-07-19,fifwc-esp-arg-2026-07-19-player-props,Spain vs. Argentina - Player Props,2944180,soccer_player_assists,Nico Williams: 2+ assists,Nico Williams: 2+ assists,Yes,No,113289938679853871133608634033500691481229996181195808892263471352149955492013,76752225072226066082004085027806504102556627591070609253515561057260448999954,0,8270.728,0.01,0.13,0.05,0.01,True,0.13,0.01,0.12000000000000001,1.6406,1.6406,0.6,0.99,0.87,0.12,59.4,59.4,10.9794,No,0.999951,0.999931,0.999962,0.99,0.87,0.12,0.000495,0.009456,-0.030564,0.12,0.832,59.4,,,,Projected appearance probability is only 62.0%; wait for the official XI.,,PASS,0
fifwc-esp-arg-2026-07-19,fifwc-esp-arg-2026-07-19-player-props,Spain vs. Argentina - Player Props,2944181,soccer_player_assists,Nicolás González: 1+ assists,Nicolás González: 1+ assists,Yes,No,36217359214511414381738813660084101974878206526768611970850730059428089413486,109541110463727351636036716905617814045387940664119548639757209260300872423809,0,8101.8588,0.02,0.08,0.05,0.01,True,0.08,0.02,0.06,0.4344,0.4344,1.0,0.98,0.92,0.05999999999999994,49.0,157.9,4.9956,,,,,,,,,,,,,,,,,,,UNSUPPORTED_OR_LINEUP_FILTER,0
fifwc-esp-arg-2026-07-19,fifwc-esp-arg-2026-07-19-player-props,Spain vs. Argentina - Player Props,2944182,soccer_player_assists,Nicolás González: 2+ assists,Nicolás González: 2+ assists,Yes,No,84752863276600394941390876490117713094354207732863177180232229631899675704500,30891587502576337725997724504013681620212578551592586367751599536874586619229,0,8395.3935,0.01,0.25,0.05,0.01,True,0.25,0.01,0.24,1.5,1.5,0.1,0.99,0.75,0.24,9.9,9.9,4.5,,,,,,,,,,,,,,,,,,,UNSUPPORTED_OR_LINEUP_FILTER,0
fifwc-esp-arg-2026-07-19,fifwc-esp-arg-2026-07-19-player-props,Spain vs. Argentina - Player Props,2944183,soccer_player_goals_plus_assists,Alex Baena: 1+ goals + assists,Alex Baena: 1+ goals + assists,Yes,No,78216902532119573501870280722318894089888347391457486856140404560881447440471,54961232907348586007306748144562562697775095550335754840906907064060936512108,0,8744.1537,0.01,0.39,0.05,0.01,True,0.39,0.01,0.38,156.0,156.0,0.6,0.99,0.61,0.38,59.4,59.4,244.0,No,0.838574,0.813485,0.857639,0.99,0.61,0.38,0.000495,-0.151921,-0.21701,0.12,0.641,59.4,,,,,,PASS,0
fifwc-esp-arg-2026-07-19,fifwc-esp-arg-2026-07-19-player-props,Spain vs. Argentina - Player Props,2944184,soccer_player_goals_plus_assists,Alex Baena: 2+ goals + assists,Alex Baena: 2+ goals + assists,Yes,No,75975730502675467040258088041802956175042449030462013427825981390446426098876,92404484139311764977322400210167106525580109247511436089470907880009230172931,0,17.4498,0.02,0.95,0.05,0.01,True,0.95,0.02,0.9299999999999999,9.3005,38.8808,5.62,0.98,0.05,0.9299999999999999,275.38,488.23,0.4895,No,0.986207,0.981156,0.989311,0.98,0.05,0.93,0.00098,0.005227,-0.039824,0.12,0.813,488.23,,,,,,PASS,0
fifwc-esp-arg-2026-07-19,fifwc-esp-arg-2026-07-19-player-props,Spain vs. Argentina - Player Props,2944185,soccer_player_goals_plus_assists,Alex Baena: 3+ goals + assists,Alex Baena: 3+ goals + assists,Yes,No,95995665404138976325713016902065648114334038141853710515769979065650849473670,100173662273955986676592821363974350249076611761374256753061716254188239036660,0,10.1899,0.01,0.95,0.05,0.01,True,0.95,0.01,0.94,9.537999999999998,39.292899999999996,0.6,0.99,0.05,0.94,59.4,59.4,0.502,No,0.999203,0.998691,0.999456,0.99,0.05,0.94,0.000495,0.008708,-0.031804,0.12,0.831,59.4,,,,,,PASS,0
fifwc-esp-arg-2026-07-19,fifwc-esp-arg-2026-07-19-player-props,Spain vs. Argentina - Player Props,2944186,soccer_player_goals_plus_assists,Alex Baena: 4+ goals + assists,Alex Baena: 4+ goals + assists,Yes,No,12883193309935431636549588516483313818585826837069028117149112211697179666069,95000697464564085184197927368749783757864381754683848819983988214322347601526,0,10.1899,0.01,0.95,0.05,0.01,True,0.95,0.01,0.94,9.177,39.5527,0.6,0.99,0.05,0.94,59.4,59.4,0.48300000000000004,No,0.999965,0.999931,0.999979,0.99,0.05,0.94,0.000495,0.00947,-0.030564,0.12,0.832,59.4,,,,,,PASS,0
fifwc-esp-arg-2026-07-19,fifwc-esp-arg-2026-07-19-player-props,Spain vs. Argentina - Player Props,2944187,soccer_player_goals_plus_assists,Alexis Mac Allister: 1+ goals + assists,Alexis Mac Allister: 1+ goals + assists,Yes,No,99038867406751713517935593417941811012008573837264730620048989471326343325084,4599597765500369867132013296170319763175099072612203457931997704477670386295,0,9238.1199,0.03,0.1,0.05,0.01,True,0.1,0.03,0.07,0.5519999999999999,0.5519999999999999,0.9501000000000001,0.97,0.9,0.06999999999999995,30.7199,566.4899,4.968,Yes,0.122164,0.107427,0.141213,0.1,0.03,0.07,0.0045,0.017664,-0.037073,0.12,0.0,0.55,,,,,,WATCH,0
fifwc-esp-arg-2026-07-19,fifwc-esp-arg-2026-07-19-player-props,Spain vs. Argentina - Player Props,2944188,soccer_player_goals_plus_assists,Alexis Mac Allister: 2+ goals + assists,Alexis Mac Allister: 2+ goals + assists,Yes,No,48502653714095461101220070094124927637854728948223677987409887966313265936825,963502889589189736186568840366773666009945819696630487475775822137250533807,0,10.1899,0.01,0.95,0.05,0.01,True,0.95,0.01,0.94,9.177,39.5527,0.6,0.99,0.05,0.94,59.4,59.4,0.48300000000000004,No,0.992214,0.989387,0.993991,0.99,0.05,0.94,0.000495,0.001719,-0.041108,0.12,0.822,59.4,,,,,,PASS,0
fifwc-esp-arg-2026-07-19,fifwc-esp-arg-2026-07-19-player-props,Spain vs. Argentina - Player Props,2944189,soccer_player_goals_plus_assists,Alexis Mac Allister: 3+ goals + assists,Alexis Mac Allister: 3+ goals + assists,Yes,No,65125452692342336999795814972896180768736244888201000664174924194013001819877,32892096891801070309554037470004033820793163784999209815084030905878147933864,0,10.1698,0.01,0.95,0.05,0.01,True,0.95,0.01,0.94,9.290999999999999,38.8422,0.6,0.99,0.05,0.94,59.4,59.4,0.489,No,0.999666,0.999455,0.999773,0.99,0.05,0.94,0.000495,0.009171,-0.03104,0.12,0.832,59.4,,,,,,PASS,0
fifwc-esp-arg-2026-07-19,fifwc-esp-arg-2026-07-19-player-props,Spain vs. Argentina - Player Props,2944190,soccer_player_goals_plus_assists,Alexis Mac Allister: 4+ goals + assists,Alexis Mac Allister: 4+ goals + assists,Yes,No,10423436921471858985615462269773994445126166034906809641009007613874714988257,33731405699885820179080842981718753564530531716101413060776213509136495811438,0,10.3499,0.01,0.95,0.05,0.01,True,0.95,0.01,0.94,9.177,39.5527,0.65,0.99,0.05,0.94,64.35,64.35,0.48300000000000004,No,0.999989,0.999979,0.999994,0.99,0.05,0.94,0.000495,0.009494,-0.030516,0.12,0.833,64.35,,,,,,PASS,0
fifwc-esp-arg-2026-07-19,fifwc-esp-arg-2026-07-19-player-props,Spain vs. Argentina - Player Props,2944191,soccer_player_goals_plus_assists,Dani Olmo: 1+ goals + assists,Dani Olmo: 1+ goals + assists,Yes,No,16368148068890637308364078176532257780069026176736573567513513719073492734111,98572984828110839600332215793095611797106446412821882508253869401006019773555,0,8885.7435,0.03,0.33,0.05,0.01,True,0.33,0.03,0.30000000000000004,66.0,66.0,0.9501000000000001,0.97,0.67,0.29999999999999993,30.7199,582.1199,134.0,No,0.871428,0.850934,0.886871,0.97,0.67,0.3,0.001455,-0.100027,-0.160521,0.12,0.68,582.12,,,,,,PASS,0
fifwc-esp-arg-2026-07-19,fifwc-esp-arg-2026-07-19-player-props,Spain vs. Argentina - Player Props,2944192,soccer_player_goals_plus_assists,Dani Olmo: 2+ goals + assists,Dani Olmo: 2+ goals + assists,Yes,No,28941662054056478339055812403311550433096595162179663446740731242606326695191,27300676828385183508577342088262727292032650816534640901843734127232908464969,0,10.1698,0.01,0.95,0.05,0.01,True,0.95,0.01,0.94,9.290999999999999,38.8422,0.6,0.99,0.05,0.94,59.4,59.4,0.489,No,0.991356,0.988129,0.993321,0.99,0.05,0.94,0.000495,0.000861,-0.042366,0.12,0.82,59.4,,,,,,PASS,0
fifwc-esp-arg-2026-07-19,fifwc-esp-arg-2026-07-19-player-props,Spain vs. Argentina - Player Props,2944193,soccer_player_goals_plus_assists,Dani Olmo: 3+ goals + assists,Dani Olmo: 3+ goals + assists,Yes,No,4655006226381207278743830195689339837327779447066294954498086552073846787178,83765484960609268649040725234612056305256478772431496096894732071626603748755,0,10.1698,0.01,0.95,0.05,0.01,True,0.95,0.01,0.94,9.290999999999999,38.8422,0.6,0.99,0.05,0.94,59.4,59.4,0.489,No,0.999608,0.999353,0.999733,0.99,0.05,0.94,0.000495,0.009113,-0.031142,0.12,0.832,59.4,,,,,,PASS,0
fifwc-esp-arg-2026-07-19,fifwc-esp-arg-2026-07-19-player-props,Spain vs. Argentina - Player Props,2944194,soccer_player_goals_plus_assists,Dani Olmo: 4+ goals + assists,Dani Olmo: 4+ goals + assists,Yes,No,21715347663856600798967321911165820290307870512155124809297107849532111265719,27334087962974722609510322700381477869572948486070671794576337104280102756570,0,10.2699,0.01,0.95,0.05,0.01,True,0.95,0.01,0.94,9.177,39.5527,0.6,0.99,0.05,0.94,59.4,59.4,0.48300000000000004,No,0.999987,0.999973,0.999992,0.99,0.05,0.94,0.000495,0.009492,-0.030522,0.12,0.833,59.4,,,,,,PASS,0
fifwc-esp-arg-2026-07-19,fifwc-esp-arg-2026-07-19-player-props,Spain vs. Argentina - Player Props,2944195,soccer_player_goals_plus_assists,Enzo Fernández: 1+ goals + assists,Enzo Fernández: 1+ goals + assists,Yes,No,32018103855587705141013860148762267861843984601916940615639233140852092905830,43294713028966434847318245527351882022329945112262073890804444502316928908217,0,8810.8827,0.03,0.32,0.05,0.01,True,0.32,0.03,0.29000000000000004,128.0,128.0,0.9501000000000001,0.97,0.68,0.2899999999999999,30.7199,582.1199,272.0,Yes,0.193843,0.171318,0.222432,0.32,0.03,0.29,0.01088,-0.137037,-0.199562,0.12,0.01,128.0,,,,,,PASS,0
fifwc-esp-arg-2026-07-19,fifwc-esp-arg-2026-07-19-player-props,Spain vs. Argentina - Player Props,2944196,soccer_player_goals_plus_assists,Enzo Fernández: 2+ goals + assists,Enzo Fernández: 2+ goals + assists,Yes,No,97002436994727633541124918604661666035318043050755196593011912829584460236599,71525002106605884575685178681361297196549257264162112234211415402432423366915,0,10.75,0.01,0.95,0.05,0.01,True,0.95,0.01,0.94,9.7755,39.7147,0.6,0.99,0.05,0.94,59.4,59.4,0.5145,No,0.979865,0.972851,0.984355,0.99,0.05,0.94,0.000495,-0.01063,-0.057644,0.12,0.805,59.4,,,,,,PASS,0
fifwc-esp-arg-2026-07-19,fifwc-esp-arg-2026-07-19-player-props,Spain vs. Argentina - Player Props,2944197,soccer_player_goals_plus_assists,Enzo Fernández: 3+ goals + assists,Enzo Fernández: 3+ goals + assists,Yes,No,88902258668239422887130104716020608455018688251161813643167091089551136833123,41839568328382020371304844341728405112664851441673784984977991680928650401499,0,10.1699,0.01,0.95,0.05,0.01,True,0.95,0.01,0.94,9.5855,39.3792,0.6,0.99,0.05,0.94,59.4,59.4,0.5045000000000001,No,0.99858,0.997715,0.999029,0.99,0.05,0.94,0.000495,0.008085,-0.03278,0.12,0.83,59.4,,,,,,PASS,0
fifwc-esp-arg-2026-07-19,fifwc-esp-arg-2026-07-19-player-props,Spain vs. Argentina - Player Props,2944198,soccer_player_goals_plus_assists,Enzo Fernández: 4+ goals + assists,Enzo Fernández: 4+ goals + assists,Yes,No,21982952668032250277519479016511462040519740631333504285528676371295485144494,37823478658775830553373853624759780748419369629404857542274120039442205416489,0,10.3496,0.01,0.95,0.05,0.01,True,0.95,0.01,0.94,9.994,38.4879,0.65,0.99,0.05,0.94,64.35,64.35,0.526,No,0.999924,0.999853,0.999954,0.99,0.05,0.94,0.000495,0.009429,-0.030642,0.12,0.832,64.35,,,,,,PASS,0
fifwc-esp-arg-2026-07-19,fifwc-esp-arg-2026-07-19-player-props,Spain vs. Argentina - Player Props,2944199,soccer_player_goals_plus_assists,Fabián Ruiz: 1+ goals + assists,Fabián Ruiz: 1+ goals + assists,Yes,No,56150318665746628061321271025786396791686531621015865274128700644626008702294,54942209209365612732082061693771544352128224785798632070895723150915164400389,0,8914.294,0.01,0.34,0.05,0.01,True,0.34,0.01,0.33,17.0,176.5,0.6,0.99,0.66,0.32999999999999996,59.4,59.4,33.0,Yes,0.208719,0.184692,0.239938,0.34,0.01,0.33,0.01122,-0.142501,-0.206528,0.12,0.023,176.5,,,,,,PASS,0
fifwc-esp-arg-2026-07-19,fifwc-esp-arg-2026-07-19-player-props,Spain vs. Argentina - Player Props,2944200,soccer_player_goals_plus_assists,Fabián Ruiz: 2+ goals + assists,Fabián Ruiz: 2+ goals + assists,Yes,No,61811094236183288185683204470892576580305506447785487225852777825102076392316,45427470666590501092379831250072743783752299288362568808535447097015722181316,0,10.3298,0.01,0.95,0.05,0.01,True,0.95,0.01,0.94,9.290999999999999,38.832499999999996,0.65,0.99,0.05,0.94,64.35,64.35,0.489,No,0.976522,0.968166,0.981722,0.99,0.05,0.94,0.000495,-0.013973,-0.062329,0.12,0.8,64.35,,,,,,PASS,0
fifwc-esp-arg-2026-07-19,fifwc-esp-arg-2026-07-19-player-props,Spain vs. Argentina - Player Props,2944201,soccer_player_goals_plus_assists,Fabián Ruiz: 3+ goals + assists,Fabián Ruiz: 3+ goals + assists,Yes,No,49647959983363621982002518169079871959467843779147310861338559656804821432458,67112904246650617540433714363656668055877644818789252279735172373356783993282,0,10.1698,0.01,0.95,0.05,0.01,True,0.95,0.01,0.94,9.481,39.3232,0.6,0.99,0.05,0.94,59.4,59.4,0.49900000000000005,No,0.998204,0.99708,0.998769,0.99,0.05,0.94,0.000495,0.007709,-0.033415,0.12,0.83,59.4,,,,,,PASS,0
fifwc-esp-arg-2026-07-19,fifwc-esp-arg-2026-07-19-player-props,Spain vs. Argentina - Player Props,2944202,soccer_player_goals_plus_assists,Fabián Ruiz: 4+ goals + assists,Fabián Ruiz: 4+ goals + assists,Yes,No,18918099816794413600376691269413081880069185012137969515820468165191846043218,3269286298933290620621314118101582868296898084096158405636101970954376699705,0,10.1698,0.01,0.95,0.05,0.01,True,0.95,0.01,0.94,9.290999999999999,38.832499999999996,0.6,0.99,0.05,0.94,59.4,59.4,0.489,No,0.999896,0.999795,0.999937,0.99,0.05,0.94,0.000495,0.009401,-0.0307,0.12,0.832,59.4,,,,,,PASS,0
fifwc-esp-arg-2026-07-19,fifwc-esp-arg-2026-07-19-player-props,Spain vs. Argentina - Player Props,2944203,soccer_player_goals_plus_assists,Ferrán Torres: 1+ goals + assists,Ferrán Torres: 1+ goals + assists,Yes,No,84523674698381859511604711819951068487959911034166575482114616408425424005311,7638223035888765003606456791109948961423314048989685543363530636332347551515,0,8411.1626,0.04,0.56,0.05,0.01,True,0.56,0.04,0.52,3.9032000000000004,73.7636,0.9500000000000001,0.96,0.44,0.52,22.8,316.8,3.0667999999999997,No,0.976769,0.972806,0.979687,0.96,0.44,0.52,0.00192,0.014849,-0.029114,0.12,0.804,316.8,,,,Projected appearance probability is only 70.0%; wait for the official XI.,,WATCH,0
fifwc-esp-arg-2026-07-19,fifwc-esp-arg-2026-07-19-player-props,Spain vs. Argentina - Player Props,2944204,soccer_player_goals_plus_assists,Ferrán Torres: 2+ goals + assists,Ferrán Torres: 2+ goals + assists,Yes,No,102754385186525280631310513984765282285594995939975893992430303923312379000800,22314512654505934801796627432128999518731513493520111891211100880131664468734,0,10.7531,0.01,0.95,0.05,0.01,True,0.95,0.01,0.94,9.6045,39.4176,0.6,0.99,0.05,0.94,59.4,59.4,0.5055,No,0.99961,0.999457,0.999701,0.99,0.05,0.94,0.000495,0.009115,-0.031038,0.12,0.832,59.4,,,,Projected appearance probability is only 70.0%; wait for the official XI.,,PASS,0
fifwc-esp-arg-2026-07-19,fifwc-esp-arg-2026-07-19-player-props,Spain vs. Argentina - Player Props,2944205,soccer_player_goals_plus_assists,Ferrán Torres: 3+ goals + assists,Ferrán Torres: 3+ goals + assists,Yes,No,104083615402819140260351562152907498439488015068742664858306640463071884164904,109804551724290108036572043248516519452731454130501089897591943471262939869292,0,17.23,0.02,0.95,0.05,0.01,True,0.95,0.02,0.9299999999999999,9.3005,38.842,5.5600000000000005,0.98,0.05,0.9299999999999999,272.44,480.34000000000003,0.4895,No,0.999996,0.999993,0.999997,0.98,0.05,0.93,0.00098,0.019016,-0.020987,0.12,0.833,480.34,,,,Projected appearance probability is only 70.0%; wait for the official XI.,,WATCH,0
fifwc-esp-arg-2026-07-19,fifwc-esp-arg-2026-07-19-player-props,Spain vs. Argentina - Player Props,2944206,soccer_player_goals_plus_assists,Ferrán Torres: 4+ goals + assists,Ferrán Torres: 4+ goals + assists,Yes,No,98824789692042872739385824830493432289343531010208076990009397169349066418183,69628606729847713860781376407817410748825341813998103239552084681262324123713,0,10.17,0.01,0.95,0.05,0.01,True,0.95,0.01,0.94,9.2815,38.8327,0.6,0.99,0.05,0.94,59.4,59.4,0.4885,No,1.0,1.0,1.0,0.99,0.05,0.94,0.000495,0.009505,-0.030495,0.12,0.833,59.4,,,,Projected appearance probability is only 70.0%; wait for the official XI.,,PASS,0
fifwc-esp-arg-2026-07-19,fifwc-esp-arg-2026-07-19-player-props,Spain vs. Argentina - Player Props,2944207,soccer_player_goals_plus_assists,Giuliano Simeone: 1+ goals + assists,Giuliano Simeone: 1+ goals + assists,Yes,No,47795021948365128368414685020127453310181293779734733130428053235369351618591,45217830083139449663307258628162744736826877315446155717086572309278817171911,0,8885.0848,0.01,0.34,0.05,0.01,True,0.34,0.01,0.33,136.0,136.0,0.6,0.99,0.66,0.32999999999999996,59.4,59.4,264.0,No,0.907159,0.892371,0.91852,0.99,0.66,0.33,0.000495,-0.083336,-0.138124,0.12,0.722,59.4,,,,,,PASS,0
fifwc-esp-arg-2026-07-19,fifwc-esp-arg-2026-07-19-player-props,Spain vs. Argentina - Player Props,2944208,soccer_player_goals_plus_assists,Giuliano Simeone: 2+ goals + assists,Giuliano Simeone: 2+ goals + assists,Yes,No,55578244850243498669354150330498239386719230991475292343550701213074516223970,54129057726348998009439644460846153272451338156729073632991630356325130690922,0,10.8098,0.01,0.95,0.05,0.01,True,0.95,0.01,0.94,9.671,39.5229,0.6,0.99,0.05,0.94,59.4,59.4,0.509,No,0.99555,0.993909,0.996575,0.99,0.05,0.94,0.000495,0.005055,-0.036586,0.12,0.826,59.4,,,,,,PASS,0
fifwc-esp-arg-2026-07-19,fifwc-esp-arg-2026-07-19-player-props,Spain vs. Argentina - Player Props,2944209,soccer_player_goals_plus_assists,Giuliano Simeone: 3+ goals + assists,Giuliano Simeone: 3+ goals + assists,Yes,No,79324845288142229538629636075118148109786786846309707089707683882234703169150,11637596622312863931453921926330399036355301577252200641354611873328112101127,0,10.1698,0.01,0.95,0.05,0.01,True,0.95,0.01,0.94,9.481,39.3232,0.6,0.99,0.05,0.94,59.4,59.4,0.49900000000000005,No,0.999857,0.999765,0.999903,0.99,0.05,0.94,0.000495,0.009362,-0.03073,0.12,0.832,59.4,,,,,,PASS,0
fifwc-esp-arg-2026-07-19,fifwc-esp-arg-2026-07-19-player-props,Spain vs. Argentina - Player Props,2944210,soccer_player_goals_plus_assists,Giuliano Simeone: 4+ goals + assists,Giuliano Simeone: 4+ goals + assists,Yes,No,83344588033242216559063683239544876829699021109253266382960561622151786053689,61431876259482275089869726117968520045930733146630210336777221713454196298542,0,10.0977,0.01,0.95,0.05,0.01,True,0.95,0.01,0.94,8.7115,39.7468,0.6,0.99,0.05,0.94,59.4,59.4,0.4585,No,0.999997,0.999993,0.999998,0.99,0.05,0.94,0.000495,0.009502,-0.030502,0.12,0.833,59.4,,,,,,PASS,0
fifwc-esp-arg-2026-07-19,fifwc-esp-arg-2026-07-19-player-props,Spain vs. Argentina - Player Props,2944211,soccer_player_goals_plus_assists,Julián Álvarez: 1+ goals + assists,Julián Álvarez: 1+ goals + assists,Yes,No,29206910212521847700860628324873878559760492370737416247740367608624820768678,13078381157460858763313767849263107294126578177598791226800558303510997923032,0,8764.6783,0.03,0.42,0.05,0.01,True,0.42,0.03,0.39,21.0,107.0,0.9498,0.97,0.58,0.39,30.7102,559.5302,28.999999999999996,No,0.868811,0.848492,0.884566,0.97,0.58,0.39,0.001455,-0.102644,-0.162963,0.12,0.677,559.53,,,,,,PASS,0
fifwc-esp-arg-2026-07-19,fifwc-esp-arg-2026-07-19-player-props,Spain vs. Argentina - Player Props,2944212,soccer_player_goals_plus_assists,Julián Álvarez: 2+ goals + assists,Julián Álvarez: 2+ goals + assists,Yes,No,18137652439420070322217430956871722512859202046005441933565912361168951894314,19842333948788416711265312273741012343345391093286864577030948214743291271472,0,10.1698,0.01,0.95,0.05,0.01,True,0.95,0.01,0.94,9.290999999999999,38.832499999999996,0.6,0.99,0.05,0.94,59.4,59.4,0.489,No,0.990992,0.987737,0.993042,0.99,0.05,0.94,0.000495,0.000497,-0.042758,0.12,0.82,59.4,,,,,,PASS,0
fifwc-esp-arg-2026-07-19,fifwc-esp-arg-2026-07-19-player-props,Spain vs. Argentina - Player Props,2944213,soccer_player_goals_plus_assists,Julián Álvarez: 3+ goals + assists,Julián Álvarez: 3+ goals + assists,Yes,No,67268409732234669542476584705414872123852308610320839589533309502655529294309,53351898074805999832037894513869344772788453179453816612685025134425080467125,0,10.1499,0.01,0.95,0.05,0.01,True,0.95,0.01,0.94,9.481,39.3232,0.6,0.99,0.05,0.94,59.4,59.4,0.49900000000000005,No,0.999583,0.999321,0.999716,0.99,0.05,0.94,0.000495,0.009088,-0.031174,0.12,0.832,59.4,,,,,,PASS,0
fifwc-esp-arg-2026-07-19,fifwc-esp-arg-2026-07-19-player-props,Spain vs. Argentina - Player Props,2944214,soccer_player_goals_plus_assists,Julián Álvarez: 4+ goals + assists,Julián Álvarez: 4+ goals + assists,Yes,No,22294157364515989679500058793449764448222652977012594742122685522863904829379,42178021472848315437666729872574248374561713815538911537415840009282544838726,0,10.3298,0.01,0.95,0.05,0.01,True,0.95,0.01,0.94,9.290999999999999,38.8422,0.65,0.99,0.05,0.94,64.35,64.35,0.489,No,0.999985,0.999971,0.999991,0.99,0.05,0.94,0.000495,0.00949,-0.030524,0.12,0.833,64.35,,,,,,PASS,0
fifwc-esp-arg-2026-07-19,fifwc-esp-arg-2026-07-19-player-props,Spain vs. Argentina - Player Props,2944215,soccer_player_goals_plus_assists,Lamine Yamal: 1+ goals + assists,Lamine Yamal: 1+ goals + assists,Yes,No,93027588990928813551535765175250434825316986058206697842863936706646025757697,33584414885576384205301173846378207333020517174433063794469325509160813769658,0,6994.7149,0.07,0.46,0.05,0.01,True,0.46,0.07,0.39,276.0,276.0,0.9499000000000001,0.93,0.54,0.39,12.6201,106.62010000000001,324.0,No,0.811879,0.783641,0.833586,0.93,0.54,0.39,0.003255,-0.121376,-0.189614,0.12,0.611,106.62,,,,,,PASS,0
fifwc-esp-arg-2026-07-19,fifwc-esp-arg-2026-07-19-player-props,Spain vs. Argentina - Player Props,2944216,soccer_player_goals_plus_assists,Lamine Yamal: 2+ goals + assists,Lamine Yamal: 2+ goals + assists,Yes,No,49754742019720582998618982207807964436960470249400794773477231643551802541571,22149003428726257040109888362809388208359347842825522725805622952313520066833,0,10.3499,0.01,0.95,0.05,0.01,True,0.95,0.01,0.94,9.613999999999999,39.4271,0.65,0.99,0.05,0.94,64.35,64.35,0.506,No,0.979303,0.971918,0.983894,0.99,0.05,0.94,0.000495,-0.011192,-0.058577,0.12,0.804,64.35,,,,,,PASS,0
fifwc-esp-arg-2026-07-19,fifwc-esp-arg-2026-07-19-player-props,Spain vs. Argentina - Player Props,2944217,soccer_player_goals_plus_assists,Lamine Yamal: 3+ goals + assists,Lamine Yamal: 3+ goals + assists,Yes,No,581599052862921738693377658815095795844452431972415290329707213872272208046,101959284882906950465334141886549376033511838381562506934203033708157045393760,0,17.2498,0.02,0.95,0.05,0.01,True,0.95,0.02,0.9299999999999999,9.462,38.7513,5.5600000000000005,0.98,0.05,0.9299999999999999,272.44,480.34000000000003,0.49800000000000005,No,0.998452,0.997481,0.998939,0.98,0.05,0.93,0.00098,0.017472,-0.023499,0.12,0.83,480.34,,,,,,WATCH,0
fifwc-esp-arg-2026-07-19,fifwc-esp-arg-2026-07-19-player-props,Spain vs. Argentina - Player Props,2944218,soccer_player_goals_plus_assists,Lamine Yamal: 4+ goals + assists,Lamine Yamal: 4+ goals + assists,Yes,No,54650094288271341709904084520376641090064050483235693917900795919375349322423,58254156703562910497548984719021859206694034332808760618363250486773080281085,0,17.2298,0.02,0.95,0.05,0.01,True,0.95,0.02,0.9299999999999999,9.613999999999999,39.4271,5.5600000000000005,0.98,0.05,0.9299999999999999,272.44,480.34000000000003,0.506,No,0.999913,0.999827,0.999947,0.98,0.05,0.93,0.00098,0.018933,-0.021153,0.12,0.832,480.34,,,,,,WATCH,0
fifwc-esp-arg-2026-07-19,fifwc-esp-arg-2026-07-19-player-props,Spain vs. Argentina - Player Props,2944219,soccer_player_goals_plus_assists,Lautaro Martínez: 1+ goals + assists,Lautaro Martínez: 1+ goals + assists,Yes,No,99168031338863889050581113854762802398374585910868815025715097371216391064099,11967728794400991728857797977760167060936934878379534977507994140456528954803,0,8423.4412,0.03,0.52,0.05,0.01,True,0.52,0.03,0.49,3.3176,16.8485,0.9501000000000001,0.97,0.48,0.49,30.7199,504.1999,3.0624,No,0.969683,0.964783,0.973429,0.97,0.48,0.49,0.001455,-0.001772,-0.046672,0.12,0.796,504.2,,,,Projected appearance probability is only 42.0%; wait for the official XI.,,PASS,0
fifwc-esp-arg-2026-07-19,fifwc-esp-arg-2026-07-19-player-props,Spain vs. Argentina - Player Props,2944220,soccer_player_goals_plus_assists,Lautaro Martínez: 2+ goals + assists,Lautaro Martínez: 2+ goals + assists,Yes,No,4883797840971418718093551973129449703719855204048457097638377781174952832275,109436241640445539192748991291211670350281658777729297133042526889584387180034,0,10.1498,0.01,0.95,0.05,0.01,True,0.95,0.01,0.94,9.613999999999999,39.4271,0.6,0.99,0.05,0.94,59.4,59.4,0.506,No,0.998879,0.99846,0.999138,0.99,0.05,0.94,0.000495,0.008384,-0.032035,0.12,0.831,59.4,,,,Projected appearance probability is only 42.0%; wait for the official XI.,,PASS,0
fifwc-esp-arg-2026-07-19,fifwc-esp-arg-2026-07-19-player-props,Spain vs. Argentina - Player Props,2944221,soccer_player_goals_plus_assists,Lautaro Martínez: 3+ goals + assists,Lautaro Martínez: 3+ goals + assists,Yes,No,6031533394584708324727747549800029048610303469134793167390244972466827948040,55135037113420297405547637783275240166204948051171426014639406710863765737122,0,10.1699,0.01,0.95,0.05,0.01,True,0.95,0.01,0.94,9.290999999999999,38.832499999999996,0.6,0.99,0.05,0.94,59.4,59.4,0.489,No,0.999972,0.999954,0.999981,0.99,0.05,0.94,0.000495,0.009477,-0.030541,0.12,0.832,59.4,,,,Projected appearance probability is only 42.0%; wait for the official XI.,,PASS,0
fifwc-esp-arg-2026-07-19,fifwc-esp-arg-2026-07-19-player-props,Spain vs. Argentina - Player Props,2944222,soccer_player_goals_plus_assists,Lautaro Martínez: 4+ goals + assists,Lautaro Martínez: 4+ goals + assists,Yes,No,60801650096148477249803874868743368486278951808951661266108082432522248266351,67543419215761511621223334300550636914701872437310774968277656359083611789869,0,10.3298,0.01,0.95,0.05,0.01,True,0.95,0.01,0.94,9.290999999999999,38.832499999999996,0.65,0.99,0.05,0.94,64.35,64.35,0.489,No,0.999999,0.999999,1.0,0.99,0.05,0.94,0.000495,0.009504,-0.030496,0.12,0.833,64.35,,,,Projected appearance probability is only 42.0%; wait for the official XI.,,PASS,0
fifwc-esp-arg-2026-07-19,fifwc-esp-arg-2026-07-19-player-props,Spain vs. Argentina - Player Props,2944223,soccer_player_goals_plus_assists,Lionel Messi: 1+ goals + assists,Lionel Messi: 1+ goals + assists,Yes,No,115035177261789562878458297938119435758608263460110776444838415963699645316917,84284914980597795653070237884646098179877878572782591801899644427012438182617,62.866665,8144.5733,0.1,0.54,0.05,0.01,True,0.54,0.1,0.44000000000000006,62.1,896.1,2.854,0.9,0.46,0.44,25.686,86.3466,52.900000000000006,Yes,0.54476,0.515264,0.580074,0.54,0.1,0.44,0.01242,-0.00766,-0.077156,0.12,0.343,896.1,,,,,,PASS,0
fifwc-esp-arg-2026-07-19,fifwc-esp-arg-2026-07-19-player-props,Spain vs. Argentina - Player Props,2944224,soccer_player_goals_plus_assists,Lionel Messi: 2+ goals + assists,Lionel Messi: 2+ goals + assists,Yes,No,44017505390921871482217131883169823522126226283722215010660319452498270545560,22179067466806501466030398949011751034254467899299709303508409001978309316718,0,10.7899,0.01,0.95,0.05,0.01,True,0.95,0.01,0.94,9.1105,39.5638,0.6,0.99,0.05,0.94,59.4,59.4,0.47950000000000004,No,0.813482,0.783328,0.835602,0.99,0.05,0.94,0.000495,-0.177013,-0.247167,0.12,0.611,59.4,,,,,,PASS,0
fifwc-esp-arg-2026-07-19,fifwc-esp-arg-2026-07-19-player-props,Spain vs. Argentina - Player Props,2944225,soccer_player_goals_plus_assists,Lionel Messi: 3+ goals + assists,Lionel Messi: 3+ goals + assists,Yes,No,6658089410119007108334665339060247330766962686633279922825701109936669046651,101975054550015423521041621437618741329516414684135980730175080571368687372320,0,10.1698,0.01,0.95,0.05,0.01,True,0.95,0.01,0.94,9.290999999999999,38.832499999999996,0.6,0.99,0.05,0.94,59.4,59.4,0.489,No,0.954438,0.941535,0.962741,0.99,0.05,0.94,0.000495,-0.036057,-0.08896,0.12,0.772,59.4,,,,,,PASS,0
fifwc-esp-arg-2026-07-19,fifwc-esp-arg-2026-07-19-player-props,Spain vs. Argentina - Player Props,2944226,soccer_player_goals_plus_assists,Lionel Messi: 4+ goals + assists,Lionel Messi: 4+ goals + assists,Yes,No,98513093387502816110787527482804376664812645344660966907378227312398850261936,6321666357356935603343878267445335979895020604827446323161025192643488946456,0,10.1698,0.01,0.95,0.05,0.01,True,0.95,0.01,0.94,9.481,39.3232,0.6,0.99,0.05,0.94,59.4,59.4,0.49900000000000005,No,0.991412,0.987724,0.993492,0.99,0.05,0.94,0.000495,0.000917,-0.042771,0.12,0.82,59.4,,,,,,PASS,0
fifwc-esp-arg-2026-07-19,fifwc-esp-arg-2026-07-19-player-props,Spain vs. Argentina - Player Props,2944227,soccer_player_goals_plus_assists,Mikel Merino: 1+ goals + assists,Mikel Merino: 1+ goals + assists,Yes,No,23346760234679770807837219841842139873170244896483456025307436140833906199206,70711393455998077757808982306709953077450397256577975182860207549401565701461,0,8431.5102,0.03,0.53,0.05,0.01,True,0.53,0.03,0.5,3.4556,17.5388,0.9501000000000001,0.97,0.47,0.5,30.7199,582.1199,3.0643999999999996,No,0.950375,0.942127,0.956503,0.97,0.47,0.5,0.001455,-0.02108,-0.069328,0.12,0.773,582.12,,,,Projected appearance probability is only 70.0%; wait for the official XI.,,PASS,0
fifwc-esp-arg-2026-07-19,fifwc-esp-arg-2026-07-19-player-props,Spain vs. Argentina - Player Props,2944228,soccer_player_goals_plus_assists,Mikel Merino: 2+ goals + assists,Mikel Merino: 2+ goals + assists,Yes,No,29314707781501997795525800719636681349841637290656438993433654800166017323113,28362864951812199265778642222700188344501167405453079083190528473951933133649,0,10.3099,0.01,0.95,0.05,0.01,True,0.95,0.01,0.94,9.680499999999999,39.7264,0.65,0.99,0.05,0.94,64.35,64.35,0.5095,No,0.998198,0.997504,0.998615,0.99,0.05,0.94,0.000495,0.007703,-0.032991,0.12,0.83,64.35,,,,Projected appearance probability is only 70.0%; wait for the official XI.,,PASS,0
fifwc-esp-arg-2026-07-19,fifwc-esp-arg-2026-07-19-player-props,Spain vs. Argentina - Player Props,2944229,soccer_player_goals_plus_assists,Mikel Merino: 3+ goals + assists,Mikel Merino: 3+ goals + assists,Yes,No,49765913555601090476710003220120031582618415454727875013140729990302798446231,81301660713729482853104357633574632107810921720846345709676862270736825751585,0,10.1498,0.01,0.95,0.05,0.01,True,0.95,0.01,0.94,9.613999999999999,39.4271,0.6,0.99,0.05,0.94,59.4,59.4,0.506,No,0.999956,0.999927,0.99997,0.99,0.05,0.94,0.000495,0.009461,-0.030568,0.12,0.832,59.4,,,,Projected appearance probability is only 70.0%; wait for the official XI.,,PASS,0
fifwc-esp-arg-2026-07-19,fifwc-esp-arg-2026-07-19-player-props,Spain vs. Argentina - Player Props,2944230,soccer_player_goals_plus_assists,Mikel Merino: 4+ goals + assists,Mikel Merino: 4+ goals + assists,Yes,No,68626880108125190295414012175808106126888262488309412288407597166831074109940,14103276851948383806288072647456759779781597959921145780175510061235255856992,0,10.1698,0.01,0.95,0.05,0.01,True,0.95,0.01,0.94,9.613999999999999,39.4271,0.6,0.99,0.05,0.94,59.4,59.4,0.506,No,0.999999,0.999998,1.0,0.99,0.05,0.94,0.000495,0.009504,-0.030497,0.12,0.833,59.4,,,,Projected appearance probability is only 70.0%; wait for the official XI.,,PASS,0
fifwc-esp-arg-2026-07-19,fifwc-esp-arg-2026-07-19-player-props,Spain vs. Argentina - Player Props,2944231,soccer_player_goals_plus_assists,Mikel Oyarzabal: 1+ goals + assists,Mikel Oyarzabal: 1+ goals + assists,Yes,No,110416958070678356248428104783262446090404946326385486865534308796417596526089,108334123374350060653479645218997324410477540908556704489935152224189640527797,0,9253.6426,0.05,0.41,0.05,0.01,True,0.41,0.05,0.36,245.99999999999997,245.99999999999997,0.9490000000000001,0.95,0.59,0.36,18.031,443.331,354.0,Yes,0.308863,0.275407,0.35107,0.41,0.05,0.36,0.012095,-0.113232,-0.186688,0.12,0.11,246.0,,,,,,PASS,0
fifwc-esp-arg-2026-07-19,fifwc-esp-arg-2026-07-19-player-props,Spain vs. Argentina - Player Props,2944232,soccer_player_goals_plus_assists,Mikel Oyarzabal: 2+ goals + assists,Mikel Oyarzabal: 2+ goals + assists,Yes,No,18119486254226343691194095774387499519254746860087959659149676879306090117629,41803219649094754316982250854152442462988381772587747737030578665593741549405,0,17.2099,0.02,0.95,0.05,0.01,True,0.95,0.02,0.9299999999999999,9.290999999999999,38.8713,5.5600000000000005,0.98,0.05,0.9299999999999999,272.44,480.34000000000003,0.489,No,0.946455,0.928645,0.957878,0.98,0.05,0.93,0.00098,-0.034525,-0.092335,0.12,0.759,480.34,,,,,,PASS,0
fifwc-esp-arg-2026-07-19,fifwc-esp-arg-2026-07-19-player-props,Spain vs. Argentina - Player Props,2944233,soccer_player_goals_plus_assists,Mikel Oyarzabal: 3+ goals + assists,Mikel Oyarzabal: 3+ goals + assists,Yes,No,114595897391242369692030696968975783242345104387325415465373797486557115724201,51765404341099272185671619102829610611266468132770677344387341668819418783289,0,17.1698,0.02,0.95,0.05,0.01,True,0.95,0.02,0.9299999999999999,8.7115,39.5237,5.5600000000000005,0.98,0.05,0.9299999999999999,272.44,480.34000000000003,0.4585,No,0.993614,0.989836,0.99557,0.98,0.05,0.93,0.00098,0.012634,-0.031144,0.12,0.822,480.34,,,,,,WATCH,0
fifwc-esp-arg-2026-07-19,fifwc-esp-arg-2026-07-19-player-props,Spain vs. Argentina - Player Props,2944234,soccer_player_goals_plus_assists,Mikel Oyarzabal: 4+ goals + assists,Mikel Oyarzabal: 4+ goals + assists,Yes,No,21624350428495523990928840654199687821225955421499880860549702362634634635422,32136156289087328850732562691919684139647954374254342844773919756450507807613,0,10.3297,0.01,0.95,0.05,0.01,True,0.95,0.01,0.94,9.272,38.8038,0.65,0.99,0.05,0.94,64.35,64.35,0.488,No,0.999421,0.998884,0.999645,0.99,0.05,0.94,0.000495,0.008926,-0.031611,0.12,0.831,64.35,,,,,,PASS,0
fifwc-esp-arg-2026-07-19,fifwc-esp-arg-2026-07-19-player-props,Spain vs. Argentina - Player Props,2944235,soccer_player_goals_plus_assists,Nico Williams: 1+ goals + assists,Nico Williams: 1+ goals + assists,Yes,No,33919947167931854421371534810796861647046312993063401292424488906180804152640,100759912005153250131928930862528651489443490803006248696794124759521263717761,0,10.1898,0.01,0.95,0.05,0.01,True,0.95,0.01,0.94,9.1675,39.5432,0.6,0.99,0.05,0.94,59.4,59.4,0.48250000000000004,No,0.973286,0.96876,0.976627,0.99,0.05,0.94,0.000495,-0.017209,-0.061735,0.12,0.8,59.4,,,,Projected appearance probability is only 62.0%; wait for the official XI.,,PASS,0
fifwc-esp-arg-2026-07-19,fifwc-esp-arg-2026-07-19-player-props,Spain vs. Argentina - Player Props,2944236,soccer_player_goals_plus_assists,Nico Williams: 2+ goals + assists,Nico Williams: 2+ goals + assists,Yes,No,108765087738564994326478597890012962610180006924907934641270947668436603975162,26585771938647567554486742850116590140262810377104990840165762446371483638878,0,17.2298,0.02,0.95,0.05,0.01,True,0.95,0.02,0.9299999999999999,9.613999999999999,39.4271,5.5600000000000005,0.98,0.05,0.9299999999999999,272.44,480.34000000000003,0.506,No,0.999416,0.999188,0.999552,0.98,0.05,0.93,0.00098,0.018436,-0.021792,0.12,0.832,480.34,,,,Projected appearance probability is only 62.0%; wait for the official XI.,,WATCH,0
fifwc-esp-arg-2026-07-19,fifwc-esp-arg-2026-07-19-player-props,Spain vs. Argentina - Player Props,2944237,soccer_player_goals_plus_assists,Nico Williams: 3+ goals + assists,Nico Williams: 3+ goals + assists,Yes,No,56484507587512223371123415731747515670470264282514430741363093097474821385768,48579117682888386416659583518534277709149868740280115496685739524642995531552,0,17.23,0.02,0.95,0.05,0.01,True,0.95,0.02,0.9299999999999999,9.2815,38.8327,5.5600000000000005,0.98,0.05,0.9299999999999999,272.44,480.34000000000003,0.4885,No,0.999991,0.999986,0.999994,0.98,0.05,0.93,0.00098,0.019011,-0.020994,0.12,0.833,480.34,,,,Projected appearance probability is only 62.0%; wait for the official XI.,,WATCH,0
fifwc-esp-arg-2026-07-19,fifwc-esp-arg-2026-07-19-player-props,Spain vs. Argentina - Player Props,2944238,soccer_player_goals_plus_assists,Nico Williams: 4+ goals + assists,Nico Williams: 4+ goals + assists,Yes,No,47714599485478027084924037463383264100955746255198934428560431786186039998934,934125625266891270815288444677404183599865321739350387121727308749461610307,0,10.1698,0.01,0.95,0.05,0.01,True,0.95,0.01,0.94,9.290999999999999,38.832499999999996,0.6,0.99,0.05,0.94,59.4,59.4,0.489,No,1.0,1.0,1.0,0.99,0.05,0.94,0.000495,0.009505,-0.030495,0.12,0.833,59.4,,,,Projected appearance probability is only 62.0%; wait for the official XI.,,PASS,0
fifwc-esp-arg-2026-07-19,fifwc-esp-arg-2026-07-19-player-props,Spain vs. Argentina - Player Props,2944239,soccer_player_goals_plus_assists,Nicolás González: 1+ goals + assists,Nicolás González: 1+ goals + assists,Yes,No,47422670618885588313363695970852722718498972184044862374611559603319362934591,91887061556128411935303831102841001791848550106351710956160800532337466173356,0,17.2298,0.02,0.95,0.05,0.01,True,0.95,0.02,0.9299999999999999,9.481,39.3232,5.5600000000000005,0.98,0.05,0.9299999999999999,272.44,480.34000000000003,0.49900000000000005,,,,,,,,,,,,,,,,,,,UNSUPPORTED_OR_LINEUP_FILTER,0
fifwc-esp-arg-2026-07-19,fifwc-esp-arg-2026-07-19-player-props,Spain vs. Argentina - Player Props,2944240,soccer_player_goals_plus_assists,Nicolás González: 2+ goals + assists,Nicolás González: 2+ goals + assists,Yes,No,42275846717047508501111352527900080709070375627278937605879605822526919028164,23049201097230703314745968162474584243910313611666875946558431753892933266376,0,10.1698,0.01,0.95,0.05,0.01,True,0.95,0.01,0.94,9.3005,38.842,0.6,0.99,0.05,0.94,59.4,59.4,0.4895,,,,,,,,,,,,,,,,,,,UNSUPPORTED_OR_LINEUP_FILTER,0
fifwc-esp-arg-2026-07-19,fifwc-esp-arg-2026-07-19-player-props,Spain vs. Argentina - Player Props,2944241,soccer_player_goals_plus_assists,Nicolás González: 3+ goals + assists,Nicolás González: 3+ goals + assists,Yes,No,13946322929524169654854980891915500147524313003568295914325046260764992790000,112113381286083697871102299738835389943675324933573586556489144013175708654467,0,10.1698,0.01,0.95,0.05,0.01,True,0.95,0.01,0.94,9.290999999999999,38.832499999999996,0.6,0.99,0.05,0.94,59.4,59.4,0.489,,,,,,,,,,,,,,,,,,,UNSUPPORTED_OR_LINEUP_FILTER,0
fifwc-esp-arg-2026-07-19,fifwc-esp-arg-2026-07-19-player-props,Spain vs. Argentina - Player Props,2944242,soccer_player_goals_plus_assists,Nicolás González: 4+ goals + assists,Nicolás González: 4+ goals + assists,Yes,No,34532252301907945833677711923402019126559440680763805724473294372595507196101,81731129477590527451561970050205387826082243770672585044183062279714070771960,0,10.17,0.01,0.95,0.05,0.01,True,0.95,0.01,0.94,9.3005,38.842,0.6,0.99,0.05,0.94,59.4,59.4,0.4895,,,,,,,,,,,,,,,,,,,UNSUPPORTED_OR_LINEUP_FILTER,0
fifwc-esp-arg-2026-07-19,fifwc-esp-arg-2026-07-19-player-props,Spain vs. Argentina - Player Props,2944492,soccer_player_shots,Alex Baena: 1+ shots,Alex Baena: 1+ shots,Yes,No,78450153331587573156145846951585493717790708630078032830853531676045839001634,2492043501774621661173334562226980976139867996106895818539779230350653330986,760.186901,5767.2002,0.6,0.65,0.05,0.01,True,0.65,0.63,0.020000000000000018,100.087,274.0738,106.8354,0.37,0.35,0.020000000000000018,62.744600000000005,111.98500000000001,53.892999999999994,Yes,0.727951,0.685194,0.769998,0.65,0.63,0.02,0.011375,0.066576,-0.016181,0.12,0.512,274.07,,,,,,WATCH,0
fifwc-esp-arg-2026-07-19,fifwc-esp-arg-2026-07-19-player-props,Spain vs. Argentina - Player Props,2944494,soccer_player_shots,Alex Baena: 2+ shots,Alex Baena: 2+ shots,Yes,No,81215826729839717683188872153421309378972229908780341489149879261385459218702,39870092025121523868574841538739156681888983882894034279247531442221876524753,3840.5932130000006,5963.426,0.48,0.51,0.05,0.01,True,0.51,0.48,0.030000000000000027,319.59659999999997,734.8081999999999,243.7968,0.52,0.49,0.030000000000000027,264.1132,385.25,307.0634,No,0.626195,0.565585,0.678099,0.52,0.49,0.03,0.01248,0.093715,-0.006895,0.12,0.393,385.25,,,,,,WATCH,0
fifwc-esp-arg-2026-07-19,fifwc-esp-arg-2026-07-19-player-props,Spain vs. Argentina - Player Props,2944496,soccer_player_shots,Alex Baena: 3+ shots,Alex Baena: 3+ shots,Yes,No,82652549208425622474055867866459592407944520896999801816671645696562866865618,110652938287022769038783582411248896397222810979894550389436054697537252381990,19.57,12194.8311,0.07,0.1,0.05,0.01,True,0.1,0.07,0.03,44.300000000000004,92.2875,22.6233,0.93,0.9,0.030000000000000027,300.5667,729.4467000000001,398.7,Yes,0.143296,0.111723,0.187135,0.1,0.07,0.03,0.0045,0.038796,-0.032777,0.12,0.0,92.29,,,,,,WATCH,0
fifwc-esp-arg-2026-07-19,fifwc-esp-arg-2026-07-19-player-props,Spain vs. Argentina - Player Props,2944498,soccer_player_shots,Alex Baena: 4+ shots,Alex Baena: 4+ shots,Yes,No,78853288698112247624971809031189616705482359657358895701361785968055039472676,66369565091041418163107001853795265179271023689185140875490263369235487810245,0,9423.3631,0.03,0.06,0.05,0.01,True,0.06,0.03,0.03,32.418,206.75300000000001,7.494,0.97,0.94,0.030000000000000027,242.306,1267.3496,507.88199999999995,Yes,0.043273,0.030441,0.064486,0.06,0.03,0.03,0.00282,-0.019547,-0.072379,0.12,0.0,206.75,,,,,,PASS,0
fifwc-esp-arg-2026-07-19,fifwc-esp-arg-2026-07-19-player-props,Spain vs. Argentina - Player Props,2944500,soccer_player_shots,Alex Baena: 5+ shots,Alex Baena: 5+ shots,Yes,No,1326031383089252030960564583164240846487530745126171414566648032901159148242,47713319063110205243260682837202874513913672401336258604598396443414215680633,0,11437.11716,0.01,0.04,0.05,0.001,True,0.04,0.01,0.03,100.8916,123.25786,0.1,0.99,0.96,0.030000000000000027,9.9,2821.285,2421.3984,No,0.989279,0.981554,0.993199,0.99,0.96,0.03,0.000495,-0.001216,-0.048941,0.12,0.813,2821.28,,,,,,PASS,0
fifwc-esp-arg-2026-07-19,fifwc-esp-arg-2026-07-19-player-props,Spain vs. Argentina - Player Props,2944502,soccer_player_shots,Alexis Mac Allister: 1+ shots,Alexis Mac Allister: 1+ shots,Yes,No,51777864057447466860548221338467406353898259217434699923108460468382346151782,47292120699791773739839403653529233350300921905609503277357355165379639528255,66.89178,7649.6311,0.67,0.68,0.05,0.01,True,0.68,0.67,0.010000000000000009,3820.954,4053.9840000000004,188.29680000000002,0.33,0.32,0.010000000000000009,92.74320000000002,92.74320000000002,1798.096,No,0.327088,0.282555,0.371185,0.33,0.32,0.01,0.011055,-0.013967,-0.0985,0.12,0.117,92.74,,,,,,PASS,0
fifwc-esp-arg-2026-07-19,fifwc-esp-arg-2026-07-19-player-props,Spain vs. Argentina - Player Props,2944504,soccer_player_shots,Alexis Mac Allister: 2+ shots,Alexis Mac Allister: 2+ shots,Yes,No,8750317304506344291651137625151145971880587184207090581386478923987246347981,24713558464345215336484835804237825950715349056645154766426526889284001079655,2588.6800000000003,11915.5137,0.31,0.34,0.05,0.01,True,0.34,0.31,0.030000000000000027,83.2728,124.9448,352.68080000000003,0.69,0.66,0.029999999999999916,784.9992,1153.7952,161.6472,No,0.692617,0.637381,0.73859,0.69,0.66,0.03,0.010695,-0.008078,-0.103314,0.12,0.464,1153.8,,,,,,PASS,0
fifwc-esp-arg-2026-07-19,fifwc-esp-arg-2026-07-19-player-props,Spain vs. Argentina - Player Props,2944507,soccer_player_shots,Alexis Mac Allister: 3+ shots,Alexis Mac Allister: 3+ shots,Yes,No,33621385135008282271693194721797692183797524928981283023372033969673662644725,39430340580882933005815949865180753996106109632957561061507665019134075207931,1779.5900000000001,12446.5203,0.1,0.11,0.05,0.01,True,0.11,0.1,0.009999999999999995,127.6,320.9308,102.304,0.9,0.89,0.010000000000000009,920.736,1061.668,1032.4,Yes,0.103139,0.079122,0.137517,0.11,0.1,0.01,0.004895,-0.011756,-0.075773,0.12,0.0,320.93,,,,,,PASS,0
fifwc-esp-arg-2026-07-19,fifwc-esp-arg-2026-07-19-player-props,Spain vs. Argentina - Player Props,2944509,soccer_player_shots,Alexis Mac Allister: 4+ shots,Alexis Mac Allister: 4+ shots,Yes,No,7373925545816612309810071538265212238735645875553925140608248513179967208882,57377145474622841326052730675495309061381492279847508961406927655126538838214,175.79941,11096.62732,0.032,0.056,0.05,0.001,True,0.056,0.032,0.024,0.29904,120.07345,8.0288,0.968,0.944,0.02400000000000002,242.8712,242.8712,5.040959999999999,No,0.972944,0.958629,0.981326,0.968,0.944,0.024,0.001549,0.003396,-0.05092,0.12,0.79,242.87,,,,,,PASS,0
fifwc-esp-arg-2026-07-19,fifwc-esp-arg-2026-07-19-player-props,Spain vs. Argentina - Player Props,2944510,soccer_player_shots,Aymeric Laporte: 1+ shots,Aymeric Laporte: 1+ shots,Yes,No,48412395632583554047749558822581258793076762038967727122316076544266950310620,78886779090448860783806787773122221843342929251718691129993557856658544669346,0,286.1345,0.15,0.38,0.05,0.01,True,0.39,0.15,0.24000000000000002,15.9783,31.9783,6.0,0.85,0.61,0.24,34.0,39.830799999999996,24.991699999999998,Yes,0.278363,0.251726,0.309463,0.39,0.15,0.24,0.011895,-0.123532,-0.190169,0.12,0.087,31.98,,,,,,PASS,0
fifwc-esp-arg-2026-07-19,fifwc-esp-arg-2026-07-19-player-props,Spain vs. Argentina - Player Props,2944511,soccer_player_shots,Aymeric Laporte: 2+ shots,Aymeric Laporte: 2+ shots,Yes,No,86719110869233082481596568389430898649326971578832058958804634173792262790805,37333212139711199798387529749541533834955004705685167121717820774488609313800,0,322.9755,0.04,0.15,0.05,0.01,True,0.14,0.04,0.1,7.000000000000001,8.917000000000002,0.28,0.96,0.86,0.09999999999999998,6.72,355.0087,43.0,No,0.957059,0.945781,0.965178,0.96,0.86,0.1,0.00192,-0.004861,-0.056139,0.12,0.777,355.01,,,,,,PASS,0
fifwc-esp-arg-2026-07-19,fifwc-esp-arg-2026-07-19-player-props,Spain vs. Argentina - Player Props,2944512,soccer_player_shots,Cristian Romero: 1+ shots,Cristian Romero: 1+ shots,Yes,No,73478625351781859351164425016436705689474702907362251247351988382263233393109,61500964880911483398471452140315631001937929495995209653210952414175961024063,37.08,1852.2408,0.27,0.33,0.05,0.01,True,0.35,0.27,0.07999999999999996,16.0125,74.43589999999999,1.35,0.73,0.65,0.07999999999999996,3.65,3.65,29.7375,No,0.742958,0.713483,0.768178,0.73,0.65,0.08,0.009855,0.003103,-0.066372,0.12,0.541,3.65,,,,,,PASS,0
fifwc-esp-arg-2026-07-19,fifwc-esp-arg-2026-07-19-player-props,Spain vs. Argentina - Player Props,2944513,soccer_player_shots,Cristian Romero: 2+ shots,Cristian Romero: 2+ shots,Yes,No,51662073851317422629013460750277560382893517820637531454898942533579714755172,20017035937882057403181681815410908152938261163648317017937552858747889441230,24.48,3702.41012,0.018,0.113,0.05,0.001,True,0.113,0.018,0.095,1.03734,3.51594,0.26999999999999996,0.982,0.887,0.09499999999999997,14.73,2654.93934,8.14266,No,0.963702,0.953951,0.970704,0.982,0.887,0.095,0.000884,-0.019181,-0.068933,0.12,0.785,2654.94,,,,,,PASS,0
fifwc-esp-arg-2026-07-19,fifwc-esp-arg-2026-07-19-player-props,Spain vs. Argentina - Player Props,2944514,soccer_player_shots,Cucurella: 1+ shots,Cucurella: 1+ shots,Yes,No,41795760787074880212649444769108151768371482549184356514588387356817835245500,57087141744260273179443001292902928067046368949168638944521030523701165171464,782.2115769999999,5062.2925,0.36,0.38,0.05,0.01,True,0.38,0.36,0.020000000000000018,1.2768,1.2768,14.399999999999999,0.64,0.62,0.020000000000000018,25.6,438.61,2.0831999999999997,,,,,,,,,,,,,,,,,,,UNSUPPORTED_OR_LINEUP_FILTER,0
fifwc-esp-arg-2026-07-19,fifwc-esp-arg-2026-07-19-player-props,Spain vs. Argentina - Player Props,2944515,soccer_player_shots,Cucurella: 2+ shots,Cucurella: 2+ shots,Yes,No,58357973430141462325843774141894182362273279764701860081535058575933803387229,31575062881702009420776011973728957891056574717080332354084209508883632399705,149.30571300000003,9872.8207,0.07,0.1,0.05,0.01,True,0.1,0.07,0.03,29.29,77.58,22.5225,0.93,0.9,0.030000000000000027,299.2275,835.876,263.61,,,,,,,,,,,,,,,,,,,UNSUPPORTED_OR_LINEUP_FILTER,0
fifwc-esp-arg-2026-07-19,fifwc-esp-arg-2026-07-19-player-props,Spain vs. Argentina - Player Props,2944516,soccer_player_shots,Dani Olmo: 1+ shots,Dani Olmo: 1+ shots,Yes,No,95808884817098999231540084893292267502409924240834673648164286996688293587884,21846400131977339565002211257743213395403762454512008072812581151217348253668,375.597464,4875.6164,0.71,0.72,0.05,0.01,True,0.72,0.71,0.010000000000000009,9.3312,26.1014,170.91119999999998,0.29,0.28,0.009999999999999953,69.80879999999999,86.55489999999999,3.6288000000000005,No,0.303733,0.26025,0.347106,0.29,0.28,0.01,0.010295,0.003438,-0.080045,0.12,0.095,86.55,,,,,,PASS,0
fifwc-esp-arg-2026-07-19,fifwc-esp-arg-2026-07-19-player-props,Spain vs. Argentina - Player Props,2944517,soccer_player_shots,Dani Olmo: 2+ shots,Dani Olmo: 2+ shots,Yes,No,94205858698088987472974418863131769491353531040310582295436435633816325423464,33100392023975044812496093541974798005451889561376910348955204266430675213165,64.527959,9427.4698,0.2,0.42,0.05,0.01,True,0.42,0.2,0.21999999999999997,2.625,4.775,8.0,0.8,0.58,0.22000000000000008,32.0,32.0,3.6249999999999996,Yes,0.334337,0.286129,0.391738,0.42,0.2,0.22,0.01218,-0.097843,-0.186051,0.12,0.12,4.78,,,,,,PASS,0
fifwc-esp-arg-2026-07-19,fifwc-esp-arg-2026-07-19-player-props,Spain vs. Argentina - Player Props,2944518,soccer_player_shots,Dani Olmo: 3+ shots,Dani Olmo: 3+ shots,Yes,No,96235987478386908658745180411485704962580613586223679675775866159095367016488,90159760087979215664156532257375062695903813829168135273901656525508586248010,0,7902.6964,0.04,0.23,0.05,0.01,True,0.24,0.04,0.19999999999999998,12.768,670.923,0.9500000000000001,0.96,0.76,0.19999999999999996,22.8,312.54409999999996,40.432,No,0.881302,0.843282,0.908151,0.96,0.76,0.2,0.00192,-0.080618,-0.158638,0.12,0.672,312.54,,,,,,PASS,0
fifwc-esp-arg-2026-07-19,fifwc-esp-arg-2026-07-19-player-props,Spain vs. Argentina - Player Props,2944519,soccer_player_shots,Dani Olmo: 4+ shots,Dani Olmo: 4+ shots,Yes,No,47948642764115875161925630248854288723930082915363629796421240423572592289830,90117352010298560071853132897536033893212117664895257793637997627460573386847,0,11102.6739,0.04,0.07,0.05,0.01,True,0.07,0.04,0.030000000000000006,38.21790000000001,60.227500000000006,15.1584,0.96,0.93,0.029999999999999916,355.9296,1022.7248,507.75210000000004,No,0.966955,0.950107,0.976945,0.96,0.93,0.03,0.00192,0.005035,-0.051813,0.12,0.781,1022.72,,,,,,PASS,0
fifwc-esp-arg-2026-07-19,fifwc-esp-arg-2026-07-19-player-props,Spain vs. Argentina - Player Props,2944520,soccer_player_shots,Dani Olmo: 5+ shots,Dani Olmo: 5+ shots,Yes,No,10589269042707926589330705182858558464792288025699605047197722029235358908263,5732096201660329165413971956062876317329145976440268244051011738423487679276,0,7941.63207,0.01,0.074,0.05,0.001,True,0.074,0.01,0.064,7.3999999999999995,154.25,0.1,0.99,0.926,0.06399999999999995,9.9,2821.285,92.60000000000001,No,0.992471,0.986852,0.995264,0.99,0.926,0.064,0.000495,0.001976,-0.043643,0.12,0.819,2821.28,,,,,,PASS,0
fifwc-esp-arg-2026-07-19,fifwc-esp-arg-2026-07-19-player-props,Spain vs. Argentina - Player Props,2944522,soccer_player_shots,Enzo Fernández: 1+ shots,Enzo Fernández: 1+ shots,Yes,No,44858914148289732177814185279567636776689731411700411050207497791331986869942,84855152430975364179540368558832642447315287891284338904622918182090621742659,212.718575,4469.039,0.7,0.72,0.05,0.01,True,0.72,0.7,0.020000000000000018,264.9312,843.8820000000001,327.243,0.3,0.28,0.019999999999999962,140.24699999999999,279.72569999999996,103.0288,No,0.327226,0.282689,0.371324,0.3,0.28,0.02,0.0105,0.016726,-0.067811,0.12,0.117,279.73,,,,,,WATCH,0
fifwc-esp-arg-2026-07-19,fifwc-esp-arg-2026-07-19-player-props,Spain vs. Argentina - Player Props,2944524,soccer_player_shots,Enzo Fernández: 2+ shots,Enzo Fernández: 2+ shots,Yes,No,102568892395840691447065979628798226142519201859575324368396732360317084920603,59666429510756773390638526284382074130205092667138804309991208400336127349034,6428.618452,3447.7132,0.42,0.43,0.05,0.01,True,0.43,0.42,0.010000000000000009,110.73789999999998,157.93339999999998,2.1,0.58,0.57,0.010000000000000009,2.9,2.9,146.79209999999998,No,0.692772,0.637551,0.738728,0.58,0.57,0.01,0.01218,0.100592,0.005371,0.12,0.465,2.9,,,,,,WATCH,0
fifwc-esp-arg-2026-07-19,fifwc-esp-arg-2026-07-19-player-props,Spain vs. Argentina - Player Props,2944526,soccer_player_shots,Enzo Fernández: 3+ shots,Enzo Fernández: 3+ shots,Yes,No,72535815407996530701887957658758193003254960687906507693600882057054869504713,108275143307929821838687714581539411087182212583649018997023565282387117473597,2251.542342,8843.7749,0.19,0.2,0.05,0.01,True,0.2,0.19,0.010000000000000009,56.978,56.978,0.1444,0.81,0.8,0.010000000000000009,0.6156,342.5715,227.912,No,0.896948,0.862592,0.920946,0.81,0.8,0.01,0.007695,0.079253,0.004897,0.12,0.691,342.57,,,,,,WATCH,0
fifwc-esp-arg-2026-07-19,fifwc-esp-arg-2026-07-19-player-props,Spain vs. Argentina - Player Props,2944528,soccer_player_shots,Enzo Fernández: 4+ shots,Enzo Fernández: 4+ shots,Yes,No,62472293074831875944410348421797320346809141208034468792486287205349318566923,105018905785643460777027593689887293852685969419095120726498553337946377339213,982.352906,3669.70812,0.033,0.077,0.05,0.001,True,0.077,0.034,0.043,1.1781000000000001,50.9291,0.8262,0.966,0.923,0.04299999999999993,23.4738,1675.8046399999998,14.121900000000002,No,0.972976,0.958676,0.981349,0.966,0.923,0.043,0.001642,0.005334,-0.048966,0.12,0.79,1675.8,,,,,,PASS,0
fifwc-esp-arg-2026-07-19,fifwc-esp-arg-2026-07-19-player-props,Spain vs. Argentina - Player Props,2944531,soccer_player_shots,Julián Álvarez: 1+ shots,Julián Álvarez: 1+ shots,Yes,No,107239564939655585678574218589373428885494326770902933641118007462963220604524,111435219878515918625214749026301400141250088734485115075744232911835859488004,705.5870560000001,5448.5618,0.65,0.68,0.05,0.01,True,0.68,0.65,0.030000000000000027,65.28,152.59949999999998,235.521,0.35,0.32,0.02999999999999997,126.81899999999999,173.68739999999997,30.72,Yes,0.744812,0.702057,0.786136,0.68,0.65,0.03,0.01088,0.053932,-0.028823,0.12,0.529,152.6,,,,,,WATCH,0
fifwc-esp-arg-2026-07-19,fifwc-esp-arg-2026-07-19-player-props,Spain vs. Argentina - Player Props,2944534,soccer_player_shots,Julián Álvarez: 2+ shots,Julián Álvarez: 2+ shots,Yes,No,50008732638624240712460539000449374206610245870715376278696161794552357419666,81201839768524965031020190436238242377897554369605669092298237016429966200218,583.003726,10750.0983,0.49,0.51,0.05,0.01,True,0.51,0.49,0.020000000000000018,271.64639999999997,2631.5648,57.5505,0.51,0.49,0.020000000000000018,59.8995,116.76670000000001,260.9936,No,0.603712,0.541133,0.658159,0.51,0.49,0.02,0.012495,0.081217,-0.021362,0.12,0.369,116.77,,,,,,WATCH,0
fifwc-esp-arg-2026-07-19,fifwc-esp-arg-2026-07-19-player-props,Spain vs. Argentina - Player Props,2944535,soccer_player_shots,Julián Álvarez: 3+ shots,Julián Álvarez: 3+ shots,Yes,No,45274184393377809497847687937950648208059154989104663507356614518266027340775,108329121007535624326460518069151606939089070606432890819304689442685962055011,30.416922000000003,8798.6342,0.06,0.3,0.05,0.01,True,0.3,0.06,0.24,3.75,19.25,0.3894,0.94,0.7,0.24,6.1006,44.995799999999996,8.75,No,0.841712,0.794158,0.876455,0.94,0.7,0.24,0.00282,-0.101108,-0.188662,0.12,0.622,45.0,,,,,,PASS,0
fifwc-esp-arg-2026-07-19,fifwc-esp-arg-2026-07-19-player-props,Spain vs. Argentina - Player Props,2944538,soccer_player_shots,Julián Álvarez: 4+ shots,Julián Álvarez: 4+ shots,Yes,No,51868218293418375484152883453720179187846580150381826551978565275691298516799,15128045518788903530367580593558438733485020470089287183837455226730203187185,0,8058.86,0.04,0.13,0.05,0.01,True,0.12,0.04,0.07999999999999999,6.0,7.729,0.9500000000000001,0.96,0.88,0.07999999999999996,22.8,299.7838,44.0,No,0.950061,0.925885,0.964873,0.96,0.88,0.08,0.00192,-0.011859,-0.076035,0.12,0.756,299.78,,,,,,PASS,0
fifwc-esp-arg-2026-07-19,fifwc-esp-arg-2026-07-19-player-props,Spain vs. Argentina - Player Props,2944540,soccer_player_shots,Julián Álvarez: 5+ shots,Julián Álvarez: 5+ shots,Yes,No,50733061479532853171759717652055004834333449339121954303237625303145478392826,85127626271347130384343124385589276785663511010714098037904278527588563779404,0,8034.9031,0.02,0.09,0.05,0.01,True,0.09,0.02,0.06999999999999999,10.844999999999999,243.445,0.8,0.98,0.91,0.06999999999999995,39.2,49.1,109.655,No,0.987056,0.977805,0.991802,0.98,0.91,0.07,0.00098,0.006076,-0.043175,0.12,0.81,49.1,,,,,,PASS,0
fifwc-esp-arg-2026-07-19,fifwc-esp-arg-2026-07-19-player-props,Spain vs. Argentina - Player Props,2944542,soccer_player_shots,Lamine Yamal: 1+ shots,Lamine Yamal: 1+ shots,Yes,No,82062284142200234238970543106796784837752813701997349236330301459428730339906,115700246543581100390272493232987194601988428874375823465610743702721487601931,1594.20481,3688.3214,0.88,0.89,0.05,0.01,True,0.89,0.88,0.010000000000000009,1324.0708,17541.1888,4.4,0.12,0.11,0.009999999999999995,0.6,0.6,163.6492,No,0.186847,0.161881,0.216282,0.12,0.11,0.01,0.00528,0.061567,-0.003399,0.12,0.001,0.6,,,,,,WATCH,0
fifwc-esp-arg-2026-07-19,fifwc-esp-arg-2026-07-19-player-props,Spain vs. Argentina - Player Props,2944544,soccer_player_shots,Lamine Yamal: 2+ shots,Lamine Yamal: 2+ shots,Yes,No,65727982206155695104541784008214968221733557894696568949338326316512111889041,61471074700721433482418507903417250579199127155162690003336508507822570869325,2295.1474000000003,7883.6789,0.67,0.68,0.05,0.01,True,0.68,0.67,0.010000000000000009,46.92,327.8299999999999,379.8029,0.33,0.32,0.010000000000000009,187.0671,198.8271,22.080000000000002,No,0.416887,0.357563,0.475881,0.33,0.32,0.01,0.011055,0.075832,-0.023492,0.12,0.189,198.83,,,,,,WATCH,0
fifwc-esp-arg-2026-07-19,fifwc-esp-arg-2026-07-19-player-props,Spain vs. Argentina - Player Props,2944546,soccer_player_shots,Lamine Yamal: 3+ shots,Lamine Yamal: 3+ shots,Yes,No,355848982045107683455478321778595514658610469403648187261672868768019385416,42448875974763585184682862581636712932464689024665274674808526230245161428719,2148.329271,11367.313,0.46,0.47,0.05,0.01,True,0.47,0.46,0.009999999999999953,113.7306,139.3429,63.27760000000001,0.54,0.53,0.010000000000000009,74.28240000000001,464.2463,128.2494,No,0.664521,0.593791,0.72377,0.54,0.53,0.01,0.01242,0.112101,0.001371,0.12,0.421,464.25,,,,,,WATCH,0
fifwc-esp-arg-2026-07-19,fifwc-esp-arg-2026-07-19-player-props,Spain vs. Argentina - Player Props,2944549,soccer_player_shots,Lamine Yamal: 4+ shots,Lamine Yamal: 4+ shots,Yes,No,67646614309326760880302930021620669800090499854231387911693856775138184370108,46122882976577334182538218398843187440687142499127539671648641354682976386663,98.148147,7865.6562,0.09,0.34,0.05,0.01,True,0.34,0.09,0.25,1.8904,9.6709,2.3004,0.91,0.66,0.25,23.2596,28.8675,3.6696,No,0.842238,0.78582,0.881994,0.91,0.66,0.25,0.004095,-0.071857,-0.168275,0.12,0.613,28.87,,,,,,PASS,0
fifwc-esp-arg-2026-07-19,fifwc-esp-arg-2026-07-19-player-props,Spain vs. Argentina - Player Props,2944550,soccer_player_shots,Lamine Yamal: 5+ shots,Lamine Yamal: 5+ shots,Yes,No,115433235443798756710905685812424935003021846664355977925213493917068996005160,16595796226726418084970119715800780972502531886455742354656923170449487083868,0,8037.9129,0.02,0.17,0.05,0.01,True,0.17,0.02,0.15000000000000002,2.5500000000000003,2.5500000000000003,2.0,0.98,0.83,0.15000000000000002,98.0,107.9,12.45,No,0.937892,0.904023,0.957943,0.98,0.83,0.15,0.00098,-0.043088,-0.116957,0.12,0.734,107.9,,,,,,PASS,0
fifwc-esp-arg-2026-07-19,fifwc-esp-arg-2026-07-19-player-props,Spain vs. Argentina - Player Props,2944551,soccer_player_shots,Leandro Paredes: 1+ shots,Leandro Paredes: 1+ shots,Yes,No,51774110079449467511688540058549531321432295681621916942723527811505879730844,44221209631411177039937886596643852117981120492710609573019730092979692517433,311.84999999999997,2414.287,0.51,0.53,0.05,0.01,True,0.53,0.51,0.020000000000000018,2.6500000000000004,2.6500000000000004,112.4907,0.49,0.47,0.020000000000000018,108.07929999999999,162.5793,2.3499999999999996,No,0.496822,0.452473,0.537596,0.49,0.47,0.02,0.012495,-0.005673,-0.090022,0.12,0.282,162.58,,,,,,PASS,0
fifwc-esp-arg-2026-07-19,fifwc-esp-arg-2026-07-19-player-props,Spain vs. Argentina - Player Props,2944552,soccer_player_shots,Leandro Paredes: 2+ shots,Leandro Paredes: 2+ shots,Yes,No,16142625153485801067679425536861308531919192009477139005827748358706625471102,5378013439608982879677251232944213688286679774658713513800405619495307149345,0,289.0622,0.05,0.25,0.05,0.01,True,0.24,0.05,0.19,12.0,14.735,1.367,0.95,0.76,0.18999999999999995,25.973,250.0981,38.0,Yes,0.155639,0.129008,0.190129,0.24,0.05,0.19,0.00912,-0.093481,-0.160112,0.12,0.0,14.73,,,,,,PASS,0
fifwc-esp-arg-2026-07-19,fifwc-esp-arg-2026-07-19-player-props,Spain vs. Argentina - Player Props,2944553,soccer_player_shots,Leandro Paredes: 3+ shots,Leandro Paredes: 3+ shots,Yes,No,41560690515875511793439077026734164782586059162320477968347621615165369401423,47224332893011836694946511511960353508063676049112271049992571488505883565296,48,259.47974,0.01,0.117,0.05,0.001,True,0.117,0.01,0.10700000000000001,2.7354600000000002,4.03346,0.1,0.99,0.883,0.10699999999999998,9.9,2322.285,20.64454,No,0.965916,0.952457,0.974632,0.99,0.883,0.107,0.000495,-0.024579,-0.078038,0.12,0.783,2322.28,,,,,,PASS,0
fifwc-esp-arg-2026-07-19,fifwc-esp-arg-2026-07-19-player-props,Spain vs. Argentina - Player Props,2944554,soccer_player_shots,Lionel Messi: 1+ shots,Lionel Messi: 1+ shots,Yes,No,59336767801417567399047164368932342264377601956276017374447586908021937934921,82439751191230528122472148484123495093159825645988775433196246418690648249732,2475.382585,7579.0843,0.89,0.9,0.05,0.01,True,0.9,0.89,0.010000000000000009,198.927,20383.1549,65.78880000000001,0.11,0.1,0.009999999999999995,8.1312,312.5124,22.103,Yes,0.941522,0.918977,0.958372,0.9,0.89,0.01,0.0045,0.037022,-0.025523,0.12,0.749,20383.15,,,,,,WATCH,0
fifwc-esp-arg-2026-07-19,fifwc-esp-arg-2026-07-19-player-props,Spain vs. Argentina - Player Props,2944555,soccer_player_shots,Lionel Messi: 2+ shots,Lionel Messi: 2+ shots,Yes,No,111927641461032008775248486634328084196382867454452631546699453017561659285771,28331821888346279879556154535252722192716889750307336008887342078178868166985,2673.502225,9998.4459,0.71,0.72,0.05,0.01,True,0.72,0.71,0.010000000000000009,47.339999999999996,5434.74,73.13,0.29,0.28,0.009999999999999953,29.869999999999997,295.46999999999997,18.41,Yes,0.775498,0.715994,0.828232,0.72,0.71,0.01,0.01008,0.045418,-0.054086,0.12,0.543,5434.74,,,,,,WATCH,0
fifwc-esp-arg-2026-07-19,fifwc-esp-arg-2026-07-19-player-props,Spain vs. Argentina - Player Props,2944556,soccer_player_shots,Lionel Messi: 3+ shots,Lionel Messi: 3+ shots,Yes,No,15093703015426976209236306413394207170210129289842398183903524800537664396532,53868059366140674181460329985940983860930842520974281598176141918488476311408,900.89137,16314.7611,0.52,0.54,0.05,0.01,True,0.54,0.52,0.020000000000000018,4581.7758,7811.906900000001,150.6648,0.48,0.46,0.019999999999999962,139.0752,274.18780000000004,3902.9942000000005,Yes,0.539817,0.461119,0.622635,0.54,0.52,0.02,0.01242,-0.012603,-0.131301,0.12,0.29,7811.91,,,,,,PASS,0
fifwc-esp-arg-2026-07-19,fifwc-esp-arg-2026-07-19-player-props,Spain vs. Argentina - Player Props,2944557,soccer_player_shots,Lionel Messi: 4+ shots,Lionel Messi: 4+ shots,Yes,No,70906718550044970713830852134837985502787110992614372550411665886490048248046,104758676478696527659109273089371767314628387887092268226266613329336418666452,200.602427,14848.2913,0.11,0.36,0.05,0.01,True,0.36,0.11,0.25,36.0,4139.0022,1.595,0.89,0.64,0.25,12.905,107.531,64.0,Yes,0.316776,0.247234,0.403793,0.36,0.11,0.25,0.01152,-0.054744,-0.164286,0.12,0.083,4139.0,,,,,,PASS,0
fifwc-esp-arg-2026-07-19,fifwc-esp-arg-2026-07-19-player-props,Spain vs. Argentina - Player Props,2944558,soccer_player_shots,Lionel Messi: 5+ shots,Lionel Messi: 5+ shots,Yes,No,60954005810515618452218555917027222084502544557275104484920389514476917783283,19341307150377076907215793448857584164352103981559094694755464710403351025416,49.823527999999996,8493.1931,0.01,0.17,0.05,0.01,True,0.17,0.01,0.16,4.448900000000001,4.448900000000001,0.1,0.99,0.83,0.16000000000000003,9.9,9.9,21.7211,Yes,0.158466,0.112279,0.227282,0.17,0.01,0.16,0.007055,-0.018589,-0.104776,0.12,0.0,4.45,,,,,,PASS,0
fifwc-esp-arg-2026-07-19,fifwc-esp-arg-2026-07-19-player-props,Spain vs. Argentina - Player Props,2944559,soccer_player_shots,Lisandro Martínez: 1+ shots,Lisandro Martínez: 1+ shots,Yes,No,52827948690653815410532405605673691918863435707425064592928097748476147310130,36635795454532572811681796565087017624108568859299690890379296667384573746179,50,6347.933,0.23,0.25,0.05,0.01,True,0.25,0.23,0.01999999999999999,2.0,2.0,29.4308,0.77,0.75,0.020000000000000018,98.5292,223.68800000000002,6.0,Yes,0.306011,0.276917,0.339601,0.25,0.23,0.02,0.009375,0.046636,-0.022458,0.12,0.111,2.0,,,,,,WATCH,0
fifwc-esp-arg-2026-07-19,fifwc-esp-arg-2026-07-19-player-props,Spain vs. Argentina - Player Props,2944560,soccer_player_shots,Lisandro Martínez: 2+ shots,Lisandro Martínez: 2+ shots,Yes,No,31906277095169289446879323601973509348973751180723486618106079943398863315135,32448865936260581328557661469711196294191283493030777981578975951348457587279,61.956810000000004,2281.0315,0.05,0.13,0.05,0.01,True,0.13,0.05,0.08,3.6725000000000003,30.255000000000003,1.8420000000000003,0.95,0.87,0.07999999999999996,34.998000000000005,265.011,24.5775,No,0.947502,0.933843,0.957432,0.95,0.87,0.08,0.002375,-0.004873,-0.058532,0.12,0.764,265.01,,,,,,PASS,0
fifwc-esp-arg-2026-07-19,fifwc-esp-arg-2026-07-19-player-props,Spain vs. Argentina - Player Props,2944561,soccer_player_shots,Mikel Oyarzabal: 1+ shots,Mikel Oyarzabal: 1+ shots,Yes,No,113755209177938289266002602536914457602972311481141743627485638223255905437144,1861464109720046190272904187723471033870645300586699617751882868601148541349,539.493354,3059.4785,0.7,0.78,0.05,0.01,True,0.76,0.7,0.06000000000000005,11.4,151.14000000000001,140.0,0.3,0.24,0.06,60.0,184.0,3.5999999999999996,Yes,0.852761,0.817254,0.88414,0.76,0.7,0.06,0.00912,0.083641,0.008134,0.12,0.645,151.14,,,,,,WATCH,0
fifwc-esp-arg-2026-07-19,fifwc-esp-arg-2026-07-19-player-props,Spain vs. Argentina - Player Props,2944562,soccer_player_shots,Mikel Oyarzabal: 2+ shots,Mikel Oyarzabal: 2+ shots,Yes,No,32223711412178943982030270626638448026800585557629655786009796320888088635092,18272719033348269041951737255367584810163045833656455385794678970612616707994,67.444911,5830.2029,0.42,0.63,0.05,0.01,True,0.63,0.42,0.21000000000000002,3.9753,32.8818,29.4,0.58,0.37,0.20999999999999996,40.599999999999994,40.599999999999994,2.3346999999999998,Yes,0.570695,0.507343,0.637101,0.63,0.42,0.21,0.011655,-0.07096,-0.174312,0.12,0.336,32.88,,,,,,PASS,0
fifwc-esp-arg-2026-07-19,fifwc-esp-arg-2026-07-19-player-props,Spain vs. Argentina - Player Props,2944563,soccer_player_shots,Mikel Oyarzabal: 3+ shots,Mikel Oyarzabal: 3+ shots,Yes,No,52892716291534459202389233086597682506447031944672266818885940447870612041553,115615705075282812267903839699273684369142271446297698174594353050931484142416,0,7702.6292,0.06,0.44,0.05,0.01,True,0.44,0.06,0.38,6.736400000000001,73.2563,1.8996,0.94,0.56,0.3799999999999999,29.760399999999997,29.760399999999997,8.5736,Yes,0.300519,0.243878,0.371032,0.44,0.06,0.38,0.01232,-0.151801,-0.248442,0.12,0.08,73.26,,,,,,PASS,0
fifwc-esp-arg-2026-07-19,fifwc-esp-arg-2026-07-19-player-props,Spain vs. Argentina - Player Props,2944564,soccer_player_shots,Mikel Oyarzabal: 4+ shots,Mikel Oyarzabal: 4+ shots,Yes,No,64033086737605859483642030128688856994561237471430143011254788004613227226576,30912201081074629694999466168323561345976444228100431458816227932848133005450,32,8259.8682,0.05,0.27,0.05,0.01,True,0.28,0.05,0.23000000000000004,30.240000000000002,88.24,1.7000000000000002,0.95,0.73,0.21999999999999997,32.3,249.83239999999998,19.71,No,0.872006,0.821914,0.90584,0.95,0.73,0.22,0.002375,-0.080369,-0.170461,0.12,0.65,249.83,,,,,,PASS,0
fifwc-esp-arg-2026-07-19,fifwc-esp-arg-2026-07-19-player-props,Spain vs. Argentina - Player Props,2944565,soccer_player_shots,Mikel Oyarzabal: 5+ shots,Mikel Oyarzabal: 5+ shots,Yes,No,17170857021003395581318358948693628175773218681598063158060010038923783195545,36169200006126114324400710196296190251370004315227474815168925607757436305174,108.63999999999999,8572.0544,0.01,0.09,0.05,0.01,True,0.09,0.01,0.08,4.5,4.5,0.05,0.99,0.91,0.07999999999999996,4.95,4.95,45.5,No,0.954633,0.927851,0.969823,0.99,0.91,0.08,0.000495,-0.035862,-0.102644,0.12,0.758,4.95,,,,,,PASS,0
fifwc-esp-arg-2026-07-19,fifwc-esp-arg-2026-07-19-player-props,Spain vs. Argentina - Player Props,2944566,soccer_player_shots,Nahuel Molina: 1+ shots,Nahuel Molina: 1+ shots,Yes,No,79013524926916341722086049550529261395890570583506826397722797384724157592341,10845415448482373441806744789593779190541111591370822084826357304928975099393,52.44,2777.0932,0.19,0.32,0.05,0.01,True,0.3,0.15,0.15,3.75,19.25,1.5,0.85,0.7,0.15000000000000002,8.5,49.259699999999995,8.75,No,0.840325,0.82053,0.856893,0.85,0.7,0.15,0.006375,-0.01605,-0.075845,0.12,0.649,49.26,,,,,,PASS,0
fifwc-esp-arg-2026-07-19,fifwc-esp-arg-2026-07-19-player-props,Spain vs. Argentina - Player Props,2944567,soccer_player_shots,Nahuel Molina: 2+ shots,Nahuel Molina: 2+ shots,Yes,No,44280849780577844931347767799304025853514319406517460879106755283405732456346,14503013777650358733567496558876389716796196951230316508369867354534566316446,0,97.2086,0.05,0.28,0.05,0.01,True,0.3,0.05,0.25,12.0,12.0,1.3805,0.95,0.7,0.25,26.229499999999998,343.912,28.0,No,0.986513,0.982677,0.989207,0.95,0.7,0.25,0.002375,0.034138,-0.009698,0.12,0.815,343.91,,,,,,WATCH,0
fifwc-esp-arg-2026-07-19,fifwc-esp-arg-2026-07-19-player-props,Spain vs. Argentina - Player Props,2944568,soccer_player_shots,Nicolás Tagliafico: 1+ shots,Nicolás Tagliafico: 1+ shots,Yes,No,7571047633018977959770701656501253505289040699179060641365072507601853870843,21405083323117419083012783130398787844316265137797441910204081275461505590924,23,2544.9539,0.16,0.33,0.05,0.01,True,0.32,0.11,0.21000000000000002,16.0,16.0,5.1546,0.89,0.68,0.20999999999999996,41.7054,68.7054,34.0,No,0.906236,0.894049,0.916298,0.89,0.68,0.21,0.004895,0.011341,-0.040846,0.12,0.724,68.71,,,,,,WATCH,0
fifwc-esp-arg-2026-07-19,fifwc-esp-arg-2026-07-19-player-props,Spain vs. Argentina - Player Props,2944569,soccer_player_shots,Nicolás Tagliafico: 2+ shots,Nicolás Tagliafico: 2+ shots,Yes,No,65645584995491834399482856460126585188957083496695308080815634718587032527413,23091373216246219201646219607952837442381309116933018144380356386362970625784,0,358.7632,0.05,0.13,0.05,0.01,True,0.12,0.05,0.06999999999999999,6.0,7.625,1.286,0.95,0.88,0.06999999999999995,24.433999999999997,253.3897,44.0,No,0.99546,0.994123,0.996386,0.95,0.88,0.07,0.002375,0.043085,0.001748,0.12,0.826,253.39,,,,,,WATCH,0
fifwc-esp-arg-2026-07-19,fifwc-esp-arg-2026-07-19-player-props,Spain vs. Argentina - Player Props,2944570,soccer_player_shots,Pau Cubarsí: 1+ shots,Pau Cubarsí: 1+ shots,Yes,No,61240320012322255128960184810182596267610099384416716978187277536407794348213,63336586989971795860356042299968480933479239132185006561486346540116608339005,36.02,1155.2322,0.26,0.32,0.05,0.01,True,0.32,0.26,0.06,4.0,20.5,1.3,0.74,0.68,0.05999999999999994,3.7,3.7,8.5,No,0.771318,0.744663,0.793879,0.74,0.68,0.06,0.00962,0.021698,-0.044957,0.12,0.572,3.7,,,,,,WATCH,0
fifwc-esp-arg-2026-07-19,fifwc-esp-arg-2026-07-19-player-props,Spain vs. Argentina - Player Props,2944571,soccer_player_shots,Pau Cubarsí: 2+ shots,Pau Cubarsí: 2+ shots,Yes,No,105964722669468171553253017073772109157208203296383239981933636504476255432911,86044261015939999821565501253266004708111432930148205746673688381593412688368,0,416.4848,0.05,0.14,0.05,0.01,True,0.14,0.05,0.09000000000000001,1.54,23.2825,1.2800000000000002,0.95,0.86,0.08999999999999997,24.32,253.19809999999998,9.459999999999999,No,0.971594,0.963899,0.977069,0.95,0.86,0.09,0.002375,0.019219,-0.028476,0.12,0.795,253.2,,,,,,WATCH,0
fifwc-esp-arg-2026-07-19,fifwc-esp-arg-2026-07-19-player-props,Spain vs. Argentina - Player Props,2944572,soccer_player_shots,Pedri: 1+ shots,Pedri: 1+ shots,Yes,No,97579367069650846169430185343639478245107670547998618215273884617705048372489,60883728716817265288976075660276248118805207473454763974612684074059497638870,110.00644700000001,2329.3521,0.15,0.38,0.05,0.01,True,0.38,0.15,0.23,19.0,20.248,0.9495,0.85,0.62,0.22999999999999998,5.3805,29.4621,31.0,No,0.956945,0.95155,0.961419,0.85,0.62,0.23,0.006375,0.10057,0.055175,0.12,0.783,29.46,,,,Projected appearance probability is only 32.0%; wait for the official XI.,,WATCH,0
fifwc-esp-arg-2026-07-19,fifwc-esp-arg-2026-07-19-player-props,Spain vs. Argentina - Player Props,2944573,soccer_player_shots,Pedri: 2+ shots,Pedri: 2+ shots,Yes,No,3714903046552129381900848838721431732203111903689295611140615896174338009377,54260025986292171787020730883832452133837385414607082368375532730998700767688,0,294.8341,0.04,0.25,0.05,0.01,True,0.29,0.04,0.24999999999999997,29.362499999999997,125.1125,1.382,0.96,0.71,0.25,33.168,230.631,71.8875,No,0.996964,0.996097,0.997568,0.96,0.71,0.25,0.00192,0.035044,-0.005823,0.12,0.829,230.63,,,,Projected appearance probability is only 32.0%; wait for the official XI.,,WATCH,0
fifwc-esp-arg-2026-07-19,fifwc-esp-arg-2026-07-19-player-props,Spain vs. Argentina - Player Props,2944574,soccer_player_shots,Pedri: 3+ shots,Pedri: 3+ shots,Yes,No,67043349119996898054920464264341465425963578575547375400462226524904368225186,88990835915022570843815373714188807912335910786916641677081142102455160258203,40.62,4995.3164,0.01,0.02,0.05,0.001,True,0.02,0.01,0.01,6.9,19.34281,0.1,0.99,0.98,0.010000000000000009,9.9,2322.285,338.09999999999997,No,0.999856,0.999786,0.999896,0.99,0.98,0.01,0.000495,0.009361,-0.030709,0.12,0.832,2322.28,,,,Projected appearance probability is only 32.0%; wait for the official XI.,,PASS,0
fifwc-esp-arg-2026-07-19,fifwc-esp-arg-2026-07-19-player-props,Spain vs. Argentina - Player Props,2944575,soccer_player_shots,Pedro Porro: 1+ shots,Pedro Porro: 1+ shots,Yes,No,94035080506264605128029932963364472305415520876193338981257025829463462922545,97957066533438815780674709588182663044548109103092724099589350318950778053174,558.935869,2967.1509,0.52,0.64,0.05,0.01,True,0.63,0.52,0.10999999999999999,60.480000000000004,60.480000000000004,11.700000000000001,0.48,0.37,0.10999999999999999,10.799999999999999,25.5,35.519999999999996,No,0.565692,0.527178,0.600807,0.48,0.37,0.11,0.01248,0.073212,-0.005302,0.12,0.355,25.5,,,,,,WATCH,0
fifwc-esp-arg-2026-07-19,fifwc-esp-arg-2026-07-19-player-props,Spain vs. Argentina - Player Props,2944576,soccer_player_shots,Pedro Porro: 2+ shots,Pedro Porro: 2+ shots,Yes,No,67727852280643656360580276414804184892828286887361826143716320017687142087902,99121613267034752948659843187584227997435775175106090675529447561434268070434,0,263.0455,0.07,0.34,0.05,0.01,True,0.33,0.07,0.26,16.5,20.8452,0.9499000000000001,0.93,0.67,0.26,12.6201,59.6201,33.5,No,0.868893,0.83981,0.891199,0.93,0.67,0.26,0.003255,-0.064362,-0.133445,0.12,0.668,59.62,,,,,,PASS,0
fifwc-esp-arg-2026-07-19,fifwc-esp-arg-2026-07-19-player-props,Spain vs. Argentina - Player Props,2944577,soccer_player_shots,Pedro Porro: 3+ shots,Pedro Porro: 3+ shots,Yes,No,94745778842693290966796547909979275483818140115749515700716055103747705788521,81934409154251544798605121577560358530567377738428596962381546832010448898958,0,2438.58656,0.011,0.099,0.05,0.001,True,0.098,0.011,0.08700000000000001,2.646,28.486,0.10570999999999998,0.989,0.902,0.08699999999999997,9.50429,3024.0090099999998,24.354,No,0.972026,0.961007,0.979126,0.989,0.902,0.087,0.000544,-0.017517,-0.068537,0.12,0.792,3024.01,,,,,,PASS,0
fifwc-esp-arg-2026-07-19,fifwc-esp-arg-2026-07-19-player-props,Spain vs. Argentina - Player Props,2944578,soccer_player_shots,Rodri: 1+ shots,Rodri: 1+ shots,Yes,No,79178310685904228193945931094103571678033952704833418612583892558703950217185,83321897461511969899236360440319519029058335219201265687790826126753397175536,15.546091,832.8838,0.3,0.55,0.05,0.01,True,0.55,0.3,0.25000000000000006,25.1625,173.51600000000002,12.0,0.7,0.45,0.24999999999999994,28.0,28.0,20.587500000000002,Yes,0.432939,0.39596,0.474314,0.55,0.3,0.25,0.012375,-0.129436,-0.206415,0.12,0.227,173.52,,,,,,PASS,0
fifwc-esp-arg-2026-07-19,fifwc-esp-arg-2026-07-19-player-props,Spain vs. Argentina - Player Props,2944579,soccer_player_shots,Rodri: 2+ shots,Rodri: 2+ shots,Yes,No,7993398608949207324051985705131930142053838252986739110339670741246903258393,63139419604405147434326800585462882122682227803167117382602754671653577773026,0,309.6392,0.04,0.23,0.05,0.01,True,0.28,0.04,0.24000000000000002,47.74,116.99,1.3836000000000002,0.96,0.72,0.24,33.2064,234.0496,122.75999999999999,No,0.888748,0.862683,0.90834,0.96,0.72,0.24,0.00192,-0.073172,-0.139237,0.12,0.692,234.05,,,,,,PASS,0
fifwc-esp-arg-2026-07-19,fifwc-esp-arg-2026-07-19-player-props,Spain vs. Argentina - Player Props,2944580,soccer_player_shots,Rodri: 3+ shots,Rodri: 3+ shots,Yes,No,42871600930119994729818071072202093323254939198502263608005869182826183722665,56489192301138871635009085819402707772022015830409076843119249841908075014695,42.53,134.79241,0.01,0.138,0.05,0.001,True,0.136,0.01,0.126,2.9212800000000003,4.30635,0.25,0.99,0.864,0.126,24.75,2373.48562,18.55872,No,0.979993,0.971754,0.985194,0.99,0.864,0.126,0.000495,-0.010502,-0.058741,0.12,0.803,2373.49,,,,,,PASS,0
fifwc-esp-arg-2026-07-19,fifwc-esp-arg-2026-07-19-player-props,Spain vs. Argentina - Player Props,2944581,soccer_player_shots,Rodrigo de Paul: 1+ shots,Rodrigo de Paul: 1+ shots,Yes,No,76921078120922726347937874263316249968349728100105392810970111286792791371294,10708187319251713420739848543702413252042208674335205288459908096276805014297,60.407825,2380.7028,0.26,0.47,0.05,0.01,True,0.46,0.21,0.25,2.8474000000000004,2.8474000000000004,3.1689,0.79,0.54,0.25,11.921100000000001,43.9211,3.3426000000000005,No,0.77994,0.755973,0.800745,0.79,0.54,0.25,0.008295,-0.018355,-0.082322,0.12,0.583,43.92,,,,Projected appearance probability is only 70.0%; wait for the official XI.,No verified 2026 World Cup player-minute sample is available; the generic role prior is not sufficient for a bet.,PASS,0
fifwc-esp-arg-2026-07-19,fifwc-esp-arg-2026-07-19-player-props,Spain vs. Argentina - Player Props,2944582,soccer_player_shots,Rodrigo de Paul: 2+ shots,Rodrigo de Paul: 2+ shots,Yes,No,55010843985504578017185231400948302537647523039732707079622658189946072854946,50461977973577091468487057744529231777918719154764778974882492661656547916304,0,376.0482,0.05,0.23,0.05,0.01,True,0.23,0.05,0.18,18.17,84.97,1.2830000000000001,0.95,0.77,0.17999999999999994,24.377,253.2357,60.83,No,0.961079,0.951009,0.968415,0.95,0.77,0.18,0.002375,0.008704,-0.041366,0.12,0.782,253.24,,,,Projected appearance probability is only 70.0%; wait for the official XI.,No verified 2026 World Cup player-minute sample is available; the generic role prior is not sufficient for a bet.,PASS,0
fifwc-esp-arg-2026-07-19,fifwc-esp-arg-2026-07-19-player-props,Spain vs. Argentina - Player Props,2944583,soccer_player_shots,Rodrigo de Paul: 3+ shots,Rodrigo de Paul: 3+ shots,Yes,No,32476406038388659798631568636456849750769415416470812759302655831564557657422,65787668992308998868015746109641056361986295116878573929402794844837747607946,42.97,4011.35567,0.01,0.02,0.05,0.001,True,0.02,0.01,0.01,8.924,12.73081,0.1,0.99,0.98,0.010000000000000009,9.9,2821.285,437.27599999999995,No,0.995261,0.993138,0.996557,0.99,0.98,0.01,0.000495,0.004766,-0.037357,0.12,0.825,2821.28,,,,Projected appearance probability is only 70.0%; wait for the official XI.,No verified 2026 World Cup player-minute sample is available; the generic role prior is not sufficient for a bet.,PASS,0
fifwc-esp-arg-2026-07-19,fifwc-esp-arg-2026-07-19-player-props,Spain vs. Argentina - Player Props,2944584,soccer_player_shots_on_target,Alex Baena: 1+ shots on target,Alex Baena: 1+ shots on target,Yes,No,67061788553801732620274121462107438143179911903474503887698236978398855260724,66258836346819474549008496993508901968658336356666444249731704724954870067145,0,470.0495,0.03,0.48,0.05,0.01,True,0.48,0.03,0.44999999999999996,24.0,246.5,0.9501000000000001,0.97,0.52,0.44999999999999996,30.7199,513.9999,26.0,Yes,0.413356,0.379055,0.452222,0.48,0.03,0.45,0.01248,-0.079124,-0.153425,0.12,0.21,246.5,,,,,,PASS,0
fifwc-esp-arg-2026-07-19,fifwc-esp-arg-2026-07-19-player-props,Spain vs. Argentina - Player Props,2944585,soccer_player_shots_on_target,Alex Baena: 2+ shots on target,Alex Baena: 2+ shots on target,Yes,No,105275943258267151287150684040212465046031257334635277283818828222541410089644,58842614780060476493652248827024244388946861371971023549275692087777435441808,0,2062.1312,0.01,0.22,0.05,0.01,True,0.22,0.01,0.21,11.0,116.5,0.1,0.99,0.78,0.20999999999999996,9.9,9.9,39.0,No,0.899523,0.87661,0.916655,0.99,0.78,0.21,0.000495,-0.090972,-0.153885,0.12,0.706,9.9,,,,,,PASS,0
fifwc-esp-arg-2026-07-19,fifwc-esp-arg-2026-07-19-player-props,Spain vs. Argentina - Player Props,2944586,soccer_player_shots_on_target,Alex Baena: 3+ shots on target,Alex Baena: 3+ shots on target,Yes,No,12048597560856644914746447586143029072358424686464891596380525102629036306970,53828946979183376649041489366428207053842883153440041807880711771025537743248,0,21.569,0.02,0.93,0.05,0.01,True,0.93,0.02,0.91,5.4033,29.783499999999997,5.5600000000000005,0.98,0.07,0.9099999999999999,272.44,480.34000000000003,0.4067,No,0.982958,0.976182,0.987245,0.98,0.07,0.91,0.00098,0.001978,-0.044798,0.12,0.808,480.34,,,,,,PASS,0
fifwc-esp-arg-2026-07-19,fifwc-esp-arg-2026-07-19-player-props,Spain vs. Argentina - Player Props,2944587,soccer_player_shots_on_target,Alexis Mac Allister: 1+ shots on target,Alexis Mac Allister: 1+ shots on target,Yes,No,108607379768258415441026578595564915488893089689530990180025730631631159040651,12584442839904303104617265178290411465993770961310193648993244403775238487231,0,6151.9443,0.01,0.34,0.05,0.01,True,0.34,0.01,0.33,34.0,460.0,0.1,0.99,0.66,0.32999999999999996,9.9,9.9,66.0,Yes,0.353572,0.322027,0.389393,0.34,0.01,0.33,0.01122,0.002352,-0.069193,0.12,0.155,460.0,,,,,,PASS,0
fifwc-esp-arg-2026-07-19,fifwc-esp-arg-2026-07-19-player-props,Spain vs. Argentina - Player Props,2944588,soccer_player_shots_on_target,Alexis Mac Allister: 2+ shots on target,Alexis Mac Allister: 2+ shots on target,Yes,No,39429257896041938140785415382237833157117105299750837803291158590813744423492,49361240403656396103387636588422273067119240127927770768364857842865351639039,0,13.1994,0.01,0.6,0.05,0.01,True,0.6,0.01,0.59,7.5,7.5,0.1,0.99,0.4,0.59,9.9,9.9,5.0,No,0.92846,0.911146,0.941351,0.99,0.4,0.59,0.000495,-0.062035,-0.119349,0.12,0.741,9.9,,,,,,PASS,0
fifwc-esp-arg-2026-07-19,fifwc-esp-arg-2026-07-19-player-props,Spain vs. Argentina - Player Props,2944589,soccer_player_shots_on_target,Aymeric Laporte: 1+ shots on target,Aymeric Laporte: 1+ shots on target,Yes,No,111260225875925632490665126088833460912879799642877874763093843738903464361899,81198762691310277989668005119574051000138851111662221558551140875231719440838,0,2708.7233,0.01,0.25,0.05,0.01,True,0.25,0.01,0.24,12.5,131.5,0.1,0.99,0.75,0.24,9.9,9.9,37.5,No,0.916233,0.905792,0.924776,0.99,0.75,0.24,0.000495,-0.074262,-0.124703,0.12,0.736,9.9,,,,,,PASS,0
fifwc-esp-arg-2026-07-19,fifwc-esp-arg-2026-07-19-player-props,Spain vs. Argentina - Player Props,2944590,soccer_player_shots_on_target,Cristian Romero: 1+ shots on target,Cristian Romero: 1+ shots on target,Yes,No,86266791988690510820453016106316023614817461494418063800007316435375200788236,44970018095165946783970681224381254108863644689010436833685874553031543290557,0,2682.7409,0.01,0.22,0.05,0.01,True,0.22,0.01,0.21,11.0,116.5,0.1,0.99,0.78,0.20999999999999996,9.9,9.9,39.0,No,0.913218,0.902286,0.922291,0.99,0.78,0.21,0.000495,-0.077277,-0.128209,0.12,0.732,9.9,,,,,,PASS,0
fifwc-esp-arg-2026-07-19,fifwc-esp-arg-2026-07-19-player-props,Spain vs. Argentina - Player Props,2944591,soccer_player_shots_on_target,Cucurella: 1+ shots on target,Cucurella: 1+ shots on target,Yes,No,82012789225044321035367644321094548860546975475664846715330653505837915804623,115389521523544461346018443229650171643916971672246174122471107040397293287083,0,158.5498,0.03,0.29,0.05,0.01,True,0.29,0.03,0.26,57.99999999999999,57.99999999999999,0.9501000000000001,0.97,0.71,0.26,30.7199,512.0399,142.0,,,,,,,,,,,,,,,,,,,UNSUPPORTED_OR_LINEUP_FILTER,0
fifwc-esp-arg-2026-07-19,fifwc-esp-arg-2026-07-19-player-props,Spain vs. Argentina - Player Props,2944592,soccer_player_shots_on_target,Cucurella: 2+ shots on target,Cucurella: 2+ shots on target,Yes,No,112089035244387337379326581530163150715504817998521583146128214356811152476864,101361785317908942636954645616285053255060860479460949758242227027115435391284,0,17.2298,0.02,0.95,0.05,0.01,True,0.95,0.02,0.9299999999999999,9.290999999999999,38.832499999999996,5.5600000000000005,0.98,0.05,0.9299999999999999,272.44,480.34000000000003,0.489,,,,,,,,,,,,,,,,,,,UNSUPPORTED_OR_LINEUP_FILTER,0
fifwc-esp-arg-2026-07-19,fifwc-esp-arg-2026-07-19-player-props,Spain vs. Argentina - Player Props,2944593,soccer_player_shots_on_target,Dani Olmo: 1+ shots on target,Dani Olmo: 1+ shots on target,Yes,No,23768457568739938622701719104450065613133547485316123379331810229468239222219,5638639250546239097760988924434410223403781431071014213312947382586535938615,0,4001.1237,0.03,0.5,0.05,0.01,True,0.5,0.03,0.47,50.0,824.0,0.9501000000000001,0.97,0.5,0.47,30.7199,513.9999,50.0,Yes,0.33523,0.305707,0.369396,0.5,0.03,0.47,0.0125,-0.17727,-0.246793,0.12,0.139,824.0,,,,,,PASS,0
fifwc-esp-arg-2026-07-19,fifwc-esp-arg-2026-07-19-player-props,Spain vs. Argentina - Player Props,2944594,soccer_player_shots_on_target,Dani Olmo: 2+ shots on target,Dani Olmo: 2+ shots on target,Yes,No,74445180551603769193156208743639757920331957921239695130174660409640869242312,90376928430841679617767855580856567325614505874749300506228294192826485657978,0,2724.6322,0.01,0.23,0.05,0.01,True,0.23,0.01,0.22,11.5,121.5,0.1,0.99,0.77,0.21999999999999997,9.9,9.9,38.5,No,0.936205,0.920778,0.947497,0.99,0.77,0.22,0.000495,-0.05429,-0.109717,0.12,0.751,9.9,,,,,,PASS,0
fifwc-esp-arg-2026-07-19,fifwc-esp-arg-2026-07-19-player-props,Spain vs. Argentina - Player Props,2944595,soccer_player_shots_on_target,Dani Olmo: 3+ shots on target,Dani Olmo: 3+ shots on target,Yes,No,26925338402634493836446402261137059757949378932073656811562568260611815983123,109405981932095125785115559683080045469800154790297254294397897428315166004077,0,14.5095,0.01,0.93,0.05,0.01,True,0.93,0.01,0.92,6.2868,30.666999999999998,0.6,0.99,0.07,0.9199999999999999,59.4,59.4,0.4732,No,0.99162,0.988126,0.993784,0.99,0.07,0.92,0.000495,0.001125,-0.042369,0.12,0.82,59.4,,,,,,PASS,0
fifwc-esp-arg-2026-07-19,fifwc-esp-arg-2026-07-19-player-props,Spain vs. Argentina - Player Props,2944596,soccer_player_shots_on_target,Enzo Fernández: 1+ shots on target,Enzo Fernández: 1+ shots on target,Yes,No,90216178026711547320755257316886011688825384549138478444525647200124289730992,67748218531143825692684762315406194057647266312879028848785179324701302355853,0,2406.1338,0.01,0.41,0.05,0.01,True,0.41,0.01,0.39999999999999997,20.5,383.5,0.6,0.99,0.59,0.4,59.4,59.4,29.5,Yes,0.353466,0.321928,0.38928,0.41,0.01,0.4,0.012095,-0.068629,-0.140167,0.12,0.155,383.5,,,,,,PASS,0
fifwc-esp-arg-2026-07-19,fifwc-esp-arg-2026-07-19-player-props,Spain vs. Argentina - Player Props,2944597,soccer_player_shots_on_target,Enzo Fernández: 2+ shots on target,Enzo Fernández: 2+ shots on target,Yes,No,21749424166681364031244658512627750007566222350551586607259826318132275346443,93191902254851492224535747502212098406113518509682555961043266360583368811492,0,17.8382,0.01,0.63,0.05,0.01,True,0.63,0.01,0.62,8.5113,8.5113,0.1,0.99,0.37,0.62,9.9,9.9,4.9986999999999995,No,0.928507,0.911202,0.94139,0.99,0.37,0.62,0.000495,-0.061988,-0.119293,0.12,0.741,9.9,,,,,,PASS,0
fifwc-esp-arg-2026-07-19,fifwc-esp-arg-2026-07-19-player-props,Spain vs. Argentina - Player Props,2944598,soccer_player_shots_on_target,Julián Álvarez: 1+ shots on target,Julián Álvarez: 1+ shots on target,Yes,No,67835070505742254367234632251077608673381966856496952520362894184049587673172,59362731364466925004475709767358108461020589029514425212326688841211593711663,0,343.8287,0.09,0.63,0.05,0.01,True,0.63,0.09,0.54,31.5,321.5,0.9495,0.91,0.37,0.54,9.6005,67.1005,18.5,Yes,0.471402,0.433225,0.513288,0.63,0.09,0.54,0.011655,-0.170253,-0.24843,0.12,0.263,321.5,,,,,,PASS,0
fifwc-esp-arg-2026-07-19,fifwc-esp-arg-2026-07-19-player-props,Spain vs. Argentina - Player Props,2944599,soccer_player_shots_on_target,Julián Álvarez: 2+ shots on target,Julián Álvarez: 2+ shots on target,Yes,No,13184772119778475438291557824114601757366557100601121531132064996074918209334,111634721036956225520284833191092955823277766606909618253280493920721665833722,0,2443.5614,0.01,0.28,0.05,0.01,True,0.28,0.01,0.27,14.000000000000002,206.5,0.1,0.99,0.72,0.27,9.9,9.9,36.0,No,0.865593,0.836031,0.888383,0.99,0.72,0.27,0.000495,-0.124902,-0.194464,0.12,0.664,9.9,,,,,,PASS,0
fifwc-esp-arg-2026-07-19,fifwc-esp-arg-2026-07-19-player-props,Spain vs. Argentina - Player Props,2944600,soccer_player_shots_on_target,Julián Álvarez: 3+ shots on target,Julián Álvarez: 3+ shots on target,Yes,No,33300553337518331016218544176521827808124529358524777271098805456315180836988,17377184820265376667281809287416000235981830879121825830938259570928459992944,0,18.0604,0.01,0.62,0.05,0.01,True,0.62,0.01,0.61,8.1592,8.1592,0.1,0.99,0.38,0.61,9.9,9.9,5.0008,No,0.973015,0.962548,0.979831,0.99,0.38,0.61,0.000495,-0.01748,-0.067947,0.12,0.794,9.9,,,,,,PASS,0
fifwc-esp-arg-2026-07-19,fifwc-esp-arg-2026-07-19-player-props,Spain vs. Argentina - Player Props,2944601,soccer_player_shots_on_target,Lamine Yamal: 1+ shots on target,Lamine Yamal: 1+ shots on target,Yes,No,103517253677779468104787600875660348091872771332703624023211355704320031526119,19066855647934027061707528387313967633315642185353129908948109848600445637164,18.987338,242.5845,0.01,0.75,0.05,0.01,True,0.75,0.01,0.74,42.1875,310.1875,0.85,0.99,0.25,0.74,84.15,84.15,14.0625,Yes,0.53919,0.501536,0.579421,0.75,0.01,0.74,0.009375,-0.220185,-0.297839,0.12,0.33,310.19,,,,,,PASS,0
fifwc-esp-arg-2026-07-19,fifwc-esp-arg-2026-07-19-player-props,Spain vs. Argentina - Player Props,2944602,soccer_player_shots_on_target,Lamine Yamal: 2+ shots on target,Lamine Yamal: 2+ shots on target,Yes,No,109368034418243114245468273826845697398540780686871296684526800736841828629549,28078616405209971479266089471602875091799269145880341050350049766592743750298,0,2584.3494,0.03,0.4,0.05,0.01,True,0.4,0.03,0.37,20.0,206.5,0.9501000000000001,0.97,0.6,0.37,30.7199,513.9999,30.0,No,0.796712,0.757536,0.827796,0.97,0.6,0.37,0.001455,-0.174743,-0.253919,0.12,0.585,514.0,,,,,,PASS,0
fifwc-esp-arg-2026-07-19,fifwc-esp-arg-2026-07-19-player-props,Spain vs. Argentina - Player Props,2944603,soccer_player_shots_on_target,Lamine Yamal: 3+ shots on target,Lamine Yamal: 3+ shots on target,Yes,No,36652778768109449273147141070460799820298159252076722579566154417134407644017,7622879259862252205283682489245774651409022379711101725798919027275663413989,0,2684.1149,0.03,0.22,0.05,0.01,True,0.22,0.03,0.19,11.0,116.5,0.9501000000000001,0.97,0.78,0.18999999999999995,30.7199,513.0199,39.0,No,0.944858,0.92572,0.957713,0.97,0.78,0.19,0.001455,-0.026597,-0.085735,0.12,0.756,513.02,,,,,,PASS,0
fifwc-esp-arg-2026-07-19,fifwc-esp-arg-2026-07-19-player-props,Spain vs. Argentina - Player Props,2944604,soccer_player_shots_on_target,Lamine Yamal: 4+ shots on target,Lamine Yamal: 4+ shots on target,Yes,No,4728492906613988211867066480735464649356482275185838064340894598687477907622,64413150692874667795515282351886734470489641995994091583505602193119556204569,0,10.1098,0.01,0.95,0.05,0.01,True,0.95,0.01,0.94,8.7115,39.7468,0.6,0.99,0.05,0.94,59.4,59.4,0.4585,No,0.988416,0.982163,0.991967,0.99,0.05,0.94,0.000495,-0.002079,-0.048332,0.12,0.814,59.4,,,,,,PASS,0
fifwc-esp-arg-2026-07-19,fifwc-esp-arg-2026-07-19-player-props,Spain vs. Argentina - Player Props,2944605,soccer_player_shots_on_target,Leandro Paredes: 1+ shots on target,Leandro Paredes: 1+ shots on target,Yes,No,199865789898786968473520900599384606381964285981540347092694207478114925973,31505038249840884151756193471612087362781158131871569547044682953881903236156,0,2232.9095,0.01,0.32,0.05,0.01,True,0.32,0.01,0.31,16.0,302.5,0.1,0.99,0.68,0.30999999999999994,9.9,9.9,34.0,Yes,0.238984,0.215977,0.265851,0.32,0.01,0.31,0.01088,-0.091896,-0.154903,0.12,0.053,302.5,,,,,,PASS,0
fifwc-esp-arg-2026-07-19,fifwc-esp-arg-2026-07-19-player-props,Spain vs. Argentina - Player Props,2944606,soccer_player_shots_on_target,Leandro Paredes: 2+ shots on target,Leandro Paredes: 2+ shots on target,Yes,No,69444369380932322773543222206026348391949248938112244577257275586901508941600,53043798199916880148751538495409526078420599256307487843292113673946871702398,0,23.6815,0.01,0.59,0.05,0.01,True,0.59,0.01,0.58,7.1979999999999995,7.1979999999999995,0.1,0.99,0.41,0.5800000000000001,9.9,9.9,5.002,No,0.96885,0.960716,0.974737,0.99,0.41,0.58,0.000495,-0.021645,-0.069779,0.12,0.792,9.9,,,,,,PASS,0
fifwc-esp-arg-2026-07-19,fifwc-esp-arg-2026-07-19-player-props,Spain vs. Argentina - Player Props,2944607,soccer_player_shots_on_target,Lionel Messi: 1+ shots on target,Lionel Messi: 1+ shots on target,Yes,No,72779855377318311669406319764709390199775615361749159188848760856319130314910,52420319849119798881243570214827585942694068777188169859869824657847416003903,0,135.9461,0.22,0.85,0.05,0.01,True,0.85,0.22,0.63,64.5235,324.9089,5.0006,0.78,0.15,0.63,17.729400000000002,17.729400000000002,11.3865,Yes,0.734272,0.692573,0.774976,0.85,0.22,0.63,0.006375,-0.122103,-0.203802,0.12,0.52,324.91,,,,,,PASS,0
fifwc-esp-arg-2026-07-19,fifwc-esp-arg-2026-07-19-player-props,Spain vs. Argentina - Player Props,2944608,soccer_player_shots_on_target,Lionel Messi: 2+ shots on target,Lionel Messi: 2+ shots on target,Yes,No,1200052971963751295867175760944147625748455269385956248793292887486796208760,37660391621725327546693023341694381919712582962437232691802318043610703717790,18.181817,3154.2264,0.03,0.49,0.05,0.01,True,0.49,0.03,0.45999999999999996,56.35,662.35,0.9501000000000001,0.97,0.51,0.45999999999999996,30.7199,513.9999,58.65,Yes,0.382108,0.33043,0.441675,0.49,0.03,0.46,0.012495,-0.120387,-0.212065,0.12,0.163,662.35,,,,,,PASS,0
fifwc-esp-arg-2026-07-19,fifwc-esp-arg-2026-07-19-player-props,Spain vs. Argentina - Player Props,2944609,soccer_player_shots_on_target,Lionel Messi: 3+ shots on target,Lionel Messi: 3+ shots on target,Yes,No,10975378925778801655763402837956440385490781213701872290167224875078790987384,20643148369377511327280470456795177666928574859028214141779243523316358645710,0,2637.5147,0.01,0.26,0.05,0.01,True,0.26,0.01,0.25,13.0,136.5,0.1,0.99,0.74,0.25,9.9,9.9,37.0,Yes,0.148749,0.116663,0.192482,0.26,0.01,0.25,0.00962,-0.120871,-0.192957,0.12,0.0,136.5,,,,,,PASS,0
fifwc-esp-arg-2026-07-19,fifwc-esp-arg-2026-07-19-player-props,Spain vs. Argentina - Player Props,2944610,soccer_player_shots_on_target,Lionel Messi: 4+ shots on target,Lionel Messi: 4+ shots on target,Yes,No,18756697164457287645891097694382902413767803504765585546863766183032558933178,107552151426009385388022402557450888310121222756148907868444241751879368143122,0,11.4996,0.01,0.93,0.05,0.01,True,0.93,0.01,0.92,79.7103,97.04050000000001,0.1,0.99,0.07,0.9199999999999999,9.9,9.9,5.9997,No,0.95434,0.932863,0.967647,0.99,0.07,0.92,0.000495,-0.036155,-0.097632,0.12,0.763,9.9,,,,,,PASS,0
fifwc-esp-arg-2026-07-19,fifwc-esp-arg-2026-07-19-player-props,Spain vs. Argentina - Player Props,2944611,soccer_player_shots_on_target,Lisandro Martínez: 1+ shots on target,Lisandro Martínez: 1+ shots on target,Yes,No,68846488995458497346784973578025339038698385865695428224462699797770105028333,99700307693875210306849276427073532571935795560137078202205075239691212745413,0,2668.0062,0.01,0.23,0.05,0.01,True,0.23,0.01,0.22,13.365300000000001,122.9765,0.1,0.99,0.77,0.21999999999999997,9.9,9.9,44.7447,No,0.89439,0.881257,0.905329,0.99,0.77,0.22,0.000495,-0.096105,-0.149238,0.12,0.71,9.9,,,,,,PASS,0
fifwc-esp-arg-2026-07-19,fifwc-esp-arg-2026-07-19-player-props,Spain vs. Argentina - Player Props,2944612,soccer_player_shots_on_target,Mikel Oyarzabal: 1+ shots on target,Mikel Oyarzabal: 1+ shots on target,Yes,No,14602360319732802977926800835710267900504239744601403211842001636448795929170,97484187087240493711605772090440641472814189932336980201852096004731314680109,0,254.5599,0.05,0.75,0.05,0.01,True,0.75,0.05,0.7,60.0,472.4,6.5,0.95,0.25,0.7,123.5,238.7,20.0,Yes,0.543817,0.503931,0.587136,0.75,0.05,0.7,0.009375,-0.215558,-0.295444,0.12,0.332,472.4,,,,,,PASS,0
fifwc-esp-arg-2026-07-19,fifwc-esp-arg-2026-07-19-player-props,Spain vs. Argentina - Player Props,2944613,soccer_player_shots_on_target,Mikel Oyarzabal: 2+ shots on target,Mikel Oyarzabal: 2+ shots on target,Yes,No,62107211168327067822162130428911402741806031638914275655586942491729109453352,99538460662195154281471007053228869082080805497438141519591040120224168539492,0,2500.2745,0.01,0.39,0.05,0.01,True,0.39,0.01,0.38,19.5,201.5,0.1,0.99,0.61,0.38,9.9,9.9,30.5,No,0.814223,0.776676,0.843527,0.99,0.61,0.38,0.000495,-0.176272,-0.253819,0.12,0.604,9.9,,,,,,PASS,0
fifwc-esp-arg-2026-07-19,fifwc-esp-arg-2026-07-19-player-props,Spain vs. Argentina - Player Props,2944614,soccer_player_shots_on_target,Mikel Oyarzabal: 3+ shots on target,Mikel Oyarzabal: 3+ shots on target,Yes,No,93982076990942031464605305060356725169795769125622843114644282863747506731976,79433550559750465579814365451610292482063024854005219478543291952562214085850,0,5961.9238,0.01,0.2,0.05,0.01,True,0.2,0.01,0.19,10.316,53.645300000000006,0.1,0.99,0.8,0.18999999999999995,9.9,9.9,41.264,No,0.954729,0.938404,0.965515,0.99,0.8,0.19,0.000495,-0.035766,-0.092091,0.12,0.769,9.9,,,,,,PASS,0
fifwc-esp-arg-2026-07-19,fifwc-esp-arg-2026-07-19-player-props,Spain vs. Argentina - Player Props,2944615,soccer_player_shots_on_target,Mikel Oyarzabal: 4+ shots on target,Mikel Oyarzabal: 4+ shots on target,Yes,No,83956429204659887218983853167669102320626220876621251429126341231919892158643,14922992255798103964917234821818661186633676262021667008070590262285527919035,0,21.5696,0.02,0.93,0.05,0.01,True,0.93,0.02,0.91,5.3568,29.737,5.5600000000000005,0.98,0.07,0.9099999999999999,272.44,480.34000000000003,0.4032,No,0.991489,0.986741,0.99414,0.98,0.07,0.91,0.00098,0.010509,-0.034239,0.12,0.819,480.34,,,,,,WATCH,0
fifwc-esp-arg-2026-07-19,fifwc-esp-arg-2026-07-19-player-props,Spain vs. Argentina - Player Props,2944616,soccer_player_shots_on_target,Nahuel Molina: 1+ shots on target,Nahuel Molina: 1+ shots on target,Yes,No,89581265314769691809919688557274073126319181645294502707625860967457684596573,53345670607423949606639036147769586012236078467968744801803754159166950131255,0,2665.424,0.01,0.24,0.05,0.01,True,0.24,0.01,0.22999999999999998,12.4008,128.1508,0.1,0.99,0.76,0.22999999999999998,9.9,9.9,39.269200000000005,No,0.948234,0.941561,0.953737,0.99,0.76,0.23,0.000495,-0.042261,-0.088934,0.12,0.772,9.9,,,,,,PASS,0
fifwc-esp-arg-2026-07-19,fifwc-esp-arg-2026-07-19-player-props,Spain vs. Argentina - Player Props,2944617,soccer_player_shots_on_target,Nicolás Tagliafico: 1+ shots on target,Nicolás Tagliafico: 1+ shots on target,Yes,No,33570027736317559620584091535643474234565378202448133155846367531008787866422,90310308355365407556372780583331268152946787765431398525811447616304047463250,0,2651.0237,0.01,0.25,0.05,0.01,True,0.25,0.01,0.24,12.5,131.5,0.1,0.99,0.75,0.24,9.9,9.9,37.5,No,0.970366,0.966491,0.973548,0.99,0.75,0.24,0.000495,-0.020129,-0.064004,0.12,0.798,9.9,,,,,,PASS,0
fifwc-esp-arg-2026-07-19,fifwc-esp-arg-2026-07-19-player-props,Spain vs. Argentina - Player Props,2944618,soccer_player_shots_on_target,Pau Cubarsí: 1+ shots on target,Pau Cubarsí: 1+ shots on target,Yes,No,29690698896626923076047585313443257909510745237953104322623263489595683246494,72870106862169870062713122763073732821810748476739533910149381275516684929313,0,2601.683,0.01,0.28,0.05,0.01,True,0.28,0.01,0.27,224.00000000000003,224.00000000000003,0.1,0.99,0.72,0.27,9.9,9.9,576.0,No,0.932738,0.924263,0.939653,0.99,0.72,0.27,0.000495,-0.057757,-0.106232,0.12,0.755,9.9,,,,,,PASS,0
fifwc-esp-arg-2026-07-19,fifwc-esp-arg-2026-07-19-player-props,Spain vs. Argentina - Player Props,2944619,soccer_player_shots_on_target,Pedri: 1+ shots on target,Pedri: 1+ shots on target,Yes,No,70308199970189313090060193767250026052719278364819723209641675987523738013527,17171892621606173614937552878167984889665759320391587788489592954140407228657,0,466.0184,0.01,0.34,0.05,0.01,True,0.34,0.01,0.33,17.0,248.5,0.6,0.99,0.66,0.32999999999999996,59.4,59.4,33.0,No,0.984541,0.982569,0.986145,0.99,0.66,0.33,0.000495,-0.005954,-0.047926,0.12,0.815,59.4,,,,Projected appearance probability is only 32.0%; wait for the official XI.,,PASS,0
fifwc-esp-arg-2026-07-19,fifwc-esp-arg-2026-07-19-player-props,Spain vs. Argentina - Player Props,2944620,soccer_player_shots_on_target,Pedri: 2+ shots on target,Pedri: 2+ shots on target,Yes,No,38937198681521389739134165555590823328531011206591583705147429681351656319601,83222587540658809587291532867761987837495607369277563163566704968604304092238,0,10.1498,0.01,0.95,0.05,0.01,True,0.95,0.01,0.94,9.613999999999999,39.4271,0.6,0.99,0.05,0.94,59.4,59.4,0.506,No,0.99962,0.999512,0.999695,0.99,0.05,0.94,0.000495,0.009125,-0.030983,0.12,0.832,59.4,,,,Projected appearance probability is only 32.0%; wait for the official XI.,,PASS,0
fifwc-esp-arg-2026-07-19,fifwc-esp-arg-2026-07-19-player-props,Spain vs. Argentina - Player Props,2944621,soccer_player_shots_on_target,Pedro Porro: 1+ shots on target,Pedro Porro: 1+ shots on target,Yes,No,784897524810455602812960527013470114758361012203117192426298339235238019776,98840647144054430543542509407120138023287878649647349339422464087869642158269,0,2671.2313,0.01,0.29,0.05,0.01,True,0.29,0.01,0.27999999999999997,14.499999999999998,151.5,0.1,0.99,0.71,0.28,9.9,9.9,35.5,No,0.853252,0.836005,0.867595,0.99,0.71,0.28,0.000495,-0.137243,-0.19449,0.12,0.664,9.9,,,,,,PASS,0
fifwc-esp-arg-2026-07-19,fifwc-esp-arg-2026-07-19-player-props,Spain vs. Argentina - Player Props,2944622,soccer_player_shots_on_target,Pedro Porro: 2+ shots on target,Pedro Porro: 2+ shots on target,Yes,No,108349270395760458352486567578680206224073296984625926109277686399698816680745,28545550061905300051843024141223184363985028989946175964763227726381363968542,0,21.5696,0.02,0.93,0.05,0.01,True,0.93,0.02,0.91,6.231000000000001,30.6112,5.5600000000000005,0.98,0.07,0.9099999999999999,272.44,480.34000000000003,0.4690000000000001,No,0.987021,0.983539,0.989473,0.98,0.07,0.91,0.00098,0.006041,-0.037441,0.12,0.816,480.34,,,,,,PASS,0
fifwc-esp-arg-2026-07-19,fifwc-esp-arg-2026-07-19-player-props,Spain vs. Argentina - Player Props,2944623,soccer_player_shots_on_target,Rodri: 1+ shots on target,Rodri: 1+ shots on target,Yes,No,90640998133781402244419707060442176612953204549908730650193661644404421668411,99629174074923775923114070939612194676547908532397967055119319010482854421781,0,2544.0148,0.03,0.32,0.05,0.01,True,0.32,0.03,0.29000000000000004,16.0,166.5,0.9501000000000001,0.97,0.68,0.2899999999999999,30.7199,513.0199,34.0,No,0.82334,0.802731,0.840514,0.97,0.68,0.29,0.001455,-0.148115,-0.208724,0.12,0.631,513.02,,,,,,PASS,0
fifwc-esp-arg-2026-07-19,fifwc-esp-arg-2026-07-19-player-props,Spain vs. Argentina - Player Props,2944624,soccer_player_shots_on_target,Rodrigo de Paul: 1+ shots on target,Rodrigo de Paul: 1+ shots on target,Yes,No,53860950547246769648932455122722064827179205683804728194018614799975697904706,40383372819190105950304016896832168579856276265749234878582357054843575750011,0,2492.9241,0.01,0.32,0.05,0.01,True,0.32,0.01,0.31,16.0,166.5,0.1,0.99,0.68,0.30999999999999994,9.9,9.9,34.0,No,0.904095,0.89243,0.913872,0.99,0.68,0.31,0.000495,-0.0864,-0.138065,0.12,0.722,9.9,,,,Projected appearance probability is only 70.0%; wait for the official XI.,No verified 2026 World Cup player-minute sample is available; the generic role prior is not sufficient for a bet.,PASS,0
fifwc-esp-arg-2026-07-19,fifwc-esp-arg-2026-07-19-player-props,Spain vs. Argentina - Player Props,2944625,soccer_player_shots_on_target,Rodrigo de Paul: 2+ shots on target,Rodrigo de Paul: 2+ shots on target,Yes,No,70947135560871184419417269576605286977017991433566250971253536352469382072154,41732394469216478160923723827533727124276061880200908975624729458865231891125,0,18.8596,0.01,0.89,0.05,0.01,True,0.89,0.01,0.88,97.0901,97.0901,0.1,0.99,0.11,0.88,9.9,9.9,11.9999,No,0.993108,0.991201,0.994458,0.99,0.11,0.88,0.000495,0.002613,-0.039294,0.12,0.823,9.9,,,,Projected appearance probability is only 70.0%; wait for the official XI.,No verified 2026 World Cup player-minute sample is available; the generic role prior is not sufficient for a bet.,PASS,0
fifwc-esp-arg-2026-07-19,fifwc-esp-arg-2026-07-19-player-props,Spain vs. Argentina - Player Props,2946751,soccer_player_goals,Nicolás Paz: 3+ goals,Nicolás Paz: 3+ goals,Yes,No,40573188178129965736499388066437770298363028742058467118201349388234561224636,81930305866865635987860697743866699615149636721998273876502490809059146111467,69.1919,37.3186,,0.25,0.05,0.01,True,0.25,,,1.5,1.5,0,,0.75,,0,0,4.5,,,,,,,,,,,,,,,,,,,UNSUPPORTED_OR_LINEUP_FILTER,0
fifwc-esp-arg-2026-07-19,fifwc-esp-arg-2026-07-19-player-props,Spain vs. Argentina - Player Props,2946754,soccer_player_shots_on_target,Rodri: 2+ shots on target,Rodri: 2+ shots on target,Yes,No,52849264131499128025764936183888085706287252157436147906783569609574027252884,22684007500785523518750373153107435222391311769906800089935416368968336219465,0,10.1698,0.01,0.95,0.05,0.01,True,0.95,0.01,0.94,9.613999999999999,39.4271,0.6,0.99,0.05,0.94,59.4,59.4,0.506,No,0.983386,0.978952,0.986514,0.99,0.05,0.94,0.000495,-0.007109,-0.051543,0.12,0.811,59.4,,,,,,PASS,0
fifwc-esp-arg-2026-07-19,fifwc-esp-arg-2026-07-19-player-props,Spain vs. Argentina - Player Props,2947009,soccer_player_goals,Dani Olmo: 3+ goals,Dani Olmo: 3+ goals,Yes,No,50920412738272560923774554754264477059331770204209874407091818919366657447254,68938870056006840039900802913045894679747628820225914881290867939386548782706,60,45.4386,,0.25,0.05,0.01,True,0.34,,,6.1812000000000005,6.1812000000000005,0,,0.66,,0,0,11.998800000000001,,3.5e-05,,,,,,,,,0.12,,,,,,,,ONE_SIDED_OR_UNQUOTED_PASS,0
fifwc-esp-arg-2026-07-19,fifwc-esp-arg-2026-07-19-player-props,Spain vs. Argentina - Player Props,2947010,soccer_player_goals,Mikel Merino: 3+ goals,Mikel Merino: 3+ goals,Yes,No,83904141671661264634382942281609164367257294099859484272307741875372427537341,111425014360392939622158861233118300511348693148971972165090393601515425813139,87.202,55.4676,,0.24,0.05,0.01,True,0.33,,,8.976,15.157200000000001,0,,0.67,,0,0,18.224,,2.2e-05,,,,,,,,,0.12,,,,,,,,ONE_SIDED_OR_UNQUOTED_PASS,0
fifwc-esp-arg-2026-07-19,fifwc-esp-arg-2026-07-19-player-props,Spain vs. Argentina - Player Props,2954703,soccer_player_goals,Yeremi Pino: 3+ goals,Yeremi Pino: 3+ goals,Yes,No,24763973770179020086462214059404378261626904425696330171204108616620334728826,5157181038506397017064779089717046069349146954083589661935511790561418791584,89.995,84.1185,,0.2,0.05,0.01,True,0.2,,,11.0,11.0,0,,0.8,,0,0,44.0,,,,,,,,,,,,,,,,,,,UNSUPPORTED_OR_LINEUP_FILTER,0
fifwc-esp-arg-2026-07-19,fifwc-esp-arg-2026-07-19-player-props,Spain vs. Argentina - Player Props,2959204,soccer_player_goals,Alex Baena: 3+ goals,Alex Baena: 3+ goals,Yes,No,61020289873096662485019693396333652379882011726085615059607723570737904823856,2216076852708637346959257883480785224659078035754014065274376719287348054524,20,38.7987,,0.25,0.05,0.01,True,0.25,,,1.5,1.5,0,,0.75,,0,0,8.25,,0.0003,,,,,,,,,0.12,,,,,,,,ONE_SIDED_OR_UNQUOTED_PASS,0
fifwc-esp-arg-2026-07-19,fifwc-esp-arg-2026-07-19-player-props,Spain vs. Argentina - Player Props,2971482,soccer_player_shots,Enzo Fernández: 5+ shots,Enzo Fernández: 5+ shots,Yes,No,7095709820930111534940877690038484203909333157437550958105503941009894823317,109057556721821785256966144717483956016503260533043830074695095862505946496845,0,84.02,0.01,0.22,0.05,0.01,True,0.2,0.01,0.19,8.0,24.2375,0.2,0.99,0.8,0.18999999999999995,19.8,19.8,32.0,No,0.994209,0.989729,0.996405,0.99,0.8,0.19,0.000495,0.003714,-0.040766,0.12,0.822,19.8,,,,,,PASS,0
