fixture_id,event_slug,event_title,market_id,sports_market_type,group_item_title,question,outcome_0,outcome_1,token_0,token_1,market_volume,market_liquidity,gamma_best_bid,gamma_best_ask,fee_rate,tick_size,accepting_orders,outcome_0_ask,outcome_0_bid,outcome_0_spread,outcome_0_ask_depth_best_usd,outcome_0_ask_depth_2c_usd,outcome_0_bid_depth_best_usd,outcome_1_ask,outcome_1_bid,outcome_1_spread,outcome_1_ask_depth_best_usd,outcome_1_ask_depth_2c_usd,outcome_1_bid_depth_best_usd
fifwc-fra-eng-2026-07-18,fifwc-fra-eng-2026-07-18,France vs. England,2941971,moneyline,France,Will France win on 2026-07-18?,Yes,No,27017352779469567119021515174282416893555366624071034758236558815968401338728,24700818764893371447983775874874488061572200819525844393509377284018768095208,3538536.2032889333,3274927.5408,0.51,0.52,0.05,0.01,True,0.52,0.51,0.010000000000000009,329530.9992,1518258.7406000001,1233514.6314,0.49,0.48,0.010000000000000009,1185141.5086,1449797.6237,304182.46079999994
fifwc-fra-eng-2026-07-18,fifwc-fra-eng-2026-07-18,France vs. England,2941972,moneyline,Draw (France vs. England),Will France vs. England end in a draw?,Yes,No,85239138404163331579594125846576574312907099172264868553957025875753281044940,112547101819436418115775183743525115211037676921707460770609242558856503450400,1304089.7313899978,3251623.8357,0.23,0.24,0.05,0.01,True,0.24,0.23,0.009999999999999981,229079.8008,752926.9278,66411.3201,0.77,0.76,0.010000000000000009,230125.9499,1071937.2333,725849.552
fifwc-fra-eng-2026-07-18,fifwc-fra-eng-2026-07-18,France vs. England,2941973,moneyline,England,Will England win on 2026-07-18?,Yes,No,104204269101315799616235020335758894730330540969530162829399554926283403684718,34385162543059510571975707768358382063196208867331187336985212373807572088934,741183.7441569992,2924307.822,0.24,0.25,0.05,0.01,True,0.25,0.24,0.010000000000000009,217421.6125,671039.1679,226381.968,0.76,0.75,0.010000000000000009,716876.232,1890171.5931,652264.8374999999
fifwc-fra-eng-2026-07-18,fifwc-fra-eng-2026-07-18-halftime-result,France vs. England - Halftime Result,2941977,soccer_halftime_result,France,France leading at halftime?,Yes,No,61811493468803204160632540963577001178772148991316628543392506941734077645782,78490391201114733703387667755358493334495392218047392522111826426630817820622,18628.769661999988,419918.7712,0.4,0.41,0.05,0.01,True,0.41,0.4,0.009999999999999953,6984.7026,34670.5562,30391.776,0.6,0.59,0.010000000000000009,45587.664,94137.43579999999,10051.1574
fifwc-fra-eng-2026-07-18,fifwc-fra-eng-2026-07-18-halftime-result,France vs. England - Halftime Result,2941978,soccer_halftime_result,Draw,France vs. England: Draw at halftime?,Yes,No,93770991594114735840558498036990297268526632198384626767392636869348270702717,32807033096625811812555210042254733971212535752474785077716547711581928459340,41032.223165,667078.0467,0.37,0.38,0.05,0.01,True,0.38,0.37,0.010000000000000009,41170.492,204810.62360000002,5179.5523,0.63,0.62,0.010000000000000009,8819.237700000001,87958.0951,67172.908
fifwc-fra-eng-2026-07-18,fifwc-fra-eng-2026-07-18-halftime-result,France vs. England - Halftime Result,2941979,soccer_halftime_result,England,England leading at halftime?,Yes,No,101466604796646303063065849483250957756641188696476792686552742499161794954374,34680546878445570238499787418316253879485183282717196136763719253922561001547,5371.208162000001,484553.2256,0.22,0.23,0.05,0.01,True,0.23,0.22,0.010000000000000009,16901.1958,43218.956000000006,236.85860000000002,0.78,0.77,0.010000000000000009,839.7714000000001,109041.2277,56582.264200000005
fifwc-fra-eng-2026-07-18,fifwc-fra-eng-2026-07-18-second-half-result,France vs. England - Second Half Result,2941980,soccer_second_half_result,France,France to win the second half?,Yes,No,81269570913916644194690320611023537431288854349067468910267873985178587398268,19496067462963110205036243822692095717194745632900824355345130843698426625482,16939.719671,195965.0842,0.45,0.46,0.05,0.01,True,0.46,0.45,0.010000000000000009,13945.810800000001,32069.8998,657.1664999999999,0.55,0.54,0.010000000000000009,803.2035,9841.1402,16371.1692
fifwc-fra-eng-2026-07-18,fifwc-fra-eng-2026-07-18-second-half-result,France vs. England - Second Half Result,2941981,soccer_second_half_result,Draw,France vs. England: Second half draw?,Yes,No,59169302328506479397015766581411117208356044887548748930760200364562752545272,11243147421976689538894395841825473502307034835783870709980059448823287860895,3388.320911000001,114270.2964,0.3,0.32,0.05,0.01,True,0.32,0.3,0.020000000000000018,4612.448,9671.9247,480.966,0.7,0.68,0.019999999999999907,1122.254,6501.8873,9801.452000000001
fifwc-fra-eng-2026-07-18,fifwc-fra-eng-2026-07-18-second-half-result,France vs. England - Second Half Result,2941982,soccer_second_half_result,England,England to win the second half?,Yes,No,101422564053483390522515281259389536590147788317745214542827734122694877131448,3632568448728797759836781450537073325968641255413176100873102585419543925335,3499.4147279999997,151264.2469,0.26,0.27,0.05,0.01,True,0.27,0.26,0.010000000000000009,4658.094,8748.2405,155.6672,0.74,0.73,0.010000000000000009,443.0528,4652.4388,12594.106
fifwc-fra-eng-2026-07-18,fifwc-fra-eng-2026-07-18-exact-score,France vs. England - Exact Score,2941983,soccer_exact_score,France 0 - 0 England,Exact Score: France 0 - 0 England?,Yes,No,77589184052310534074342368621823428560565401116328536972176290424846414791025,77899117691320282255084926855068126399522814425967645821251701722727475314950,1156154.5415330047,546964.38733,0.039,0.04,0.05,0.001,True,0.04,0.039,0.0010000000000000009,788.738,14954.19127,616.0424399999999,0.961,0.96,0.0010000000000000009,15179.917559999998,324199.28146,18929.712
fifwc-fra-eng-2026-07-18,fifwc-fra-eng-2026-07-18-exact-score,France vs. England - Exact Score,2941984,soccer_exact_score,France 0 - 1 England,Exact Score: France 0 - 1 England?,Yes,No,97574919734149007313064889238734975478996946020639808421026332258713303476825,60129640300285378328035174641272884046194286578104309805402712072704054571258,368220.1137280001,490470.73482,0.042,0.043,0.05,0.001,True,0.043,0.042,0.000999999999999994,391.32579999999996,9744.68195,281.07408,0.958,0.957,0.0010000000000000009,6411.1659199999995,227911.81524999999,8709.2742
fifwc-fra-eng-2026-07-18,fifwc-fra-eng-2026-07-18-exact-score,France vs. England - Exact Score,2941985,soccer_exact_score,France 1 - 0 England,Exact Score: France 1 - 0 England?,Yes,No,61614661992424492173938297562112512099804520917816987914209049210275885628462,36021325291674835501257551232202761749390705768070007003235288118635614421481,148604.83493999936,3203818.8093,0.06,0.07,0.05,0.01,True,0.07,0.06,0.010000000000000009,83187.13900000001,252381.4496,5310.953399999999,0.94,0.93,0.009999999999999898,83204.9366,305236.9034,1105200.561
fifwc-fra-eng-2026-07-18,fifwc-fra-eng-2026-07-18-exact-score,France vs. England - Exact Score,2941986,soccer_exact_score,France 0 - 2 England,Exact Score: France 0 - 2 England?,Yes,No,39041009424463264405833524627754921712545508890394561269865959538907058912502,110390665526164462948552804745075921946361493821417521155912655831882419110222,282793.5198119997,561822.85832,0.029,0.03,0.05,0.001,True,0.03,0.029,0.0009999999999999974,22.6827,8292.009900000001,186.64371,0.971,0.97,0.0010000000000000009,6249.3462899999995,306016.10992,733.4073
fifwc-fra-eng-2026-07-18,fifwc-fra-eng-2026-07-18-exact-score,France vs. England - Exact Score,2941987,soccer_exact_score,France 1 - 1 England,Exact Score: France 1 - 1 England?,Yes,No,51695634536654818524904567840367422434925521930955943706676129558812748145248,85991163361707059478122141587385154218740046714882039099540501189991002531177,211050.56185900045,2743455.7882,0.1,0.11,0.05,0.01,True,0.11,0.1,0.009999999999999995,120788.15320000002,343607.3471,14326.286,0.9,0.89,0.010000000000000009,128936.574,260915.5657,977269.7777
fifwc-fra-eng-2026-07-18,fifwc-fra-eng-2026-07-18-exact-score,France vs. England - Exact Score,2941988,soccer_exact_score,France 2 - 0 England,Exact Score: France 2 - 0 England?,Yes,No,83738293003989061909432987812246099956283553688616457850473263255666340995863,24422286319743612424586161606143185900928449498626548494888494659350127767379,262924.619224996,2337835.3459,0.06,0.07,0.05,0.01,True,0.07,0.06,0.010000000000000009,75963.5212,159648.98440000002,12349.979399999998,0.94,0.93,0.009999999999999898,193248.01059999998,338350.5614,1009133.979
fifwc-fra-eng-2026-07-18,fifwc-fra-eng-2026-07-18-exact-score,France vs. England - Exact Score,2941989,soccer_exact_score,France 0 - 3 England,Exact Score: France 0 - 3 England?,Yes,No,43863237958662185303255747001516390892668137934134139782430242712958236796263,37325156613964674326708490905219409497036234425063978222001914062723598149570,205379.68523399983,581139.40845,0.01,0.011,0.05,0.001,True,0.011,0.01,0.0009999999999999992,2.65221,4621.85799,130.03719999999998,0.99,0.989,0.0010000000000000009,12873.682799999999,706942.83216,257.75318
fifwc-fra-eng-2026-07-18,fifwc-fra-eng-2026-07-18-exact-score,France vs. England - Exact Score,2941990,soccer_exact_score,France 1 - 2 England,Exact Score: France 1 - 2 England?,Yes,No,47725115768942599245435543299520586635682755707864227318684625633614926636446,111967320046683721120109257616915970974897169935926251965786684117668181606776,328268.3744979959,2809444.9374,0.06,0.07,0.05,0.01,True,0.07,0.06,0.010000000000000009,52255.66640000001,209608.6521,17077.6692,0.94,0.93,0.009999999999999898,267550.1508,389138.6172,694253.8536
fifwc-fra-eng-2026-07-18,fifwc-fra-eng-2026-07-18-exact-score,France vs. England - Exact Score,2941991,soccer_exact_score,France 2 - 1 England,Exact Score: France 2 - 1 England?,Yes,No,70617876534332603001051872118464962749830433834266462871549496979917149356185,71824415369050529903604664265312348624339165546736865434786631559172922399295,961437.1566259991,2199585.2561,0.11,0.12,0.05,0.01,True,0.12,0.11,0.009999999999999995,142608.72,274383.1359,6556.2684,0.89,0.88,0.010000000000000009,53046.1716,399248.137,1045737.1407999999
fifwc-fra-eng-2026-07-18,fifwc-fra-eng-2026-07-18-exact-score,France vs. England - Exact Score,2941992,soccer_exact_score,France 3 - 0 England,Exact Score: France 3 - 0 England?,Yes,No,71579935885238729370531508632170367735300675638008874113954459647621456394107,111864925266071288591217886296151901343503794465466677078902429990890941550054,228991.8248459997,407612.73106,0.045,0.046,0.05,0.001,True,0.046,0.045,0.0010000000000000009,43.17974,10409.602590000002,748.83645,0.955,0.954,0.0010000000000000009,15891.97355,160067.61510999998,895.51026
fifwc-fra-eng-2026-07-18,fifwc-fra-eng-2026-07-18-exact-score,France vs. England - Exact Score,2941993,soccer_exact_score,France 1 - 3 England,Exact Score: France 1 - 3 England?,Yes,No,82683428151724578313364395635035607159364277568301998535997746533369405222616,81695283754059184552740228483256358767727532503668996582831580514490589196158,225419.63829900025,578421.59253,0.03,0.031,0.05,0.001,True,0.031,0.03,0.0010000000000000009,247.45998,8347.14558,183.7893,0.97,0.969,0.0010000000000000009,5942.5207,253208.22253,7735.120019999999
fifwc-fra-eng-2026-07-18,fifwc-fra-eng-2026-07-18-exact-score,France vs. England - Exact Score,2941994,soccer_exact_score,France 2 - 2 England,Exact Score: France 2 - 2 England?,Yes,No,6958970558174309284782223375880969055625012204063988403251481024738779408118,7397811728293736056999681087356237492491531269299601004967845780588145337370,448326.2430510001,2137796.96,0.07,0.08,0.05,0.01,True,0.08,0.07,0.009999999999999995,44790.6408,189377.6227,16523.3565,0.93,0.92,0.010000000000000009,219524.59350000002,441690.1304,515263.1488
fifwc-fra-eng-2026-07-18,fifwc-fra-eng-2026-07-18-exact-score,France vs. England - Exact Score,2941995,soccer_exact_score,France 3 - 1 England,Exact Score: France 3 - 1 England?,Yes,No,57716287394748798766806223253182132223051854128703406873399535626224142146187,21068985420988296968126799664296613266675922370351368397019455239267146952705,1203107.442275998,2023367.2457,0.07,0.08,0.05,0.01,True,0.08,0.07,0.009999999999999995,71356.7064,167497.24970000001,25974.781000000003,0.93,0.92,0.010000000000000009,345030.4185,559128.5707,820544.6236
fifwc-fra-eng-2026-07-18,fifwc-fra-eng-2026-07-18-exact-score,France vs. England - Exact Score,2941996,soccer_exact_score,France 2 - 3 England,Exact Score: France 2 - 3 England?,Yes,No,47900225213576749948704597444302726918908953028391106933373400103287761335255,12126985522496775779898513033450175928108152420587260431596891059917095347106,514244.448033998,411249.29321,0.035,0.036,0.05,0.001,True,0.036,0.035,0.000999999999999994,4393.200239999999,6831.620739999999,141.75,0.965,0.964,0.0010000000000000009,3908.25,267732.83492,117666.30271999999
fifwc-fra-eng-2026-07-18,fifwc-fra-eng-2026-07-18-exact-score,France vs. England - Exact Score,2941997,soccer_exact_score,France 3 - 2 England,Exact Score: France 3 - 2 England?,Yes,No,69502084100804689355153051763208490212667904877262906299746339004132409869954,72166004559276241860499618632827389901491601078965102090191221599394120521739,853854.3116739953,1825308.8299,0.05,0.06,0.05,0.01,True,0.06,0.05,0.009999999999999995,42984.5004,112732.4975,9571.183,0.95,0.94,0.010000000000000009,181931.64049999998,414538.6625,673907.9395999999
fifwc-fra-eng-2026-07-18,fifwc-fra-eng-2026-07-18-exact-score,France vs. England - Exact Score,2941998,soccer_exact_score,France 3 - 3 England,Exact Score: France 3 - 3 England?,Yes,No,45441664016374221637425717412841164229115501443222518799950103324628857482912,79717254973953441731721062821113136648595821940607197619538640718877281304397,757277.5802280032,429510.69925,0.025,0.026,0.05,0.001,True,0.026,0.025,0.0009999999999999974,105.39464,5427.24029,372.21025000000003,0.975,0.974,0.0010000000000000009,14516.19975,391314.83599,2795.6235
fifwc-fra-eng-2026-07-18,fifwc-fra-eng-2026-07-18-exact-score,France vs. England - Exact Score,2941999,soccer_exact_score,Any Other Score,Exact Score: Any Other Score?,Yes,No,77643273423189704343736039854784640042698303451885684346802301629042882281876,53921125910881474618616951274438881938303285021466303057535621782422136228777,275009.3488049991,402083.2465,0.13,0.14,0.05,0.01,True,0.14,0.13,0.010000000000000009,8186.007200000001,27761.6572,61704.5962,0.87,0.86,0.010000000000000009,412946.14379999996,556323.4813999999,50316.191999999995
fifwc-fra-eng-2026-07-18,fifwc-fra-eng-2026-07-18-first-to-score,France vs. England - First Team to Score,2942000,soccer_first_to_score,France,France to score first vs. England?,Yes,No,56735302916010239099392370155194320325205863232630645733151226259169129115252,95263391672314592162431977061052599293576507269153256221263204964044788438733,14495.522229000004,228991.6999,0.59,0.6,0.05,0.01,True,0.6,0.59,0.010000000000000009,9904.866,43142.107,13242.8922,0.41,0.4,0.009999999999999953,9192.4378,19449.1722,6593.244000000001
fifwc-fra-eng-2026-07-18,fifwc-fra-eng-2026-07-18-first-to-score,France vs. England - First Team to Score,2942001,soccer_first_to_score,England,England to score first vs. France?,Yes,No,17610346931792627261599618639002865196881194394001571997005448094628240795040,90577939647849931338599586745796772026982380820389118649272944839985294328791,30411.360007999992,204734.8077,0.36,0.37,0.05,0.01,True,0.37,0.36,0.010000000000000009,7053.5431,19635.9314,3111.2891999999997,0.64,0.63,0.010000000000000009,5531.1808,31169.143799999998,12010.0869
fifwc-fra-eng-2026-07-18,fifwc-fra-eng-2026-07-18-first-to-score,France vs. England - First Team to Score,2942002,soccer_first_to_score,Neither,France vs. England: Neither team to score first?,Yes,No,53909487511469903385778890039741849533103721576045814105547494969268513418889,16366202394934605632115871327259410479798404477344927866250023057352893411893,95435.36437099999,300774.7307,0.04,0.05,0.05,0.01,True,0.05,0.04,0.010000000000000002,2389.103,7716.9728000000005,1606.2307999999998,0.96,0.95,0.010000000000000009,38549.53919999999,452370.2092,45392.956999999995
fifwc-fra-eng-2026-07-18,fifwc-fra-eng-2026-07-18-more-markets,France vs. England - More Markets,2942101,spreads,France (-1.5),Spread: France (-1.5),France,England,107315532298789701436237363960672430085793514173994076548684716531610645605062,45930495139847278152934131136324997363117779649024847111322222331312813758735,146970.86998199997,648771.9075,0.29,0.3,0.05,0.01,True,0.3,0.29,0.010000000000000009,24755.796000000002,45354.397800000006,201336.22069999998,0.71,0.7,0.010000000000000009,322526.6093,422790.6778,57763.524
fifwc-fra-eng-2026-07-18,fifwc-fra-eng-2026-07-18-more-markets,France vs. England - More Markets,2942102,spreads,England (-1.5),Spread: England (-1.5),England,France,59081023737975607500628528400166797136144717449042303459139811438678429594435,99901836617520718258160716567558126987507829345477748705868933930827338302389,37428.05308599999,384887.0081,0.1,0.11,0.05,0.01,True,0.11,0.1,0.009999999999999995,6580.8116,14643.425,234.06,0.9,0.89,0.010000000000000009,2106.54,100815.6693,53244.7484
fifwc-fra-eng-2026-07-18,fifwc-fra-eng-2026-07-18-more-markets,France vs. England - More Markets,2942103,spreads,France (-2.5),Spread: France (-2.5),France,England,93539866195124165694729688965730248046184193746602191832197809660776251335744,4110944043952185402670353611530369910123429462051198103756625151142374961601,17308.015949,379934.4305,0.13,0.14,0.05,0.01,True,0.14,0.13,0.010000000000000009,7150.7170000000015,18070.782700000003,2998.4318000000003,0.87,0.86,0.010000000000000009,20066.428200000002,134170.8113,43925.833
fifwc-fra-eng-2026-07-18,fifwc-fra-eng-2026-07-18-more-markets,France vs. England - More Markets,2942104,spreads,England (-2.5),Spread: England (-2.5),England,France,107356637311190267360783850642751181429643542425881821170401275479962938083788,55935298681955775296732900074490808079328769995256102977083593930399895110771,132471.67518700004,387579.92862,0.029,0.03,0.05,0.001,True,0.03,0.029,0.0009999999999999974,341.1759,2890.3506,271.1877,0.971,0.97,0.0010000000000000009,9080.112299999999,677576.47459,11031.3541
fifwc-fra-eng-2026-07-18,fifwc-fra-eng-2026-07-18-more-markets,France vs. England - More Markets,2942105,spreads,France (-3.5),Spread: France (-3.5),France,England,30524596259337981680587728552664553209709035817148238328444855292983132704753,12386495218367275181874695555531833907696459056042848951693399856367821752395,90263.982287,428479.9764,0.048,0.049,0.05,0.001,True,0.049,0.048,0.0010000000000000009,246.27890000000002,2276.3570799999998,205.63152,0.952,0.951,0.0010000000000000009,4078.3584799999994,399926.79133,4779.8211
fifwc-fra-eng-2026-07-18,fifwc-fra-eng-2026-07-18-more-markets,France vs. England - More Markets,2942106,spreads,England (-3.5),Spread: England (-3.5),England,France,109806483494935630291934132465846911927555746621302847455697136067770036217238,51997224566828875083197896629043134496740294018910226882849480957145518270977,12624.910966000001,315323.31505,0.007,0.008,0.05,0.001,True,0.008,0.007,0.001,0.04,816.20219,20.33248,0.993,0.992,0.0010000000000000009,2884.30752,11222.71566,4.96
fifwc-fra-eng-2026-07-18,fifwc-fra-eng-2026-07-18-more-markets,France vs. England - More Markets,2942107,spreads,France (-4.5),Spread: France (-4.5),France,England,85267834267532893381510494854489910146537723937553185091933756740287328487141,43139594823871088966056390711790956497528805465981182476579695643178411232867,4951.367260999999,117512.99846,0.01,0.013,0.05,0.001,True,0.013,0.01,0.002999999999999999,17.26907,341.02445,8.105599999999999,0.99,0.987,0.0030000000000000027,802.4544,4285.14418,1311.12093
fifwc-fra-eng-2026-07-18,fifwc-fra-eng-2026-07-18-more-markets,France vs. England - More Markets,2942108,spreads,England (-4.5),Spread: England (-4.5),England,France,83858137775429766873583079293801133212676011201440037799442043787644885294823,89058207458134900758600319309526527341787020895808278123754134456905217734693,4678.122567000001,125095.45651,,0.001,0.05,0.001,True,0.001,,,0.00983,15.84956,0,,0.999,,0,0,9.82017
fifwc-fra-eng-2026-07-18,fifwc-fra-eng-2026-07-18-more-markets,France vs. England - More Markets,2942109,spreads,France (-5.5),Spread: France (-5.5),France,England,107015951727796682676788885254080516570237213402306304530045294301833891644659,9446245787433246498335064310287294029330042203205887085004523959288003776213,16297.027704000948,202446.75224,0.002,0.005,0.05,0.001,True,0.005,0.002,0.003,9.68365,61.60898,1.6739000000000002,0.998,0.995,0.0030000000000000027,835.2761,3681.4271,1927.04635
fifwc-fra-eng-2026-07-18,fifwc-fra-eng-2026-07-18-more-markets,France vs. England - More Markets,2942110,spreads,England (-5.5),Spread: England (-5.5),England,France,77241955199380862377228543134066331526988123349321676518462683525841616901560,110801258184439721765191661716063636530979258652834634756174617338920391705687,5886.381506999998,195953.04344,,0.001,0.05,0.001,True,0.001,,,6.305140000000001,47.520140000000005,0,,0.999,,0,0,6298.83486
fifwc-fra-eng-2026-07-18,fifwc-fra-eng-2026-07-18-more-markets,France vs. England - More Markets,2942111,totals,O/U 0.5,France vs. England: O/U 0.5,Over,Under,63394989871563411327592225760911317119016898782082385835069625555113561021962,32120227478407138859055793501586096850440988532128785588091232235719684264342,340564.4379160004,402490.81986,0.961,0.962,0.05,0.001,True,0.962,0.961,0.0010000000000000009,9408.24456,363469.0737,3399.08583,0.039,0.038,0.0010000000000000009,137.94417,5130.95062,371.63543999999996
fifwc-fra-eng-2026-07-18,fifwc-fra-eng-2026-07-18-more-markets,France vs. England - More Markets,2942112,totals,O/U 1.5,France vs. England: O/U 1.5,Over,Under,55849010379012227718027113079992156041960679126331030026026488393449056177567,74910594565068158224893375660958876959994195840064419226652129439754632788747,262685.0757549999,470188.0905,0.86,0.87,0.05,0.01,True,0.87,0.86,0.010000000000000009,98496.267,192584.01760000002,17427.1604,0.14,0.13,0.010000000000000009,2836.9796,24019.5003,14717.833
fifwc-fra-eng-2026-07-18,fifwc-fra-eng-2026-07-18-more-markets,France vs. England - More Markets,2942113,totals,O/U 2.5,France vs. England: O/U 2.5,Over,Under,91273691439800949134343698031415822234564495516010775300750054870032248800390,51996903197318772681058668801526087046272632621329877425203598210032904792582,586448.7645970015,697431.4777,0.67,0.68,0.05,0.01,True,0.68,0.67,0.010000000000000009,107184.60560000001,190427.5681,35670.230500000005,0.33,0.32,0.010000000000000009,17568.9195,151263.9553,50439.8144
fifwc-fra-eng-2026-07-18,fifwc-fra-eng-2026-07-18-more-markets,France vs. England - More Markets,2942114,totals,O/U 3.5,France vs. England: O/U 3.5,Over,Under,95915378873861214136464741197731679476285197462037980287078869056825510229415,80365342899455479632541246608117408855851039680249554514392443212940481459570,870239.7349100015,1194627.8912,0.44,0.45,0.05,0.01,True,0.45,0.44,0.010000000000000009,249953.65649999998,317699.48569999996,273496.7576,0.56,0.55,0.010000000000000009,348112.2344,503230.2778,305498.9135
fifwc-fra-eng-2026-07-18,fifwc-fra-eng-2026-07-18-more-markets,France vs. England - More Markets,2942115,totals,O/U 4.5,France vs. England: O/U 4.5,Over,Under,7267436150570971620568374104121715758612572881063684710694300709246542320993,64143894378963589272843637530029731499807712614460216549109031708733298999931,299365.40650100017,464438.4397,0.25,0.26,0.05,0.01,True,0.26,0.25,0.010000000000000009,19092.9908,44249.1378,18336.045,0.75,0.74,0.010000000000000009,55008.134999999995,139816.0446,54341.5892
fifwc-fra-eng-2026-07-18,fifwc-fra-eng-2026-07-18-more-markets,France vs. England - More Markets,2942116,totals,O/U 5.5,France vs. England: O/U 5.5,Over,Under,2837693008135583864003951653173854105705739433929544841571301661558210743572,99391303792561285756495149589862050061661277188853613284256324718757101288129,216554.75143099998,403435.392,0.12,0.13,0.05,0.01,True,0.13,0.12,0.010000000000000009,8109.587200000001,20591.318400000004,7497.1824,0.88,0.87,0.010000000000000009,54979.3376,129517.49899999998,54271.8528
fifwc-fra-eng-2026-07-18,fifwc-fra-eng-2026-07-18-more-markets,France vs. England - More Markets,2942117,totals,O/U 6.5,France vs. England: O/U 6.5,Over,Under,25098640277282139188067828879686561255823846168955945665383818259964582022663,74656679432355534623655040730607466184987767891880084920922552797033526495351,281251.8217810002,450373.4559,0.05,0.06,0.05,0.01,True,0.06,0.05,0.009999999999999995,3517.3853999999997,11016.5242,2471.362,0.95,0.94,0.010000000000000009,46955.878,843019.0379,55105.70459999999
fifwc-fra-eng-2026-07-18,fifwc-fra-eng-2026-07-18-more-markets,France vs. England - More Markets,2942118,totals,O/U 7.5,France vs. England: O/U 7.5,Over,Under,68106979109768751965045734891157200950640947704100301544315316427684123650379,64647116436858852187348705438424254494636479711911768297280086352874089897214,81098.03671399996,378973.53533,0.02,0.021,0.05,0.001,True,0.021,0.02,0.0010000000000000009,28.04235,1109.1311600000001,142.124,0.98,0.979,0.0010000000000000009,6964.076,739096.81778,1307.30765
fifwc-fra-eng-2026-07-18,fifwc-fra-eng-2026-07-18-more-markets,France vs. England - More Markets,2942119,totals,O/U 8.5,France vs. England: O/U 8.5,Over,Under,12309041237156455261283503330653006911942200196521974037423298457112193029839,44323953344620754285908375724740610970694641883401414173072988917495231221712,182838.11277600008,312869.36354,0.009,0.01,0.05,0.001,True,0.01,0.009,0.0010000000000000009,19.4857,584.00531,91.58661000000001,0.991,0.99,0.0010000000000000009,10084.70339,1220514.03455,1929.0843
fifwc-fra-eng-2026-07-18,fifwc-fra-eng-2026-07-18-more-markets,France vs. England - More Markets,2942120,soccer_extra_time,Will the Match Go to Extra Time?,France vs. England: Will the Match Go to Extra Time?,Yes,No,97073421403398987959367536357885777657934815132029969889101561100080702766740,21741388897814937158825210815863347655387627963929351195812841540921288098860,19431.817224000006,199693.7075,0.23,0.24,0.05,0.01,True,0.24,0.23,0.009999999999999981,840.0648,4382.8917,1555.9431000000002,0.77,0.76,0.010000000000000009,5209.026900000001,60699.397300000004,2660.2052
fifwc-fra-eng-2026-07-18,fifwc-fra-eng-2026-07-18-more-markets,France vs. England - More Markets,2942121,soccer_penalty_shootout,Will the Match Go to a Penalty Shootout?,France vs. England: Will the Match Go to a Penalty Shootout?,Yes,No,83043179192993203630938053790340590898652055325504637846849207587554779805134,23115808433726815135634015219269625481365734215381833317301970662744681283594,29222.008188999982,180542.0979,0.11,0.13,0.05,0.01,True,0.13,0.11,0.020000000000000004,343.8604,1314.3326,182.6077,0.89,0.87,0.020000000000000018,1477.4623,20802.517900000003,2301.2196
fifwc-fra-eng-2026-07-18,fifwc-fra-eng-2026-07-18-more-markets,France vs. England - More Markets,2943451,soccer_team_to_advance,Team to Win,France vs. England: Team to Win,France,England,68383229798738153843260173110368067454393737148304707811610243859638727205428,19937769871419809473954673695368929587069246301853660575164489787400178851999,3542753.4227699274,1966877.9304,0.66,0.67,0.05,0.01,True,0.67,0.66,0.010000000000000009,116094.853,852722.6444,489833.9952,0.34,0.33,0.010000000000000009,252338.7248,653777.4334,57181.047
fifwc-fra-eng-2026-07-18,fifwc-fra-eng-2026-07-18-more-markets,France vs. England - More Markets,2945106,both_teams_to_score,Both Teams to Score,France vs. England: Both Teams to Score,Yes,No,22196998392342243873366818077695026233580486194147509099410422196355740160596,87091812505903815743803270227625955577075937753838076154606280651922488975820,478083.55800300115,1057268.5632,0.68,0.69,0.05,0.01,True,0.69,0.68,0.009999999999999898,396522.5139,790514.2391,297075.38080000004,0.32,0.31,0.010000000000000009,139800.1792,209129.3733,178147.7961
fifwc-fra-eng-2026-07-18,fifwc-fra-eng-2026-07-18-more-markets,France vs. England - More Markets,2945107,both_teams_to_score_first_half,Both Teams to Score in First Half,France vs. England: Both Teams to Score in First Half,Yes,No,4391345830576533824841132410036723087385633160063385993395120388340762058940,91029228047248466693172036976040023691069145713384739193965550677678980926654,16461.826326000006,264426.7689,0.29,0.3,0.05,0.01,True,0.3,0.29,0.010000000000000009,9327.072,46430.816100000004,1372.0943999999997,0.71,0.7,0.010000000000000009,3359.2655999999997,39642.8919,21763.168
fifwc-fra-eng-2026-07-18,fifwc-fra-eng-2026-07-18-more-markets,France vs. England - More Markets,2945108,first_half_totals,1st Half O/U 0.5,France vs. England: 1st Half O/U 0.5,Over,Under,19030420170214947802784149973836205462632652006737868268558412229625915229793,39867569013096230718869130072991629276053620858572140740460763188407734307298,4897.159270999999,241503.2123,0.76,0.77,0.05,0.01,True,0.77,0.76,0.010000000000000009,4553.3488,64452.11320000001,38634.7824,0.24,0.23,0.009999999999999981,12200.4576,25254.0876,1360.0912
fifwc-fra-eng-2026-07-18,fifwc-fra-eng-2026-07-18-more-markets,France vs. England - More Markets,2945109,first_half_totals,1st Half O/U 1.5,France vs. England: 1st Half O/U 1.5,Over,Under,29532477279960041912919215871616839658028851474577688028383547924350543690579,53310473490168491280351774506497631946166268444995362097910713848438114414505,76741.54011700003,790443.6414,0.43,0.44,0.05,0.01,True,0.44,0.43,0.010000000000000009,54377.0876,233326.9798,23436.603900000002,0.57,0.56,0.009999999999999898,31067.126099999998,61580.85309999999,69207.20240000001
fifwc-fra-eng-2026-07-18,fifwc-fra-eng-2026-07-18-more-markets,France vs. England - More Markets,2945110,first_half_totals,1st Half O/U 2.5,France vs. England: 1st Half O/U 2.5,Over,Under,67808155204273968906189272959775355827879443631549885745825143498987697193783,92809639719252106740629121756964907255693622752014359818812770810888901389658,7687.980725999997,361768.5611,0.18,0.19,0.05,0.01,True,0.19,0.18,0.010000000000000009,9491.0244,17646.163500000002,10456.3854,0.82,0.81,0.009999999999999898,47634.6446,87003.0902,40461.73560000001
fifwc-fra-eng-2026-07-18,fifwc-fra-eng-2026-07-18-more-markets,France vs. England - More Markets,2945111,soccer_team_totals,France O/U 0.5,France vs. England: France O/U 0.5,Over,Under,1155902477592771353560782335139980432236817201748303853206272493548768038077,111432385899989581268168703112480667004881813393138494618777507794538549833099,31253.785071000006,312995.0856,0.87,0.88,0.05,0.01,True,0.88,0.87,0.010000000000000009,9126.7088,77513.59030000001,5388.4146,0.13,0.12,0.010000000000000009,805.1654,11597.1227,1244.5511999999999
fifwc-fra-eng-2026-07-18,fifwc-fra-eng-2026-07-18-more-markets,France vs. England - More Markets,2945112,soccer_team_totals,France O/U 1.5,France vs. England: France O/U 1.5,Over,Under,81589413234505914927685216310143286935936701802649031117031491177192684738503,62888387784091562780738338489535946921519876413236204729414349156333247045772,93763.96578000004,375383.5399,0.62,0.63,0.05,0.01,True,0.63,0.62,0.010000000000000009,14822.9361,100904.10740000001,12874.485999999999,0.38,0.37,0.010000000000000009,7890.813999999999,39463.3358,8705.5339
fifwc-fra-eng-2026-07-18,fifwc-fra-eng-2026-07-18-more-markets,France vs. England - More Markets,2945113,soccer_team_totals,France O/U 2.5,France vs. England: France O/U 2.5,Over,Under,75755320367500731060334760880944517643525855157370828961830227262015183469683,87227578034036924905448589320857379284862573729438119105279846295772698631539,218771.61025500015,346473.4713,0.33,0.34,0.05,0.01,True,0.34,0.33,0.010000000000000009,2830.8638,15524.2196,6711.213299999999,0.67,0.66,0.010000000000000009,13625.796699999999,115126.44269999999,5495.2062
fifwc-fra-eng-2026-07-18,fifwc-fra-eng-2026-07-18-more-markets,France vs. England - More Markets,2945114,soccer_team_totals,England O/U 0.5,France vs. England: England O/U 0.5,Over,Under,90537260687240330688834336095275437635905684025049670242708460125891335048601,102857065990693970522327748948569323722708214692682432163879425338137430957634,4537.992956000002,288595.9139,0.76,0.77,0.05,0.01,True,0.77,0.76,0.010000000000000009,12010.8989,85282.96979999999,641.44,0.24,0.23,0.009999999999999981,202.56,10084.012,3587.6711
fifwc-fra-eng-2026-07-18,fifwc-fra-eng-2026-07-18-more-markets,France vs. England - More Markets,2945115,soccer_team_totals,England O/U 1.5,France vs. England: England O/U 1.5,Over,Under,67750456243843347072307986773258192498011763665354882663372186000518870755605,76401261669257564407126754326116288586724017952762905839478546951938053861407,26808.693262000004,427168.0197,0.4,0.41,0.05,0.01,True,0.41,0.4,0.009999999999999953,10751.036399999999,57443.8232,3557.2000000000003,0.6,0.59,0.010000000000000009,5335.8,57196.3043,15471.0036
fifwc-fra-eng-2026-07-18,fifwc-fra-eng-2026-07-18-more-markets,France vs. England - More Markets,2945116,soccer_team_totals,England O/U 2.5,France vs. England: England O/U 2.5,Over,Under,35783959034100164747830402582988118032860190237558417114231227132903320563144,8982735167555522314048065503894700321885233574257828639944344249818528878874,29637.720074,465334.5605,0.15,0.16,0.05,0.01,True,0.16,0.15,0.010000000000000009,967.7856,17617.7706,5152.914,0.85,0.84,0.010000000000000009,29199.846,123483.7865,5080.8744
fifwc-fra-eng-2026-07-18,fifwc-fra-eng-2026-07-18-more-markets,France vs. England - More Markets,2945117,soccer_first_half_team_totals,France 1st Half O/U 0.5,France vs. England: France 1st Half O/U 0.5,Over,Under,69727069764001893896337003182682640852508172501521538594722110442764606298609,33274556611449893443692187225818151054356977031365927112536473698670426353822,1478.4596639999997,86103.1005,0.59,0.6,0.05,0.01,True,0.6,0.59,0.010000000000000009,581.904,4147.4549,28.2728,0.41,0.4,0.009999999999999953,19.647199999999998,3451.919,387.93600000000004
fifwc-fra-eng-2026-07-18,fifwc-fra-eng-2026-07-18-more-markets,France vs. England - More Markets,2945118,soccer_first_half_team_totals,France 1st Half O/U 1.5,France vs. England: France 1st Half O/U 1.5,Over,Under,89539348588434915436308184966271757506111337599538639679731572669397657897392,39684943606850965759458809585481092926620339561599641142197933253045917519193,738.091289,55391.9252,0.22,0.24,0.05,0.01,True,0.24,0.22,0.01999999999999999,181.3584,557.2019,99.0792,0.78,0.76,0.020000000000000018,351.2808,2064.5892000000003,574.3016
fifwc-fra-eng-2026-07-18,fifwc-fra-eng-2026-07-18-more-markets,France vs. England - More Markets,2945119,soccer_first_half_team_totals,England 1st Half O/U 0.5,France vs. England: England 1st Half O/U 0.5,Over,Under,59486403042503647992385365488823460465019688551052056252393278432416364922457,86113926333642401285896252640556641612558607565530195050759735264101801518747,5655.281516000001,197702.2985,0.45,0.46,0.05,0.01,True,0.46,0.45,0.010000000000000009,6038.6408,12475.5626,19733.4225,0.55,0.54,0.010000000000000009,24118.627500000002,27991.386500000004,7088.8392
fifwc-fra-eng-2026-07-18,fifwc-fra-eng-2026-07-18-more-markets,France vs. England - More Markets,2945120,soccer_first_half_team_totals,England 1st Half O/U 1.5,France vs. England: England 1st Half O/U 1.5,Over,Under,87220650775571326699230716585396883141373601898140837146995676256672212692787,17883545780044722647925555111283138606032278179097860596515882584932377139422,785.412739,36281.3882,0.11,0.13,0.05,0.01,True,0.13,0.11,0.020000000000000004,59.17080000000001,226.00700000000003,105.7034,0.89,0.87,0.020000000000000018,855.2366000000001,14306.399900000002,395.98920000000004
fifwc-fra-eng-2026-07-18,fifwc-fra-eng-2026-07-18-more-markets,France vs. England - More Markets,2945121,both_teams_to_score_second_half,Both Teams to Score in Second Half,France vs. England: Both Teams to Score in Second Half,Yes,No,91691901000634658914706873990067819160363232504892917613990247954276313244402,61058256931953923731337600552008743233066992430126952886273477523163502670956,4599.340045000002,256745.8994,0.39,0.4,0.05,0.01,True,0.4,0.39,0.010000000000000009,44042.948000000004,99497.0644,1591.0284,0.61,0.6,0.010000000000000009,2488.5316,16209.827399999998,66064.42199999999
fifwc-fra-eng-2026-07-18,fifwc-fra-eng-2026-07-18-more-markets,France vs. England - More Markets,2945122,second_half_totals,2nd Half O/U 0.5,France vs. England: 2nd Half O/U 0.5,Over,Under,62101359506469738081093956661143337461256300447246223972289262683739305426849,33826290342271653211897034215883867639577438603886981587262316294432140653430,287.211317,19920.2729,0.85,0.86,0.05,0.01,True,0.86,0.85,0.010000000000000009,1001.8914,11468.1946,162.28199999999998,0.15,0.14,0.009999999999999981,28.637999999999998,189.39800000000002,163.0986
fifwc-fra-eng-2026-07-18,fifwc-fra-eng-2026-07-18-more-markets,France vs. England - More Markets,2945123,second_half_totals,2nd Half O/U 1.5,France vs. England: 2nd Half O/U 1.5,Over,Under,25834111254132365029731697713358389164378033632151208701026657931223555188053,99423692366081068950193846265799144141378466477751264401244896337195385181551,814.5112080000001,120410.0551,0.58,0.59,0.05,0.01,True,0.6,0.59,0.010000000000000009,275.034,20729.771800000002,356.95,0.41,0.4,0.009999999999999953,248.04999999999998,772.5998,183.356
fifwc-fra-eng-2026-07-18,fifwc-fra-eng-2026-07-18-more-markets,France vs. England - More Markets,2945124,second_half_totals,2nd Half O/U 2.5,France vs. England: 2nd Half O/U 2.5,Over,Under,8226583154331818864748305233300514267254327797730051756401330068881536059430,21258445887911184386170604695056839168993370725414958037965658507604313076956,130.892016,46671.8966,0.29,0.3,0.05,0.01,True,0.3,0.29,0.010000000000000009,50.439,1360.7223999999999,2.9,0.71,0.7,0.010000000000000009,7.1,1276.8152,117.69099999999999
fifwc-fra-eng-2026-07-18,fifwc-fra-eng-2026-07-18-more-markets,France vs. England - More Markets,2945125,soccer_second_half_team_totals,France 2nd Half O/U 0.5,France vs. England: France 2nd Half O/U 0.5,Over,Under,51211566175428534683756175912526547417583370047425526289634954935928822078243,23568438602255745033704240183014708872264306476530715200928174402398770792549,32.616251,48689.9076,0.67,0.69,0.05,0.01,True,0.69,0.67,0.019999999999999907,1.4489999999999998,4.999,238.84160000000003,0.33,0.31,0.020000000000000018,117.63840000000002,608.8602000000001,0.651
fifwc-fra-eng-2026-07-18,fifwc-fra-eng-2026-07-18-more-markets,France vs. England - More Markets,2945126,soccer_second_half_team_totals,France 2nd Half O/U 1.5,France vs. England: France 2nd Half O/U 1.5,Over,Under,10873885943623230850154646400003522336504194534131391916594837223048831024745,103934795107960682673380615358994617021608681681785089611974602444525313332577,673.625462,41229.3376,0.3,0.32,0.05,0.01,True,0.32,0.3,0.020000000000000018,0.0736,0.0736,111.91799999999999,0.7,0.68,0.019999999999999907,261.142,418.042,0.1564
fifwc-fra-eng-2026-07-18,fifwc-fra-eng-2026-07-18-more-markets,France vs. England - More Markets,2945127,soccer_second_half_team_totals,England 2nd Half O/U 0.5,France vs. England: England 2nd Half O/U 0.5,Over,Under,89271967339477930160936281684609336917266377943520267734819735585752070407158,84083444525168154775067033633120208469621539680968099189309535301475912928783,89.20342200000002,72355.6954,0.51,0.54,0.05,0.01,True,0.54,0.51,0.030000000000000027,474.76800000000003,2735.86,407.1738,0.49,0.46,0.02999999999999997,391.20619999999997,2512.8912,404.432
fifwc-fra-eng-2026-07-18,fifwc-fra-eng-2026-07-18-more-markets,France vs. England - More Markets,2945128,soccer_second_half_team_totals,England 2nd Half O/U 1.5,France vs. England: England 2nd Half O/U 1.5,Over,Under,47876112958999545009061559207887415864256351135672404939654444447435843835787,3041522069611775318796651568834821828923397878106993369010112044187118204678,62.313807,28415.56,0.17,0.24,0.05,0.01,True,0.24,0.18,0.06,2.4,64.9,5.3999999999999995,0.82,0.76,0.05999999999999994,12.299999999999999,58.0,7.6
fifwc-fra-eng-2026-07-18,fifwc-fra-eng-2026-07-18-total-corners,France vs. England - Total Corners,2942122,total_corners,Total Corners: O/U 7.5,France vs. England: O/U 7.5 Total Corners,Over,Under,82737101781736233368805000095435496007494486871904983788683047060637474637581,110459387052509135950514758666279069015364599349259913317149342417234908734325,10201.464335000004,121276.4421,0.69,0.7,0.05,0.01,True,0.71,0.7,0.010000000000000009,478.30569999999994,2657.707,1121.9109999999998,0.3,0.29,0.010000000000000009,480.81899999999996,2782.3936000000003,195.3643
fifwc-fra-eng-2026-07-18,fifwc-fra-eng-2026-07-18-total-corners,France vs. England - Total Corners,2942123,total_corners,Total Corners: O/U 9.5,France vs. England: O/U 9.5 Total Corners,Over,Under,74521456636767031604688100457193866424444143835411879544395720416068677391952,5773535398990059725323205702229302251691300650431994026209860163076660304027,35246.39198399999,169604.4582,0.44,0.46,0.05,0.01,True,0.46,0.44,0.020000000000000018,2478.4339999999997,15464.1724,1182.808,0.56,0.54,0.020000000000000018,1505.392,6400.488399999999,2909.466
fifwc-fra-eng-2026-07-18,fifwc-fra-eng-2026-07-18-total-corners,France vs. England - Total Corners,2942124,total_corners,Total Corners: O/U 10.5,France vs. England: O/U 10.5 Total Corners,Over,Under,112168995059814549386010508206108993064060064763785711819890321518838685303745,39108053213129684546469482314826802561017058586480290071725568791745522768247,12997.04011,130001.0076,0.33,0.34,0.05,0.01,True,0.34,0.33,0.010000000000000009,5.1000000000000005,1674.5017,5375.6076,0.67,0.66,0.010000000000000009,10914.1124,17770.8551,9.9
fifwc-fra-eng-2026-07-18,fifwc-fra-eng-2026-07-18-total-corners,France vs. England - Total Corners,2942125,total_corners,Total Corners: O/U 11.5,France vs. England: O/U 11.5 Total Corners,Over,Under,79794945354423002433037771941457657706842839774169576081409224999650611127540,6760474390440116577692233208572932424237181782432584004470725109648616682321,2418.225347,34112.9871,0.23,0.25,0.05,0.01,True,0.25,0.23,0.01999999999999999,377.98,615.754,21.399200000000004,0.77,0.75,0.020000000000000018,71.64080000000001,2584.0586,1133.94
fifwc-fra-eng-2026-07-18,fifwc-fra-eng-2026-07-18-total-corners,France vs. England - Total Corners,2942126,total_corners,Total Corners: O/U 12.5,France vs. England: O/U 12.5 Total Corners,Over,Under,40906681590660419103556621797218531407941024281539588912975066296410448906563,51788962364913067057740152229959831402862938580319224337948409110894662210847,3743.9181299999996,57244.1433,0.14,0.15,0.05,0.01,True,0.15,0.14,0.009999999999999981,34.7745,104.41290000000001,169.40980000000002,0.86,0.85,0.010000000000000009,1040.6602,2909.2502,197.0555
fifwc-fra-eng-2026-07-18,fifwc-fra-eng-2026-07-18-total-corners,France vs. England - Total Corners,2942127,total_corners,Total Corners: O/U 8.5,France vs. England: O/U 8.5 Total Corners,Over,Under,9199245358321606659376918480682939142774574358606906132911106408283595182918,10154543686257673514573572805511142794407521096128765808644869575953422480577,98504.94685700005,263466.2571,0.57,0.58,0.05,0.01,True,0.58,0.57,0.010000000000000009,2369.6132,67302.1027,6461.360399999999,0.43,0.42,0.010000000000000009,6571.5696,41634.0622,1715.9268
fifwc-fra-eng-2026-07-18,fifwc-fra-eng-2026-07-18-total-corners,France vs. England - Total Corners,2942128,total_corners,Total Corners: O/U 6.5,France vs. England: O/U 6.5 Total Corners,Over,Under,96038757124217797449325148285961624701310370449787723647122146043573091921556,70144782109197884207570390508473440928281313651662974556712206334252616295522,7457.787813999996,100777.4745,0.8,0.81,0.05,0.01,True,0.81,0.8,0.010000000000000009,327.9447,2276.2729,732.888,0.2,0.19,0.010000000000000009,183.222,794.4776999999999,76.92530000000001
fifwc-fra-eng-2026-07-18,fifwc-fra-eng-2026-07-18-total-corners,France vs. England - Total Corners,2942129,soccer_first_half_total_corners,1st Half Total Corners: O/U 3.5,France vs. England: 1st Half O/U 3.5 Total Corners,Over,Under,364961966268651867414037428014500876692984930380256550133522201479322140365,70919329620415768390956207467660621636413175096559474493097068180068574300061,5919.138566,129608.9608,0.61,0.63,0.05,0.01,True,0.63,0.62,0.010000000000000009,188.7291,7745.1891,6.2,0.38,0.37,0.010000000000000009,3.8,3936.7557000000006,110.84089999999999
fifwc-fra-eng-2026-07-18,fifwc-fra-eng-2026-07-18-total-corners,France vs. England - Total Corners,2942130,soccer_first_half_total_corners,1st Half Total Corners: O/U 4.5,France vs. England: 1st Half O/U 4.5 Total Corners,Over,Under,32040466707452496073679992858224274721235398044906739823229141478841142916597,81671802901524969961293313032484006457696910967769163647428003676987740941515,1482.973955,94860.9069,0.46,0.47,0.05,0.01,True,0.47,0.46,0.009999999999999953,237.85289999999998,4114.2929,5401.0854,0.54,0.53,0.010000000000000009,6340.4046,9001.3342,268.2171
fifwc-fra-eng-2026-07-18,fifwc-fra-eng-2026-07-18-total-corners,France vs. England - Total Corners,2942131,soccer_first_half_total_corners,1st Half Total Corners: O/U 5.5,France vs. England: 1st Half O/U 5.5 Total Corners,Over,Under,23859736097294385032774398803606926459911507379560539546900972804495099146936,95478875632286283349583785131192322770010071444219253360085972294248081124520,930.637299,23076.5399,0.26,0.28,0.05,0.01,True,0.28,0.26,0.020000000000000018,94.22000000000001,293.5516,85.66220000000001,0.74,0.72,0.020000000000000018,243.80780000000001,1126.487,242.28
fifwc-fra-eng-2026-07-18,fifwc-fra-eng-2026-07-18-total-corners,France vs. England - Total Corners,2942132,soccer_second_half_total_corners,2nd Half Total Corners: O/U 3.5,France vs. England: 2nd Half O/U 3.5 Total Corners,Over,Under,57967506953408546210077454782768488111983104018630645054328806801863727158734,33868995604101967066575643625057945241343200854476512338312020690588903033078,897.216362,24068.1631,0.73,0.76,0.05,0.01,True,0.76,0.73,0.030000000000000027,784.32,3000.4802,162.0819,0.27,0.24,0.030000000000000027,59.948100000000004,374.7837,247.67999999999998
fifwc-fra-eng-2026-07-18,fifwc-fra-eng-2026-07-18-total-corners,France vs. England - Total Corners,2942133,soccer_second_half_total_corners,2nd Half Total Corners: O/U 4.5,France vs. England: 2nd Half O/U 4.5 Total Corners,Over,Under,60293486787940927809386510938701309692323686709810151080062528932938287471800,58080222179136729384437910261935656271406454974512360019703969515059893277292,8085.323658,122771.0262,0.56,0.57,0.05,0.01,True,0.57,0.56,0.009999999999999898,170.99999999999997,3191.1540999999997,98.50400000000002,0.44,0.43,0.010000000000000009,77.396,2020.7862,129.0
fifwc-fra-eng-2026-07-18,fifwc-fra-eng-2026-07-18-total-corners,France vs. England - Total Corners,2942134,soccer_second_half_total_corners,2nd Half Total Corners: O/U 5.5,France vs. England: 2nd Half O/U 5.5 Total Corners,Over,Under,6750523889293961322670902604813931674393358648059521351302541838174372881901,42073691791235335583184180190811522894505360404452549254503595161763813151547,539.2901049999999,21330.168,0.34,0.36,0.05,0.01,True,0.36,0.34,0.019999999999999962,151.8732,336.0,411.9032,0.66,0.64,0.020000000000000018,799.5768,2193.4404,269.9968
fifwc-fra-eng-2026-07-18,fifwc-fra-eng-2026-07-18-total-corners,France vs. England - Total Corners,2942135,soccer_game_corners_odd_even,Total Corners: Odd or Even,France vs. England: Total Corners Odd or Even?,Odd,Even,12260513413424154986236494834029101043317069761387237447682034637095753394133,53852807331119707193572180932475621708500317124710147207322658523414967160603,2003.5992540000002,88297.4893,0.49,0.5,0.05,0.01,True,0.5,0.49,0.010000000000000009,197.53,8347.1904,5566.5715,0.51,0.5,0.010000000000000009,5793.7785,8229.4185,197.53
fifwc-fra-eng-2026-07-18,fifwc-fra-eng-2026-07-18-total-corners,France vs. England - Total Corners,2942136,soccer_first_corner,Team to Take First Corner,France vs. England: Team to Take First Corner,France,England,109426155258832192110465069987449716342784349152372424241275278380245957302661,110820722777010390504614227253165554445079884925564786549086628000219103637965,2377.334002,32469.6078,0.58,0.6,0.05,0.01,True,0.6,0.58,0.020000000000000018,390.9,938.2407999999999,31.064799999999998,0.42,0.4,0.019999999999999962,22.4952,718.7114,260.6
fifwc-fra-eng-2026-07-18,fifwc-fra-eng-2026-07-18-total-corners,France vs. England - Total Corners,2947011,soccer_team_total_corners,England Corners: O/U 2.5,France vs. England: England O/U 2.5 Corners,Over,Under,101905193178623810303147909727085631837985389658545420532697999275611290747586,7742170352262591023490885357666853748656892511289454063209183390728767737870,838.7543200000001,23404.1867,0.7,0.71,0.05,0.01,True,0.71,0.7,0.010000000000000009,63.7296,916.6762,54.599999999999994,0.3,0.29,0.010000000000000009,23.4,200.87279999999998,26.0304
fifwc-fra-eng-2026-07-18,fifwc-fra-eng-2026-07-18-total-corners,France vs. England - Total Corners,2947012,soccer_team_total_corners,England Corners: O/U 3.5,France vs. England: England O/U 3.5 Corners,Over,Under,61845319204240558540643636651666758256003475016182358735346564040965842124719,41975110414965163145003566385731430296867462484923481386961970748447797086375,4014.2704230000004,75412.9264,0.53,0.54,0.05,0.01,True,0.54,0.53,0.010000000000000009,898.2036,2437.0536,404.9836,0.47,0.46,0.009999999999999953,359.1364,848.1564,765.1364
fifwc-fra-eng-2026-07-18,fifwc-fra-eng-2026-07-18-total-corners,France vs. England - Total Corners,2947013,soccer_team_total_corners,England Corners: O/U 4.5,France vs. England: England O/U 4.5 Corners,Over,Under,108847348255980837539716503049469107065773854227341339827771417467604589568256,98550734328350536407451395585620390155061799450965806235939302642748646056234,3531.507166,56860.3901,0.35,0.36,0.05,0.01,True,0.36,0.35,0.010000000000000009,1394.9316,1394.9316,43.75,0.65,0.64,0.010000000000000009,81.25,955.7566,2479.8784
fifwc-fra-eng-2026-07-18,fifwc-fra-eng-2026-07-18-total-corners,France vs. England - Total Corners,2947014,soccer_team_total_corners,France Corners: O/U 3.5,France vs. England: France O/U 3.5 Corners,Over,Under,45035782688877239258508858435887624672088138887210974752520793406152136271537,28449946008394643504389575913952849668378162843298839094935802904267534048712,336.643352,20165.5171,0.75,0.77,0.05,0.01,True,0.77,0.75,0.020000000000000018,313.46700000000004,1698.1682,233.28750000000002,0.25,0.23,0.01999999999999999,77.7625,113.9025,93.63300000000001
fifwc-fra-eng-2026-07-18,fifwc-fra-eng-2026-07-18-total-corners,France vs. England - Total Corners,2947015,soccer_team_total_corners,France Corners: O/U 4.5,France vs. England: France O/U 4.5 Corners,Over,Under,82367935695271461091842544831042500995171565208217097814510970576182220600228,66328927893536243259635380550379774537742523978137930011822422551599068027776,1048.261679,71206.4072,0.59,0.6,0.05,0.01,True,0.6,0.59,0.010000000000000009,92.91,990.91,378.6679,0.41,0.4,0.009999999999999953,263.14209999999997,348.71209999999996,61.94
fifwc-fra-eng-2026-07-18,fifwc-fra-eng-2026-07-18-total-corners,France vs. England - Total Corners,2947016,soccer_team_total_corners,France Corners: O/U 5.5,France vs. England: France O/U 5.5 Corners,Over,Under,62406291263331883227242324039442117842756778493812967271790007927526665449863,98293153894879388188494812066633301086970298860992220730262596500658139866414,4823.786178,74609.7416,0.46,0.47,0.05,0.01,True,0.47,0.46,0.009999999999999953,6958.232499999999,8721.732499999998,193.20000000000002,0.54,0.53,0.010000000000000009,226.8,1839.8008,7846.517500000001
fifwc-fra-eng-2026-07-18,fifwc-fra-eng-2026-07-18-total-corners,France vs. England - Total Corners,2959208,soccer_team_total_corners,France Corners: O/U 6.5,France vs. England: France O/U 6.5 Corners,Over,Under,43481609846221061986005972302031306297266200406761102546988894631719550151934,101979042837599940529115664329200421110975035777674329922755602672801300453671,156.25,48428.0414,0.3,0.32,0.05,0.01,True,0.32,0.3,0.020000000000000018,1870.1056,2205.1612,46.875,0.7,0.68,0.019999999999999907,109.375,836.815,3973.9744
fifwc-fra-eng-2026-07-18,fifwc-fra-eng-2026-07-18-player-props,France vs. England - Player Props,2943702,soccer_player_goalkeeper_saves,Brice Samba: 2+ saves,Brice Samba: 2+ saves,Yes,No,107239424319556934147292015802617748010670565192190716315417329416063517212725,25327042312870402417078576735458088437877510959276518403559404661297429863530,824.81658,326.5251,0.01,0.76,0.05,0.01,True,0.76,0.01,0.75,18.4604,58.6313,0.0864,0.99,0.24,0.75,8.553600000000001,8.553600000000001,5.829599999999999
fifwc-fra-eng-2026-07-18,fifwc-fra-eng-2026-07-18-player-props,France vs. England - Player Props,2943703,soccer_player_goalkeeper_saves,Brice Samba: 3+ saves,Brice Samba: 3+ saves,Yes,No,70464853199361914220635425943177608221708647825164590421527577870771739707812,66359722997278914626995632328709946089937133069995390680774378534906243844215,73.25999999999999,137.6586,0.01,0.7,0.05,0.01,True,0.7,0.01,0.69,303.33099999999996,303.33099999999996,0.1,0.99,0.3,0.69,9.9,9.9,129.999
fifwc-fra-eng-2026-07-18,fifwc-fra-eng-2026-07-18-player-props,France vs. England - Player Props,2943704,soccer_player_goalkeeper_saves,Brice Samba: 4+ saves,Brice Samba: 4+ saves,Yes,No,43832504498794667537562273285312067395013792631186320407025315591705512831428,4842682567934698787378350289402278457425286224197245085317386766003787113842,52.9775,113.6577,0.01,0.52,0.05,0.01,True,0.52,0.01,0.51,108.33160000000001,108.33160000000001,0.1,0.99,0.48,0.51,9.9,9.9,99.9984
fifwc-fra-eng-2026-07-18,fifwc-fra-eng-2026-07-18-player-props,France vs. England - Player Props,2943705,soccer_player_goalkeeper_saves,Brice Samba: 5+ saves,Brice Samba: 5+ saves,Yes,No,6551304375398896690999282885374771373567188695895325825897915891048413470418,102406726678593717639284999169743677080529794379116954514729767177473864630147,0,107.6556,0.01,0.35,0.05,0.01,True,0.35,0.01,0.33999999999999997,53.844,53.844,0.1,0.99,0.65,0.33999999999999997,9.9,9.9,99.99600000000001
fifwc-fra-eng-2026-07-18,fifwc-fra-eng-2026-07-18-player-props,France vs. England - Player Props,2943706,soccer_player_goalkeeper_saves,Jordan Pickford: 2+ saves,Jordan Pickford: 2+ saves,Yes,No,27597930125218543988908978855024722916866759394769641722353689326181096031468,6655948019428412795641236036433485742724996333821441594490744754054899212589,0,182.4597,0.69,0.71,0.05,0.01,True,0.71,0.69,0.020000000000000018,4.26,4.26,4.14,0.31,0.29,0.020000000000000018,1.8599999999999999,1.8599999999999999,1.7399999999999998
fifwc-fra-eng-2026-07-18,fifwc-fra-eng-2026-07-18-player-props,France vs. England - Player Props,2943707,soccer_player_goalkeeper_saves,Jordan Pickford: 3+ saves,Jordan Pickford: 3+ saves,Yes,No,80482073614570993419314669693583038663861201582717221613260557384525792779649,56321152914275988016773101355755209914229189979879917124834771431844071320671,0,1156.8805,0.41,0.43,0.05,0.01,True,0.43,0.41,0.020000000000000018,203.6093,348.15369999999996,102.91,0.59,0.57,0.020000000000000018,148.09,148.09,269.9007
fifwc-fra-eng-2026-07-18,fifwc-fra-eng-2026-07-18-player-props,France vs. England - Player Props,2943708,soccer_player_goalkeeper_saves,Jordan Pickford: 4+ saves,Jordan Pickford: 4+ saves,Yes,No,52675276782640070783519534781341050487055271132036606028851178656061450699244,40282337330215973006950446535045145940716964811559272002510729869643074127975,0,2063.8589,0.01,0.56,0.05,0.01,True,0.56,0.01,0.55,56.00000000000001,746.0,0.1,0.99,0.44,0.55,9.9,9.9,44.0
fifwc-fra-eng-2026-07-18,fifwc-fra-eng-2026-07-18-player-props,France vs. England - Player Props,2943710,soccer_player_goalkeeper_saves,Jordan Pickford: 5+ saves,Jordan Pickford: 5+ saves,Yes,No,40002197637028842111347672702703550254816093679014376413263930406261679350623,57140502568349392325956068740822723516903115247977016255006303424258713833720,5.492955,107.6575,0.01,0.71,0.05,0.01,True,0.71,0.01,0.7,244.82219999999998,244.82219999999998,0.1,0.99,0.29,0.7,9.9,9.9,99.9978
fifwc-fra-eng-2026-07-18,fifwc-fra-eng-2026-07-18-player-props,France vs. England - Player Props,2944243,soccer_player_goals,Adrien Rabiot: 1+ goals,Adrien Rabiot: 1+ goals,Yes,No,78246975446826739918229031201704545008469578270555743284584488438260725261587,40019084462509325560561692069107705906113123902973391607382351474115479016460,733.356925,13695.1802,0.033,0.068,0.05,0.001,True,0.068,0.033,0.035,12.444,30.343700000000005,10.28214,0.967,0.932,0.03499999999999992,301.29785999999996,301.29785999999996,170.556
fifwc-fra-eng-2026-07-18,fifwc-fra-eng-2026-07-18-player-props,France vs. England - Player Props,2944244,soccer_player_goals,Adrien Rabiot: 2+ goals,Adrien Rabiot: 2+ goals,Yes,No,2838196602495364036514704461237905080016104715738792015434007498013810830700,80286289980297304627264101185926742792288566219032328207184945794813337989893,0,12677.03557,0.01,0.027,0.05,0.001,True,0.027,0.01,0.017,39.31713,73.09664,0.1,0.99,0.973,0.017000000000000015,9.9,2077.83,1416.87287
fifwc-fra-eng-2026-07-18,fifwc-fra-eng-2026-07-18-player-props,France vs. England - Player Props,2944245,soccer_player_goals,Anthony Gordon: 1+ goals,Anthony Gordon: 1+ goals,Yes,No,112841431692269007526313813445409902132284021879393041384929872271528081308672,88186527064120752351504198302367437105939196668738111502910515967374655058262,209.282343,14645.5931,0.14,0.15,0.05,0.01,True,0.15,0.14,0.009999999999999981,50.62799999999999,251.828,324.85880000000003,0.86,0.85,0.010000000000000009,1995.5612,1995.5612,286.892
fifwc-fra-eng-2026-07-18,fifwc-fra-eng-2026-07-18-player-props,France vs. England - Player Props,2944246,soccer_player_goals,Anthony Gordon: 2+ goals,Anthony Gordon: 2+ goals,Yes,No,57110125631564965470224717982372606903225150608273805075298454677629436668702,34286390230826291657020171336550950562050346380660258468626098550309826605003,85.909089,12307.93885,0.011,0.024,0.05,0.001,True,0.024,0.011,0.013000000000000001,8.39832,36.58318,1.3752199999999999,0.989,0.976,0.013000000000000012,123.64478,2261.0501,341.53168
fifwc-fra-eng-2026-07-18,fifwc-fra-eng-2026-07-18-player-props,France vs. England - Player Props,2944247,soccer_player_goals,Aurélien Tchouameni: 1+ goals,Aurélien Tchouameni: 1+ goals,Yes,No,93601533437863886610988184047141121259645410169150524427135991859154796273047,55359425234404890880973630001088235733709488997679450697301315432028100915307,616.525292,21688.27314,0.04,0.041,0.05,0.001,True,0.041,0.04,0.0010000000000000009,44.690000000000005,58.11166000000001,50.0,0.96,0.959,0.0010000000000000009,1200.0,3473.82144,1045.31
fifwc-fra-eng-2026-07-18,fifwc-fra-eng-2026-07-18-player-props,France vs. England - Player Props,2944248,soccer_player_goals,Aurélien Tchouameni: 2+ goals,Aurélien Tchouameni: 2+ goals,Yes,No,109750152826239155271320793809174858967705946458639894440556871455304560718976,32500650905460942352993876673363182591774810811946300017193777812492642255002,5,13114.86765,0.01,0.016,0.05,0.001,True,0.016,0.01,0.006,23.29904,40.61046,0.1,0.99,0.984,0.006000000000000005,9.9,5069.835,1432.89096
fifwc-fra-eng-2026-07-18,fifwc-fra-eng-2026-07-18-player-props,France vs. England - Player Props,2944249,soccer_player_goals,Bradley Barcola: 1+ goals,Bradley Barcola: 1+ goals,Yes,No,25591879838365978386633555140251472499890652679080294754525820703688061964815,5608163396462515818468870877941359143294865251509853305543021147646738619793,1771.7157619999996,29917.2397,0.12,0.13,0.05,0.01,True,0.13,0.12,0.010000000000000009,25.8258,213.1567,293.94239999999996,0.88,0.87,0.010000000000000009,2155.5776,2722.0647,172.8342
fifwc-fra-eng-2026-07-18,fifwc-fra-eng-2026-07-18-player-props,France vs. England - Player Props,2944250,soccer_player_goals,Bradley Barcola: 2+ goals,Bradley Barcola: 2+ goals,Yes,No,66414944939877517414056370136418005790411818073400654538150755854273443516589,14855735003144669940127502066367212803333306582441196778525563501062457224000,59.99,14393.25372,0.01,0.036,0.05,0.001,True,0.036,0.01,0.025999999999999995,13.1418,93.7581,0.1,0.99,0.964,0.026000000000000023,9.9,2022.885,351.9082
fifwc-fra-eng-2026-07-18,fifwc-fra-eng-2026-07-18-player-props,France vs. England - Player Props,2944251,soccer_player_goals,Bradley Barcola: 3+ goals,Bradley Barcola: 3+ goals,Yes,No,2579846865105299944475074461585435134868360607818584866660944476130075516168,64723054489648665452021891033174313545506044063178917719950017675684995562735,10.1,13221.1796,0.003,0.02,0.05,0.001,True,0.02,0.003,0.017,6.8953999999999995,48.25034,1.57737,0.997,0.98,0.017000000000000015,524.21263,3117.40684,337.8746
fifwc-fra-eng-2026-07-18,fifwc-fra-eng-2026-07-18-player-props,France vs. England - Player Props,2944252,soccer_player_goals,Bukayo Saka: 1+ goals,Bukayo Saka: 1+ goals,Yes,No,92753858325235969039882261190311808975135130964327663263068108750029575292861,66508186626477857786381759135061203530473029874975851474551590640091672200268,602.088103,20516.3434,0.08,0.1,0.05,0.01,True,0.1,0.08,0.020000000000000004,90.52600000000001,386.24559999999997,56.1584,0.92,0.9,0.020000000000000018,645.8216,1350.0362,814.734
fifwc-fra-eng-2026-07-18,fifwc-fra-eng-2026-07-18-player-props,France vs. England - Player Props,2944253,soccer_player_goals,Bukayo Saka: 2+ goals,Bukayo Saka: 2+ goals,Yes,No,4323275065243379306064438995852098538524413388207985259915329521002925747220,52143215467893616663678585837401404611297570001792842249201883782502306424926,0,13964.30022,0.01,0.038,0.05,0.001,True,0.038,0.01,0.027999999999999997,56.7511,97.6075,0.1,0.99,0.962,0.028000000000000025,9.9,2077.83,1436.6989
fifwc-fra-eng-2026-07-18,fifwc-fra-eng-2026-07-18-player-props,France vs. England - Player Props,2944254,soccer_player_goals,Declan Rice: 1+ goals,Declan Rice: 1+ goals,Yes,No,50163463492119764444834199840498556953957105931978421474450960432511756537263,40206088341345387770380288994672451406241064696159161798941488548544700871363,1435.5721869999998,41134.28078,0.056,0.06,0.05,0.001,True,0.06,0.056,0.003999999999999997,67.87979999999999,1361.0922,54.98472,0.944,0.94,0.0040000000000000036,926.88528,2988.05704,1063.4501999999998
fifwc-fra-eng-2026-07-18,fifwc-fra-eng-2026-07-18-player-props,France vs. England - Player Props,2944255,soccer_player_goals,Declan Rice: 2+ goals,Declan Rice: 2+ goals,Yes,No,89910094184981658024055170916607156355141033187717131116072564200310523999321,80984810259533183600518138491407365756327073615643732476791697499167947877213,14.1414,13778.47008,0.01,0.03,0.05,0.001,True,0.029,0.01,0.019000000000000003,0.435,48.8274,0.0085,0.99,0.971,0.019000000000000017,0.8415,2018.8215,14.565
fifwc-fra-eng-2026-07-18,fifwc-fra-eng-2026-07-18-player-props,France vs. England - Player Props,2944256,soccer_player_goals,Désiré Doué: 1+ goals,Désiré Doué: 1+ goals,Yes,No,87307384308114772520551409825358582091224651866880984016831502100720058252853,93716713245175888435961317019963500427542711839404618707659600475092192857188,2180.253851,45424.1217,0.18,0.19,0.05,0.01,True,0.19,0.18,0.010000000000000009,324.81829999999997,4381.63,544.2624,0.82,0.81,0.009999999999999898,2479.4175999999998,5424.495499999999,1384.7517
fifwc-fra-eng-2026-07-18,fifwc-fra-eng-2026-07-18-player-props,France vs. England - Player Props,2944257,soccer_player_goals,Désiré Doué: 2+ goals,Désiré Doué: 2+ goals,Yes,No,64963973945905547026904343316748965047213165454457883918522106677871709980376,70322024837468872232130735093829597445043259204492215286482615901167753726879,50,19078.2459,0.026,0.036,0.05,0.001,True,0.036,0.026,0.009999999999999998,19.75896,216.77464,0.13,0.974,0.964,0.010000000000000009,4.87,14.77,529.10104
fifwc-fra-eng-2026-07-18,fifwc-fra-eng-2026-07-18-player-props,France vs. England - Player Props,2944258,soccer_player_goals,Désiré Doué: 3+ goals,Désiré Doué: 3+ goals,Yes,No,93958707606844897019378988070360287006653728121402402856067105415107521607122,72674879399919852100673141276235617843332805472788325244325690374250108221656,10,13139.65949,0.001,0.021,0.05,0.001,True,0.021,0.001,0.02,7.28427,52.332359999999994,2.5591999999999997,0.999,0.979,0.020000000000000018,2556.6407999999997,2556.6407999999997,339.58573
fifwc-fra-eng-2026-07-18,fifwc-fra-eng-2026-07-18-player-props,France vs. England - Player Props,2944259,soccer_player_goals,Eberechi Eze: 1+ goals,Eberechi Eze: 1+ goals,Yes,No,31273332930094748761440476290457150887596347804475185673920303989796692432863,84927210828896411808906859041638594231973967873253910336872895902926863659534,630.04111,14351.8372,0.11,0.13,0.05,0.01,True,0.13,0.11,0.020000000000000004,61.9489,238.9231,132.09900000000002,0.89,0.87,0.020000000000000018,1068.8010000000002,1475.871,414.5811
fifwc-fra-eng-2026-07-18,fifwc-fra-eng-2026-07-18-player-props,France vs. England - Player Props,2944260,soccer_player_goals,Eberechi Eze: 2+ goals,Eberechi Eze: 2+ goals,Yes,No,114563045373740919181743673700221050180564280881826919210645775295502357701110,53808161412013389260135640439182938914789309876443844614797267404768796909448,0,13275.61796,0.01,0.04,0.05,0.001,True,0.04,0.01,0.03,79.9136,103.52418,0.1,0.99,0.96,0.030000000000000027,9.9,2077.83,1917.9263999999998
fifwc-fra-eng-2026-07-18,fifwc-fra-eng-2026-07-18-player-props,France vs. England - Player Props,2944261,soccer_player_goals,Elliot Anderson: 1+ goals,Elliot Anderson: 1+ goals,Yes,No,10425093312927089525795775037671773705014907305551352677325012909604390194176,106510378158717753786165856677879973162476268946857066515878747871497848334476,677.2266629999999,35211.12202,0.052,0.057,0.05,0.001,True,0.057,0.052,0.0050000000000000044,52.308330000000005,105.52456000000001,40.381119999999996,0.948,0.943,0.0050000000000000044,736.1788799999999,1273.61888,865.38167
fifwc-fra-eng-2026-07-18,fifwc-fra-eng-2026-07-18-player-props,France vs. England - Player Props,2944262,soccer_player_goals,Elliot Anderson: 2+ goals,Elliot Anderson: 2+ goals,Yes,No,30304410919255871745295508002177957176387083520711017694524536889737240210827,6368880269652548143240184310395352707822738738719738004010498207014444662812,5,14013.51202,0.01,0.019,0.05,0.001,True,0.019,0.01,0.009,28.0307,48.294,0.1,0.99,0.981,0.009000000000000008,9.9,2077.83,1447.2693
fifwc-fra-eng-2026-07-18,fifwc-fra-eng-2026-07-18-player-props,France vs. England - Player Props,2944263,soccer_player_goals,Harry Kane: 1+ goals,Harry Kane: 1+ goals,Yes,No,98734903948202659349349835383603113837297807912860270561914889787112393919863,101991842106596596647372699580965272537426226390917607788797245330416514300282,26720.42800200001,269912.0533,0.37,0.38,0.05,0.01,True,0.38,0.37,0.010000000000000009,4447.7138,103741.76440000001,4709.0788,0.63,0.62,0.010000000000000009,8018.1612,21994.5798,7256.7962
fifwc-fra-eng-2026-07-18,fifwc-fra-eng-2026-07-18-player-props,France vs. England - Player Props,2944264,soccer_player_goals,Harry Kane: 2+ goals,Harry Kane: 2+ goals,Yes,No,39579191868312858211028586962271273255001809170335855502492675252708096673200,50043940695795544853185274656817930582673495913381480129584447019402893562553,2860.6086129999994,166352.9258,0.09,0.1,0.05,0.01,True,0.1,0.09,0.010000000000000009,714.74,14671.210000000001,620.0109,0.91,0.9,0.010000000000000009,6268.9991,18535.4887,6432.66
fifwc-fra-eng-2026-07-18,fifwc-fra-eng-2026-07-18-player-props,France vs. England - Player Props,2944265,soccer_player_goals,Harry Kane: 3+ goals,Harry Kane: 3+ goals,Yes,No,88316139213565322790969337024527983225812825851144741528901611931831242009310,90129450670136802361067886175802074616959413433969203800987667363814885107013,9748.700605,208664.91339,0.005,0.021,0.05,0.001,True,0.021,0.005,0.016,187.96806000000004,3077.5878500000003,0.5475,0.995,0.979,0.016000000000000014,108.9525,12409.3055,8762.89194
fifwc-fra-eng-2026-07-18,fifwc-fra-eng-2026-07-18-player-props,France vs. England - Player Props,2944266,soccer_player_goals,Jude Bellingham: 1+ goals,Jude Bellingham: 1+ goals,Yes,No,112140867761322125606229457605269107897955996277411119407442247052507418878304,85050695754837595785987356833699261950574451330305178017154274767632482512041,14242.810168000005,171373.7943,0.24,0.25,0.05,0.01,True,0.25,0.24,0.010000000000000009,2674.69,32113.0379,1476.1463999999999,0.76,0.75,0.010000000000000009,4674.4636,10158.603200000001,7424.07
fifwc-fra-eng-2026-07-18,fifwc-fra-eng-2026-07-18-player-props,France vs. England - Player Props,2944267,soccer_player_goals,Jude Bellingham: 2+ goals,Jude Bellingham: 2+ goals,Yes,No,108336678373772877716266168173346506691568666369618465479248383324804814289458,22433970888144091861806614841688341048036377959627633342016275481637138925725,10404.673200000001,195018.36969,0.038,0.047,0.05,0.001,True,0.047,0.038,0.009000000000000001,4927.81135,5693.79551,229.54811999999998,0.962,0.953,0.009000000000000008,5811.191879999999,9690.536759999999,99919.23865
fifwc-fra-eng-2026-07-18,fifwc-fra-eng-2026-07-18-player-props,France vs. England - Player Props,2944268,soccer_player_goals,Jude Bellingham: 3+ goals,Jude Bellingham: 3+ goals,Yes,No,18831783878130870019004479421765343586973352113050667177780624358286028605613,28923709882267778017024964813305136829730438445330621593178979907934458845991,2389.925389,160679.09663,0.004,0.009,0.05,0.001,True,0.009,0.004,0.004999999999999999,86.463,1277.90778,0.83196,0.996,0.991,0.0050000000000000044,207.15804,3525.51906,9520.537
fifwc-fra-eng-2026-07-18,fifwc-fra-eng-2026-07-18-player-props,France vs. England - Player Props,2944269,soccer_player_goals,Kylian Mbappé: 1+ goals,Kylian Mbappé: 1+ goals,Yes,No,31654371096414827887768574433220955887581573596185164519249618005370659612055,109451444958177331074259534434382493672409611314151014488561467156603753366747,151229.02561100022,227946.0711,0.54,0.55,0.05,0.01,True,0.55,0.54,0.010000000000000009,19290.309500000003,148633.75950000001,11795.209200000001,0.46,0.45,0.010000000000000009,10052.3708,32531.5545,15782.980500000001
fifwc-fra-eng-2026-07-18,fifwc-fra-eng-2026-07-18-player-props,France vs. England - Player Props,2944270,soccer_player_goals,Kylian Mbappé: 2+ goals,Kylian Mbappé: 2+ goals,Yes,No,109628990302965992082997875216420207001432619423185080374659461988558309251930,106277931573049045099088950337161942391812672149438893428246897323100009233524,66810.87596800002,224894.2523,0.18,0.19,0.05,0.01,True,0.19,0.18,0.010000000000000009,12164.5543,34713.2543,2428.02,0.82,0.81,0.009999999999999898,11060.98,20579.200399999998,51859.415700000005
fifwc-fra-eng-2026-07-18,fifwc-fra-eng-2026-07-18-player-props,France vs. England - Player Props,2944271,soccer_player_goals,Kylian Mbappé: 3+ goals,Kylian Mbappé: 3+ goals,Yes,No,58317072795050731784998932920735446950849353270152408892281741086145970148954,5855501224083578493784222420600629215104686286603131024947967986696133422437,35674.76170800001,221021.0373,0.045,0.046,0.05,0.001,True,0.046,0.045,0.0010000000000000009,225.17092000000002,7555.38273,283.9761,0.955,0.954,0.0010000000000000009,6026.6039,14274.45745,4669.84908
fifwc-fra-eng-2026-07-18,fifwc-fra-eng-2026-07-18-player-props,France vs. England - Player Props,2944272,soccer_player_goals,Manu Koné: 1+ goals,Manu Koné: 1+ goals,Yes,No,83273436294324491407782772240542700548244670910154605225765604677158172996796,9236347194266311038852179961670574458208373092352243795080965130100216283519,783.3333319999999,15641.0183,0.06,0.08,0.05,0.01,True,0.08,0.06,0.020000000000000004,79.0504,129.8721,20.3598,0.94,0.92,0.019999999999999907,318.9702,492.53819999999996,909.0796
fifwc-fra-eng-2026-07-18,fifwc-fra-eng-2026-07-18-player-props,France vs. England - Player Props,2944273,soccer_player_goals,Manu Koné: 2+ goals,Manu Koné: 2+ goals,Yes,No,38628900663940076143544940450518714606155935279594270231051128201474777937876,3916344432611955492834169831109282103867634715358324432306040146892886830112,15,14062.25337,0.002,0.017,0.05,0.001,True,0.017,0.002,0.015000000000000001,6.205850000000001,44.527120000000004,0.9021,0.998,0.983,0.015000000000000013,450.1479,2518.0778999999998,358.84415
fifwc-fra-eng-2026-07-18,fifwc-fra-eng-2026-07-18-player-props,France vs. England - Player Props,2944274,soccer_player_goals,Marcus Rashford: 1+ goals,Marcus Rashford: 1+ goals,Yes,No,68874874700697335344093945395081393070976573343907035145149385753401439586107,26722556144111595979247443527588973583479375393114054635166509844503595782926,798.7828059999999,19183.8317,0.16,0.17,0.05,0.01,True,0.17,0.16,0.010000000000000009,31.259600000000002,79.8287,234.2384,0.84,0.83,0.010000000000000009,1229.7516,1795.8516,152.6204
fifwc-fra-eng-2026-07-18,fifwc-fra-eng-2026-07-18-player-props,France vs. England - Player Props,2944275,soccer_player_goals,Marcus Rashford: 2+ goals,Marcus Rashford: 2+ goals,Yes,No,15918105645360639269043819175369223215354990761173246101565695500812954115336,47695343283952045077434521575645658623376275882251837407160896372295353649342,0,14018.47512,0.01,0.04,0.05,0.001,True,0.04,0.01,0.03,82.37440000000001,104.76752,0.1,0.99,0.96,0.030000000000000027,9.9,2326.98,1880.9855999999997
fifwc-fra-eng-2026-07-18,fifwc-fra-eng-2026-07-18-player-props,France vs. England - Player Props,2944276,soccer_player_goals,Marcus Rashford: 3+ goals,Marcus Rashford: 3+ goals,Yes,No,41560203150913844273317677179082976444022159608025245609717739371939723667682,73468774804187049126937426714678652309438519197453420106502091424193294038819,1215.2403570000001,43129.75095,0.006,0.007,0.05,0.001,True,0.007,0.006,0.001,2.44993,24.842070000000003,1.32,0.994,0.993,0.0010000000000000009,218.68,2281.615,347.54007
fifwc-fra-eng-2026-07-18,fifwc-fra-eng-2026-07-18-player-props,France vs. England - Player Props,2944277,soccer_player_goals,Michael Olise: 1+ goals,Michael Olise: 1+ goals,Yes,No,26878854491819423933443304952262106314199001087209730191547125172441511015961,70863268007854542161492175021271286522363845688301604898584052865238264427785,4388.969954,32002.628,0.14,0.16,0.05,0.01,True,0.16,0.14,0.01999999999999999,172.4736,681.7053000000001,456.64220000000006,0.86,0.84,0.020000000000000018,2805.0878,6216.4483,905.4864
fifwc-fra-eng-2026-07-18,fifwc-fra-eng-2026-07-18-player-props,France vs. England - Player Props,2944278,soccer_player_goals,Michael Olise: 2+ goals,Michael Olise: 2+ goals,Yes,No,58327804698245476120570569743081595975509879055865540937239938090752577398724,1447772970243588669947043564906717148820672570309816018742223938329204755884,3556.32466,29360.34439,0.019,0.023,0.05,0.001,True,0.023,0.019,0.004,38.55214,68.92349,14.05658,0.981,0.977,0.0040000000000000036,793.4524200000001,4314.80026,1637.62786
fifwc-fra-eng-2026-07-18,fifwc-fra-eng-2026-07-18-player-props,France vs. England - Player Props,2944279,soccer_player_goals,Michael Olise: 3+ goals,Michael Olise: 3+ goals,Yes,No,107404835557161086293499789427783119662494843764337746992701907876927808445804,19094725100404969494683990844429569915281370835226454803353817719607573855950,1.0101,13228.94324,0.01,0.019,0.05,0.001,True,0.019,0.01,0.009,5.57783,33.5278,0.0898,0.99,0.981,0.009000000000000008,8.8902,2021.8752,287.99217
fifwc-fra-eng-2026-07-18,fifwc-fra-eng-2026-07-18-player-props,France vs. England - Player Props,2944280,soccer_player_goals,Morgan Rogers: 1+ goals,Morgan Rogers: 1+ goals,Yes,No,6176414568777973027698177124076584903368973100779746827630906494071182936534,67454724747058531783079770290122272124306182440321665250439761429191505600596,197.813177,14973.2241,0.09,0.1,0.05,0.01,True,0.1,0.09,0.010000000000000009,19.6,19.6,7.3962,0.91,0.9,0.010000000000000009,74.78380000000001,74.78380000000001,176.4
fifwc-fra-eng-2026-07-18,fifwc-fra-eng-2026-07-18-player-props,France vs. England - Player Props,2944281,soccer_player_goals,Morgan Rogers: 2+ goals,Morgan Rogers: 2+ goals,Yes,No,37542278029242474639542856721477590315593235781478436036634009156752212906627,79239160330149821839869048521067019470332261678512325854719240723239304697121,0,13576.64469,0.01,0.03,0.05,0.001,True,0.03,0.01,0.019999999999999997,48.8976,81.20504,0.05,0.99,0.97,0.020000000000000018,4.95,2072.8799999999997,1581.0224
fifwc-fra-eng-2026-07-18,fifwc-fra-eng-2026-07-18-player-props,France vs. England - Player Props,2944282,soccer_player_goals,Noni Madueke: 1+ goals,Noni Madueke: 1+ goals,Yes,No,83408933824121793511462705079860291843072963237503659460228601656687523210039,91537983512845218974444848615211837515650251818458096876112909004805547212112,443.377869,14928.23702,0.115,0.117,0.05,0.001,True,0.117,0.115,0.0020000000000000018,63.355500000000006,124.9315,32.87735,0.885,0.883,0.0020000000000000018,253.01264999999998,253.01264999999998,478.1445
fifwc-fra-eng-2026-07-18,fifwc-fra-eng-2026-07-18-player-props,France vs. England - Player Props,2944283,soccer_player_goals,Noni Madueke: 2+ goals,Noni Madueke: 2+ goals,Yes,No,81505823444018886686224854216715463081617373693269733333625389092536572294509,85325635879730923726640930386636382628605158665655772449979846736343837004832,0,14128.59718,0.01,0.03,0.05,0.001,True,0.03,0.01,0.019999999999999997,48.8976,80.90504,0.1,0.99,0.97,0.020000000000000018,9.9,2027.88,1581.0224
fifwc-fra-eng-2026-07-18,fifwc-fra-eng-2026-07-18-player-props,France vs. England - Player Props,2944284,soccer_player_goals,Ousmane Dembélé: 1+ goals,Ousmane Dembélé: 1+ goals,Yes,No,9520072624612400024519235400505163210842520660949262188918688273298318615472,72488833025429902812685826868323553633496082109315917355128168813236031568990,31106.385787000003,189894.3062,0.26,0.27,0.05,0.01,True,0.27,0.26,0.010000000000000009,6846.076800000001,19288.5796,3861.7098,0.74,0.73,0.010000000000000009,10991.020199999999,24754.004699999998,18509.7632
fifwc-fra-eng-2026-07-18,fifwc-fra-eng-2026-07-18-player-props,France vs. England - Player Props,2944285,soccer_player_goals,Ousmane Dembélé: 2+ goals,Ousmane Dembélé: 2+ goals,Yes,No,8593191847998313389720344454914018288189549016627608218408562927219420263356,86817201706380739554520573742407094598294212695833109167163575660797577840442,2413.075646,42440.39142,0.06,0.065,0.05,0.001,True,0.065,0.06,0.0050000000000000044,82.3433,1431.72367,15.0,0.94,0.935,0.004999999999999893,235.0,1948.81496,1184.4767
fifwc-fra-eng-2026-07-18,fifwc-fra-eng-2026-07-18-player-props,France vs. England - Player Props,2944286,soccer_player_goals,Ousmane Dembélé: 3+ goals,Ousmane Dembélé: 3+ goals,Yes,No,14219033746217092930050794002212942803118260702456825706598199768986367958402,72990010060142078584859418486891574438291473651121082377632776574988824444575,500,33448.99695,0.005,0.01,0.05,0.001,True,0.01,0.005,0.005,26.4716,47.990159999999996,1.0,0.995,0.99,0.0050000000000000044,199.0,2281.775,2620.6884
fifwc-fra-eng-2026-07-18,fifwc-fra-eng-2026-07-18-player-props,France vs. England - Player Props,2944287,soccer_player_goals,Rayan Cherki: 1+ goals,Rayan Cherki: 1+ goals,Yes,No,9192002553678436746707797903749483655237257975725633426745193757034544878467,90873478621399993826526225508925657746660475422674744989779211390602118790345,1325.567965,38396.52016,0.19,0.194,0.05,0.001,True,0.194,0.19,0.0040000000000000036,66.56528,811.72392,90.0258,0.81,0.806,0.0040000000000000036,383.79420000000005,723.38472,598.9547200000001
fifwc-fra-eng-2026-07-18,fifwc-fra-eng-2026-07-18-player-props,France vs. England - Player Props,2944288,soccer_player_goals,Rayan Cherki: 2+ goals,Rayan Cherki: 2+ goals,Yes,No,104508758231674861841538777238902544262872127468152033183227229974415739214300,84247242377828869966867301898329858610897299320022406603668025483956576105142,0,13452.94816,0.01,0.048,0.05,0.001,True,0.048,0.01,0.038,4.8,141.4407,0.1,0.99,0.952,0.038000000000000034,9.9,2027.88,95.19999999999999
fifwc-fra-eng-2026-07-18,fifwc-fra-eng-2026-07-18-player-props,France vs. England - Player Props,2944289,soccer_player_goals,Rayan Cherki: 3+ goals,Rayan Cherki: 3+ goals,Yes,No,93184667563417725929956418580820077680544586571297308940799475858366276610995,53305490182964806028363598714091097303964920674789226195187988867242095167750,480.04,30267.10703,0.002,0.007,0.05,0.001,True,0.007,0.002,0.005,12.214440000000002,26.302220000000002,1.0966,0.998,0.993,0.0050000000000000044,547.2034,2560.1884,1732.70556
fifwc-fra-eng-2026-07-18,fifwc-fra-eng-2026-07-18-player-props,France vs. England - Player Props,2944290,soccer_player_goals,Théo Hernández: 1+ goals,Théo Hernández: 1+ goals,Yes,No,3257857018946987272298363973687441529937710160140747638544721573236313948134,73655632329014717679021765828375252313611178576115440174247789573493668463800,359.270625,12710.96226,0.01,0.04,0.05,0.001,True,0.04,0.01,0.03,0.51,1.4100000000000001,4.5200000000000005,0.99,0.96,0.030000000000000027,447.48,2686.676,12.24
fifwc-fra-eng-2026-07-18,fifwc-fra-eng-2026-07-18-player-props,France vs. England - Player Props,2944291,soccer_player_goals,Théo Hernández: 2+ goals,Théo Hernández: 2+ goals,Yes,No,5248989039638548217200307302849932062528593293239214121983538581892617038278,96640538618498458223823231131899399445054508349068198561252548619792631972771,0,13036.60114,0.01,0.02,0.05,0.001,True,0.02,0.01,0.01,32.6896,59.298159999999996,0.1,0.99,0.98,0.010000000000000009,9.9,2077.83,1601.7904
fifwc-fra-eng-2026-07-18,fifwc-fra-eng-2026-07-18-player-props,France vs. England - Player Props,2944292,soccer_player_shots,Adrien Rabiot: 1+ shots,Adrien Rabiot: 1+ shots,Yes,No,24676374852232422454060294677929458050439792053357334968582312306501138960977,32565644261501776781748882474449989704979376389295538968958348260649926157130,1101.796462,13865.9344,0.02,0.33,0.05,0.01,True,0.33,0.02,0.31,16.929,36.611599999999996,0.7762000000000001,0.98,0.67,0.30999999999999994,38.0338,561.1102000000001,34.371
fifwc-fra-eng-2026-07-18,fifwc-fra-eng-2026-07-18-player-props,France vs. England - Player Props,2944293,soccer_player_shots,Adrien Rabiot: 2+ shots,Adrien Rabiot: 2+ shots,Yes,No,30256545832095185775232758570716714996618395358522967997001191005272668643619,64371236949421805588848107370024554569171427757246556373888951068778317949817,52.25,12026.7744,0.16,0.18,0.05,0.01,True,0.18,0.16,0.01999999999999999,81.4482,114.3904,30.883200000000002,0.84,0.82,0.020000000000000018,162.1368,289.4243,371.04179999999997
fifwc-fra-eng-2026-07-18,fifwc-fra-eng-2026-07-18-player-props,France vs. England - Player Props,2944294,soccer_player_shots,Adrien Rabiot: 3+ shots,Adrien Rabiot: 3+ shots,Yes,No,65145605770292129059054062336653744866066288499236356779960727127855673498208,18098562920836951921537196459617782639154225447896271391344876055795087848831,5,12728.478,0.04,0.07,0.05,0.01,True,0.07,0.04,0.030000000000000006,66.4895,119.69510000000001,5.518,0.96,0.93,0.029999999999999916,132.432,368.887,883.3605000000001
fifwc-fra-eng-2026-07-18,fifwc-fra-eng-2026-07-18-player-props,France vs. England - Player Props,2944295,soccer_player_shots,Adrien Rabiot: 4+ shots,Adrien Rabiot: 4+ shots,Yes,No,113839667139708473290461655857990161187978191402242734557626405136963431866955,115587272231860777182822778912707322069074603728692244140800620324608183745103,5,11530.27927,0.011,0.04,0.05,0.001,True,0.04,0.011,0.029,110.0908,137.93214,1.51151,0.989,0.96,0.029000000000000026,135.89848999999998,2690.28181,2642.1792
fifwc-fra-eng-2026-07-18,fifwc-fra-eng-2026-07-18-player-props,France vs. England - Player Props,2944296,soccer_player_shots,Anthony Gordon: 1+ shots,Anthony Gordon: 1+ shots,Yes,No,58190000594654490738810024735881886037073131922700026579697745026638341690532,22966634584864804649010246659672801753536507645223947228266290556852269239724,1153.8926830000003,9725.8128,0.46,0.7,0.05,0.01,True,0.7,0.46,0.23999999999999994,68.47399999999999,4504.554,5.0001999999999995,0.54,0.3,0.24000000000000005,5.8698,324.0998,29.345999999999997
fifwc-fra-eng-2026-07-18,fifwc-fra-eng-2026-07-18-player-props,France vs. England - Player Props,2944297,soccer_player_shots,Anthony Gordon: 2+ shots,Anthony Gordon: 2+ shots,Yes,No,71794521277549554961907856160164573129833489878294924906239017270538744145425,70121841103113227880971852875093490394236654491366250113356965520721559468972,3539.664582,19965.9574,0.33,0.34,0.05,0.01,True,0.34,0.33,0.010000000000000009,5.916,5.916,72.94980000000001,0.67,0.66,0.010000000000000009,148.11020000000002,186.2622,11.484
fifwc-fra-eng-2026-07-18,fifwc-fra-eng-2026-07-18-player-props,France vs. England - Player Props,2944298,soccer_player_shots,Anthony Gordon: 3+ shots,Anthony Gordon: 3+ shots,Yes,No,95582393930945046832988487157411790532211672149160449496937048801719608335553,70459866033201403224111390956882903569702587659188314654265448769730039300529,0,8693.9756,0.02,0.17,0.05,0.01,True,0.17,0.02,0.15000000000000002,2.125,11.125,0.8086,0.98,0.83,0.15000000000000002,39.6214,262.5001,10.375
fifwc-fra-eng-2026-07-18,fifwc-fra-eng-2026-07-18-player-props,France vs. England - Player Props,2944299,soccer_player_shots,Anthony Gordon: 4+ shots,Anthony Gordon: 4+ shots,Yes,No,5671957009345135410735668843602728310319107569965196000456275004508915877728,49229545039970948050718286706760094706428952716685016384577254110314549944461,25,12604.8408,0.012,0.04,0.05,0.001,True,0.04,0.01,0.03,24.424400000000002,33.27002,0.15,0.99,0.96,0.030000000000000027,14.85,2515.74001,586.1856
fifwc-fra-eng-2026-07-18,fifwc-fra-eng-2026-07-18-player-props,France vs. England - Player Props,2944300,soccer_player_shots,Anthony Gordon: 5+ shots,Anthony Gordon: 5+ shots,Yes,No,21256759367905091613541059549157934359796138232681071485759977637767389825547,98498470131157473584810534693783409702964437676758153859372143884629754159440,0,12609.05307,0.01,0.04,0.05,0.001,True,0.04,0.01,0.03,33.1764,95.21162000000001,0.1,0.99,0.96,0.030000000000000027,9.9,2022.885,796.2335999999999
fifwc-fra-eng-2026-07-18,fifwc-fra-eng-2026-07-18-player-props,France vs. England - Player Props,2944301,soccer_player_shots,Aurélien Tchouameni: 1+ shots,Aurélien Tchouameni: 1+ shots,Yes,No,100700361366625039023617994039993167537490457834208561151037928009231251239384,72709153817934095038964876114128100967309705422771424062306363743332165243016,0,7488.6921,0.1,0.56,0.05,0.01,True,0.56,0.1,0.4600000000000001,11.4128,120.35419999999999,3.0,0.9,0.44,0.46,27.0,27.0,8.9672
fifwc-fra-eng-2026-07-18,fifwc-fra-eng-2026-07-18-player-props,France vs. England - Player Props,2944302,soccer_player_shots,Dayot Upamecano: 1+ shots,Dayot Upamecano: 1+ shots,Yes,No,109285905507004952402725316021543308769629101642846724123878394583357627522703,87684942696888762047871655757816978553722865151814378500659318337715931881213,173.45275700000002,5862.8967,0.19,0.21,0.05,0.01,True,0.21,0.19,0.01999999999999999,143.7765,384.3465,168.68009999999998,0.81,0.79,0.020000000000000018,719.1099,1034.2113,540.8735
fifwc-fra-eng-2026-07-18,fifwc-fra-eng-2026-07-18-player-props,France vs. England - Player Props,2944303,soccer_player_shots,Dayot Upamecano: 2+ shots,Dayot Upamecano: 2+ shots,Yes,No,65409756611565695716866774858444208257391870049226268114074535458708751350835,89258368466922398520005801637213092040910848259508505386309524531944041926062,62.25,972.1566,0.05,0.13,0.05,0.01,True,0.13,0.05,0.08,0.936,2.5260000000000002,1.117,0.95,0.87,0.07999999999999996,21.223,251.236,6.264
fifwc-fra-eng-2026-07-18,fifwc-fra-eng-2026-07-18-player-props,France vs. England - Player Props,2944304,soccer_player_shots,Dayot Upamecano: 3+ shots,Dayot Upamecano: 3+ shots,Yes,No,7088869155520845907077424268718813512926062085501161670592701104047925096711,59520156873543120325094742684757481613071584784391736061409245630689732012656,5,2453.76836,0.017,0.077,0.05,0.001,True,0.077,0.017,0.06,5.775,29.174999999999997,0.43656,0.983,0.923,0.05999999999999994,25.24344,2396.58011,69.22500000000001
fifwc-fra-eng-2026-07-18,fifwc-fra-eng-2026-07-18-player-props,France vs. England - Player Props,2944305,soccer_player_shots,Declan Rice: 1+ shots,Declan Rice: 1+ shots,Yes,No,95952746155775769397325032286541484043391799132290137821690017571198380138919,48857064438316870697987040020155800877641074166311139390993161912991010346546,4142.8238089999995,19122.3621,0.41,0.42,0.05,0.01,True,0.42,0.41,0.010000000000000009,178.70999999999998,274.3764,158.465,0.59,0.58,0.010000000000000009,228.035,231.035,246.79
fifwc-fra-eng-2026-07-18,fifwc-fra-eng-2026-07-18-player-props,France vs. England - Player Props,2944306,soccer_player_shots,Declan Rice: 2+ shots,Declan Rice: 2+ shots,Yes,No,73608789771392011766019907058481526515694615251226192067983248636331395272542,63217553891612691365370345371839735214406181000755060794352496737271006438052,2564.972532,19498.0999,0.08,0.09,0.05,0.01,True,0.09,0.08,0.009999999999999995,0.44999999999999996,0.44999999999999996,49.9992,0.92,0.91,0.010000000000000009,574.9908,574.9908,4.55
fifwc-fra-eng-2026-07-18,fifwc-fra-eng-2026-07-18-player-props,France vs. England - Player Props,2944307,soccer_player_shots,Declan Rice: 3+ shots,Declan Rice: 3+ shots,Yes,No,103133034062641439797078291191577355770684802548330287267164715190096244776075,93718669237082588242352893176761896956514600012123124267681568259359073220923,5,8508.05258,0.012,0.077,0.05,0.001,True,0.077,0.012,0.065,5.775,29.174999999999997,0.35976,0.988,0.923,0.06499999999999995,29.62024,2402.65505,69.22500000000001
fifwc-fra-eng-2026-07-18,fifwc-fra-eng-2026-07-18-player-props,France vs. England - Player Props,2944308,soccer_player_shots,Declan Rice: 4+ shots,Declan Rice: 4+ shots,Yes,No,36359359737662356032685576505865268552870214213045262121206012670803866498954,87548493408630609633292155890523580302965740588371342707741541129108451774128,15,10968.25543,0.003,0.033,0.05,0.001,True,0.033,0.003,0.030000000000000002,20.15013,32.521480000000004,1.8009,0.997,0.967,0.030000000000000027,598.4991,3702.4038199999995,590.45987
fifwc-fra-eng-2026-07-18,fifwc-fra-eng-2026-07-18-player-props,France vs. England - Player Props,2944309,soccer_player_shots,Elliot Anderson: 1+ shots,Elliot Anderson: 1+ shots,Yes,No,104577784439839091685023854143779682848361175404672711065978705387642352454920,38372041420438223318334933898741519230714379732540740450999380059545616811279,2652.9204570000006,21961.7789,0.53,0.56,0.05,0.01,True,0.56,0.53,0.030000000000000027,358.0808,2690.2371999999996,351.761,0.47,0.44,0.02999999999999997,311.939,495.76460000000003,281.3492
fifwc-fra-eng-2026-07-18,fifwc-fra-eng-2026-07-18-player-props,France vs. England - Player Props,2944310,soccer_player_shots,Elliot Anderson: 2+ shots,Elliot Anderson: 2+ shots,Yes,No,94453642454427951035297365752751022980309156589405594228140293071364312694505,69413593543299590992676801231774187316852146892530466001479329610581524891503,0,9196.0877,0.02,0.23,0.05,0.01,True,0.23,0.02,0.21000000000000002,11.5,11.5,0.809,0.98,0.77,0.20999999999999996,39.641000000000005,262.4801,38.5
fifwc-fra-eng-2026-07-18,fifwc-fra-eng-2026-07-18-player-props,France vs. England - Player Props,2944311,soccer_player_shots,Elliot Anderson: 3+ shots,Elliot Anderson: 3+ shots,Yes,No,95490269715656119457916895686257486921839983605190133749602807326109731081627,107993349507781481472504141898795857679040613732471120184488665616102834607118,5,12750.89606,0.013,0.069,0.05,0.001,True,0.069,0.013,0.05600000000000001,1.0350000000000001,160.23499999999999,0.40521,0.987,0.931,0.05599999999999994,30.76479,3206.99155,13.965
fifwc-fra-eng-2026-07-18,fifwc-fra-eng-2026-07-18-player-props,France vs. England - Player Props,2944312,soccer_player_shots,Elliot Anderson: 4+ shots,Elliot Anderson: 4+ shots,Yes,No,79681470451690726554313043260651386140990859765991474262322194103480920768855,83420022303258844721134152055347181309228390979254165033774222500677534667475,5,13552.51861,0.01,0.03,0.05,0.001,True,0.03,0.01,0.019999999999999997,6.7683,255.53502,0.1,0.99,0.97,0.020000000000000018,9.9,2022.885,218.8417
fifwc-fra-eng-2026-07-18,fifwc-fra-eng-2026-07-18-player-props,France vs. England - Player Props,2944313,soccer_player_shots,Ezri Konsa: 1+ shots,Ezri Konsa: 1+ shots,Yes,No,31284751996595030472623711121287886966241563880290295107205519709024383183339,99962776962433032622475473489684590480818909120066694846460774590966525224719,26.315788,5724.6014,0.17,0.19,0.05,0.01,True,0.19,0.17,0.01999999999999999,74.4401,147.3881,61.4057,0.83,0.81,0.019999999999999907,299.80429999999996,519.2207,317.34990000000005
fifwc-fra-eng-2026-07-18,fifwc-fra-eng-2026-07-18-player-props,France vs. England - Player Props,2944314,soccer_player_shots,Ezri Konsa: 2+ shots,Ezri Konsa: 2+ shots,Yes,No,77290875555571163504924009517063864834808841098499713972041995902037572488997,29607050426298246431997947935517130474406710283571094994098873275299489909565,5,2786.21621,0.017,0.108,0.05,0.001,True,0.108,0.018,0.09,3.2399999999999998,33.315,0.49409999999999993,0.982,0.892,0.08999999999999997,26.9559,2379.59506,26.76
fifwc-fra-eng-2026-07-18,fifwc-fra-eng-2026-07-18-player-props,France vs. England - Player Props,2944315,soccer_player_shots,Jude Bellingham: 1+ shots,Jude Bellingham: 1+ shots,Yes,No,109114998500275627172694038560381698628580497085738221314735291824946699019847,91475873970137531577028355845750315778658030081050122834231345582398751364236,1119.445979,8884.4672,0.73,0.79,0.05,0.01,True,0.79,0.73,0.06000000000000005,97.17,172.37,194.57420000000002,0.27,0.22,0.05000000000000002,71.96580000000002,74.86580000000002,42.4468
fifwc-fra-eng-2026-07-18,fifwc-fra-eng-2026-07-18-player-props,France vs. England - Player Props,2944316,soccer_player_shots,Jude Bellingham: 2+ shots,Jude Bellingham: 2+ shots,Yes,No,15112533412984603233836180300933154810013040624977226249036061538325410645360,4456944497362575266783964984124100209100723334520331549658228224113897893033,3591.6838610000004,20988.893,0.57,0.6,0.05,0.01,True,0.6,0.58,0.020000000000000018,465.84599999999995,937.7461,20.88,0.42,0.4,0.019999999999999962,15.12,174.81369999999998,310.564
fifwc-fra-eng-2026-07-18,fifwc-fra-eng-2026-07-18-player-props,France vs. England - Player Props,2944317,soccer_player_shots,Jude Bellingham: 3+ shots,Jude Bellingham: 3+ shots,Yes,No,108185215851712569761147884415194373759891897528411036347309524022820907943969,106115369422655181540092804503856367137964781140868666411652077062067927851159,163.26941,8878.8948,0.02,0.34,0.05,0.01,True,0.34,0.02,0.32,41.622800000000005,566.6228,0.7694,0.98,0.66,0.31999999999999995,37.7006,264.4601,80.7972
fifwc-fra-eng-2026-07-18,fifwc-fra-eng-2026-07-18-player-props,France vs. England - Player Props,2944318,soccer_player_shots,Jude Bellingham: 4+ shots,Jude Bellingham: 4+ shots,Yes,No,100653538705177494447864397589891010847809415295880858653510080638321444324873,76612057345599130082173879529346788156465011908843146021524337510593290316902,0,9189.4582,0.02,0.11,0.05,0.01,True,0.11,0.02,0.09,5.5,5.5,0.8246,0.98,0.89,0.08999999999999997,40.40539999999999,266.6402,44.5
fifwc-fra-eng-2026-07-18,fifwc-fra-eng-2026-07-18-player-props,France vs. England - Player Props,2944319,soccer_player_shots,Jude Bellingham: 5+ shots,Jude Bellingham: 5+ shots,Yes,No,104271151640431973468832528356987605864660329711029045896033208348028733447636,51313983787129403545173790769347032037100137507743946214836950410199634068869,0,13343.7472,0.01,0.04,0.05,0.001,True,0.04,0.01,0.03,25.8484,36.189220000000006,2.8374,0.99,0.96,0.030000000000000027,280.9026,2471.23268,524.3616000000001
fifwc-fra-eng-2026-07-18,fifwc-fra-eng-2026-07-18-player-props,France vs. England - Player Props,2944320,soccer_player_shots,Jules Koundé: 1+ shots,Jules Koundé: 1+ shots,Yes,No,35300055720140664498251269327313075265352608295696270767754539321753392045141,64624262187310960077822893844973836064635577653520390003867967865938893035258,172.666665,4123.9805,0.18,0.2,0.05,0.01,True,0.2,0.18,0.020000000000000018,64.96000000000001,167.2321,66.8592,0.82,0.8,0.019999999999999907,304.58079999999995,632.4889,259.84000000000003
fifwc-fra-eng-2026-07-18,fifwc-fra-eng-2026-07-18-player-props,France vs. England - Player Props,2944321,soccer_player_shots,Jules Koundé: 2+ shots,Jules Koundé: 2+ shots,Yes,No,106474120789189377882808437120585820756745794744925341228781165109621412870506,10364093919247556240038397574794395275524375670033678553410196948889392930957,0,1149.1516,0.05,0.07,0.05,0.01,True,0.07,0.05,0.020000000000000004,17.57,109.9858,25.861000000000004,0.95,0.93,0.019999999999999907,491.359,1183.152,233.43
fifwc-fra-eng-2026-07-18,fifwc-fra-eng-2026-07-18-player-props,France vs. England - Player Props,2944322,soccer_player_shots,Jules Koundé: 3+ shots,Jules Koundé: 3+ shots,Yes,No,56017599261754536571196179592634799252899807187419311877079805076356831486172,39941815390095775595071233912194427673075957747385972819036265134187345746269,5,2437.30332,0.019,0.092,0.05,0.001,True,0.092,0.02,0.072,1.38,50.9,0.485,0.98,0.908,0.07199999999999995,23.765,2377.1751799999997,13.620000000000001
fifwc-fra-eng-2026-07-18,fifwc-fra-eng-2026-07-18-player-props,France vs. England - Player Props,2944323,soccer_player_shots,Lucas Digne: 1+ shots,Lucas Digne: 1+ shots,Yes,No,114121757043436112020213540686739311580240173241476070155637768895427928751016,101819126170406358083682289418810667576074565798354947357032552949306152069397,156,404.9699,0.12,0.38,0.05,0.01,True,0.38,0.12,0.26,17.3356,36.8356,1.3632,0.88,0.62,0.26,9.9968,94.0369,28.284399999999998
fifwc-fra-eng-2026-07-18,fifwc-fra-eng-2026-07-18-player-props,France vs. England - Player Props,2944324,soccer_player_shots,Lucas Digne: 2+ shots,Lucas Digne: 2+ shots,Yes,No,14756820101572550105160061405988258560371531386701241078762494691464780978679,19772711988507984467795676263408212650602690746314079089708599452849720592170,0,6511.5518,0.08,0.1,0.05,0.01,True,0.1,0.08,0.020000000000000004,38.679,78.66290000000001,32.696,0.92,0.9,0.020000000000000018,376.004,576.9398,348.11100000000005
fifwc-fra-eng-2026-07-18,fifwc-fra-eng-2026-07-18-player-props,France vs. England - Player Props,2944325,soccer_player_shots,Lucas Digne: 3+ shots,Lucas Digne: 3+ shots,Yes,No,109722395838555978911274083837696210241811451479333424744538128328751691351931,63245291420819695435832654732930416663750684956643944620096768142520993590794,5,3103.02291,0.019,0.077,0.05,0.001,True,0.077,0.012,0.065,6.7375,30.1375,0.35748,0.988,0.923,0.06499999999999995,29.43252,2296.30503,80.7625
fifwc-fra-eng-2026-07-18,fifwc-fra-eng-2026-07-18-player-props,France vs. England - Player Props,2944326,soccer_player_shots,Manu Koné: 1+ shots,Manu Koné: 1+ shots,Yes,No,113542959609060767561939523031281218371734613834110735404603942498107339350218,50694074934150886374246960078471299702803065050332767986484825891166330596005,585.99714,8236.1558,0.36,0.58,0.05,0.01,True,0.58,0.36,0.21999999999999997,110.19999999999999,2717.41,5.0004,0.64,0.42,0.22000000000000003,8.8896,484.5226,79.8
fifwc-fra-eng-2026-07-18,fifwc-fra-eng-2026-07-18-player-props,France vs. England - Player Props,2944327,soccer_player_shots,Manu Koné: 2+ shots,Manu Koné: 2+ shots,Yes,No,80398882334520679443090250342942004915227236469520137892776834793714241629809,15465434098926508912518661147664358279481120533334675375453050834563755002175,0,7613.0863,0.02,0.27,0.05,0.01,True,0.27,0.02,0.25,13.5,13.5,0.7908,0.98,0.73,0.25,38.7492,263.3802,36.5
fifwc-fra-eng-2026-07-18,fifwc-fra-eng-2026-07-18-player-props,France vs. England - Player Props,2944328,soccer_player_shots,Manu Koné: 3+ shots,Manu Koné: 3+ shots,Yes,No,87451946220414455411052659293986241477849889493477795362070585528709539485344,53201277561318742869461471551318245288243809180984680948699881129727912120778,0,8296.01681,0.011,0.08,0.05,0.001,True,0.081,0.011,0.07,24.3,34.3,0.15971999999999997,0.989,0.92,0.06899999999999995,14.36028,2447.40501,69.0
fifwc-fra-eng-2026-07-18,fifwc-fra-eng-2026-07-18-player-props,France vs. England - Player Props,2944329,soccer_player_shots,Manu Koné: 4+ shots,Manu Koné: 4+ shots,Yes,No,96177430989398124474975066496813386685554428633152906891186549360443471113880,18128630039613659897612474603856035865880503746434417926073880520466213630249,5,10879.52239,0.011,0.04,0.05,0.001,True,0.04,0.011,0.029,20.424400000000002,34.86522,1.53659,0.989,0.96,0.029000000000000026,138.15341,2685.67621,490.1856
fifwc-fra-eng-2026-07-18,fifwc-fra-eng-2026-07-18-player-props,France vs. England - Player Props,2944330,soccer_player_shots,Marc Guéhi: 1+ shots,Marc Guéhi: 1+ shots,Yes,No,35660686895449961357262321626075368419376764252040311449642104664461425929102,13799088802398806379751113062669394109639537422480980076406065041807171558866,40.764704,8859.8566,0.15,0.17,0.05,0.01,True,0.17,0.15,0.020000000000000018,61.67430000000001,126.02250000000001,91.6815,0.85,0.83,0.020000000000000018,519.5285,744.1691,301.1157
fifwc-fra-eng-2026-07-18,fifwc-fra-eng-2026-07-18-player-props,France vs. England - Player Props,2944331,soccer_player_shots,Marc Guéhi: 2+ shots,Marc Guéhi: 2+ shots,Yes,No,75405453146036441102166096856238883579209919449247545332000675219705433339683,95135920521781531784002792350061503252526508507023624771362074333363172775816,5,9833.9405,0.04,0.07,0.05,0.01,True,0.07,0.04,0.030000000000000006,40.9521,88.77770000000001,23.782,0.96,0.93,0.029999999999999916,570.7679999999999,1531.125,544.0779
fifwc-fra-eng-2026-07-18,fifwc-fra-eng-2026-07-18-player-props,France vs. England - Player Props,2944332,soccer_player_shots,Nico O’Reilly: 1+ shots,Nico O’Reilly: 1+ shots,Yes,No,111868144709715234016691271504822391451604374145528956768350588256086294471833,14628412510988127650933358016005007165204220383765877556033262346741874937538,167.59705499999998,5159.2637,0.43,0.46,0.05,0.01,True,0.46,0.43,0.030000000000000027,168.2174,404.6603,90.8074,0.57,0.54,0.029999999999999916,120.37259999999999,383.39099999999996,197.4726
fifwc-fra-eng-2026-07-18,fifwc-fra-eng-2026-07-18-player-props,France vs. England - Player Props,2944333,soccer_player_shots,Nico O’Reilly: 2+ shots,Nico O’Reilly: 2+ shots,Yes,No,56902150977134805584266003882447440817782871594405493294402604094093232555784,37316953743988276035619157375097431200991453320581276476617543394049003045249,0,253.3634,0.06,0.28,0.05,0.01,True,0.28,0.06,0.22000000000000003,1.9600000000000002,27.009999999999998,1.2,0.94,0.72,0.21999999999999997,18.799999999999997,18.799999999999997,5.04
fifwc-fra-eng-2026-07-18,fifwc-fra-eng-2026-07-18-player-props,France vs. England - Player Props,2944334,soccer_player_shots,Nico O’Reilly: 3+ shots,Nico O’Reilly: 3+ shots,Yes,No,87444649423574984165629792407142400131270359890102996288537032227894294756893,27307322504323539188788971285794798736878614005157680379589067524752417030700,5,4842.1545,0.04,0.07,0.05,0.01,True,0.07,0.04,0.030000000000000006,24.514000000000003,68.53,8.9276,0.96,0.93,0.029999999999999916,214.26239999999999,581.2444,325.686
fifwc-fra-eng-2026-07-18,fifwc-fra-eng-2026-07-18-player-props,France vs. England - Player Props,2944335,soccer_player_shots,William Saliba: 1+ shots,William Saliba: 1+ shots,Yes,No,40436275752814251276269201155380862770171716719854911523787348132143118755907,89194654988061344270519934988004328157751335370480812210319622070655448773841,2115.120009,47028.105,0.004,0.006,0.05,0.001,True,0.006,0.004,0.002,9.13044,44.268840000000004,0.45192000000000004,0.996,0.994,0.0020000000000000018,112.52808,4156.94508,1512.60956
fifwc-fra-eng-2026-07-18,fifwc-fra-eng-2026-07-18-player-props,France vs. England - Player Props,2944336,soccer_player_shots,William Saliba: 2+ shots,William Saliba: 2+ shots,Yes,No,112431935026248825738602206021210658142382024099219684462999101470778510905387,81515044904085691291173594133163412095642290043180640578363296672490708759577,2349,33473.2769,0.001,0.002,0.05,0.001,True,0.002,0.001,0.001,0.8992000000000001,7.4982,0.04,0.999,0.998,0.0010000000000000009,39.96,39.96,448.7008
fifwc-fra-eng-2026-07-18,fifwc-fra-eng-2026-07-18-player-props,France vs. England - Player Props,2944626,soccer_player_shots,Aurélien Tchouameni: 2+ shots,Aurélien Tchouameni: 2+ shots,Yes,No,59190807068534156940139467250264945854866637909688298218243937739613855470211,40176728682219500280630312782312451425715454384395997597475371719097141170590,0,7604.5392,0.04,0.23,0.05,0.01,True,0.23,0.04,0.19,11.5,11.5,3.4139999999999997,0.96,0.77,0.18999999999999995,81.93599999999999,538.6719999999999,38.5
fifwc-fra-eng-2026-07-18,fifwc-fra-eng-2026-07-18-player-props,France vs. England - Player Props,2944627,soccer_player_shots,Aurélien Tchouameni: 3+ shots,Aurélien Tchouameni: 3+ shots,Yes,No,74781302519288501509707289087068634810260354702570395811161375581275907417114,59759981019316998020037205148688083418601896535887391226096651049917664187658,5,7802.07743,0.012,0.116,0.05,0.001,True,0.116,0.013,0.10300000000000001,1.74,273.40999999999997,0.39208,0.987,0.884,0.10299999999999998,29.76792,2400.5151,13.26
fifwc-fra-eng-2026-07-18,fifwc-fra-eng-2026-07-18-player-props,France vs. England - Player Props,2944628,soccer_player_shots,Aurélien Tchouameni: 4+ shots,Aurélien Tchouameni: 4+ shots,Yes,No,367952539431560634549749619134338119499376065077398294360972331883429098107,10266974470492508210124360442859697845128831012732567352037359281341249698625,5,11450.14697,0.01,0.04,0.05,0.001,True,0.04,0.01,0.03,30.9156,131.6484,1.5862,0.99,0.96,0.030000000000000027,157.0338,2668.9799,741.9744
fifwc-fra-eng-2026-07-18,fifwc-fra-eng-2026-07-18-player-props,France vs. England - Player Props,2944629,soccer_player_shots,Bradley Barcola: 1+ shots,Bradley Barcola: 1+ shots,Yes,No,73677175493740486762407142184105470932206192081636237756068075254262729009028,347253017706255242523294235683548924877039140118128071384294502777571681930,159.641911,6895.2016,0.52,0.54,0.05,0.01,True,0.54,0.52,0.020000000000000018,107.97840000000001,245.45640000000003,5.2,0.48,0.46,0.019999999999999962,4.8,4.8,91.98160000000001
fifwc-fra-eng-2026-07-18,fifwc-fra-eng-2026-07-18-player-props,France vs. England - Player Props,2944630,soccer_player_shots,Bradley Barcola: 2+ shots,Bradley Barcola: 2+ shots,Yes,No,97077497918945998579446230289462532532152832937908473246799709715206249696646,112995727473478635492993478428628917601581402582832483548685885707438659367575,642.141576,11474.9728,0.19,0.2,0.05,0.01,True,0.2,0.19,0.010000000000000009,0.136,0.136,75.354,0.81,0.8,0.010000000000000009,321.24600000000004,418.44730000000004,0.544
fifwc-fra-eng-2026-07-18,fifwc-fra-eng-2026-07-18-player-props,France vs. England - Player Props,2944631,soccer_player_shots,Bradley Barcola: 3+ shots,Bradley Barcola: 3+ shots,Yes,No,30032960194143265790595771612771856240291187552481322162668794500871761963787,107549740356774235645060889925413490408255003553063133019037698264564059763097,30.509999999999998,7640.3956,0.02,0.22,0.05,0.01,True,0.22,0.02,0.2,6.05,25.120700000000003,0.7604000000000001,0.98,0.78,0.19999999999999996,37.2596,264.9101,21.45
fifwc-fra-eng-2026-07-18,fifwc-fra-eng-2026-07-18-player-props,France vs. England - Player Props,2944632,soccer_player_shots,Bradley Barcola: 4+ shots,Bradley Barcola: 4+ shots,Yes,No,20007877199826740328236936408172285237776555244676941669572184739135399778287,81161689086862146076921878610971242288761405501432950548144619628003958681437,5,8208.69381,0.018,0.078,0.05,0.001,True,0.078,0.012,0.066,23.4,23.4,0.35748,0.988,0.922,0.06599999999999995,14.612519999999998,2389.20504,276.6
fifwc-fra-eng-2026-07-18,fifwc-fra-eng-2026-07-18-player-props,France vs. England - Player Props,2944633,soccer_player_shots,Bradley Barcola: 5+ shots,Bradley Barcola: 5+ shots,Yes,No,60685441085228883435429135439448377697043590847250629416040416571333030091366,82483706904292620268656155129094590554872205406469157563176585383318778787819,0,10265.03682,0.01,0.067,0.05,0.001,True,0.067,0.01,0.057,5.025,171.994,0.1,0.99,0.933,0.05699999999999994,9.9,2022.885,69.97500000000001
fifwc-fra-eng-2026-07-18,fifwc-fra-eng-2026-07-18-player-props,France vs. England - Player Props,2944634,soccer_player_shots_on_target,Adrien Rabiot: 1+ shots on target,Adrien Rabiot: 1+ shots on target,Yes,No,93337159573104414646933864024705564055541108848811221087303771066826547612137,97937306141078657284231199760322982260840345633081573614147081867077750895648,0,12600.5278,0.23,0.25,0.05,0.01,True,0.25,0.23,0.01999999999999999,62.75,347.06440000000003,184.207,0.77,0.75,0.020000000000000018,616.693,1006.615,188.25
fifwc-fra-eng-2026-07-18,fifwc-fra-eng-2026-07-18-player-props,France vs. England - Player Props,2944635,soccer_player_shots_on_target,Adrien Rabiot: 2+ shots on target,Adrien Rabiot: 2+ shots on target,Yes,No,35989095986308605145260025172742687722548039617439614457829601639309153335980,98598203919892432493090430571387266111600799042009873624739543444128349185760,0,2749.6349,0.01,0.18,0.05,0.01,True,0.18,0.01,0.16999999999999998,9.0,96.5,0.1,0.99,0.82,0.17000000000000004,9.9,9.9,41.0
fifwc-fra-eng-2026-07-18,fifwc-fra-eng-2026-07-18-player-props,France vs. England - Player Props,2944636,soccer_player_shots_on_target,Anthony Gordon: 1+ shots on target,Anthony Gordon: 1+ shots on target,Yes,No,112484232828051266237739275831896145223066578728055727490988772590392267092052,83672685431258088685099708147345932399618754218569473524305870184145785607930,0,15.12,0.03,0.93,0.05,0.01,True,0.93,0.03,0.9,66.4299,66.4299,0.48,0.97,0.07,0.8999999999999999,15.52,223.42000000000002,5.000100000000001
fifwc-fra-eng-2026-07-18,fifwc-fra-eng-2026-07-18-player-props,France vs. England - Player Props,2944637,soccer_player_shots_on_target,Anthony Gordon: 2+ shots on target,Anthony Gordon: 2+ shots on target,Yes,No,50280483411622352745991612439505092297628802938302578576764158122691683727577,92802771348703446702911430451944933770482410728134965648212333177579976456728,0,14.6598,0.01,0.69,0.05,0.01,True,0.69,0.01,0.6799999999999999,11.129699999999998,11.129699999999998,2.1,0.99,0.31,0.6799999999999999,207.9,207.9,5.000299999999999
fifwc-fra-eng-2026-07-18,fifwc-fra-eng-2026-07-18-player-props,France vs. England - Player Props,2944638,soccer_player_shots_on_target,Anthony Gordon: 3+ shots on target,Anthony Gordon: 3+ shots on target,Yes,No,44704083562999890649322497342647720010311284479221188271049636194181901521119,72811669804480686274020456905342085491685902152735826169517249666571622970461,0,8560.79719,0.01,0.04,0.05,0.001,True,0.04,0.01,0.03,25.8484,36.189220000000006,0.1,0.99,0.96,0.030000000000000027,9.9,2027.88,620.3616000000001
fifwc-fra-eng-2026-07-18,fifwc-fra-eng-2026-07-18-player-props,France vs. England - Player Props,2944639,soccer_player_shots_on_target,Aurélien Tchouameni: 1+ shots on target,Aurélien Tchouameni: 1+ shots on target,Yes,No,56411387751580230166129436313425694642380459191384361064564640404295704939852,6065770501937808131458389363772738444406818076022058559076825004641018783780,0,14.6593,0.01,0.83,0.05,0.01,True,0.83,0.01,0.82,24.4103,24.4103,2.1,0.99,0.17,0.82,207.9,207.9,4.999700000000001
fifwc-fra-eng-2026-07-18,fifwc-fra-eng-2026-07-18-player-props,France vs. England - Player Props,2944640,soccer_player_shots_on_target,Aurélien Tchouameni: 2+ shots on target,Aurélien Tchouameni: 2+ shots on target,Yes,No,5987906573121267748626699260398662783309145723628185265956691998199761643382,110680634632249399013413064641348261987039421100991632459758586822020432829017,0,24.6545,0.03,0.58,0.05,0.01,True,0.58,0.03,0.5499999999999999,6.902,24.1654,6.0,0.97,0.42,0.55,194.0,203.9,4.998
fifwc-fra-eng-2026-07-18,fifwc-fra-eng-2026-07-18-player-props,France vs. England - Player Props,2944641,soccer_player_shots_on_target,Bradley Barcola: 1+ shots on target,Bradley Barcola: 1+ shots on target,Yes,No,40677949452413762534753870119521476607237286909326875202605685116219008524688,61998685373568184800403902460389667756415807949622844479072607507097859563399,0,4064.7505,0.42,0.44,0.05,0.01,True,0.44,0.42,0.020000000000000018,235.76080000000002,408.9298,222.6378,0.58,0.56,0.019999999999999907,307.4522,601.1188,300.05920000000003
fifwc-fra-eng-2026-07-18,fifwc-fra-eng-2026-07-18-player-props,France vs. England - Player Props,2944642,soccer_player_shots_on_target,Bradley Barcola: 2+ shots on target,Bradley Barcola: 2+ shots on target,Yes,No,112250245063269320900543192976531597820860393303474718576274115361112126359291,33305676457896502085269083472348401565529937198176587295237164766993610562056,0,14.6597,0.01,0.79,0.05,0.01,True,0.79,0.01,0.78,18.8099,18.8099,2.1,0.99,0.21,0.78,207.9,207.9,5.0001
fifwc-fra-eng-2026-07-18,fifwc-fra-eng-2026-07-18-player-props,France vs. England - Player Props,2944643,soccer_player_shots_on_target,Bradley Barcola: 3+ shots on target,Bradley Barcola: 3+ shots on target,Yes,No,77799513151889410408874697239216426774044980883638475882157719952705801263735,2451868786919547496295621962553449715849798860072992296547351901705539155826,0,14.6576,0.01,0.58,0.05,0.01,True,0.58,0.01,0.57,6.902,6.902,2.1,0.99,0.42,0.5700000000000001,207.9,207.9,4.998
fifwc-fra-eng-2026-07-18,fifwc-fra-eng-2026-07-18-player-props,France vs. England - Player Props,2944644,soccer_player_shots_on_target,Bradley Barcola: 4+ shots on target,Bradley Barcola: 4+ shots on target,Yes,No,84894917785643445123175543857911141464232365274768135763114952234685743933474,113417307091479815175377901179779479759678788586357868462325314625255338686923,10.41,8667.01364,0.02,0.049,0.05,0.001,True,0.049,0.02,0.029,0.735,31.2518,4.3566,0.98,0.951,0.029000000000000026,213.4734,632.2551,14.264999999999999
fifwc-fra-eng-2026-07-18,fifwc-fra-eng-2026-07-18-player-props,France vs. England - Player Props,2944645,soccer_player_shots_on_target,Dayot Upamecano: 1+ shots on target,Dayot Upamecano: 1+ shots on target,Yes,No,98139595202937108112619240787614674146305251104050438979323531059681697975008,49510723785811681941886441440276700141739335596823296663007826228876095647614,0,1002.1563,0.01,0.27,0.05,0.01,True,0.27,0.01,0.26,13.5,141.5,0.1,0.99,0.73,0.26,9.9,9.9,36.5
fifwc-fra-eng-2026-07-18,fifwc-fra-eng-2026-07-18-player-props,France vs. England - Player Props,2944646,soccer_player_shots_on_target,Declan Rice: 1+ shots on target,Declan Rice: 1+ shots on target,Yes,No,7525667130828901496244736966568355532897269483231200430706659187966781190984,14233662971401671265883066740807951939123013689352481603515618123059788448608,0,14.6434,0.01,0.89,0.05,0.01,True,0.89,0.01,0.88,40.450500000000005,40.450500000000005,2.1,0.99,0.11,0.88,207.9,207.9,4.9995
fifwc-fra-eng-2026-07-18,fifwc-fra-eng-2026-07-18-player-props,France vs. England - Player Props,2944647,soccer_player_shots_on_target,Declan Rice: 2+ shots on target,Declan Rice: 2+ shots on target,Yes,No,46019490388874746083269768652130419376970491088988255411872010973237314862018,68615902823390025938133658590841872130106894151791670063822493662756723286942,0,14.80055,0.01,0.62,0.05,0.001,True,0.62,0.01,0.61,8.1592,8.1592,0.1,0.99,0.38,0.61,9.9,2077.83,5.0008
fifwc-fra-eng-2026-07-18,fifwc-fra-eng-2026-07-18-player-props,France vs. England - Player Props,2944648,soccer_player_shots_on_target,Désiré Doué: 1+ shots on target,Désiré Doué: 1+ shots on target,Yes,No,71948122644209302412150794315852179657551201457737988998936381883487353144518,90251818642366911710533759816568310229778710682210788595011126567945597217815,0,235.6595,0.06,0.73,0.05,0.01,True,0.73,0.06,0.6699999999999999,36.5,371.5,4.9998,0.94,0.27,0.6699999999999999,78.33019999999999,87.83019999999999,13.5
fifwc-fra-eng-2026-07-18,fifwc-fra-eng-2026-07-18-player-props,France vs. England - Player Props,2944649,soccer_player_shots_on_target,Désiré Doué: 2+ shots on target,Désiré Doué: 2+ shots on target,Yes,No,24160388625031788720687147025143612796354935130056475364162250656663089090006,18762741570611901181300188883688316728229132179426173247427790148313930387749,0,247.6595,0.01,0.4,0.05,0.01,True,0.4,0.01,0.39,160.0,160.0,0.1,0.99,0.6,0.39,9.9,9.9,240.0
fifwc-fra-eng-2026-07-18,fifwc-fra-eng-2026-07-18-player-props,France vs. England - Player Props,2944650,soccer_player_shots_on_target,Désiré Doué: 3+ shots on target,Désiré Doué: 3+ shots on target,Yes,No,55504492604464569079110503338854164187319000364187882218940300890149741633043,95506900033070249566534323037990998347358198429126419678892485732544307604323,0,393.6591,0.01,0.22,0.05,0.01,True,0.22,0.01,0.21,1.4102000000000001,120.4102,0.1,0.99,0.78,0.20999999999999996,9.9,9.9,4.9998000000000005
fifwc-fra-eng-2026-07-18,fifwc-fra-eng-2026-07-18-player-props,France vs. England - Player Props,2944651,soccer_player_shots_on_target,Désiré Doué: 4+ shots on target,Désiré Doué: 4+ shots on target,Yes,No,39224139521205940927830519597463255425314598604323891273761018544200341683748,103436231106854027621495810522365494486745913289659380610976581081326521173121,0,6.1597,0.02,0.97,0.05,0.01,True,0.97,0.02,0.95,16.2184,278.5303,0.5,0.98,0.03,0.95,24.5,232.4,0.5015999999999999
fifwc-fra-eng-2026-07-18,fifwc-fra-eng-2026-07-18-player-props,France vs. England - Player Props,2944652,soccer_player_shots_on_target,Elliot Anderson: 1+ shots on target,Elliot Anderson: 1+ shots on target,Yes,No,74793635977401915527893050308103628941452470445714289804179933268485971702292,23776778580046903477133545251110531272805308840678329708127139268688281291021,0,3738.1782,0.16,0.18,0.05,0.01,True,0.18,0.16,0.01999999999999999,45.18,231.0533,137.95360000000002,0.84,0.82,0.020000000000000018,724.2564,1116.2848999999999,205.82
fifwc-fra-eng-2026-07-18,fifwc-fra-eng-2026-07-18-player-props,France vs. England - Player Props,2944653,soccer_player_shots_on_target,Elliot Anderson: 2+ shots on target,Elliot Anderson: 2+ shots on target,Yes,No,59991902107706823831008748582248743595476308861125764781569541034869298542575,100570080123328149300342013558315283481221257734609014192029234094704431145423,251,4240.2715,0.07,0.09,0.05,0.01,True,0.09,0.07,0.01999999999999999,33.7572,83.2832,25.2847,0.93,0.91,0.020000000000000018,335.9253,581.4626999999999,341.3228
fifwc-fra-eng-2026-07-18,fifwc-fra-eng-2026-07-18-player-props,France vs. England - Player Props,2944654,soccer_player_shots_on_target,Ezri Konsa: 1+ shots on target,Ezri Konsa: 1+ shots on target,Yes,No,88041123353394970897085615086953914841757913230345514314311468272800260671287,40759350391502167017745927276987129839646287644800432960455809115353386214881,0,2253.5996,0.01,0.25,0.05,0.01,True,0.26,0.01,0.25,52.0,218.0,2.1,0.99,0.75,0.24,207.9,207.9,37.5
fifwc-fra-eng-2026-07-18,fifwc-fra-eng-2026-07-18-player-props,France vs. England - Player Props,2944655,soccer_player_shots_on_target,Harry Kane: 1+ shots on target,Harry Kane: 1+ shots on target,Yes,No,80859690297819559617992075277369279069178406363748840761162257014079744393980,112106379010297813514827539791592637268464248068484375820484620758137361072402,0,2035.8217,0.37,0.77,0.05,0.01,True,0.77,0.37,0.4,38.5,391.5,4.9986999999999995,0.63,0.23,0.4,8.5113,8.5113,11.5
fifwc-fra-eng-2026-07-18,fifwc-fra-eng-2026-07-18-player-props,France vs. England - Player Props,2944656,soccer_player_shots_on_target,Harry Kane: 2+ shots on target,Harry Kane: 2+ shots on target,Yes,No,77154179123174493330025912969335971892471630593397197131359564274917261203572,99180700190032235004315358025944828714168901627720891205309955614969339138051,0,1167.2088,0.02,0.43,0.05,0.01,True,0.43,0.02,0.41,21.5,221.5,0.5,0.98,0.57,0.41000000000000003,24.5,232.4,28.499999999999996
fifwc-fra-eng-2026-07-18,fifwc-fra-eng-2026-07-18-player-props,France vs. England - Player Props,2944657,soccer_player_shots_on_target,Harry Kane: 3+ shots on target,Harry Kane: 3+ shots on target,Yes,No,9863893111317927672570222222556879969161786536111059276408009496306571566813,101462494872353682009111583975446627073626530296483048959143722328624771813970,0,4150.407,0.01,0.23,0.05,0.01,True,0.23,0.01,0.22,11.5,121.5,0.1,0.99,0.77,0.21999999999999997,9.9,9.9,38.5
fifwc-fra-eng-2026-07-18,fifwc-fra-eng-2026-07-18-player-props,France vs. England - Player Props,2944658,soccer_player_shots_on_target,Harry Kane: 4+ shots on target,Harry Kane: 4+ shots on target,Yes,No,101216810344289940886909472225782181533698696024901919183560771034593603435786,27599021452863822009611978969454136344422880678374420449176499812584519253553,0,8802.68196,0.01,0.04,0.05,0.001,True,0.04,0.01,0.03,25.8484,45.889540000000004,0.1,0.99,0.96,0.030000000000000027,9.9,2027.88,620.3616000000001
fifwc-fra-eng-2026-07-18,fifwc-fra-eng-2026-07-18-player-props,France vs. England - Player Props,2944659,soccer_player_shots_on_target,Jude Bellingham: 1+ shots on target,Jude Bellingham: 1+ shots on target,Yes,No,73488275409823826499819791949264003612116316585863076461707290191974446918757,7554289456019771942884846280641745775188432112267851465288104735011787239445,0,2828.0533,0.07,0.67,0.05,0.01,True,0.67,0.07,0.6000000000000001,67.0,889.0,5.000100000000001,0.93,0.33,0.6000000000000001,66.4299,75.9299,33.0
fifwc-fra-eng-2026-07-18,fifwc-fra-eng-2026-07-18-player-props,France vs. England - Player Props,2944660,soccer_player_shots_on_target,Jude Bellingham: 2+ shots on target,Jude Bellingham: 2+ shots on target,Yes,No,88733387422716084996652161844038029278866640542041950237233072354750001345994,27477587299414881825989386702964865977811433548973725398777864438590992714111,0,12.6594,0.01,0.82,0.05,0.01,True,0.82,0.01,0.8099999999999999,22.7796,22.7796,0.1,0.99,0.18,0.81,9.9,9.9,5.0004
fifwc-fra-eng-2026-07-18,fifwc-fra-eng-2026-07-18-player-props,France vs. England - Player Props,2944661,soccer_player_shots_on_target,Jude Bellingham: 3+ shots on target,Jude Bellingham: 3+ shots on target,Yes,No,7570819437795548942756788839140625787857461587777473098004510278926282784920,22454076683686203823848330071908328051734418356501943826798966749004674659819,0,12.6583,0.01,0.63,0.05,0.01,True,0.63,0.01,0.62,8.5113,8.5113,0.1,0.99,0.37,0.62,9.9,9.9,4.9986999999999995
fifwc-fra-eng-2026-07-18,fifwc-fra-eng-2026-07-18-player-props,France vs. England - Player Props,2944662,soccer_player_shots_on_target,Jules Koundé: 1+ shots on target,Jules Koundé: 1+ shots on target,Yes,No,5938175810189306107822653567213565983965470872260204846956184644108182260157,74290470596562531997431935474605735096104935884455342312803171428172131178601,10.87,10.79083,0.01,0.78,0.05,0.001,True,0.78,0.01,0.77,17.729400000000002,17.729400000000002,0.1,0.99,0.22,0.77,9.9,2077.83,5.0006
fifwc-fra-eng-2026-07-18,fifwc-fra-eng-2026-07-18-player-props,France vs. England - Player Props,2944663,soccer_player_shots_on_target,Kylian Mbappé: 1+ shots on target,Kylian Mbappé: 1+ shots on target,Yes,No,26607206120245566310181276689830249858981864544038392304116196977728762103973,50983672592226318853255359330688855035858831265363211482434011745609634184389,129.20946199999997,390.3562,0.67,0.7,0.05,0.01,True,0.7,0.67,0.029999999999999916,3.5,3.5,4.998200000000001,0.33,0.3,0.030000000000000027,2.4618,2.4618,1.5
fifwc-fra-eng-2026-07-18,fifwc-fra-eng-2026-07-18-player-props,France vs. England - Player Props,2944664,soccer_player_shots_on_target,Kylian Mbappé: 2+ shots on target,Kylian Mbappé: 2+ shots on target,Yes,No,13070852594991303334749031895570077078121808405639690584151785511467385704620,29609827535257067442996213536195589488671786275832829615449289189147857890004,333.992394,2177.9022,0.43,0.65,0.05,0.01,True,0.65,0.43,0.22000000000000003,24.284,164.70180000000002,9.073,0.57,0.35,0.21999999999999997,12.027,40.11,13.075999999999999
fifwc-fra-eng-2026-07-18,fifwc-fra-eng-2026-07-18-player-props,France vs. England - Player Props,2944665,soccer_player_shots_on_target,Kylian Mbappé: 3+ shots on target,Kylian Mbappé: 3+ shots on target,Yes,No,89990885463726323487056122491829721026349264768083153157204647930995135766244,98795070657153323345912330807844887498797242429150332883427264263470347632653,50,840.2988,0.02,0.4,0.05,0.01,True,0.4,0.02,0.38,22.5,292.4875,0.5,0.98,0.6,0.38,24.5,232.4,33.75
fifwc-fra-eng-2026-07-18,fifwc-fra-eng-2026-07-18-player-props,France vs. England - Player Props,2944666,soccer_player_shots_on_target,Kylian Mbappé: 4+ shots on target,Kylian Mbappé: 4+ shots on target,Yes,No,31680560126187104832173341123141176787314724311587752708648884756812598912443,76401982509049025318476883791948041028443347491781315392700271835924651475732,0,12.6594,0.01,0.74,0.05,0.01,True,0.74,0.01,0.73,14.2302,14.2302,0.1,0.99,0.26,0.73,9.9,9.9,4.9998000000000005
fifwc-fra-eng-2026-07-18,fifwc-fra-eng-2026-07-18-player-props,France vs. England - Player Props,2944667,soccer_player_shots_on_target,Lucas Digne: 1+ shots on target,Lucas Digne: 1+ shots on target,Yes,No,9046332571046360788996902421648585623560389942235530988020514144754443156349,57625806419115976072084761784498683248480818193489071220271275146934387622584,0,12.6596,0.01,0.8,0.05,0.01,True,0.8,0.01,0.79,20.0,20.0,0.1,0.99,0.2,0.79,9.9,9.9,5.0
fifwc-fra-eng-2026-07-18,fifwc-fra-eng-2026-07-18-player-props,France vs. England - Player Props,2944668,soccer_player_shots_on_target,Lucas Digne: 2+ shots on target,Lucas Digne: 2+ shots on target,Yes,No,50978133541777025886419954648016976293499758958980522026252176888124308173729,111615290894251320499984545010032513836415345289363448256801536836518768092427,0,6.1399,0.02,0.96,0.05,0.01,True,0.96,0.02,0.94,11.932799999999999,44.6812,0.5,0.98,0.04,0.94,24.5,232.4,0.4972
fifwc-fra-eng-2026-07-18,fifwc-fra-eng-2026-07-18-player-props,France vs. England - Player Props,2944669,soccer_player_shots_on_target,Manu Koné: 1+ shots on target,Manu Koné: 1+ shots on target,Yes,No,2575564987742966860901955684645681429389403163854791637198980907650652889183,109652846218758225707730508118558916914488653730358642896743872544500516985707,0,64.4524,0.07,0.09,0.05,0.01,True,0.09,0.07,0.01999999999999999,0.54,0.54,25.704700000000003,0.93,0.91,0.020000000000000018,341.5053,587.0427,5.46
fifwc-fra-eng-2026-07-18,fifwc-fra-eng-2026-07-18-player-props,France vs. England - Player Props,2944670,soccer_player_shots_on_target,Manu Koné: 2+ shots on target,Manu Koné: 2+ shots on target,Yes,No,24401385974281883063173496984646759079701386600290132891582130790892037625963,113474345318246430659253304132574434316505348201005943638799280812852268937924,0,12.6591,0.01,0.61,0.05,0.01,True,0.61,0.01,0.6,7.8202,7.8202,0.1,0.99,0.39,0.6,9.9,9.9,4.9998000000000005
fifwc-fra-eng-2026-07-18,fifwc-fra-eng-2026-07-18-player-props,France vs. England - Player Props,2944671,soccer_player_shots_on_target,Marc Guéhi: 1+ shots on target,Marc Guéhi: 1+ shots on target,Yes,No,37751805478903574432755675700811308468598107702305748754818432873545436332175,93421490195241898044625424424538386073833059755338337076942116201352313427769,41.66,3963.4063,0.01,0.23,0.05,0.01,True,0.23,0.01,0.22,3.45,65.45,2.1,0.99,0.77,0.21999999999999997,207.9,207.9,11.55
fifwc-fra-eng-2026-07-18,fifwc-fra-eng-2026-07-18-player-props,France vs. England - Player Props,2944672,soccer_player_shots_on_target,Michael Olise: 1+ shots on target,Michael Olise: 1+ shots on target,Yes,No,92242160119480878968337111671625268859373019584582229391986526837375940450239,75723249773653539872589433954146236441342755584566660678666960110510007142995,0,2902.1949,0.05,0.69,0.05,0.01,True,0.69,0.05,0.6399999999999999,69.0,1128.0,0.5,0.95,0.31,0.6399999999999999,9.5,9.5,31.0
fifwc-fra-eng-2026-07-18,fifwc-fra-eng-2026-07-18-player-props,France vs. England - Player Props,2944673,soccer_player_shots_on_target,Michael Olise: 2+ shots on target,Michael Olise: 2+ shots on target,Yes,No,35033648317220325038126374233185282835604699625719266718515175613472093728962,316922745665953213084045188689508213776082155546034469296542485312775828565,0,909.5889,0.01,0.32,0.05,0.01,True,0.32,0.01,0.31,16.0,166.5,0.1,0.99,0.68,0.30999999999999994,9.9,9.9,34.0
fifwc-fra-eng-2026-07-18,fifwc-fra-eng-2026-07-18-player-props,France vs. England - Player Props,2944674,soccer_player_shots_on_target,Michael Olise: 3+ shots on target,Michael Olise: 3+ shots on target,Yes,No,66898434157795891844917962513332474785167475486742439895991674847011441160948,7964452861109568562943023233609835101907700016723603323255430315462161647350,0,204.4043,0.01,0.23,0.05,0.01,True,0.23,0.01,0.22,13.365300000000001,61.365300000000005,0.1,0.99,0.77,0.21999999999999997,9.9,9.9,44.7447
fifwc-fra-eng-2026-07-18,fifwc-fra-eng-2026-07-18-player-props,France vs. England - Player Props,2944675,soccer_player_shots_on_target,Michael Olise: 4+ shots on target,Michael Olise: 4+ shots on target,Yes,No,115622226388867105130016175193490839899180198945712649299001875809079925796509,89532871693150705903171294630097606590332131259682791929560410673556358894049,0,6.1597,0.02,0.97,0.05,0.01,True,0.97,0.02,0.95,16.2184,278.5303,0.5,0.98,0.03,0.95,24.5,232.4,0.5015999999999999
fifwc-fra-eng-2026-07-18,fifwc-fra-eng-2026-07-18-player-props,France vs. England - Player Props,2944676,soccer_player_shots_on_target,Nico O’Reilly: 1+ shots on target,Nico O’Reilly: 1+ shots on target,Yes,No,71225553068835884739572711078498022359075696683032881186287178650238092401951,99987955093281520858257584693059485181279570587170466492337794910240568718585,0,1486.7465,0.01,0.37,0.05,0.01,True,0.37,0.01,0.36,18.5,191.5,2.1,0.99,0.63,0.36,207.9,207.9,31.5
fifwc-fra-eng-2026-07-18,fifwc-fra-eng-2026-07-18-player-props,France vs. England - Player Props,2944677,soccer_player_shots_on_target,Nico O’Reilly: 2+ shots on target,Nico O’Reilly: 2+ shots on target,Yes,No,101412876269345647838293589785139681793072656402692644743194739775264197259963,83732177747139954396250051013480763646838781827638185190757718343397497727982,0,14.6597,0.01,0.6,0.05,0.01,True,0.6,0.01,0.59,7.5,7.5,2.1,0.99,0.4,0.59,207.9,207.9,5.0
fifwc-fra-eng-2026-07-18,fifwc-fra-eng-2026-07-18-player-props,France vs. England - Player Props,2944678,soccer_player_shots_on_target,Ousmane Dembélé: 1+ shots on target,Ousmane Dembélé: 1+ shots on target,Yes,No,114106488316859520579211197688993016959420210066252116290846192197172978180314,30936873531234418286734610678145704950451790157397779227804563191527876989868,0,1632.2107,0.23,0.85,0.05,0.01,True,0.85,0.23,0.62,1130.5,1130.5,11.9991,0.77,0.15,0.62,40.1709,57.9003,199.5
fifwc-fra-eng-2026-07-18,fifwc-fra-eng-2026-07-18-player-props,France vs. England - Player Props,2944679,soccer_player_shots_on_target,Ousmane Dembélé: 2+ shots on target,Ousmane Dembélé: 2+ shots on target,Yes,No,21761569329928504212595207720631416317308567578225584408643810927134007521744,101394815514839875889261358144767018375269583128646597522581473592257420786906,0,60.1585,0.02,0.45,0.05,0.01,True,0.45,0.02,0.43,36.0,36.0,0.5,0.98,0.55,0.42999999999999994,24.5,232.4,44.0
fifwc-fra-eng-2026-07-18,fifwc-fra-eng-2026-07-18-player-props,France vs. England - Player Props,2944680,soccer_player_shots_on_target,Ousmane Dembélé: 3+ shots on target,Ousmane Dembélé: 3+ shots on target,Yes,No,2360823325900554426762426206934957747297116806757927597219406008686750896470,46205824211568964590377408617549780750655972781757833987425790847595408972038,0,8.6594,0.01,0.67,0.05,0.01,True,0.67,0.01,0.66,10.150500000000001,10.150500000000001,0.1,0.99,0.33,0.6599999999999999,9.9,9.9,4.9995
fifwc-fra-eng-2026-07-18,fifwc-fra-eng-2026-07-18-player-props,France vs. England - Player Props,2944681,soccer_player_shots_on_target,Ousmane Dembélé: 4+ shots on target,Ousmane Dembélé: 4+ shots on target,Yes,No,77632595677506772212813517862989756704413115079232343221804088050723243028181,31772157618992437058907018994494826479439909786203318043064461808951199229682,0,8501.91832,0.02,0.05,0.05,0.001,True,0.05,0.02,0.030000000000000002,30.6995,45.0983,2.8724000000000003,0.98,0.95,0.030000000000000027,140.7476,3378.991,488.2905
fifwc-fra-eng-2026-07-18,fifwc-fra-eng-2026-07-18-player-props,France vs. England - Player Props,2944682,soccer_player_shots_on_target,William Saliba: 1+ shots on target,William Saliba: 1+ shots on target,Yes,No,58077808309665850978332957005022847541285765165432883144212404128374086741712,78292856791836618216041120172880341426796913659603637410755432868907125337696,0,12.6576,0.01,0.58,0.05,0.01,True,0.58,0.01,0.57,6.902,6.902,0.1,0.99,0.42,0.5700000000000001,9.9,9.9,4.998
fifwc-fra-eng-2026-07-18,fifwc-fra-eng-2026-07-18-player-props,France vs. England - Player Props,2945161,soccer_player_shots,Désiré Doué: 1+ shots,Désiré Doué: 1+ shots,Yes,No,4389912137113455993030135258871529694461484710410803069148417700128118333122,11371370739772678288779500611751613055160074516770260584989031385889769417421,337.74841499999997,6829.5315,0.63,0.69,0.05,0.01,True,0.68,0.64,0.040000000000000036,154.10160000000002,395.9364,25.6,0.36,0.32,0.03999999999999998,14.399999999999999,51.392999999999994,72.5184
fifwc-fra-eng-2026-07-18,fifwc-fra-eng-2026-07-18-player-props,France vs. England - Player Props,2945163,soccer_player_shots,Désiré Doué: 2+ shots,Désiré Doué: 2+ shots,Yes,No,69073961030280540437848811214409134385975983219709018409299354378815566599598,91518531259959192328698333711395147156887171260237900278503033882630723753143,1127.215054,19546.0445,0.41,0.45,0.05,0.01,True,0.45,0.41,0.040000000000000036,22.5,25.761400000000002,51.258199999999995,0.59,0.55,0.039999999999999925,73.7618,146.0738,27.500000000000004
fifwc-fra-eng-2026-07-18,fifwc-fra-eng-2026-07-18-player-props,France vs. England - Player Props,2945166,soccer_player_shots,Désiré Doué: 3+ shots,Désiré Doué: 3+ shots,Yes,No,41118409214762754044129015298594406558536092474097345140796559825480968051664,112371228775206691794173172214203122250975187681784156217394202767548979908867,315.59259099999997,10814.4557,0.27,0.28,0.05,0.01,True,0.28,0.27,0.010000000000000009,704.48,704.48,79.8093,0.73,0.72,0.010000000000000009,215.78069999999997,379.2732,1811.52
fifwc-fra-eng-2026-07-18,fifwc-fra-eng-2026-07-18-player-props,France vs. England - Player Props,2945168,soccer_player_shots,Désiré Doué: 4+ shots,Désiré Doué: 4+ shots,Yes,No,102220288236323994182033654704782517966432243688762561853438806518548742080973,72233105203389991574292294285331922649943840043622155661861071695116366870202,296.72,11142.33698,0.014,0.078,0.05,0.001,True,0.078,0.014,0.064,0.60216,30.67963,0.21,0.986,0.922,0.06399999999999995,14.79,386.53888,7.11784
fifwc-fra-eng-2026-07-18,fifwc-fra-eng-2026-07-18-player-props,France vs. England - Player Props,2945170,soccer_player_shots,Désiré Doué: 5+ shots,Désiré Doué: 5+ shots,Yes,No,42096034401407375694050957680891839287654412764188890890046595239174685690490,90782921651786725993157984977713988600299705760422578249525636616225525839037,5,8729.97412,0.01,0.072,0.05,0.001,True,0.072,0.01,0.06199999999999999,1.0799999999999998,39.98,0.1,0.99,0.928,0.061999999999999944,9.9,2022.885,13.92
fifwc-fra-eng-2026-07-18,fifwc-fra-eng-2026-07-18-player-props,France vs. England - Player Props,2945172,soccer_player_shots,Harry Kane: 1+ shots,Harry Kane: 1+ shots,Yes,No,20546603611387439503408681976855818230812014855828902344272846065798150890912,113563788751173065301117884264273396465709419511180673448012795194681100971505,750.7399929999998,3635.1641,0.83,0.86,0.05,0.01,True,0.86,0.83,0.030000000000000027,854.5046,15071.5515,3.4113,0.17,0.14,0.03,0.6987000000000001,94.22039999999998,139.1054
fifwc-fra-eng-2026-07-18,fifwc-fra-eng-2026-07-18-player-props,France vs. England - Player Props,2945175,soccer_player_shots,Harry Kane: 2+ shots,Harry Kane: 2+ shots,Yes,No,69979799896770611331853511413241005831529735180417335336309736823467399843105,86302513488645619160216590045064337472593859458191631710850950308004152128211,1368.0409479999998,15121.9567,0.65,0.66,0.05,0.01,True,0.66,0.65,0.010000000000000009,7.623000000000001,7.623000000000001,372.7035,0.35,0.34,0.009999999999999953,200.6865,241.3865,3.9270000000000005
fifwc-fra-eng-2026-07-18,fifwc-fra-eng-2026-07-18-player-props,France vs. England - Player Props,2945177,soccer_player_shots,Harry Kane: 3+ shots,Harry Kane: 3+ shots,Yes,No,112244103881936223000945894450644824730444542375644509484628130110387633435286,115660562265434170178052645322142790030969134346727971947672580640271409266077,1577.626678,23057.0407,0.43,0.45,0.05,0.01,True,0.45,0.43,0.020000000000000018,332.847,797.2906,147.4599,0.57,0.55,0.019999999999999907,195.47009999999997,368.08389999999997,406.813
fifwc-fra-eng-2026-07-18,fifwc-fra-eng-2026-07-18-player-props,France vs. England - Player Props,2945178,soccer_player_shots,Harry Kane: 4+ shots,Harry Kane: 4+ shots,Yes,No,80471663254356884376152529530656790146261295795732185523059411601269510564670,105627511557654588274155489860853865318673390886666377383842227510603922068015,605.100805,14572.4031,0.28,0.3,0.05,0.01,True,0.3,0.28,0.019999999999999962,102.012,522.8042,87.8528,0.72,0.7,0.020000000000000018,225.9072,566.5252,238.028
fifwc-fra-eng-2026-07-18,fifwc-fra-eng-2026-07-18-player-props,France vs. England - Player Props,2945179,soccer_player_shots,Harry Kane: 5+ shots,Harry Kane: 5+ shots,Yes,No,102069206007484707895685294893896430337211927136783562974637767249373464223972,81126823497646545318970395689818805912606449544526154914215866504951964868335,85.01317,10446.58424,0.021,0.089,0.05,0.001,True,0.089,0.021,0.06799999999999999,26.7,38.922,0.5964,0.979,0.911,0.06799999999999995,27.8036,2198.4885999999997,273.3
fifwc-fra-eng-2026-07-18,fifwc-fra-eng-2026-07-18-player-props,France vs. England - Player Props,2945180,soccer_player_shots,Michael Olise: 1+ shots,Michael Olise: 1+ shots,Yes,No,114190232498305655502818858857479949798125085721298035055100210666182483049017,88713132047673303744986395502183967287168644236788202605035694849248863920813,248.458204,6440.7698,0.64,0.66,0.05,0.01,True,0.67,0.64,0.030000000000000027,193.0538,312.2663,25.6,0.36,0.33,0.02999999999999997,14.399999999999999,175.3125,95.0862
fifwc-fra-eng-2026-07-18,fifwc-fra-eng-2026-07-18-player-props,France vs. England - Player Props,2945181,soccer_player_shots,Michael Olise: 2+ shots,Michael Olise: 2+ shots,Yes,No,85339134747320673759405821791451133010894616625982132079981575742024430307206,20551445614414293482231194194170296735356146081241854656001539376280621510241,347.360789,11725.3842,0.54,0.56,0.05,0.01,True,0.56,0.54,0.020000000000000018,2946.7480000000005,4385.4565,103.15080000000002,0.46,0.44,0.020000000000000018,87.8692,190.9214,2315.302
fifwc-fra-eng-2026-07-18,fifwc-fra-eng-2026-07-18-player-props,France vs. England - Player Props,2945182,soccer_player_shots,Michael Olise: 3+ shots,Michael Olise: 3+ shots,Yes,No,108159638945809348610742615911042831570229598642489022471028260232550330876088,86321602766435583436423755656807900351977177318316396943134066479153412730532,9.453778,7683.1947,0.04,0.31,0.05,0.01,True,0.31,0.04,0.27,4.7461,52.293800000000005,0.9995999999999999,0.96,0.69,0.27,23.990399999999998,205.94629999999998,10.5639
fifwc-fra-eng-2026-07-18,fifwc-fra-eng-2026-07-18-player-props,France vs. England - Player Props,2945183,soccer_player_shots,Michael Olise: 4+ shots,Michael Olise: 4+ shots,Yes,No,44186966320552252586358873127319519871033535769973255027968084449925635145035,23166665463896554261197502599819793393341888188027753570224556969754599874705,5,7952.6523,0.02,0.18,0.05,0.01,True,0.18,0.02,0.16,5.094,32.542,0.8545999999999999,0.98,0.82,0.16000000000000003,41.8754,260.2001,23.206
fifwc-fra-eng-2026-07-18,fifwc-fra-eng-2026-07-18-player-props,France vs. England - Player Props,2945184,soccer_player_shots,Michael Olise: 5+ shots,Michael Olise: 5+ shots,Yes,No,48310519535873625920262594642897881352922171385774456101356550710683440469068,110084534194027473866329837607224444316137607154372828528902472696401964832435,5,8548.33379,0.01,0.077,0.05,0.001,True,0.077,0.01,0.067,5.775,29.174999999999997,0.1,0.99,0.923,0.06699999999999995,9.9,2022.885,69.22500000000001
fifwc-fra-eng-2026-07-18,fifwc-fra-eng-2026-07-18-player-props,France vs. England - Player Props,2945185,soccer_player_shots,Ousmane Dembélé: 1+ shots,Ousmane Dembélé: 1+ shots,Yes,No,64078035900919346882725095855433071429265648852621609155939055479700722837523,18131871856615987237589612580037703905620936784305652960002562602390780342616,1189.3800630000003,13178.0157,0.7,0.71,0.05,0.01,True,0.71,0.7,0.010000000000000009,28.3787,424.7187,452.529,0.3,0.29,0.010000000000000009,193.941,193.941,11.591299999999999
fifwc-fra-eng-2026-07-18,fifwc-fra-eng-2026-07-18-player-props,France vs. England - Player Props,2945186,soccer_player_shots,Ousmane Dembélé: 2+ shots,Ousmane Dembélé: 2+ shots,Yes,No,32324620302737272124846735001850066034560997908538200037393506088530117490607,107797271056349593628079320117592042050732375108794850138317156549770282920794,962.064746,48276.3143,0.63,0.66,0.05,0.01,True,0.66,0.63,0.030000000000000027,249.83640000000003,375.783,184.0671,0.37,0.34,0.02999999999999997,108.1029,135.40290000000002,128.70360000000002
fifwc-fra-eng-2026-07-18,fifwc-fra-eng-2026-07-18-player-props,France vs. England - Player Props,2945187,soccer_player_shots,Ousmane Dembélé: 3+ shots,Ousmane Dembélé: 3+ shots,Yes,No,12150910564810134501695357894521965367005424203811932277811707508369380553514,109892760033995320587452521752730095323359931582828822542437655560798769989628,827.650201,11342.4636,0.4,0.47,0.05,0.01,True,0.47,0.4,0.06999999999999995,4.699999999999999,68.6936,150.056,0.6,0.53,0.06999999999999995,225.08399999999997,225.08399999999997,5.300000000000001
fifwc-fra-eng-2026-07-18,fifwc-fra-eng-2026-07-18-player-props,France vs. England - Player Props,2945189,soccer_player_shots,Ousmane Dembélé: 4+ shots,Ousmane Dembélé: 4+ shots,Yes,No,91599581374598948903040654899642144582843661739552244016960478027087400793669,6826046447820423113986946443917189300585613327769672831975008217299403402226,653.056,10260.8033,0.08,0.16,0.05,0.01,True,0.16,0.08,0.08,8.0,9.3158,2.4,0.92,0.84,0.08000000000000007,27.6,146.175,42.0
fifwc-fra-eng-2026-07-18,fifwc-fra-eng-2026-07-18-player-props,France vs. England - Player Props,2945191,soccer_player_shots,Ousmane Dembélé: 5+ shots,Ousmane Dembélé: 5+ shots,Yes,No,79413082763309578684226715983631276075309136471312152278378526537240306066382,99259104436861163825817237685818789944656157776093037345854863924083876644423,65.875,11994.42133,0.012,0.038,0.05,0.001,True,0.038,0.012,0.026,18.45774,30.086940000000002,16.38,0.988,0.962,0.026000000000000023,1348.62,103608.005,467.27226
fifwc-fra-eng-2026-07-18,fifwc-fra-eng-2026-07-18-player-props,France vs. England - Player Props,2945193,soccer_player_assists,Adrien Rabiot: 1+ assists,Adrien Rabiot: 1+ assists,Yes,No,2338561799627105572540839308211537419469238223841748024058411720590592943787,66395790788938301132834874991889352098043700114427612948773012690965357699388,664.43479,17344.22698,0.05,0.098,0.05,0.001,True,0.099,0.05,0.049,0.6435000000000001,1.9435000000000002,11.425,0.95,0.901,0.04899999999999993,217.075,217.075,5.8565000000000005
fifwc-fra-eng-2026-07-18,fifwc-fra-eng-2026-07-18-player-props,France vs. England - Player Props,2945195,soccer_player_assists,Adrien Rabiot: 2+ assists,Adrien Rabiot: 2+ assists,Yes,No,46006292015886621894611570312078085989261533828742971946311615908005670034026,42896515444173838375577178599995525764687224531291845418759003772478138310389,35.1,20023.95681,0.002,0.019,0.05,0.001,True,0.019,0.002,0.017,8.09647,279.34020000000004,1.43278,0.998,0.981,0.017000000000000015,714.95722,2727.94222,418.03353
fifwc-fra-eng-2026-07-18,fifwc-fra-eng-2026-07-18-player-props,France vs. England - Player Props,2945198,soccer_player_assists,Anthony Gordon: 1+ assists,Anthony Gordon: 1+ assists,Yes,No,29196779369028919885501735237467476892682323440200655517254539978671598001234,60272212261516277418858896279887308484006146751994214338061238625362716110259,4664.055967,27427.6919,0.1,0.11,0.05,0.01,True,0.11,0.1,0.009999999999999995,5.8938,5.8938,89.488,0.9,0.89,0.010000000000000009,805.392,2298.4501,47.6862
fifwc-fra-eng-2026-07-18,fifwc-fra-eng-2026-07-18-player-props,France vs. England - Player Props,2945200,soccer_player_assists,Anthony Gordon: 2+ assists,Anthony Gordon: 2+ assists,Yes,No,76253657333826338924166529607457529420786399761530370202476367863958807245779,72090458900262439592464621038779719871128056207604980400383900184546906275244,0,22303.07488,0.02,0.05,0.05,0.001,True,0.05,0.02,0.030000000000000002,47.214,644.2403999999999,4.3566,0.98,0.95,0.030000000000000027,213.4734,682.2051,897.0659999999999
fifwc-fra-eng-2026-07-18,fifwc-fra-eng-2026-07-18-player-props,France vs. England - Player Props,2945203,soccer_player_assists,Aurélien Tchouameni: 1+ assists,Aurélien Tchouameni: 1+ assists,Yes,No,20657884954397510841671963080085623109190991661364120621640783934119376870383,56063384133538997145879544229321194334087907941698086951894703589534257880443,7.142856,10835.45841,0.01,0.085,0.05,0.001,True,0.083,0.01,0.07300000000000001,1.245,38.015,0.25,0.99,0.917,0.07299999999999995,24.75,11977.23,13.755
fifwc-fra-eng-2026-07-18,fifwc-fra-eng-2026-07-18-player-props,France vs. England - Player Props,2945205,soccer_player_assists,Aurélien Tchouameni: 2+ assists,Aurélien Tchouameni: 2+ assists,Yes,No,65731829926091663088197059595582311884701119387545246823014995957489443128951,110068476327732210118140985017621858709465880291754530319633417822524128301507,25,19433.25656,0.01,0.03,0.05,0.001,True,0.03,0.01,0.019999999999999997,227.8344,268.9736,0.1,0.99,0.97,0.020000000000000018,9.9,79.83000000000001,7366.645599999999
fifwc-fra-eng-2026-07-18,fifwc-fra-eng-2026-07-18-player-props,France vs. England - Player Props,2945208,soccer_player_assists,Bradley Barcola: 1+ assists,Bradley Barcola: 1+ assists,Yes,No,55098403328016060932264842947374410639570797514631710406809854666779622334761,59377542265682964702463691081308486830754128549735328145783083157844264398565,4,11608.69928,0.01,0.137,0.05,0.001,True,0.136,0.01,0.126,1.36,4.1000000000000005,0.1,0.99,0.864,0.126,9.9,3575.83,8.64
fifwc-fra-eng-2026-07-18,fifwc-fra-eng-2026-07-18-player-props,France vs. England - Player Props,2945210,soccer_player_assists,Bradley Barcola: 2+ assists,Bradley Barcola: 2+ assists,Yes,No,84288897586352649459650190286434743070139353780081387262574569686446905535963,32099920640264672631846654294512604690355116815253799621954163027154181768219,25,19582.40637,0.01,0.028,0.05,0.001,True,0.029,0.01,0.019000000000000003,6.54269,26.0716,0.1,0.99,0.971,0.019000000000000017,9.9,2022.885,219.06731000000002
fifwc-fra-eng-2026-07-18,fifwc-fra-eng-2026-07-18-player-props,France vs. England - Player Props,2945212,soccer_player_assists,Bukayo Saka: 1+ assists,Bukayo Saka: 1+ assists,Yes,No,112421465112555177566422382831594803532185512613795513767774397811547237486956,42368235474115809011628048850928050454632100620773374970055430144997871205571,299.398987,10639.4638,0.02,0.1,0.05,0.01,True,0.1,0.02,0.08,2.75,8.25,1.0,0.98,0.9,0.07999999999999996,49.0,255.8902,24.75
fifwc-fra-eng-2026-07-18,fifwc-fra-eng-2026-07-18-player-props,France vs. England - Player Props,2945215,soccer_player_assists,Bukayo Saka: 2+ assists,Bukayo Saka: 2+ assists,Yes,No,85607657817527281090416092381875879269978225651676206893151230554032949962112,89613267433909704909068288573734556567920158949335767186616363280723724506727,0,19536.23484,0.01,0.057,0.05,0.001,True,0.057,0.01,0.047,0.7125,576.2904,2.0465,0.99,0.943,0.04700000000000004,202.6035,222.5835,11.7875
fifwc-fra-eng-2026-07-18,fifwc-fra-eng-2026-07-18-player-props,France vs. England - Player Props,2945216,soccer_player_assists,Declan Rice: 1+ assists,Declan Rice: 1+ assists,Yes,No,43613129225627675939770913346936653055223617629160886470988405650364575381622,51003553778067171617157651961334677816886327195206612722862879657825815030284,798.177817,24962.1625,0.04,0.07,0.05,0.01,True,0.07,0.04,0.030000000000000006,11.3407,31.7815,15.2852,0.96,0.93,0.029999999999999916,366.84479999999996,882.3371999999999,150.6693
fifwc-fra-eng-2026-07-18,fifwc-fra-eng-2026-07-18-player-props,France vs. England - Player Props,2945217,soccer_player_assists,Declan Rice: 2+ assists,Declan Rice: 2+ assists,Yes,No,12358453339083958864884105946216172309350434884673088057398345956759022606440,63430206638919441419168150682221936232629812614679552911804407153428126297577,35.1,28946.09351,0.002,0.028,0.05,0.001,True,0.028,0.002,0.026000000000000002,10.221400000000001,352.88322,1.43278,0.998,0.972,0.026000000000000023,714.95722,2727.94222,354.8286
fifwc-fra-eng-2026-07-18,fifwc-fra-eng-2026-07-18-player-props,France vs. England - Player Props,2945218,soccer_player_assists,Désiré Doué: 1+ assists,Désiré Doué: 1+ assists,Yes,No,23654533719836152159777223492098065159143945796126362482214111252155829761675,12945689902648379209906158528483848771150946403165555216451152205950991113761,64.549016,14462.8782,0.05,0.08,0.05,0.01,True,0.08,0.05,0.03,1.44,1.44,32.523,0.95,0.92,0.029999999999999916,617.937,6036.2346,16.560000000000002
fifwc-fra-eng-2026-07-18,fifwc-fra-eng-2026-07-18-player-props,France vs. England - Player Props,2945219,soccer_player_assists,Désiré Doué: 2+ assists,Désiré Doué: 2+ assists,Yes,No,20295573433697695341165304905438743811214281725469234316971592745345574332175,32163679708438632674748258914032821070872103238468941536011759946915740179863,0,20244.55276,0.01,0.037,0.05,0.001,True,0.037,0.01,0.026999999999999996,52.793079999999996,87.67584,0.1,0.99,0.963,0.027000000000000024,9.9,2022.885,1374.0469199999998
fifwc-fra-eng-2026-07-18,fifwc-fra-eng-2026-07-18-player-props,France vs. England - Player Props,2945220,soccer_player_assists,Eberechi Eze: 1+ assists,Eberechi Eze: 1+ assists,Yes,No,7106850480563650771582796900780090224635011056494280528584381042087643892115,30852580703892809237718766250057422472541670230499619536371867186711756094346,276.666665,14121.19891,0.027,0.038,0.05,0.001,True,0.038,0.027,0.011,53.725159999999995,86.29035999999999,5.47587,0.973,0.962,0.01100000000000001,197.33413,207.23413,1360.09484
fifwc-fra-eng-2026-07-18,fifwc-fra-eng-2026-07-18-player-props,France vs. England - Player Props,2945221,soccer_player_assists,Eberechi Eze: 2+ assists,Eberechi Eze: 2+ assists,Yes,No,54838273512353346490765278194769072228058298669241621641346849620691922458835,40216062195380692521398036573633387726715678972900260815207863324020107218224,34.0909,30311.84704,0.01,0.04,0.05,0.001,True,0.04,0.01,0.03,44.681599999999996,775.6406000000001,0.009000000000000001,0.99,0.96,0.030000000000000027,0.891,70.82100000000001,1072.3583999999998
fifwc-fra-eng-2026-07-18,fifwc-fra-eng-2026-07-18-player-props,France vs. England - Player Props,2945222,soccer_player_assists,Elliot Anderson: 1+ assists,Elliot Anderson: 1+ assists,Yes,No,10891267310327429143495304497589243861409423894815376352469945639709425992648,113613551085548928657742508346117443824418536292768738016961581110997152035186,257.999997,16711.3901,0.03,0.06,0.05,0.01,True,0.06,0.03,0.03,117.18299999999999,147.675,8.3622,0.97,0.94,0.030000000000000027,270.3778,775.2778,1835.867
fifwc-fra-eng-2026-07-18,fifwc-fra-eng-2026-07-18-player-props,France vs. England - Player Props,2945223,soccer_player_assists,Elliot Anderson: 2+ assists,Elliot Anderson: 2+ assists,Yes,No,89084857910998424034084237627438488744922679778354642918345561081273755875312,96393125289018473581986283443888824943400620956250685263900447298911719115261,25,21448.3011,0.01,0.03,0.05,0.001,True,0.03,0.01,0.019999999999999997,228.69959999999998,320.9924,0.1,0.99,0.97,0.020000000000000018,9.9,79.83000000000001,7394.6204
fifwc-fra-eng-2026-07-18,fifwc-fra-eng-2026-07-18-player-props,France vs. England - Player Props,2945224,soccer_player_assists,Harry Kane: 1+ assists,Harry Kane: 1+ assists,Yes,No,45533897283581268504107400957279531237633047524131822815994425883316285743707,100192017519786112871912007497719578197354417180546678605376988449168314884068,760.0420700000001,31372.33,0.12,0.14,0.05,0.01,True,0.14,0.12,0.020000000000000018,277.6942,1999.4582,194.5116,0.88,0.86,0.020000000000000018,1426.4184,2416.1785,1705.8358
fifwc-fra-eng-2026-07-18,fifwc-fra-eng-2026-07-18-player-props,France vs. England - Player Props,2945225,soccer_player_assists,Harry Kane: 2+ assists,Harry Kane: 2+ assists,Yes,No,9784617747408565818123526375144844526933904662895134012466392412361942759629,60613453646680313997973950208542374095175957670106741466759191116849800848945,0,28223.72275,0.011,0.04,0.05,0.001,True,0.04,0.011,0.029,234.92200000000003,328.99010000000004,2.4068,0.989,0.96,0.029000000000000026,216.3932,3033.02711,5638.128
fifwc-fra-eng-2026-07-18,fifwc-fra-eng-2026-07-18-player-props,France vs. England - Player Props,2945226,soccer_player_assists,Jude Bellingham: 1+ assists,Jude Bellingham: 1+ assists,Yes,No,69079526590160164823834190545660084165604158427118108492840486321280151802325,56981229813407196142179226145919285553366027416907614676572411928650296184141,4246.435191,42232.2009,0.09,0.1,0.05,0.01,True,0.1,0.09,0.010000000000000009,69.191,173.3959,75.44789999999999,0.91,0.9,0.010000000000000009,762.8620999999999,1502.2372,622.7189999999999
fifwc-fra-eng-2026-07-18,fifwc-fra-eng-2026-07-18-player-props,France vs. England - Player Props,2945227,soccer_player_assists,Jude Bellingham: 2+ assists,Jude Bellingham: 2+ assists,Yes,No,53770561253014003925426453320867325149822742148190005186819570391728027057976,115262415339410183486098843162638764668044879029406390243244186113840425671992,419.836265,30347.69303,0.003,0.013,0.05,0.001,True,0.013,0.003,0.009999999999999998,1.7063799999999998,27.34713,1.5766799999999999,0.997,0.987,0.010000000000000009,523.9833199999999,3062.00276,129.55362
fifwc-fra-eng-2026-07-18,fifwc-fra-eng-2026-07-18-player-props,France vs. England - Player Props,2945228,soccer_player_assists,Kylian Mbappé: 1+ assists,Kylian Mbappé: 1+ assists,Yes,No,93601508024291157929573233113700783741906312039708156153906083893484949849940,2244681215397013571652490937463235523133628467122181099935532165133107666153,2705.479555999998,34403.1347,0.22,0.23,0.05,0.01,True,0.23,0.22,0.010000000000000009,306.843,1704.9861,1647.6944,0.78,0.77,0.010000000000000009,5841.8256,8888.5177,1027.257
fifwc-fra-eng-2026-07-18,fifwc-fra-eng-2026-07-18-player-props,France vs. England - Player Props,2945229,soccer_player_assists,Kylian Mbappé: 2+ assists,Kylian Mbappé: 2+ assists,Yes,No,38455199897323749652722487255631187057023999694444503068878930679862090922251,103215169687403103803386400724176220379338674411750939415817271563748101968132,97.957095,30671.23869,0.023,0.034,0.05,0.001,True,0.034,0.023,0.011000000000000003,59.32728000000001,178.5244,16.89672,0.977,0.966,0.01100000000000001,717.74328,32001.853,1685.59272
fifwc-fra-eng-2026-07-18,fifwc-fra-eng-2026-07-18-player-props,France vs. England - Player Props,2945230,soccer_player_assists,Manu Koné: 1+ assists,Manu Koné: 1+ assists,Yes,No,32235327529440259063117272056129087211589628725006950497868150932840768409833,26431205482760499779407765536631778139684545447329081011656280394630976157851,184.913332,16033.93908,0.011,0.078,0.05,0.001,True,0.078,0.011,0.067,7.8,107.2584,0.1595,0.989,0.922,0.06699999999999995,14.3405,3540.2205,92.2
fifwc-fra-eng-2026-07-18,fifwc-fra-eng-2026-07-18-player-props,France vs. England - Player Props,2945231,soccer_player_assists,Manu Koné: 2+ assists,Manu Koné: 2+ assists,Yes,No,84385886062843624379851065661805230114872245981570293761300776863926999930157,13959508089959763224968115196485574967961699039493652773547560647477018645425,1960.652366,29438.62723,0.01,0.029,0.05,0.001,True,0.029,0.01,0.019000000000000003,0.435,225.7915,2.1,0.99,0.971,0.019000000000000017,207.9,227.88,14.565
fifwc-fra-eng-2026-07-18,fifwc-fra-eng-2026-07-18-player-props,France vs. England - Player Props,2945232,soccer_player_assists,Marcus Rashford: 1+ assists,Marcus Rashford: 1+ assists,Yes,No,108050346582401523382280800373448575640730992214806275784655077421492990968665,72512762849321911530178483409681703939480522975787283031227135381078704996858,275.642854,22253.4507,0.02,0.07,0.05,0.01,True,0.07,0.02,0.05,555.9736,630.2520000000001,7.409800000000001,0.98,0.93,0.04999999999999993,363.0802,856.5853,7386.5064
fifwc-fra-eng-2026-07-18,fifwc-fra-eng-2026-07-18-player-props,France vs. England - Player Props,2945233,soccer_player_assists,Marcus Rashford: 2+ assists,Marcus Rashford: 2+ assists,Yes,No,18400232153272428529397796536546697010766038822676805723604444978197966393476,106917686950974138580400926985899483489670766600861193826438453824868736378234,25,12726.40712,0.01,0.02,0.05,0.001,True,0.02,0.01,0.01,37.2918,51.096320000000006,0.1,0.99,0.98,0.010000000000000009,9.9,2022.885,1827.2982
fifwc-fra-eng-2026-07-18,fifwc-fra-eng-2026-07-18-player-props,France vs. England - Player Props,2945234,soccer_player_assists,Michael Olise: 1+ assists,Michael Olise: 1+ assists,Yes,No,4895441595985323564551681046525326155984776061575905254253930408009357658538,34085042122916103707977390860421085099641557880854054434506796835769469888399,1813.3665890000023,44867.0263,0.26,0.27,0.05,0.01,True,0.27,0.26,0.010000000000000009,296.7516,1256.7347,165.4354,0.74,0.73,0.010000000000000009,470.85459999999995,2989.2174999999997,802.3283999999999
fifwc-fra-eng-2026-07-18,fifwc-fra-eng-2026-07-18-player-props,France vs. England - Player Props,2945235,soccer_player_assists,Michael Olise: 2+ assists,Michael Olise: 2+ assists,Yes,No,46205773031082226508631709621871293980035368505369656918512844824545030699340,112012560136595781598972971132477156632649558759732631270267470380332502793590,744.234126,24522.3416,0.047,0.053,0.05,0.001,True,0.053,0.047,0.005999999999999998,22.61722,115.74398000000001,5.97135,0.953,0.947,0.006000000000000005,121.07865,216.97865,404.12278
fifwc-fra-eng-2026-07-18,fifwc-fra-eng-2026-07-18-player-props,France vs. England - Player Props,2945236,soccer_player_assists,Morgan Rogers: 1+ assists,Morgan Rogers: 1+ assists,Yes,No,5567955452169136974878339012944827061172171410916324024264937729726589402449,17545581767841953246247949109055651347039082030227421900266806029714893599852,6.25,9410.49098,0.01,0.128,0.05,0.001,True,0.128,0.01,0.11800000000000001,0.9216000000000001,5.952800000000001,0.1,0.99,0.872,0.118,9.9,3575.83,6.2784
fifwc-fra-eng-2026-07-18,fifwc-fra-eng-2026-07-18-player-props,France vs. England - Player Props,2945237,soccer_player_assists,Morgan Rogers: 2+ assists,Morgan Rogers: 2+ assists,Yes,No,109485957879979358338245549934143938457215028475930617719131204281622268838023,53543553519964104403915887100753440247115889764218509217785270953345847485590,25,22685.59128,0.01,0.049,0.05,0.001,True,0.049,0.01,0.039,4.9,440.33279999999996,0.1,0.99,0.951,0.039000000000000035,9.9,79.83000000000001,95.1
fifwc-fra-eng-2026-07-18,fifwc-fra-eng-2026-07-18-player-props,France vs. England - Player Props,2945238,soccer_player_assists,Noni Madueke: 1+ assists,Noni Madueke: 1+ assists,Yes,No,104011483457485488837456305447178747990256334258750501991048383602625379560436,97581773649235860313979949108869752603061286759012848278723413841247349152299,5.263156,9410.6505,0.01,0.14,0.05,0.01,True,0.13,0.01,0.12000000000000001,1.625,13.455,0.6,0.99,0.87,0.12,59.4,59.4,10.875
fifwc-fra-eng-2026-07-18,fifwc-fra-eng-2026-07-18-player-props,France vs. England - Player Props,2945239,soccer_player_assists,Noni Madueke: 2+ assists,Noni Madueke: 2+ assists,Yes,No,52339900279937238934350680546629955524407182120699155463899974615560048053131,73540360158234047994810247602182090219787928459526059905946854067262898996917,25,19323.98466,0.01,0.049,0.05,0.001,True,0.049,0.01,0.039,4.9,440.33279999999996,0.1,0.99,0.951,0.039000000000000035,9.9,79.83000000000001,95.1
fifwc-fra-eng-2026-07-18,fifwc-fra-eng-2026-07-18-player-props,France vs. England - Player Props,2945240,soccer_player_assists,Ousmane Dembélé: 1+ assists,Ousmane Dembélé: 1+ assists,Yes,No,91784589905213608526528527969815854355472777763799792071713719118164811226626,56225941246279288140967501832932404906608437518518997526505073014444649751239,844.1875299999999,18740.0661,0.17,0.18,0.05,0.01,True,0.18,0.17,0.009999999999999981,73.359,76.34009999999999,175.8412,0.83,0.82,0.010000000000000009,858.5187999999998,858.5187999999998,334.191
fifwc-fra-eng-2026-07-18,fifwc-fra-eng-2026-07-18-player-props,France vs. England - Player Props,2945241,soccer_player_assists,Ousmane Dembélé: 2+ assists,Ousmane Dembélé: 2+ assists,Yes,No,13310498167042636630238268214150502149440763120075984206640534780139980303173,72248498514915604162626694167637735585014696097011160770344952713392611048277,87.207842,25571.08595,0.033,0.045,0.05,0.001,True,0.045,0.033,0.011999999999999997,78.5214,133.0382,4.011480000000001,0.967,0.955,0.01200000000000001,117.54852,351.23256,1666.3986
fifwc-fra-eng-2026-07-18,fifwc-fra-eng-2026-07-18-player-props,France vs. England - Player Props,2945242,soccer_player_assists,Rayan Cherki: 1+ assists,Rayan Cherki: 1+ assists,Yes,No,10002609740444718938756595608475069183492767742696375112805638211333513558882,92238851005203350148463706373391276763009645142191824441777553800299747222167,1351.887426,25950.6627,0.2,0.23,0.05,0.01,True,0.23,0.2,0.03,173.61780000000002,396.3546,61.916,0.8,0.77,0.030000000000000027,247.664,251.714,581.2422
fifwc-fra-eng-2026-07-18,fifwc-fra-eng-2026-07-18-player-props,France vs. England - Player Props,2945243,soccer_player_assists,Rayan Cherki: 2+ assists,Rayan Cherki: 2+ assists,Yes,No,31906904960718405882486104723690705892324619239709985812836148329575956432482,95765407501056318502909861560077186592992710346506918964775939055877966681900,0,14980.1306,0.01,0.09,0.05,0.01,True,0.09,0.01,0.08,9.0,675.8000000000001,0.6,0.99,0.9,0.08999999999999997,59.4,59.4,5011.2
fifwc-fra-eng-2026-07-18,fifwc-fra-eng-2026-07-18-player-props,France vs. England - Player Props,2945244,soccer_player_assists,Théo Hernández: 1+ assists,Théo Hernández: 1+ assists,Yes,No,51873036389156255808787588895861783620853633903995862387827460153079229191445,50921804520189311698110389216980367439376392983993432811302864427322443638549,0,9570.8198,0.02,0.11,0.05,0.01,True,0.11,0.02,0.09,5.5,5.5,1.0,0.98,0.89,0.08999999999999997,49.0,256.9,44.5
fifwc-fra-eng-2026-07-18,fifwc-fra-eng-2026-07-18-player-props,France vs. England - Player Props,2945245,soccer_player_assists,Théo Hernández: 2+ assists,Théo Hernández: 2+ assists,Yes,No,44350655782165843137975792131650833671082762455922968807462811885336099022392,47390592944100665594405107646234901901406942057041602307308137344407961007425,25,19934.45295,0.01,0.049,0.05,0.001,True,0.049,0.01,0.039,4.9,440.33279999999996,0.1,0.99,0.951,0.039000000000000035,9.9,79.83000000000001,95.1
fifwc-fra-eng-2026-07-18,fifwc-fra-eng-2026-07-18-player-props,France vs. England - Player Props,2945246,soccer_player_goals_plus_assists,Adrien Rabiot: 1+ goals + assists,Adrien Rabiot: 1+ goals + assists,Yes,No,39662062545274269289476752041395327016058372175024886637769167531291669073305,108746870390948937103350605802336013827079720714231730934314156965278740194976,0,8955.4559,0.02,0.35,0.05,0.01,True,0.34,0.02,0.32,17.0,320.5,0.5,0.98,0.66,0.31999999999999995,24.5,232.4,33.0
fifwc-fra-eng-2026-07-18,fifwc-fra-eng-2026-07-18-player-props,France vs. England - Player Props,2945247,soccer_player_goals_plus_assists,Adrien Rabiot: 2+ goals + assists,Adrien Rabiot: 2+ goals + assists,Yes,No,55904026499865307070751311968727607971941625148580213128376482524293235255839,50897662695824795534174771231658992556448655410688465343260057987441523146268,0,6.1597,0.02,0.97,0.05,0.01,True,0.97,0.02,0.95,16.2184,278.5303,0.5,0.98,0.03,0.95,24.5,232.4,0.5015999999999999
fifwc-fra-eng-2026-07-18,fifwc-fra-eng-2026-07-18-player-props,France vs. England - Player Props,2945248,soccer_player_goals_plus_assists,Adrien Rabiot: 3+ goals + assists,Adrien Rabiot: 3+ goals + assists,Yes,No,74140820658697264159118504428148948363040167225333902333601799714696662621285,9913879268146517469309092402252890074444191865283446163144201665770179842507,25,3.6597,0.01,0.97,0.05,0.01,True,0.97,0.01,0.96,16.2184,278.5303,0.1,0.99,0.03,0.96,9.9,9.9,0.5015999999999999
fifwc-fra-eng-2026-07-18,fifwc-fra-eng-2026-07-18-player-props,France vs. England - Player Props,2945249,soccer_player_goals_plus_assists,Adrien Rabiot: 4+ goals + assists,Adrien Rabiot: 4+ goals + assists,Yes,No,56308321009240597284325593573806633237882776594763751099527926959991974806056,29941637487749517799287279856386158246984820708259824292840293244547645086280,25,3.6597,0.01,0.97,0.05,0.01,True,0.97,0.01,0.96,17.4018,275.6603,0.1,0.99,0.03,0.96,9.9,9.9,0.5382
fifwc-fra-eng-2026-07-18,fifwc-fra-eng-2026-07-18-player-props,France vs. England - Player Props,2945250,soccer_player_goals_plus_assists,Anthony Gordon: 1+ goals + assists,Anthony Gordon: 1+ goals + assists,Yes,No,38320233131098941857523094228711237974422633777121812210623936366650437697824,59531931233277146754928156639993071532072151499035155541283322445892026386194,0,1089.8661,0.02,0.96,0.05,0.01,True,0.96,0.02,0.94,16.771199999999997,24266.501600000003,0.5,0.98,0.04,0.94,24.5,232.4,0.6988
fifwc-fra-eng-2026-07-18,fifwc-fra-eng-2026-07-18-player-props,France vs. England - Player Props,2945251,soccer_player_goals_plus_assists,Anthony Gordon: 2+ goals + assists,Anthony Gordon: 2+ goals + assists,Yes,No,44067088616248487591757947233628878289463684800776157536701076306857186753960,21275356494116837603505539772630855294488209685303867836900027197066726229939,0,6.1597,0.02,0.97,0.05,0.01,True,0.97,0.02,0.95,16.2184,278.5303,0.5,0.98,0.03,0.95,24.5,232.4,0.5015999999999999
fifwc-fra-eng-2026-07-18,fifwc-fra-eng-2026-07-18-player-props,France vs. England - Player Props,2945252,soccer_player_goals_plus_assists,Anthony Gordon: 3+ goals + assists,Anthony Gordon: 3+ goals + assists,Yes,No,34045112052212697736125218692196397584842716057330702556896028343927825266566,92906660658868517938299336081905969120482396989451161190232531381788412678081,0,6.1597,0.02,0.97,0.05,0.01,True,0.97,0.02,0.95,16.2184,278.5303,0.5,0.98,0.03,0.95,24.5,232.4,0.5015999999999999
fifwc-fra-eng-2026-07-18,fifwc-fra-eng-2026-07-18-player-props,France vs. England - Player Props,2945253,soccer_player_goals_plus_assists,Anthony Gordon: 4+ goals + assists,Anthony Gordon: 4+ goals + assists,Yes,No,43484183655048826047871546410087038909040663113593914824530578216607291647377,96404475679579281106731626808274510367708851186115095801517429868250191223711,0,4.1599,0.01,0.98,0.05,0.01,True,0.98,0.01,0.97,39.7194,311.9001,0.6,0.99,0.02,0.97,59.4,59.4,0.8106
fifwc-fra-eng-2026-07-18,fifwc-fra-eng-2026-07-18-player-props,France vs. England - Player Props,2945254,soccer_player_goals_plus_assists,Aurélien Tchouameni: 1+ goals + assists,Aurélien Tchouameni: 1+ goals + assists,Yes,No,71450215600821639931602414750266933044266917129097241430269059129011511251309,52245460015410790960467792036202298113724165682936600871873313880743024464389,0,4916.3235,0.02,0.47,0.05,0.01,True,0.47,0.02,0.44999999999999996,10.6408,10.6408,0.5,0.98,0.53,0.44999999999999996,24.5,232.4,11.9992
fifwc-fra-eng-2026-07-18,fifwc-fra-eng-2026-07-18-player-props,France vs. England - Player Props,2945255,soccer_player_goals_plus_assists,Aurélien Tchouameni: 2+ goals + assists,Aurélien Tchouameni: 2+ goals + assists,Yes,No,66012989039290986582023499602457781466226386152692626235925990099582981851015,50640194720184617791912819780132361355660942175071232939989949103796514141081,0,6.1597,0.02,0.97,0.05,0.01,True,0.97,0.02,0.95,16.2184,278.5303,0.5,0.98,0.03,0.95,24.5,232.4,0.5015999999999999
fifwc-fra-eng-2026-07-18,fifwc-fra-eng-2026-07-18-player-props,France vs. England - Player Props,2945256,soccer_player_goals_plus_assists,Aurélien Tchouameni: 3+ goals + assists,Aurélien Tchouameni: 3+ goals + assists,Yes,No,47764834523521616926663220527597464916130690451055744852397591536385640812470,930098682434898070229627603532479243879357341613188726322278366072698019784,0,6.1596,0.02,0.97,0.05,0.01,True,0.97,0.02,0.95,16.286299999999997,278.3404,0.5,0.98,0.03,0.95,24.5,232.4,0.5036999999999999
fifwc-fra-eng-2026-07-18,fifwc-fra-eng-2026-07-18-player-props,France vs. England - Player Props,2945257,soccer_player_goals_plus_assists,Aurélien Tchouameni: 4+ goals + assists,Aurélien Tchouameni: 4+ goals + assists,Yes,No,22064267637516366547907970192362825354115671966762878551870005963796104429119,72529347450095534627310689441852351749001074264184255748001672929644320207700,25,3.6597,0.01,0.97,0.05,0.01,True,0.97,0.01,0.96,16.2184,278.5303,0.1,0.99,0.03,0.96,9.9,9.9,0.5015999999999999
fifwc-fra-eng-2026-07-18,fifwc-fra-eng-2026-07-18-player-props,France vs. England - Player Props,2945258,soccer_player_goals_plus_assists,Bradley Barcola: 1+ goals + assists,Bradley Barcola: 1+ goals + assists,Yes,No,41657246357371740514465543013473505146259523427581098363170438110008067815277,88018487411444656384925155251005079783843355793307025390469705297788390849041,0,6871.3361,0.01,0.6,0.05,0.01,True,0.6,0.01,0.59,4.614,23.3776,2.6,0.99,0.4,0.59,257.4,257.4,3.0760000000000005
fifwc-fra-eng-2026-07-18,fifwc-fra-eng-2026-07-18-player-props,France vs. England - Player Props,2945259,soccer_player_goals_plus_assists,Bradley Barcola: 2+ goals + assists,Bradley Barcola: 2+ goals + assists,Yes,No,73686292187252000803137825180655240667940664210128254622402895726567194464699,81088018454069847808536244169167569835451953907104662112836058498226646875063,0,4.1599,0.01,0.98,0.05,0.01,True,0.98,0.01,0.97,39.7194,311.9001,0.6,0.99,0.02,0.97,59.4,59.4,0.8106
fifwc-fra-eng-2026-07-18,fifwc-fra-eng-2026-07-18-player-props,France vs. England - Player Props,2945260,soccer_player_goals_plus_assists,Bradley Barcola: 3+ goals + assists,Bradley Barcola: 3+ goals + assists,Yes,No,18473009245371574770448459713971135315999986200929130201931482616654508840002,83575678021039938657386235628058195794909676098861358666405662697873469254342,0,6.1597,0.02,0.97,0.05,0.01,True,0.97,0.02,0.95,16.2184,278.5303,0.5,0.98,0.03,0.95,24.5,232.4,0.5015999999999999
fifwc-fra-eng-2026-07-18,fifwc-fra-eng-2026-07-18-player-props,France vs. England - Player Props,2945261,soccer_player_goals_plus_assists,Bradley Barcola: 4+ goals + assists,Bradley Barcola: 4+ goals + assists,Yes,No,84890186950555575220803768285581563125603673583735772440293350507395693391955,61762024646221869496225477441802107195195526950237326614594724837314210623292,0,4.16,0.01,0.98,0.05,0.01,True,0.98,0.01,0.97,40.474,311.14,0.6,0.99,0.02,0.97,59.4,59.4,0.826
fifwc-fra-eng-2026-07-18,fifwc-fra-eng-2026-07-18-player-props,France vs. England - Player Props,2945262,soccer_player_goals_plus_assists,Bukayo Saka: 1+ goals + assists,Bukayo Saka: 1+ goals + assists,Yes,No,28187797411326443264265285364023985286162023408407478161575129617550413005775,80945009156971278377925326559219857517681425848929780626511436831070410241064,170,4775.0411,0.03,0.67,0.05,0.01,True,0.67,0.03,0.64,67.0,531.6780000000001,0.23099999999999998,0.97,0.33,0.6399999999999999,7.469,239.869,33.0
fifwc-fra-eng-2026-07-18,fifwc-fra-eng-2026-07-18-player-props,France vs. England - Player Props,2945263,soccer_player_goals_plus_assists,Bukayo Saka: 2+ goals + assists,Bukayo Saka: 2+ goals + assists,Yes,No,61639847959557230392863395180183774328551785539252505022763463347557043594616,99930646138132587926460070214149510587887169412814928681597734526246309606869,0,8275.1875,0.01,0.09,0.05,0.01,True,0.09,0.01,0.08,27.0,27.0,2.6,0.99,0.91,0.07999999999999996,257.4,257.4,273.0
fifwc-fra-eng-2026-07-18,fifwc-fra-eng-2026-07-18-player-props,France vs. England - Player Props,2945264,soccer_player_goals_plus_assists,Bukayo Saka: 3+ goals + assists,Bukayo Saka: 3+ goals + assists,Yes,No,59115470995819258105586170532732934439951934915997009223283317317572790758413,81109081165232236937033201453360242201286155986861598820953518398463304936458,25,3.6597,0.01,0.97,0.05,0.01,True,0.97,0.01,0.96,16.2184,278.5303,0.1,0.99,0.03,0.96,9.9,9.9,0.5015999999999999
fifwc-fra-eng-2026-07-18,fifwc-fra-eng-2026-07-18-player-props,France vs. England - Player Props,2945265,soccer_player_goals_plus_assists,Bukayo Saka: 4+ goals + assists,Bukayo Saka: 4+ goals + assists,Yes,No,20143036121171084492819298111962690721549842376187583347007097218531769145299,109739286561358549197669915098851440569437627175346697136984399013192355196305,25,3.6597,0.01,0.97,0.05,0.01,True,0.97,0.01,0.96,16.2184,278.5303,0.1,0.99,0.03,0.96,9.9,9.9,0.5015999999999999
fifwc-fra-eng-2026-07-18,fifwc-fra-eng-2026-07-18-player-props,France vs. England - Player Props,2945266,soccer_player_goals_plus_assists,Declan Rice: 1+ goals + assists,Declan Rice: 1+ goals + assists,Yes,No,85330425274899279962554463458008794707060146041812164497278527241008877856094,31957330927087023709481964119454251593206870675565707608276270914800458597224,0,9053.9165,0.01,0.21,0.05,0.01,True,0.21,0.01,0.19999999999999998,126.0,126.0,2.6,0.99,0.79,0.19999999999999996,257.4,257.4,474.0
fifwc-fra-eng-2026-07-18,fifwc-fra-eng-2026-07-18-player-props,France vs. England - Player Props,2945267,soccer_player_goals_plus_assists,Declan Rice: 2+ goals + assists,Declan Rice: 2+ goals + assists,Yes,No,35477237433277923547622870111199219574756302976728990920405506466130541379467,77856692714754273222371140267253908578789794016405296296478762081464659045674,0,4.1599,0.01,0.98,0.05,0.01,True,0.98,0.01,0.97,39.7194,311.9001,0.6,0.99,0.02,0.97,59.4,59.4,0.8106
fifwc-fra-eng-2026-07-18,fifwc-fra-eng-2026-07-18-player-props,France vs. England - Player Props,2945268,soccer_player_goals_plus_assists,Declan Rice: 3+ goals + assists,Declan Rice: 3+ goals + assists,Yes,No,91941007857493461460094958652959720334582438078949691873431801862024449399364,8148744331621773792545565428325906224001471127678255812888668130461011447127,0,6.1597,0.02,0.97,0.05,0.01,True,0.97,0.02,0.95,16.2184,278.5303,0.5,0.98,0.03,0.95,24.5,232.4,0.5015999999999999
fifwc-fra-eng-2026-07-18,fifwc-fra-eng-2026-07-18-player-props,France vs. England - Player Props,2945269,soccer_player_goals_plus_assists,Declan Rice: 4+ goals + assists,Declan Rice: 4+ goals + assists,Yes,No,72070447115804800442745468342263152307935207199776423714030250579562345165056,46440786173885607068802256314488222062028087898484336277487470695801650124688,25,3.6599,0.01,0.97,0.05,0.01,True,0.97,0.01,0.96,16.1117,278.8301,0.1,0.99,0.03,0.96,9.9,9.9,0.49829999999999997
fifwc-fra-eng-2026-07-18,fifwc-fra-eng-2026-07-18-player-props,France vs. England - Player Props,2945270,soccer_player_goals_plus_assists,Désiré Doué: 1+ goals + assists,Désiré Doué: 1+ goals + assists,Yes,No,38568414815126729287396106165693433688383553579181848221715588768315105935339,108932083072089232559760118523461756355102281283813282857099471570020270810877,0,7162.1077,0.01,0.51,0.05,0.01,True,0.51,0.01,0.5,306.0,306.0,2.6,0.99,0.49,0.5,257.4,257.4,294.0
fifwc-fra-eng-2026-07-18,fifwc-fra-eng-2026-07-18-player-props,France vs. England - Player Props,2945271,soccer_player_goals_plus_assists,Désiré Doué: 2+ goals + assists,Désiré Doué: 2+ goals + assists,Yes,No,18670828117867669668257802432165849203021736952112212375627756318725894453268,9335399652056035658408459215961905819782506276741117686006084669838346241868,0,4.1599,0.01,0.98,0.05,0.01,True,0.98,0.01,0.97,39.7194,311.9001,0.6,0.99,0.02,0.97,59.4,59.4,0.8106
fifwc-fra-eng-2026-07-18,fifwc-fra-eng-2026-07-18-player-props,France vs. England - Player Props,2945272,soccer_player_goals_plus_assists,Désiré Doué: 3+ goals + assists,Désiré Doué: 3+ goals + assists,Yes,No,25226871374198627844428498001945474386064167188651421396466323483964642446566,115170412261553892279986708836562477172019800285927574859565206711383393870605,0,4.1599,0.01,0.98,0.05,0.01,True,0.98,0.01,0.97,39.6018,312.02009999999996,0.6,0.99,0.02,0.97,59.4,59.4,0.8081999999999999
fifwc-fra-eng-2026-07-18,fifwc-fra-eng-2026-07-18-player-props,France vs. England - Player Props,2945273,soccer_player_goals_plus_assists,Désiré Doué: 4+ goals + assists,Désiré Doué: 4+ goals + assists,Yes,No,84649354243681880214722403836555148458416525138803044433239572783617268033623,12825581503641969404069057556201184029426320252234904814151675500033565992251,25,3.5597,0.01,0.97,0.05,0.01,True,0.97,0.01,0.96,16.3833,273.1603,0.05,0.99,0.03,0.96,4.95,4.95,0.5067
fifwc-fra-eng-2026-07-18,fifwc-fra-eng-2026-07-18-player-props,France vs. England - Player Props,2945274,soccer_player_goals_plus_assists,Eberechi Eze: 1+ goals + assists,Eberechi Eze: 1+ goals + assists,Yes,No,63711286036913337991416591876643891395036920530173907044359979409031037175139,12497353964526430755702888489830104595724527219243382424368790115449912987346,0,6655.9269,0.02,0.38,0.05,0.01,True,0.38,0.02,0.36,19.0,356.5,0.5,0.98,0.62,0.36,24.5,232.4,31.0
fifwc-fra-eng-2026-07-18,fifwc-fra-eng-2026-07-18-player-props,France vs. England - Player Props,2945275,soccer_player_goals_plus_assists,Eberechi Eze: 2+ goals + assists,Eberechi Eze: 2+ goals + assists,Yes,No,11554012404754526494530897673458286984789182451184974737904885070719764641440,15930482684156594297394346641767818819138960451448204152897476702436120067193,0,6.1597,0.02,0.97,0.05,0.01,True,0.97,0.02,0.95,16.2184,278.5303,0.5,0.98,0.03,0.95,24.5,232.4,0.5015999999999999
fifwc-fra-eng-2026-07-18,fifwc-fra-eng-2026-07-18-player-props,France vs. England - Player Props,2945276,soccer_player_goals_plus_assists,Eberechi Eze: 3+ goals + assists,Eberechi Eze: 3+ goals + assists,Yes,No,65913794696555288255335991858199817051190208490095891470985859365460188161612,86426714298151760122699414152421753615545655383228930781142620524791679185421,0,4.1599,0.01,0.98,0.05,0.01,True,0.98,0.01,0.97,39.7194,311.9001,0.6,0.99,0.02,0.97,59.4,59.4,0.8106
fifwc-fra-eng-2026-07-18,fifwc-fra-eng-2026-07-18-player-props,France vs. England - Player Props,2945277,soccer_player_goals_plus_assists,Eberechi Eze: 4+ goals + assists,Eberechi Eze: 4+ goals + assists,Yes,No,83867518314010985234497362392708356771820082068437037039934616976238988304087,61625242672700379281042869594935651463478025022646666933334505687724103205634,0,4.1599,0.01,0.98,0.05,0.01,True,0.98,0.01,0.97,39.6018,312.02009999999996,0.6,0.99,0.02,0.97,59.4,59.4,0.8081999999999999
fifwc-fra-eng-2026-07-18,fifwc-fra-eng-2026-07-18-player-props,France vs. England - Player Props,2945278,soccer_player_goals_plus_assists,Elliot Anderson: 1+ goals + assists,Elliot Anderson: 1+ goals + assists,Yes,No,77648229603849192901202965873057197147159436212287289922564532199069312168819,71572465592406672389290873320305375245043840377242999592275840712797090513224,0,8221.9548,0.01,0.5,0.05,0.01,True,0.5,0.01,0.49,3.06,300.3148,2.6,0.99,0.5,0.49,257.4,257.4,3.06
fifwc-fra-eng-2026-07-18,fifwc-fra-eng-2026-07-18-player-props,France vs. England - Player Props,2945279,soccer_player_goals_plus_assists,Elliot Anderson: 2+ goals + assists,Elliot Anderson: 2+ goals + assists,Yes,No,13746472308851266133167593196280389199422250390281954647513909894217265039803,28579159889770301606086561845630988906392212649257009137533118214275531157931,0,4.16,0.01,0.98,0.05,0.01,True,0.98,0.01,0.97,40.474,311.14,0.6,0.99,0.02,0.97,59.4,59.4,0.826
fifwc-fra-eng-2026-07-18,fifwc-fra-eng-2026-07-18-player-props,France vs. England - Player Props,2945280,soccer_player_goals_plus_assists,Elliot Anderson: 3+ goals + assists,Elliot Anderson: 3+ goals + assists,Yes,No,38728174434671903916127875725158131927314820107777872417092332905738972853948,67638572608420442743680451154512787906447439801438948457718270109152957737606,0,6.1597,0.02,0.97,0.05,0.01,True,0.97,0.02,0.95,16.2184,278.5303,0.5,0.98,0.03,0.95,24.5,232.4,0.5015999999999999
fifwc-fra-eng-2026-07-18,fifwc-fra-eng-2026-07-18-player-props,France vs. England - Player Props,2945281,soccer_player_goals_plus_assists,Elliot Anderson: 4+ goals + assists,Elliot Anderson: 4+ goals + assists,Yes,No,80663916525259145070002573861723554243788942734271289212317934520675262021958,44119534147882933378009182360995536153555506164133525740632885227445672748311,25,3.6597,0.01,0.97,0.05,0.01,True,0.97,0.01,0.96,16.2184,278.5303,0.1,0.99,0.03,0.96,9.9,9.9,0.5015999999999999
fifwc-fra-eng-2026-07-18,fifwc-fra-eng-2026-07-18-player-props,France vs. England - Player Props,2945282,soccer_player_goals_plus_assists,Harry Kane: 1+ goals + assists,Harry Kane: 1+ goals + assists,Yes,No,14792432413554011597405468764722060422954224347346178693455922611570226225247,8973811218786187709816054031884931918303647408248278930061136744356327914560,0,4509.0179,0.01,0.48,0.05,0.01,True,0.48,0.01,0.47,46.358399999999996,234.881,2.6,0.99,0.51,0.48,257.4,257.4,196.2174
fifwc-fra-eng-2026-07-18,fifwc-fra-eng-2026-07-18-player-props,France vs. England - Player Props,2945283,soccer_player_goals_plus_assists,Harry Kane: 2+ goals + assists,Harry Kane: 2+ goals + assists,Yes,No,98566437193782887495325309424617829947382474707643449425407650014823211903425,54035197873668744454231121200013911294395974111485974941503624452711805323602,0,6.1599,0.02,0.97,0.05,0.01,True,0.97,0.02,0.95,18.43,276.7801,0.5,0.98,0.03,0.95,24.5,232.4,0.57
fifwc-fra-eng-2026-07-18,fifwc-fra-eng-2026-07-18-player-props,France vs. England - Player Props,2945284,soccer_player_goals_plus_assists,Harry Kane: 3+ goals + assists,Harry Kane: 3+ goals + assists,Yes,No,72871800055868288272023249518232657893870302191646306470952485061821911040023,11547975182231296798452218125033222286022097014531121720366448491494646065665,0,6.1597,0.02,0.98,0.05,0.01,True,0.98,0.02,0.96,39.6312,262.3119,0.5,0.98,0.03,0.95,24.5,232.4,0.5015999999999999
fifwc-fra-eng-2026-07-18,fifwc-fra-eng-2026-07-18-player-props,France vs. England - Player Props,2945285,soccer_player_goals_plus_assists,Harry Kane: 4+ goals + assists,Harry Kane: 4+ goals + assists,Yes,No,50760617701301743808800186996455300016078256894538580361769427638646826354108,79463483296073507449755083803946949315025388003151493337764571532800801401311,0,6.1597,0.02,0.97,0.05,0.01,True,0.97,0.02,0.95,16.2184,278.5303,0.5,0.98,0.03,0.95,24.5,232.4,0.5015999999999999
fifwc-fra-eng-2026-07-18,fifwc-fra-eng-2026-07-18-player-props,France vs. England - Player Props,2945286,soccer_player_goals_plus_assists,Jude Bellingham: 1+ goals + assists,Jude Bellingham: 1+ goals + assists,Yes,No,59079375453115982589615476728376779216854407342838874054171318833515106396393,71161478998125856673188967500310504762567861310123227022982447814118148339616,0,6290.9064,0.01,0.41,0.05,0.01,True,0.41,0.01,0.39999999999999997,245.99999999999997,245.99999999999997,2.6,0.99,0.59,0.4,257.4,257.4,354.0
fifwc-fra-eng-2026-07-18,fifwc-fra-eng-2026-07-18-player-props,France vs. England - Player Props,2945287,soccer_player_goals_plus_assists,Jude Bellingham: 2+ goals + assists,Jude Bellingham: 2+ goals + assists,Yes,No,107891050066752722454230265805702303708857923006709399190274614981519812130075,46026511814545306225854308079901706504415647813986735112100384643663237629387,0,4.1599,0.01,0.98,0.05,0.01,True,0.98,0.01,0.97,39.7194,311.9001,0.6,0.99,0.02,0.97,59.4,59.4,0.8106
fifwc-fra-eng-2026-07-18,fifwc-fra-eng-2026-07-18-player-props,France vs. England - Player Props,2945288,soccer_player_goals_plus_assists,Jude Bellingham: 3+ goals + assists,Jude Bellingham: 3+ goals + assists,Yes,No,61480240429382557545996040097273002291769212737336671037887783264984067911630,66025371753787094904074823701365881407672313245294304182308910748098914458512,0,4.1599,0.01,0.98,0.05,0.01,True,0.98,0.01,0.97,39.7194,311.9001,0.6,0.99,0.02,0.97,59.4,59.4,0.8106
fifwc-fra-eng-2026-07-18,fifwc-fra-eng-2026-07-18-player-props,France vs. England - Player Props,2945289,soccer_player_goals_plus_assists,Jude Bellingham: 4+ goals + assists,Jude Bellingham: 4+ goals + assists,Yes,No,79845935422359785015284889292908600988549816495884989153654055148924529065683,37206150141812178725165620981982491928601612074533883440360679811550678091676,0,6.1597,0.02,0.97,0.05,0.01,True,0.97,0.02,0.95,16.2184,278.5303,0.5,0.98,0.03,0.95,24.5,232.4,0.5015999999999999
fifwc-fra-eng-2026-07-18,fifwc-fra-eng-2026-07-18-player-props,France vs. England - Player Props,2945290,soccer_player_goals_plus_assists,Kylian Mbappé: 1+ goals + assists,Kylian Mbappé: 1+ goals + assists,Yes,No,56477344801037441447735239714795968821153816889196338393806381037903477487054,29059242265498022648772505187844206939741758190541258739709141775443777123628,346,4914.66,0.16,0.69,0.05,0.01,True,0.69,0.16,0.5299999999999999,69.0,489.0,12.0,0.84,0.31,0.53,63.0,63.0,31.0
fifwc-fra-eng-2026-07-18,fifwc-fra-eng-2026-07-18-player-props,France vs. England - Player Props,2945291,soccer_player_goals_plus_assists,Kylian Mbappé: 2+ goals + assists,Kylian Mbappé: 2+ goals + assists,Yes,No,103051586541124646913899539582491114841537633511145212584542233873182608257059,101868583403446026563679031791575664244468247319350858274178525551724556750204,15.005155,4596.7253,0.03,0.63,0.05,0.01,True,0.63,0.03,0.6,3.15,3.15,0.2001,0.97,0.37,0.6,6.4699,238.8699,1.85
fifwc-fra-eng-2026-07-18,fifwc-fra-eng-2026-07-18-player-props,France vs. England - Player Props,2945292,soccer_player_goals_plus_assists,Kylian Mbappé: 3+ goals + assists,Kylian Mbappé: 3+ goals + assists,Yes,No,20799901395081971761053726764216557737672397112653692683923581056820975825857,65234848354839569315004565163796014085145047642997814685768427441730292678557,0,12011.7062,0.04,0.07,0.05,0.01,True,0.07,0.04,0.030000000000000006,19.599300000000003,63.29610000000001,9.8564,0.96,0.93,0.029999999999999916,236.5536,583.0450999999999,260.39070000000004
fifwc-fra-eng-2026-07-18,fifwc-fra-eng-2026-07-18-player-props,France vs. England - Player Props,2945293,soccer_player_goals_plus_assists,Kylian Mbappé: 4+ goals + assists,Kylian Mbappé: 4+ goals + assists,Yes,No,55632773295141098308036814506466139226289121436629018516389514847872718849515,39315062522832821362573639344485081361226590368620857818362365742480133560272,0,6.1597,0.02,0.97,0.05,0.01,True,0.97,0.02,0.95,16.2184,278.5303,0.5,0.98,0.03,0.95,24.5,232.4,0.5015999999999999
fifwc-fra-eng-2026-07-18,fifwc-fra-eng-2026-07-18-player-props,France vs. England - Player Props,2945294,soccer_player_goals_plus_assists,Manu Koné: 1+ goals + assists,Manu Koné: 1+ goals + assists,Yes,No,91772984428248929624739088720916776312312572280145859256881799275224686828232,41628044859643763639771579450297481763370481858122827020989923597344517365425,0,8903.8033,0.02,0.09,0.05,0.01,True,0.09,0.02,0.06999999999999999,27.0,27.0,0.5,0.98,0.91,0.06999999999999995,24.5,232.4,273.0
fifwc-fra-eng-2026-07-18,fifwc-fra-eng-2026-07-18-player-props,France vs. England - Player Props,2945295,soccer_player_goals_plus_assists,Manu Koné: 2+ goals + assists,Manu Koné: 2+ goals + assists,Yes,No,23228878707907215715055721412461424391340829278128341765561860776734827215609,37919838860520712949360872857256867634690508456305680820726085491643440625696,0,4.1599,0.01,0.98,0.05,0.01,True,0.98,0.01,0.97,39.7194,311.9001,0.6,0.99,0.02,0.97,59.4,59.4,0.8106
fifwc-fra-eng-2026-07-18,fifwc-fra-eng-2026-07-18-player-props,France vs. England - Player Props,2945296,soccer_player_goals_plus_assists,Manu Koné: 3+ goals + assists,Manu Koné: 3+ goals + assists,Yes,No,54715264387660442548138548074469370934700833484087766006530751259358207446176,66101753813973196125700815637003936331471712920234984679764217114376149385803,0,6.1597,0.02,0.97,0.05,0.01,True,0.97,0.02,0.95,16.2184,278.5303,0.5,0.98,0.03,0.95,24.5,232.4,0.5015999999999999
fifwc-fra-eng-2026-07-18,fifwc-fra-eng-2026-07-18-player-props,France vs. England - Player Props,2945297,soccer_player_goals_plus_assists,Manu Koné: 4+ goals + assists,Manu Koné: 4+ goals + assists,Yes,No,57470029343081187343352759505385884003647034301369990473474528111763385808626,102979353776970280503402368824191679614628948633255111946450579620353140880738,0,3.4559,0.01,0.98,0.05,0.01,True,0.98,0.01,0.97,5.1057999999999995,277.5241,0.6,0.99,0.02,0.97,59.4,59.4,0.1042
fifwc-fra-eng-2026-07-18,fifwc-fra-eng-2026-07-18-player-props,France vs. England - Player Props,2945298,soccer_player_goals_plus_assists,Marcus Rashford: 1+ goals + assists,Marcus Rashford: 1+ goals + assists,Yes,No,46856798148164839607859446781175296760919858625576172928008331849344814707971,20107413587553950214531800887743550550373285256348812150483915746184045590655,0,8020.0982,0.01,0.44,0.05,0.01,True,0.44,0.01,0.43,176.0,176.0,0.6,0.99,0.56,0.42999999999999994,59.4,59.4,224.00000000000003
fifwc-fra-eng-2026-07-18,fifwc-fra-eng-2026-07-18-player-props,France vs. England - Player Props,2945299,soccer_player_goals_plus_assists,Marcus Rashford: 2+ goals + assists,Marcus Rashford: 2+ goals + assists,Yes,No,58967826405208899587327982651757826187097959116935383276385925221801153849696,32780170291253529740084611134103030285237331601710000667143459201204135301246,0,6.1597,0.02,0.97,0.05,0.01,True,0.97,0.02,0.95,16.2184,278.5303,0.5,0.98,0.03,0.95,24.5,232.4,0.5015999999999999
fifwc-fra-eng-2026-07-18,fifwc-fra-eng-2026-07-18-player-props,France vs. England - Player Props,2945300,soccer_player_goals_plus_assists,Marcus Rashford: 3+ goals + assists,Marcus Rashford: 3+ goals + assists,Yes,No,79460187505431736269540231516291829856676746583818073817519024316426020474047,75767019000001981602332362502834602972527247320414264814597154051512506298845,0,4.1599,0.01,0.98,0.05,0.01,True,0.98,0.01,0.97,39.7194,311.9001,0.6,0.99,0.02,0.97,59.4,59.4,0.8106
fifwc-fra-eng-2026-07-18,fifwc-fra-eng-2026-07-18-player-props,France vs. England - Player Props,2945301,soccer_player_goals_plus_assists,Marcus Rashford: 4+ goals + assists,Marcus Rashford: 4+ goals + assists,Yes,No,59042530534583706899865813592837061933814964502002625580504692722549555716884,1672401179112445328611914714500729094379936437453860561739428655936288640977,0,4.0599,0.01,0.98,0.05,0.01,True,0.98,0.01,0.97,39.7194,306.9501,0.55,0.99,0.02,0.97,54.45,54.45,0.8106
fifwc-fra-eng-2026-07-18,fifwc-fra-eng-2026-07-18-player-props,France vs. England - Player Props,2945302,soccer_player_goals_plus_assists,Michael Olise: 1+ goals + assists,Michael Olise: 1+ goals + assists,Yes,No,42611146696540804522693181498185243850108598822404072934762221704012528718891,86006242837716853225948942680366041296611729670132580377310001175707233788348,0,7875.8427,0.01,0.48,0.05,0.01,True,0.48,0.01,0.47,288.0,288.0,2.6,0.99,0.52,0.47,257.4,257.4,312.0
fifwc-fra-eng-2026-07-18,fifwc-fra-eng-2026-07-18-player-props,France vs. England - Player Props,2945303,soccer_player_goals_plus_assists,Michael Olise: 2+ goals + assists,Michael Olise: 2+ goals + assists,Yes,No,27441350582411368676065447268237875617877841262975665667436967431232329609237,13246348064149439306795001037063016107297310448391279938876867756146268283284,0,8913.1457,0.01,0.08,0.05,0.01,True,0.08,0.01,0.07,24.0,24.0,2.6,0.99,0.92,0.06999999999999995,257.4,257.4,276.0
fifwc-fra-eng-2026-07-18,fifwc-fra-eng-2026-07-18-player-props,France vs. England - Player Props,2945304,soccer_player_goals_plus_assists,Michael Olise: 3+ goals + assists,Michael Olise: 3+ goals + assists,Yes,No,33448134906020431389814324178780618639685600727916105415128867696597052611113,5104487274934296870562451628502015163643812024867456493068588794103420716985,0,4.1599,0.01,0.98,0.05,0.01,True,0.98,0.01,0.97,39.7194,311.9001,0.6,0.99,0.02,0.97,59.4,59.4,0.8106
fifwc-fra-eng-2026-07-18,fifwc-fra-eng-2026-07-18-player-props,France vs. England - Player Props,2945305,soccer_player_goals_plus_assists,Michael Olise: 4+ goals + assists,Michael Olise: 4+ goals + assists,Yes,No,22468054913156895229613514471840882854088760313396449820422339818750765722384,50200328938647628639057084281697187128727699370225755229531606865139259218257,0,4.1599,0.01,0.98,0.05,0.01,True,0.98,0.01,0.97,39.7194,311.9001,0.6,0.99,0.02,0.97,59.4,59.4,0.8106
fifwc-fra-eng-2026-07-18,fifwc-fra-eng-2026-07-18-player-props,France vs. England - Player Props,2945306,soccer_player_goals_plus_assists,Morgan Rogers: 1+ goals + assists,Morgan Rogers: 1+ goals + assists,Yes,No,27893932534776626886185285328740824592198552018274164936565601057105772799258,23585457729007255283540907012726730931024831534542739038113541247880004660393,0,8730.6639,0.01,0.4,0.05,0.01,True,0.4,0.01,0.39,160.0,160.0,0.6,0.99,0.6,0.39,59.4,59.4,240.0
fifwc-fra-eng-2026-07-18,fifwc-fra-eng-2026-07-18-player-props,France vs. England - Player Props,2945307,soccer_player_goals_plus_assists,Morgan Rogers: 2+ goals + assists,Morgan Rogers: 2+ goals + assists,Yes,No,107725205262120747469604511370621350775140513538402914859073408250971457816730,12182554144953313009176860503247824353902246751362112104266120116291979404651,0,11838.1606,0.05,0.07,0.05,0.01,True,0.07,0.05,0.020000000000000004,38.362100000000005,66.2045,9.659,0.95,0.93,0.019999999999999907,183.521,692.9449999999999,509.6679
fifwc-fra-eng-2026-07-18,fifwc-fra-eng-2026-07-18-player-props,France vs. England - Player Props,2945308,soccer_player_goals_plus_assists,Morgan Rogers: 3+ goals + assists,Morgan Rogers: 3+ goals + assists,Yes,No,55045374602624868057819330861393600428802406610635647839846200630768424759096,10846627345362626970249187297452354294658602737614053762857889426341072731632,0,6.1597,0.02,0.97,0.05,0.01,True,0.97,0.02,0.95,16.2184,278.5303,0.5,0.98,0.03,0.95,24.5,232.4,0.5015999999999999
fifwc-fra-eng-2026-07-18,fifwc-fra-eng-2026-07-18-player-props,France vs. England - Player Props,2945309,soccer_player_goals_plus_assists,Morgan Rogers: 4+ goals + assists,Morgan Rogers: 4+ goals + assists,Yes,No,111615895488506415287466923649375632717379628207864247264000567710629309939328,19591892545589801128215262572798051334687163476533466586040717112722751726686,25,3.6597,0.01,0.97,0.05,0.01,True,0.97,0.01,0.96,16.2184,278.5303,0.1,0.99,0.03,0.96,9.9,9.9,0.5015999999999999
fifwc-fra-eng-2026-07-18,fifwc-fra-eng-2026-07-18-player-props,France vs. England - Player Props,2945310,soccer_player_goals_plus_assists,Noni Madueke: 1+ goals + assists,Noni Madueke: 1+ goals + assists,Yes,No,108649968870634927938573232866909851522994802147372905853655650940989723281774,65538627872744571235856976690347447350837967550028317862844623148085557521055,0,6220.3744,0.01,0.4,0.05,0.01,True,0.4,0.01,0.39,80.0,80.0,0.6,0.99,0.6,0.39,59.4,59.4,120.0
fifwc-fra-eng-2026-07-18,fifwc-fra-eng-2026-07-18-player-props,France vs. England - Player Props,2945311,soccer_player_goals_plus_assists,Noni Madueke: 2+ goals + assists,Noni Madueke: 2+ goals + assists,Yes,No,83170989840013430321283200693416198847752902294644097916956761285844220930670,30441886764461967499183657031645457746155823983196767233032432271805249095418,0,6.1597,0.02,0.97,0.05,0.01,True,0.97,0.02,0.95,16.2184,278.5303,0.5,0.98,0.03,0.95,24.5,232.4,0.5015999999999999
fifwc-fra-eng-2026-07-18,fifwc-fra-eng-2026-07-18-player-props,France vs. England - Player Props,2945312,soccer_player_goals_plus_assists,Noni Madueke: 3+ goals + assists,Noni Madueke: 3+ goals + assists,Yes,No,102000874755903159320479561699698590164829883320007418696492871559008409549921,57440092796033606401605407045137222601084650944777816496370894942305587197858,0,6.1597,0.02,0.97,0.05,0.01,True,0.97,0.02,0.95,16.2184,278.5303,0.5,0.98,0.03,0.95,24.5,232.4,0.5015999999999999
fifwc-fra-eng-2026-07-18,fifwc-fra-eng-2026-07-18-player-props,France vs. England - Player Props,2945313,soccer_player_goals_plus_assists,Noni Madueke: 4+ goals + assists,Noni Madueke: 4+ goals + assists,Yes,No,76463159454374442014706447849708146845665100869588591558616176027617396346233,41354035308237957406368409484299111337996083779786183370575927180640515680036,25,3.6597,0.01,0.97,0.05,0.01,True,0.97,0.01,0.96,16.2184,278.5303,0.1,0.99,0.03,0.96,9.9,9.9,0.5015999999999999
fifwc-fra-eng-2026-07-18,fifwc-fra-eng-2026-07-18-player-props,France vs. England - Player Props,2945314,soccer_player_goals_plus_assists,Ousmane Dembélé: 1+ goals + assists,Ousmane Dembélé: 1+ goals + assists,Yes,No,30622544325747675128097412344065217292313410368879155461110682748855370418414,93507053242960886129893172927985541657023469563894929564459685691720152355798,0,5014.7924,0.02,0.43,0.05,0.01,True,0.43,0.02,0.41,258.0,258.0,0.5,0.98,0.57,0.41000000000000003,24.5,232.4,341.99999999999994
fifwc-fra-eng-2026-07-18,fifwc-fra-eng-2026-07-18-player-props,France vs. England - Player Props,2945315,soccer_player_goals_plus_assists,Ousmane Dembélé: 2+ goals + assists,Ousmane Dembélé: 2+ goals + assists,Yes,No,48867042223423026203831651057317545207492729196962965005453598528905731905926,93216017542787342863649408156415950777656539802687122042593305214436633323898,0,4893.5668,0.02,0.08,0.05,0.01,True,0.08,0.02,0.06,24.0,24.0,0.5,0.98,0.92,0.05999999999999994,24.5,232.4,276.0
fifwc-fra-eng-2026-07-18,fifwc-fra-eng-2026-07-18-player-props,France vs. England - Player Props,2945316,soccer_player_goals_plus_assists,Ousmane Dembélé: 3+ goals + assists,Ousmane Dembélé: 3+ goals + assists,Yes,No,29441159950574888797559649283440291839385647449233886987071504904485206542439,26999871159783186923985051478430007845709772457827421095764064210848280689851,0,6.1597,0.02,0.97,0.05,0.01,True,0.97,0.02,0.95,16.2184,278.5303,0.5,0.98,0.03,0.95,24.5,232.4,0.5015999999999999
fifwc-fra-eng-2026-07-18,fifwc-fra-eng-2026-07-18-player-props,France vs. England - Player Props,2945317,soccer_player_goals_plus_assists,Ousmane Dembélé: 4+ goals + assists,Ousmane Dembélé: 4+ goals + assists,Yes,No,7257243374365886503559855998486175792269861230387918200300139410222445785623,65659367626617860107235236450356380693645112430031268145160345969103386130707,0,4.1599,0.01,0.98,0.05,0.01,True,0.98,0.01,0.97,39.6018,312.02009999999996,0.6,0.99,0.02,0.97,59.4,59.4,0.8081999999999999
fifwc-fra-eng-2026-07-18,fifwc-fra-eng-2026-07-18-player-props,France vs. England - Player Props,2945318,soccer_player_goals_plus_assists,Rayan Cherki: 1+ goals + assists,Rayan Cherki: 1+ goals + assists,Yes,No,105535278595071436086692523629704822900195428505845192822339657147319259438010,80488582082090627701114080592444690191598570249117461795276944103735511637307,0,5507.0004,0.02,0.57,0.05,0.01,True,0.57,0.02,0.5499999999999999,113.99999999999999,113.99999999999999,0.5,0.98,0.43,0.55,24.5,232.4,86.0
fifwc-fra-eng-2026-07-18,fifwc-fra-eng-2026-07-18-player-props,France vs. England - Player Props,2945319,soccer_player_goals_plus_assists,Rayan Cherki: 2+ goals + assists,Rayan Cherki: 2+ goals + assists,Yes,No,108515389485777335854236473928099766405677886488887982323067951715490548022232,71213040585384537632829442658811130247908548866528115022168229882822378916585,0,250.14,0.06,0.08,0.05,0.01,True,0.08,0.06,0.020000000000000004,20.080000000000002,20.080000000000002,15.059999999999999,0.94,0.92,0.019999999999999907,235.94,235.94,230.92000000000002
fifwc-fra-eng-2026-07-18,fifwc-fra-eng-2026-07-18-player-props,France vs. England - Player Props,2945320,soccer_player_goals_plus_assists,Rayan Cherki: 3+ goals + assists,Rayan Cherki: 3+ goals + assists,Yes,No,46952854254518640097982070332271226547932637082928244644614078188988152855858,81083241819893251504365093736001815741317772631822840155234700796324703899773,0,6.1597,0.02,0.97,0.05,0.01,True,0.97,0.02,0.95,16.2184,278.5303,0.5,0.98,0.03,0.95,24.5,232.4,0.5015999999999999
fifwc-fra-eng-2026-07-18,fifwc-fra-eng-2026-07-18-player-props,France vs. England - Player Props,2945321,soccer_player_goals_plus_assists,Rayan Cherki: 4+ goals + assists,Rayan Cherki: 4+ goals + assists,Yes,No,10231170949765519885200339144201178206373100389753337785677795494222093122150,96470781477378543907716536836309652049288122457572959870232176792881818081894,0,6.1597,0.02,0.97,0.05,0.01,True,0.97,0.02,0.95,16.2184,278.5303,0.5,0.98,0.03,0.95,24.5,232.4,0.5015999999999999
fifwc-fra-eng-2026-07-18,fifwc-fra-eng-2026-07-18-player-props,France vs. England - Player Props,2945322,soccer_player_goals_plus_assists,Théo Hernández: 1+ goals + assists,Théo Hernández: 1+ goals + assists,Yes,No,25898723858550624398049700889084968911161027094039362804323283071956103457667,32553492533287739629048593407490377041939189165683360013766167837877052294815,0,8733.2471,0.02,0.34,0.05,0.01,True,0.34,0.02,0.32,136.0,136.0,0.5,0.98,0.66,0.31999999999999995,24.5,232.4,264.0
fifwc-fra-eng-2026-07-18,fifwc-fra-eng-2026-07-18-player-props,France vs. England - Player Props,2945323,soccer_player_goals_plus_assists,Théo Hernández: 2+ goals + assists,Théo Hernández: 2+ goals + assists,Yes,No,3982664503047620196525396966270958826486831556453874290253251413454961754873,33403119471175225978485010678187999719966289929255674979493882729823413512444,0,6.1597,0.02,0.97,0.05,0.01,True,0.97,0.02,0.95,16.2184,278.5303,0.5,0.98,0.03,0.95,24.5,232.4,0.5015999999999999
fifwc-fra-eng-2026-07-18,fifwc-fra-eng-2026-07-18-player-props,France vs. England - Player Props,2945324,soccer_player_goals_plus_assists,Théo Hernández: 3+ goals + assists,Théo Hernández: 3+ goals + assists,Yes,No,89938908710171945116270287080157955151754873433734085464845780889300582383502,55403110675227738438975153602712210362421854025332481655076847850606037267497,0,4.1599,0.01,0.98,0.05,0.01,True,0.98,0.01,0.97,39.7194,311.9001,0.6,0.99,0.02,0.97,59.4,59.4,0.8106
fifwc-fra-eng-2026-07-18,fifwc-fra-eng-2026-07-18-player-props,France vs. England - Player Props,2945325,soccer_player_goals_plus_assists,Théo Hernández: 4+ goals + assists,Théo Hernández: 4+ goals + assists,Yes,No,41705843633502537137437843115492662729316864264967625524827345006856162513906,59580404119713870766712544315882396131645951327454102840311635680197952127317,100.402,4.3676,,0.95,0.05,0.01,True,0.93,,,18.786,25.9206,0,,0.07,,0,0,1.4140000000000001
fifwc-fra-eng-2026-07-18,fifwc-fra-eng-2026-07-18-player-props,France vs. England - Player Props,2947017,soccer_player_goals,Anthony Gordon: 3+ goals,Anthony Gordon: 3+ goals,Yes,No,69342989218044868063204891924664512085373592769086000607921595735844152605008,50982926113536495415457878902838724078731762769717877178835358432179865385901,60,6303.77231,0.001,0.02,0.05,0.001,True,0.02,0.001,0.019,21.0,21.0,0.02,0.999,0.98,0.019000000000000017,19.98,19.98,1029.0
fifwc-fra-eng-2026-07-18,fifwc-fra-eng-2026-07-18-player-props,France vs. England - Player Props,2953418,soccer_player_shots_on_target,Jude Bellingham: 4+ shots on target,Jude Bellingham: 4+ shots on target,Yes,No,57884861028445223934766755179338131393164716949028773567549831323796656080800,39342302510294033573248178099269092624723476719210705958038019113449479730239,0,4.2599,0.01,0.98,0.05,0.01,True,0.98,0.01,0.97,39.7194,316.8501,0.65,0.99,0.02,0.97,64.35,64.35,0.8106
fifwc-fra-eng-2026-07-18,fifwc-fra-eng-2026-07-18-player-props,France vs. England - Player Props,2958994,soccer_player_shots_on_target,Dayot Upamecano: 2+ shots on target,Dayot Upamecano: 2+ shots on target,Yes,No,34393116729765875690352341251925234356720501172016114652586103760921522471643,100866748738747053446057963845130224235605824150885511439505560229313957137740,0,4.3597,0.01,0.97,0.05,0.01,True,0.97,0.01,0.96,16.2184,288.4303,0.7000000000000001,0.99,0.03,0.96,69.3,69.3,0.5015999999999999
fifwc-esp-arg-2026-07-19,fifwc-esp-arg-2026-07-19,Spain vs. Argentina,2941974,moneyline,Spain,Will Spain win on 2026-07-19?,Yes,No,105042264974012349507628582341465372921413790307165600767293079103508862620927,26950933687061136665045692928866901705470041092212665620581588770356803034388,651585.9171839987,5337730.7686,0.42,0.43,0.05,0.01,True,0.43,0.42,0.010000000000000009,751995.395,1685321.7468,1134482.832,0.58,0.57,0.010000000000000009,1566666.768,4056444.1638999996,996831.1049999999
fifwc-esp-arg-2026-07-19,fifwc-esp-arg-2026-07-19,Spain vs. Argentina,2941975,moneyline,Draw (Spain vs. Argentina),Will Spain vs. Argentina end in a draw?,Yes,No,92571123127402723974640575698896369187398878096159854165218788690275715186568,8897745942892740554419142821188087932128583924929997823029754125155949675043,154716.31565700003,3026234.5996,0.31,0.32,0.05,0.01,True,0.32,0.31,0.010000000000000009,283679.2672,993786.5360000001,404722.89009999996,0.69,0.68,0.009999999999999898,900834.8198999999,1653313.2515999998,602818.4428
fifwc-esp-arg-2026-07-19,fifwc-esp-arg-2026-07-19,Spain vs. Argentina,2941976,moneyline,Argentina,Will Argentina win on 2026-07-19?,Yes,No,22596903656102431101396261359922941848858035376971300420659017295333613251025,40285215796521673925483410143614666389701053711161542152061618519144468632440,1237348.4274759996,4434501.3294,0.26,0.27,0.05,0.01,True,0.27,0.26,0.010000000000000009,602436.2148000001,1428350.9584000001,307002.95080000005,0.74,0.73,0.010000000000000009,873777.6292000001,1259679.9482,1628626.9121
fifwc-esp-arg-2026-07-19,fifwc-esp-arg-2026-07-19-halftime-result,Spain vs. Argentina - Halftime Result,2942003,soccer_halftime_result,Spain,Spain leading at halftime?,Yes,No,42503841910860913824009439250447867230452353097870659911813776798275939913183,99059826531541617583139361975369310511489155419493341373589793074206923469613,22067.296222000004,308309.7823,0.3,0.31,0.05,0.01,True,0.31,0.3,0.010000000000000009,1565.7387,27943.2213,42666.833999999995,0.7,0.69,0.010000000000000009,99555.946,127024.1728,3485.0313
fifwc-esp-arg-2026-07-19,fifwc-esp-arg-2026-07-19-halftime-result,Spain vs. Argentina - Halftime Result,2942004,soccer_halftime_result,Draw,Spain vs. Argentina: Draw at halftime?,Yes,No,55534690741590152916803799347245209373571978987049575285043457531284537719480,82049642666299749350751413177958219988628930265531855056246225148910944146356,9406.979057000004,387006.3957,0.48,0.49,0.05,0.01,True,0.49,0.48,0.010000000000000009,45375.2054,88676.8536,335.30879999999996,0.52,0.51,0.010000000000000009,363.2512,41813.0007,47227.25460000001
fifwc-esp-arg-2026-07-19,fifwc-esp-arg-2026-07-19-halftime-result,Spain vs. Argentina - Halftime Result,2942005,soccer_halftime_result,Argentina,Argentina leading at halftime?,Yes,No,20664793222331339343552998267820854019645651559348706346914375656718469924729,50224683305525930795637556259236786272907665223902846135542340441464287900745,4920.556575000002,299909.8505,0.21,0.22,0.05,0.01,True,0.22,0.21,0.010000000000000009,12078.11,21872.8588,353.01,0.79,0.78,0.010000000000000009,1327.99,63703.107200000006,42822.39
fifwc-esp-arg-2026-07-19,fifwc-esp-arg-2026-07-19-second-half-result,Spain vs. Argentina - Second Half Result,2942006,soccer_second_half_result,Spain,Spain to win the second half?,Yes,No,105939212437102202833913457556054935614168622874084087446115067861779128457956,23218786246020293905333474773382417683136263949066492185961095523252018618652,1648.5377999999998,109887.5548,0.33,0.36,0.05,0.01,True,0.36,0.33,0.02999999999999997,179.9964,729.9183,298.1583,0.67,0.64,0.030000000000000027,605.3517,3218.1913,319.9936
fifwc-esp-arg-2026-07-19,fifwc-esp-arg-2026-07-19-second-half-result,Spain vs. Argentina - Second Half Result,2942007,soccer_second_half_result,Draw,Spain vs. Argentina: Second half draw?,Yes,No,96971411701036318269404639535897220026875646216565699305789706527902230545440,14678681355115503843176242219100846521080162753034217854185247120562389412867,428.532695,88067.4337,0.37,0.38,0.05,0.01,True,0.38,0.37,0.010000000000000009,9.5,1038.3961,103.74799999999999,0.63,0.62,0.010000000000000009,176.652,523.6831,15.5
fifwc-esp-arg-2026-07-19,fifwc-esp-arg-2026-07-19-second-half-result,Spain vs. Argentina - Second Half Result,2942008,soccer_second_half_result,Argentina,Argentina to win the second half?,Yes,No,92398664276034606727217378427887667955317773344409043285643991870750709654075,2079772460783102876680714723754512283737636997253510656470916509423373186373,8760.849655,102770.7539,0.28,0.29,0.05,0.01,True,0.29,0.28,0.009999999999999953,414.9204,1752.3754,49.3528,0.72,0.71,0.010000000000000009,126.90719999999999,1132.0671,1015.8395999999999
fifwc-esp-arg-2026-07-19,fifwc-esp-arg-2026-07-19-exact-score,Spain vs. Argentina - Exact Score,2942009,soccer_exact_score,Spain 0 - 0 Argentina,Exact Score: Spain 0 - 0 Argentina?,Yes,No,81549293522926834217196813449020148539241513751484223259159114469711911824316,105131637194402927882857711341679712688698913278320313966910923046884205545649,43124.78799499999,1686849.7872,0.1,0.11,0.05,0.01,True,0.11,0.1,0.009999999999999995,100225.4561,201968.4019,8917.433,0.9,0.89,0.010000000000000009,80256.897,119004.4415,810915.0539
fifwc-esp-arg-2026-07-19,fifwc-esp-arg-2026-07-19-exact-score,Spain vs. Argentina - Exact Score,2942010,soccer_exact_score,Spain 0 - 1 Argentina,Exact Score: Spain 0 - 1 Argentina?,Yes,No,44745496501222841727631055299580565730260078104743395625344679668446804748261,9315261753215457668569501926418745411616198632712838640504976861465067073909,68564.89652500002,2257094.16,0.08,0.09,0.05,0.01,True,0.09,0.08,0.009999999999999995,113994.10979999999,221082.452,5286.5632,0.92,0.91,0.010000000000000009,60795.4768,102679.15289999999,1152607.1102
fifwc-esp-arg-2026-07-19,fifwc-esp-arg-2026-07-19-exact-score,Spain vs. Argentina - Exact Score,2942011,soccer_exact_score,Spain 1 - 0 Argentina,Exact Score: Spain 1 - 0 Argentina?,Yes,No,36284631190512394140314037549741121782871517320465510133598056044713226666250,45532354621305932937190196097170933475055093463758992985271554027450114042897,112516.0261679995,1864929.2709,0.11,0.12,0.05,0.01,True,0.12,0.11,0.009999999999999995,50105.9256,258324.711,12386.1892,0.89,0.88,0.010000000000000009,100317.4358,148858.3014,367443.4544
fifwc-esp-arg-2026-07-19,fifwc-esp-arg-2026-07-19-exact-score,Spain vs. Argentina - Exact Score,2942012,soccer_exact_score,Spain 0 - 2 Argentina,Exact Score: Spain 0 - 2 Argentina?,Yes,No,47145578323451058779403614719457551996653409901966195623142669480376673877090,46814744040327909045077123830469972958842988519470688298076989755729925747993,141110.82312999977,532193.64148,0.04,0.041,0.05,0.001,True,0.041,0.04,0.0010000000000000009,4562.88344,19663.824529999998,534.1623999999999,0.96,0.959,0.0010000000000000009,12819.897599999998,60654.40863,106726.95655999999
fifwc-esp-arg-2026-07-19,fifwc-esp-arg-2026-07-19-exact-score,Spain vs. Argentina - Exact Score,2942013,soccer_exact_score,Spain 1 - 1 Argentina,Exact Score: Spain 1 - 1 Argentina?,Yes,No,42736655376785853871753155043931522511145630893598165634855727846278733514149,61519513815745308865237366567876664659360188214480972005756531829514547913075,98137.38329999997,2650732.8595,0.15,0.16,0.05,0.01,True,0.16,0.15,0.010000000000000009,188593.56960000002,502574.97790000006,3884.0159999999996,0.85,0.84,0.010000000000000009,22009.424,88725.0202,990116.2404
fifwc-esp-arg-2026-07-19,fifwc-esp-arg-2026-07-19-exact-score,Spain vs. Argentina - Exact Score,2942014,soccer_exact_score,Spain 2 - 0 Argentina,Exact Score: Spain 2 - 0 Argentina?,Yes,No,22254858175513103187588388900033291336771070560809999961721316193141200660957,22893608586228782078354772038228054619714640643126094831956979889813476081650,217799.63693999994,1604855.6219,0.07,0.08,0.05,0.01,True,0.08,0.07,0.009999999999999995,2328.2992000000004,149333.1839,25589.244100000004,0.93,0.92,0.010000000000000009,339971.3859,385522.1919,26775.440800000004
fifwc-esp-arg-2026-07-19,fifwc-esp-arg-2026-07-19-exact-score,Spain vs. Argentina - Exact Score,2942015,soccer_exact_score,Spain 0 - 3 Argentina,Exact Score: Spain 0 - 3 Argentina?,Yes,No,35289164512036836621533326126064114451858610409336283611332256435522186949436,58281199611700028311622954922299614722293459648127205757837137743802418668533,304237.8251100001,346811.38725,0.012,0.013,0.05,0.001,True,0.013,0.012,0.0009999999999999992,200.90668,4219.04849,104.08368,0.988,0.987,0.0010000000000000009,8569.55632,105355.33862,15253.45332
fifwc-esp-arg-2026-07-19,fifwc-esp-arg-2026-07-19-exact-score,Spain vs. Argentina - Exact Score,2942016,soccer_exact_score,Spain 1 - 2 Argentina,Exact Score: Spain 1 - 2 Argentina?,Yes,No,12384785608039901247497028680546060108195625418904439310834182431741545359435,33943426374788577933834234650409034353628286549043800145320636816016760055303,597364.0593209959,2175579.0749,0.06,0.08,0.05,0.01,True,0.07,0.06,0.010000000000000009,0.9800000000000001,188351.6894,12823.389,0.94,0.93,0.009999999999999898,200899.76099999997,281018.529,13.020000000000001
fifwc-esp-arg-2026-07-19,fifwc-esp-arg-2026-07-19-exact-score,Spain vs. Argentina - Exact Score,2942017,soccer_exact_score,Spain 2 - 1 Argentina,Exact Score: Spain 2 - 1 Argentina?,Yes,No,79464966601443444211409754239549864715374909947355242456484423943167025371292,45493746872063564096177937323959647647530659113687507849142486516762995679101,724809.6405030001,1856695.7103,0.09,0.1,0.05,0.01,True,0.1,0.09,0.010000000000000009,110003.421,200076.2616,8237.921400000001,0.91,0.9,0.010000000000000009,83294.53860000001,217051.364,990030.789
fifwc-esp-arg-2026-07-19,fifwc-esp-arg-2026-07-19-exact-score,Spain vs. Argentina - Exact Score,2942018,soccer_exact_score,Spain 3 - 0 Argentina,Exact Score: Spain 3 - 0 Argentina?,Yes,No,9849551241373217468398926116494361037206032495449574957261289531683799404303,6378631776633584701711096755651961644025777081603563784626403545311285914224,889684.8142039999,689726.65388,0.031,0.032,0.05,0.001,True,0.032,0.031,0.0010000000000000009,588.70176,21092.825,269.19594,0.969,0.968,0.0010000000000000009,8414.54406,413995.92597,17808.22824
fifwc-esp-arg-2026-07-19,fifwc-esp-arg-2026-07-19-exact-score,Spain vs. Argentina - Exact Score,2942019,soccer_exact_score,Spain 1 - 3 Argentina,Exact Score: Spain 1 - 3 Argentina?,Yes,No,28222289354527373762480982537652524035997379204805798075050731984117597182468,105464392408709386724730914760889773033348761488075448055131432680768115768863,567682.5814439992,291288.30449,0.022,0.023,0.05,0.001,True,0.023,0.022,0.0010000000000000009,56.30859999999999,4970.24068,99.72952,0.978,0.977,0.0010000000000000009,4433.43048,114771.35308,2391.8914
fifwc-esp-arg-2026-07-19,fifwc-esp-arg-2026-07-19-exact-score,Spain vs. Argentina - Exact Score,2942020,soccer_exact_score,Spain 2 - 2 Argentina,Exact Score: Spain 2 - 2 Argentina?,Yes,No,30705778356175131138527811895766002183117548687772523359723445110027329785211,34891371387938701211840591458071323530884822030384779347681535463054581294576,574232.100523001,2157198.9753,0.05,0.06,0.05,0.01,True,0.06,0.05,0.009999999999999995,61701.3234,141462.93310000002,1539.8515,0.95,0.94,0.010000000000000009,29257.178499999998,199244.36609999998,966654.0665999999
fifwc-esp-arg-2026-07-19,fifwc-esp-arg-2026-07-19-exact-score,Spain vs. Argentina - Exact Score,2942021,soccer_exact_score,Spain 3 - 1 Argentina,Exact Score: Spain 3 - 1 Argentina?,Yes,No,7021530639078779013734059268307729540470749823782052736997993054767028914999,90697868812610472234346560441302376325910183076355912830906137032174188301710,254143.43608600003,338222.00156,0.037,0.039,0.05,0.001,True,0.039,0.037,0.0020000000000000018,838.32645,9759.272449999999,1146.87013,0.963,0.961,0.0020000000000000018,29849.619870000002,177490.18885,20657.22355
fifwc-esp-arg-2026-07-19,fifwc-esp-arg-2026-07-19-exact-score,Spain vs. Argentina - Exact Score,2942022,soccer_exact_score,Spain 2 - 3 Argentina,Exact Score: Spain 2 - 3 Argentina?,Yes,No,51109306394725090330084656461396328598075978877907267180360989433722055814374,28270659931872148672320983284020103550194403267662738412591930426417805719170,5306633.318782988,2226263.46902,0.028,0.029,0.05,0.001,True,0.029,0.028,0.0010000000000000009,1342.00197,70205.40436,315.9674,0.972,0.971,0.0010000000000000009,10968.5826,514675.37993999996,44933.928029999995
fifwc-esp-arg-2026-07-19,fifwc-esp-arg-2026-07-19-exact-score,Spain vs. Argentina - Exact Score,2942023,soccer_exact_score,Spain 3 - 2 Argentina,Exact Score: Spain 3 - 2 Argentina?,Yes,No,83578876256912836630465568836787043011698561387422220730948431144418924444718,49384164222368191218605127033710312316664748617991737246758669505738720950669,1203712.6648420123,511218.96852,0.022,0.023,0.05,0.001,True,0.023,0.022,0.0010000000000000009,115.78131,11679.70778,83.11644,0.978,0.977,0.0010000000000000009,3694.9035599999997,128055.58409,4918.18869
fifwc-esp-arg-2026-07-19,fifwc-esp-arg-2026-07-19-exact-score,Spain vs. Argentina - Exact Score,2942024,soccer_exact_score,Spain 3 - 3 Argentina,Exact Score: Spain 3 - 3 Argentina?,Yes,No,88228649965626685394164426382716859280399843611049553371375616762843144167182,18428656887981140823068577570134033651673411615058872565391929275495865976021,1209951.460985002,435900.33331,0.009,0.01,0.05,0.001,True,0.01,0.009,0.0010000000000000009,68.2851,4433.18532,1776.12111,0.991,0.99,0.0010000000000000009,195570.66889,275026.27849,6760.2249
fifwc-esp-arg-2026-07-19,fifwc-esp-arg-2026-07-19-exact-score,Spain vs. Argentina - Exact Score,2942025,soccer_exact_score,Any Other Score,Exact Score: Any Other Score?,Yes,No,112506135920499895973036194948205811788595587475440410000783705571222669619858,115151072969073909238674209070880620860700060256512907416652712296216049269321,76766.724694,1276222.0229,0.04,0.05,0.05,0.01,True,0.05,0.04,0.010000000000000002,6175.7865,83416.64790000001,19988.61,0.96,0.95,0.010000000000000009,479726.63999999996,512356.18999999994,117339.9435
fifwc-esp-arg-2026-07-19,fifwc-esp-arg-2026-07-19-first-to-score,Spain vs. Argentina - First Team to Score,2942026,soccer_first_to_score,Spain,Spain to score first vs. Argentina?,Yes,No,9442745886371658885992984738892694704152411733298078866606168044613081349804,97171789406634980432007130638998091860312416287731490944838203146022145507770,16996.300814999988,116849.6955,0.53,0.54,0.05,0.01,True,0.54,0.53,0.010000000000000009,9139.251600000001,15858.552400000002,4994.6458,0.47,0.46,0.009999999999999953,4429.2142,5614.8943,7785.2884
fifwc-esp-arg-2026-07-19,fifwc-esp-arg-2026-07-19-first-to-score,Spain vs. Argentina - First Team to Score,2942027,soccer_first_to_score,Argentina,Argentina to score first vs. Spain?,Yes,No,91613958020462206796604703490892509074037827032000264303930178637905513667554,52462745552966070037353896544408106239819915353248296777169963883406867728145,4460.5978920000025,97159.0464,0.37,0.38,0.05,0.01,True,0.38,0.37,0.010000000000000009,634.9496,2283.0328,185.0851,0.63,0.62,0.010000000000000009,315.1449,1476.065,1035.9704
fifwc-esp-arg-2026-07-19,fifwc-esp-arg-2026-07-19-first-to-score,Spain vs. Argentina - First Team to Score,2942028,soccer_first_to_score,Neither,Spain vs. Argentina: Neither team to score first?,Yes,No,46468009063184382728906236836743754404951837514722945422850096655231290940321,51886558789662081116832110864895092893246044793536840163063722959295768001701,13444.374226000002,113188.0787,0.09,0.1,0.05,0.01,True,0.1,0.09,0.010000000000000009,483.56000000000006,3420.3387000000002,865.17,0.91,0.9,0.010000000000000009,8747.83,90526.76680000001,4352.040000000001
fifwc-esp-arg-2026-07-19,fifwc-esp-arg-2026-07-19-more-markets,Spain vs. Argentina - More Markets,2942064,spreads,Spain (-1.5),Spread: Spain (-1.5),Spain,Argentina,98699639556495089435803820424633193482385080794955683699757392440226749572387,51499791058434329766698297937382776746424415010143258660366209876130116492569,581804.2153420007,409341.3931,0.19,0.2,0.05,0.01,True,0.2,0.19,0.010000000000000009,6456.336,16106.173,114687.69549999999,0.81,0.8,0.010000000000000009,488931.7545,545243.872,25825.344
fifwc-esp-arg-2026-07-19,fifwc-esp-arg-2026-07-19-more-markets,Spain vs. Argentina - More Markets,2942065,spreads,Argentina (-1.5),Spread: Argentina (-1.5),Argentina,Spain,27866062221579476928861033428139821414043096358422032545150760258360702553383,102231986809071138728906508208881547976182342159506956488734498410239184870444,86930.74364000003,641732.9934,0.08,0.09,0.05,0.01,True,0.09,0.08,0.009999999999999995,3055.5917999999997,63234.7131,1862.5272,0.92,0.91,0.010000000000000009,21419.0628,41523.9859,30895.4282
fifwc-esp-arg-2026-07-19,fifwc-esp-arg-2026-07-19-more-markets,Spain vs. Argentina - More Markets,2942066,spreads,Spain (-2.5),Spread: Spain (-2.5),Spain,Argentina,1558707332570189961820096200955136519582171078932511484380238317309280969172,53983086445102802647455380797667419444136142614376756774917672725334661547690,121605.24269599997,191843.8644,0.06,0.07,0.05,0.01,True,0.07,0.06,0.010000000000000009,1688.5848,5174.6483,4035.9060000000004,0.94,0.93,0.009999999999999898,63229.194,139592.9561,22434.0552
fifwc-esp-arg-2026-07-19,fifwc-esp-arg-2026-07-19-more-markets,Spain vs. Argentina - More Markets,2942067,spreads,Argentina (-2.5),Spread: Argentina (-2.5),Argentina,Spain,49329839933847137508236296569317763424126272037348177295233262183539506102390,95927753836153400849282431012340434441468880940946124526171211637554397656956,65892.49191599996,141018.26033,0.02,0.021,0.05,0.001,True,0.021,0.02,0.0010000000000000009,0.10500000000000001,829.98913,174.97580000000002,0.98,0.979,0.0010000000000000009,8573.8142,78966.03956,4.895
fifwc-esp-arg-2026-07-19,fifwc-esp-arg-2026-07-19-more-markets,Spain vs. Argentina - More Markets,2942068,spreads,Spain (-3.5),Spread: Spain (-3.5),Spain,Argentina,91615399910374774632716699707955161093586513472414125784440850426973819044394,32635700868942229311190389374989739093646922876665386023614865459624795467554,75309.97386400001,127192.80351,0.018,0.019,0.05,0.001,True,0.019,0.018,0.0010000000000000009,21.999529999999996,547.82148,2.9217599999999995,0.982,0.981,0.0010000000000000009,159.39824,60788.21901,1135.8704699999998
fifwc-esp-arg-2026-07-19,fifwc-esp-arg-2026-07-19-more-markets,Spain vs. Argentina - More Markets,2942069,spreads,Argentina (-3.5),Spread: Argentina (-3.5),Argentina,Spain,54844701786035835259029529509138818731759430955520272076143110098426589306237,27715479182877240374926505482638123577644716388119637236285740910613452647386,1160.0530800000004,114974.21995,0.004,0.006,0.05,0.001,True,0.006,0.004,0.002,32.17902,184.29117,7.43536,0.996,0.994,0.0020000000000000018,1851.40464,6431.163439999999,5330.9909800000005
fifwc-esp-arg-2026-07-19,fifwc-esp-arg-2026-07-19-more-markets,Spain vs. Argentina - More Markets,2942070,spreads,Spain (-4.5),Spread: Spain (-4.5),Spain,Argentina,9783484663367771053370513430414927678392183619921668445617744292539553771659,93904992474937854765835464136967512633018200026836946910032791050847665374852,2805.3704369999996,82388.71717,0.004,0.011,0.05,0.001,True,0.011,0.004,0.006999999999999999,18.46009,25.97656,3.0438400000000003,0.996,0.989,0.007000000000000006,757.91616,3624.38474,1659.72991
fifwc-esp-arg-2026-07-19,fifwc-esp-arg-2026-07-19-more-markets,Spain vs. Argentina - More Markets,2942071,spreads,Argentina (-4.5),Spread: Argentina (-4.5),Argentina,Spain,50566628398671844066086168302979468502494901688337964016203270901568885998503,97749234584173893643480670686521133892631380736811545751163271414470780121700,75343.242748,93897.76605,,0.002,0.05,0.001,True,0.002,,,11.231100000000001,25.18196,0,,0.998,,0,0,5604.3189
fifwc-esp-arg-2026-07-19,fifwc-esp-arg-2026-07-19-more-markets,Spain vs. Argentina - More Markets,2942072,spreads,Spain (-5.5),Spread: Spain (-5.5),Spain,Argentina,23748597158354846643235421984130201371194669485431024611492995992258659038441,60355982191905787681048665642297423360126574401720213554851134570885746870644,13236.857835999972,116035.22018,,0.002,0.05,0.001,True,0.002,,,5.00092,24.15606,0,,0.998,,0,0,2495.45908
fifwc-esp-arg-2026-07-19,fifwc-esp-arg-2026-07-19-more-markets,Spain vs. Argentina - More Markets,2942073,spreads,Argentina (-5.5),Spread: Argentina (-5.5),Argentina,Spain,70067327697400826440646334682200786574182675701377529276477192598187627976266,26663200342242369242743664725822228580684130521640679795846882193264809290075,11957.601038000003,123293.2535,,0.001,0.05,0.001,True,0.001,,,31.937810000000002,52.811780000000006,0,,0.999,,0,0,31905.872190000002
fifwc-esp-arg-2026-07-19,fifwc-esp-arg-2026-07-19-more-markets,Spain vs. Argentina - More Markets,2942074,totals,O/U 0.5,Spain vs. Argentina: O/U 0.5,Over,Under,95825958363807846699086525334115004140149075455134418888294284834103444139805,100899066788087264896991245177978653395891419153169248929857538839728453964270,19950.005031000008,202814.3396,0.89,0.9,0.05,0.01,True,0.9,0.89,0.010000000000000009,115134.16500000001,177195.1412,20765.168500000003,0.11,0.1,0.009999999999999995,2566.4815000000003,8211.1774,12792.685000000001
fifwc-esp-arg-2026-07-19,fifwc-esp-arg-2026-07-19-more-markets,Spain vs. Argentina - More Markets,2942075,totals,O/U 1.5,Spain vs. Argentina: O/U 1.5,Over,Under,76487730613685673778526503275712730145438196914922669236000206527286181327605,94444460094130059478461527758124284936643092317254702208374627453626023521088,381441.5109799997,331741.9377,0.69,0.7,0.05,0.01,True,0.7,0.69,0.010000000000000009,58666.216,108142.7286,35506.0407,0.31,0.3,0.010000000000000009,15951.9893,52516.8348,25142.664
fifwc-esp-arg-2026-07-19,fifwc-esp-arg-2026-07-19-more-markets,Spain vs. Argentina - More Markets,2942076,totals,O/U 2.5,Spain vs. Argentina: O/U 2.5,Over,Under,96709369199155811896412708963452696003757852418260689931259227822622759089946,62079784984413523345650422563713547632559798516317866687864953356087521248390,1209238.1289309987,1082496.3972,0.41,0.42,0.05,0.01,True,0.42,0.41,0.010000000000000009,298311.5856,574025.4022,63267.6822,0.59,0.58,0.010000000000000009,91043.7378,159380.0434,411954.0944
fifwc-esp-arg-2026-07-19,fifwc-esp-arg-2026-07-19-more-markets,Spain vs. Argentina - More Markets,2942077,totals,O/U 3.5,Spain vs. Argentina: O/U 3.5,Over,Under,55402626476150628336189573790876489866083310387667065204313831315980903668019,79463031754212872590735327726896748721117002882760315528874275622377644753131,57674.04756500003,333484.5063,0.22,0.23,0.05,0.01,True,0.23,0.22,0.010000000000000009,14509.5822,32678.665,1480.7716,0.78,0.77,0.010000000000000009,5250.0084,78963.86570000001,48575.5578
fifwc-esp-arg-2026-07-19,fifwc-esp-arg-2026-07-19-more-markets,Spain vs. Argentina - More Markets,2942078,totals,O/U 4.5,Spain vs. Argentina: O/U 4.5,Over,Under,11495950938209749273971051560503552170700519238704281218794309479744779141493,44191264759697865385135202563380717265798503080774312620323457687658441080107,104995.04142399986,318849.6898,0.1,0.11,0.05,0.01,True,0.11,0.1,0.009999999999999995,2650.978,10554.875499999998,9658.1,0.9,0.89,0.010000000000000009,86922.90000000001,226464.7788,21448.822
fifwc-esp-arg-2026-07-19,fifwc-esp-arg-2026-07-19-more-markets,Spain vs. Argentina - More Markets,2942079,totals,O/U 5.5,Spain vs. Argentina: O/U 5.5,Over,Under,39597975841443176908555740378556181319024921993457924597132299006128698383414,45112419386690364734449600494611320250510060938704315852020921265799923273987,27325.701738000014,225879.85128,0.037,0.039,0.05,0.001,True,0.039,0.037,0.0020000000000000018,31.515120000000003,1502.43631,23.27707,0.963,0.961,0.0020000000000000018,605.83293,143891.31677,776.56488
fifwc-esp-arg-2026-07-19,fifwc-esp-arg-2026-07-19-more-markets,Spain vs. Argentina - More Markets,2942080,totals,O/U 6.5,Spain vs. Argentina: O/U 6.5,Over,Under,12824531344546423125643023561330753840736159393118539820917597694992566604050,20229023836786455875423160779564438217271757651373250307733617830660567954572,15266.681479000003,115580.93268,0.01,0.011,0.05,0.001,True,0.011,0.01,0.0009999999999999992,19.44569,234.44829000000001,333.4622,0.99,0.989,0.0010000000000000009,33012.7578,341286.2378,1748.34431
fifwc-esp-arg-2026-07-19,fifwc-esp-arg-2026-07-19-more-markets,Spain vs. Argentina - More Markets,2942081,totals,O/U 7.5,Spain vs. Argentina: O/U 7.5,Over,Under,39694945349350859827256227800649660552056278027714528836781901344275639839905,2692517155492333981922803700748758333284067767841373811796825312545022886703,24288.15001499997,141018.67849,0.004,0.005,0.05,0.001,True,0.005,0.004,0.001,43.94,205.92102,4.0,0.996,0.995,0.0010000000000000009,996.0,3985.147,8744.06
fifwc-esp-arg-2026-07-19,fifwc-esp-arg-2026-07-19-more-markets,Spain vs. Argentina - More Markets,2942082,totals,O/U 8.5,Spain vs. Argentina: O/U 8.5,Over,Under,17164965730683793600598766066684853635037210347232250111784578411733566708083,51156099466887878211796641037191753756120490705979771546473791310455657552699,22410.171192999944,136416.87365,,0.003,0.05,0.001,True,0.003,,,4.5144,94.07705,0,,0.997,,0,0,1500.2856
fifwc-esp-arg-2026-07-19,fifwc-esp-arg-2026-07-19-more-markets,Spain vs. Argentina - More Markets,2942083,soccer_team_to_advance,Team to Advance,Spain vs. Argentina: Team to Advance,Spain,Argentina,21489275813654264105403246157265887827595023709508765470113828829105196462288,59470269118682771304947535994646971819417763580663925170396066961563339373816,2054583.9195719976,6865246.33,0.59,0.6,0.05,0.01,True,0.6,0.59,0.010000000000000009,3042663.168,3507026.3397,1603453.1657,0.41,0.4,0.009999999999999953,1114264.0643,3079856.2539999997,2028442.1120000002
fifwc-esp-arg-2026-07-19,fifwc-esp-arg-2026-07-19-more-markets,Spain vs. Argentina - More Markets,2942084,soccer_extra_time,Will the Match Go to Extra Time?,Spain vs. Argentina: Will the Match Go to Extra Time?,Yes,No,97948501642772411011659953242528615488160007717513876997441328473821772128256,45064127349620505638971408853930687190941379805009611444184929924545684192288,5937.008615,198174.0656,0.31,0.32,0.05,0.01,True,0.32,0.31,0.010000000000000009,586.4608000000001,29937.1565,625.0809,0.69,0.68,0.009999999999999898,1391.3091,10889.0191,1246.2292000000002
fifwc-esp-arg-2026-07-19,fifwc-esp-arg-2026-07-19-more-markets,Spain vs. Argentina - More Markets,2942085,soccer_penalty_shootout,Will the Match Go to a Penalty Shootout?,Spain vs. Argentina: Will the Match Go to a Penalty Shootout?,Yes,No,99237176169814247102676104209521416651037975910599658912877418671626337542536,23672155771406754848331239612472695073393736122708258152585549720814710165762,40189.30236200001,146815.962,0.19,0.2,0.05,0.01,True,0.2,0.19,0.010000000000000009,854.2540000000001,1291.8511,452.4185,0.81,0.8,0.010000000000000009,1928.7315,4935.1702,3417.0160000000005
fifwc-esp-arg-2026-07-19,fifwc-esp-arg-2026-07-19-more-markets,Spain vs. Argentina - More Markets,2945083,both_teams_to_score,Both Teams to Score,Spain vs. Argentina: Both Teams to Score,Yes,No,43400327584658432314631806325041229967848913385037627203899950879363399512175,26086477339270164470484984523102108367508939325488072884563308690155488440387,383523.1340140018,343801.4735,0.51,0.52,0.05,0.01,True,0.52,0.51,0.010000000000000009,17994.589600000003,43810.0999,17708.9238,0.49,0.48,0.010000000000000009,17014.456199999997,51472.6631,16610.3904
fifwc-esp-arg-2026-07-19,fifwc-esp-arg-2026-07-19-more-markets,Spain vs. Argentina - More Markets,2945084,both_teams_to_score_first_half,Both Teams to Score in First Half,Spain vs. Argentina: Both Teams to Score in First Half,Yes,No,105332887663665957622487397841354345154269536679107315523798052630324287544013,4661440228658734393856136334742953273722940131337485586370374307606834294035,4704.759445000001,125236.8658,0.16,0.17,0.05,0.01,True,0.17,0.16,0.010000000000000009,420.54940000000005,4037.9010000000003,404.16800000000006,0.84,0.83,0.010000000000000009,2121.882,9144.1576,2053.2706
fifwc-esp-arg-2026-07-19,fifwc-esp-arg-2026-07-19-more-markets,Spain vs. Argentina - More Markets,2945085,first_half_totals,1st Half O/U 0.5,Spain vs. Argentina: 1st Half O/U 0.5,Over,Under,98788592494598149998650102899674298468012255258943672389692097320213510544449,76765811238905050379447258681379555994437711357729660383833414638328121550927,16973.797365000002,340343.7509,0.62,0.63,0.05,0.01,True,0.63,0.62,0.010000000000000009,36539.6913,69598.334,29953.334600000002,0.38,0.37,0.010000000000000009,18358.4954,36223.9247,21459.8187
fifwc-esp-arg-2026-07-19,fifwc-esp-arg-2026-07-19-more-markets,Spain vs. Argentina - More Markets,2945086,first_half_totals,1st Half O/U 1.5,Spain vs. Argentina: 1st Half O/U 1.5,Over,Under,88491211789846798134575627874844034350484474861456960770391047920102991699376,112817446281474270495012955974920284350632577444159173457815787999785461571981,49941.12170899999,256467.2189,0.27,0.28,0.05,0.01,True,0.28,0.27,0.010000000000000009,13841.858800000002,19734.6015,9409.446000000002,0.73,0.72,0.010000000000000009,25440.354000000003,124439.46930000001,35593.3512
fifwc-esp-arg-2026-07-19,fifwc-esp-arg-2026-07-19-more-markets,Spain vs. Argentina - More Markets,2945087,first_half_totals,1st Half O/U 2.5,Spain vs. Argentina: 1st Half O/U 2.5,Over,Under,32910307724756324222180173514230358930496925840490536672884218770274478698063,97807779008808666877212483834318722121095201924149767982308586680303200531729,559.393604,182515.4279,0.07,0.09,0.05,0.01,True,0.09,0.07,0.01999999999999999,202.2003,6231.732300000001,3028.6172,0.93,0.91,0.020000000000000018,40237.3428,87424.0803,2044.4697
fifwc-esp-arg-2026-07-19,fifwc-esp-arg-2026-07-19-more-markets,Spain vs. Argentina - More Markets,2945088,soccer_team_totals,Spain O/U 0.5,Spain vs. Argentina: Spain O/U 0.5,Over,Under,100355410528829167351369310476973510907896128009743831751362377462177827859431,5811351223424086036323155994457479563772669983054060850770124909757590616584,2951.3654750000005,130753.2734,0.75,0.76,0.05,0.01,True,0.76,0.75,0.010000000000000009,1005.708,18789.9782,3752.6400000000003,0.25,0.24,0.010000000000000009,1378.88,6730.8691,440.472
fifwc-esp-arg-2026-07-19,fifwc-esp-arg-2026-07-19-more-markets,Spain vs. Argentina - More Markets,2945089,soccer_team_totals,Spain O/U 1.5,Spain vs. Argentina: Spain O/U 1.5,Over,Under,38830751010130480335360158234149115557694649367342989164909218073954827414392,69836619484603697415335565392789354837263389131211124276207135944947763729616,13901.304415,245624.2271,0.39,0.4,0.05,0.01,True,0.4,0.39,0.010000000000000009,4876.912,23894.9197,707.9085,0.61,0.6,0.010000000000000009,794.9215,33373.6168,7008.168000000001
fifwc-esp-arg-2026-07-19,fifwc-esp-arg-2026-07-19-more-markets,Spain vs. Argentina - More Markets,2945090,soccer_team_totals,Spain O/U 2.5,Spain vs. Argentina: Spain O/U 2.5,Over,Under,57630936689653361303158382794528845965536943350811324017155128103982435667892,9868694427823165689309825233772727996863244375078695087861948500417790089475,5511.902783999999,150770.5964,0.14,0.15,0.05,0.01,True,0.15,0.14,0.009999999999999981,497.29949999999997,3903.2289,366.53260000000006,0.86,0.85,0.010000000000000009,2251.5574,22711.889000000003,2818.0305
fifwc-esp-arg-2026-07-19,fifwc-esp-arg-2026-07-19-more-markets,Spain vs. Argentina - More Markets,2945091,soccer_team_totals,Argentina O/U 0.5,Spain vs. Argentina: Argentina O/U 0.5,Over,Under,83846396984989136712249171694516589660710828822197605918114090178164988652770,49278646525431166950704568331918006098194671187372033940712950274925104777399,62716.91787099999,234561.6918,0.64,0.65,0.05,0.01,True,0.65,0.64,0.010000000000000009,3950.3555,34063.3338,9769.017600000001,0.36,0.35,0.010000000000000009,5495.0724,23486.558100000002,2127.1145
fifwc-esp-arg-2026-07-19,fifwc-esp-arg-2026-07-19-more-markets,Spain vs. Argentina - More Markets,2945092,soccer_team_totals,Argentina O/U 1.5,Spain vs. Argentina: Argentina O/U 1.5,Over,Under,49657094344563222660567315070048602673827083966340534481179981823001492001584,95300686560893239916040907573612912175387748576823220492295166298077861821221,60452.39138499993,200163.3575,0.27,0.28,0.05,0.01,True,0.28,0.27,0.010000000000000009,2305.4864,6893.9304999999995,1369.8207,0.73,0.72,0.010000000000000009,3776.5892999999996,19419.243499999997,5928.393599999999
fifwc-esp-arg-2026-07-19,fifwc-esp-arg-2026-07-19-more-markets,Spain vs. Argentina - More Markets,2945093,soccer_team_totals,Argentina O/U 2.5,Spain vs. Argentina: Argentina O/U 2.5,Over,Under,65017691110373628604984983289084714551172384985841625320350357098650802213114,42851931730059285366032592712263954135147076493037341265935815332156807239761,6836.833694000001,114330.4765,0.08,0.09,0.05,0.01,True,0.09,0.08,0.009999999999999995,287.5968,1570.4385,227.87599999999998,0.92,0.91,0.010000000000000009,2620.574,27181.740299999998,2907.9232
fifwc-esp-arg-2026-07-19,fifwc-esp-arg-2026-07-19-more-markets,Spain vs. Argentina - More Markets,2945094,soccer_first_half_team_totals,Spain 1st Half O/U 0.5,Spain vs. Argentina: Spain 1st Half O/U 0.5,Over,Under,99560079665224382106782562344104810964345632210922897282867204395425290603208,23296648766999607441921849448187204400982593353971676535659473566092465019709,370.450719,91100.6694,0.43,0.44,0.05,0.01,True,0.44,0.43,0.010000000000000009,365.3584,13756.1378,171.1056,0.57,0.56,0.009999999999999898,226.81439999999998,3251.9481,465.00160000000005
fifwc-esp-arg-2026-07-19,fifwc-esp-arg-2026-07-19-more-markets,Spain vs. Argentina - More Markets,2945095,soccer_first_half_team_totals,Spain 1st Half O/U 1.5,Spain vs. Argentina: Spain 1st Half O/U 1.5,Over,Under,90679402795377185372021569499006721442635113705220032262017557002346276902736,5758672465601358364911175703045770239183633482122325607440714056783040764990,493.851817,34363.9289,0.1,0.12,0.05,0.01,True,0.12,0.1,0.01999999999999999,114.33840000000001,180.79500000000002,89.642,0.9,0.88,0.020000000000000018,806.778,3681.7780000000002,838.4816000000001
fifwc-esp-arg-2026-07-19,fifwc-esp-arg-2026-07-19-more-markets,Spain vs. Argentina - More Markets,2945096,soccer_first_half_team_totals,Argentina 1st Half O/U 0.5,Spain vs. Argentina: Argentina 1st Half O/U 0.5,Over,Under,49708141944161622500691038288889731687738581308056875261788918022115319402439,62879533417630548728115241483130443793302197202974224045151883777085914538272,201.710098,82452.3999,0.34,0.35,0.05,0.01,True,0.35,0.34,0.009999999999999953,326.9665,10964.214,140.2262,0.66,0.65,0.010000000000000009,272.2038,10780.9238,607.2235000000001
fifwc-esp-arg-2026-07-19,fifwc-esp-arg-2026-07-19-more-markets,Spain vs. Argentina - More Markets,2945097,soccer_first_half_team_totals,Argentina 1st Half O/U 1.5,Spain vs. Argentina: Argentina 1st Half O/U 1.5,Over,Under,50409547578717846336581987905148176048993122580356263454567129480812318091707,48513038431506018684218822077882150707813304788956692355917304192573195899752,35.75,17141.0112,0.05,0.08,0.05,0.01,True,0.08,0.05,0.03,28.358400000000003,108.7072,50.255500000000005,0.95,0.92,0.029999999999999916,954.8544999999999,17846.135,326.12160000000006
fifwc-esp-arg-2026-07-19,fifwc-esp-arg-2026-07-19-more-markets,Spain vs. Argentina - More Markets,2945098,both_teams_to_score_second_half,Both Teams to Score in Second Half,Spain vs. Argentina: Both Teams to Score in Second Half,Yes,No,51609412945400645746412496154188810760018237724291445418096002226611205645086,14977782548656283555118301585552341027624155712527326215253598874858223464729,7273.093811000001,22966.8971,0.27,0.29,0.05,0.01,True,0.29,0.27,0.019999999999999962,406.85839999999996,1057.8888,240.8778,0.73,0.71,0.020000000000000018,651.2622,2523.4542,996.1016
fifwc-esp-arg-2026-07-19,fifwc-esp-arg-2026-07-19-more-markets,Spain vs. Argentina - More Markets,2945099,second_half_totals,2nd Half O/U 0.5,Spain vs. Argentina: 2nd Half O/U 0.5,Over,Under,26096317819650565273349649728182025748676200637854644714253408716965464594120,6004770358509381975644926388489719276457863157769967525903691525201892554784,672.0096520000001,59639.2102,0.76,0.77,0.05,0.01,True,0.77,0.76,0.010000000000000009,627.0957,4135.533100000001,139.5968,0.24,0.23,0.009999999999999981,44.0832,137.5068,187.3143
fifwc-esp-arg-2026-07-19,fifwc-esp-arg-2026-07-19-more-markets,Spain vs. Argentina - More Markets,2945100,second_half_totals,2nd Half O/U 1.5,Spain vs. Argentina: 2nd Half O/U 1.5,Over,Under,16402988523515850387261995151252436133951641185975175792678709493789810116525,24886270437549625383861477327879618484828775643227688805752757302959201053714,1745.4752909999997,54276.1976,0.41,0.43,0.05,0.01,True,0.43,0.41,0.020000000000000018,517.8619,933.5749,232.9128,0.59,0.57,0.020000000000000018,335.1672,932.3798999999999,686.4680999999999
fifwc-esp-arg-2026-07-19,fifwc-esp-arg-2026-07-19-more-markets,Spain vs. Argentina - More Markets,2945101,second_half_totals,2nd Half O/U 2.5,Spain vs. Argentina: 2nd Half O/U 2.5,Over,Under,20543219279079872846335460998371399245394934275054680453056323406909927245748,42577569158691158051480026518808218092920554819948583226977649302442502104461,166.131577,63733.8887,0.18,0.19,0.05,0.01,True,0.19,0.18,0.010000000000000009,58.52,308.2805,29.903399999999998,0.82,0.81,0.009999999999999898,194.6024,735.116,249.48000000000002
fifwc-esp-arg-2026-07-19,fifwc-esp-arg-2026-07-19-more-markets,Spain vs. Argentina - More Markets,2945102,soccer_second_half_team_totals,Spain 2nd Half O/U 0.5,Spain vs. Argentina: Spain 2nd Half O/U 0.5,Over,Under,5717340028001037324107878318698889848270140665184499563957199737418922609683,37257255616398531315692579323699074639682632694549043191765695582301374715090,82.150815,58754.832,0.49,0.52,0.05,0.01,True,0.52,0.49,0.030000000000000027,0.2964,0.2964,341.5251,0.51,0.48,0.030000000000000027,355.4649,591.8101,0.27359999999999995
fifwc-esp-arg-2026-07-19,fifwc-esp-arg-2026-07-19-more-markets,Spain vs. Argentina - More Markets,2945103,soccer_second_half_team_totals,Spain 2nd Half O/U 1.5,Spain vs. Argentina: Spain 2nd Half O/U 1.5,Over,Under,23356086022706498603470777888062241471831340998520847305870935758234341416210,50668649652732239712591983209390876939417466121022687534008667319653379805867,0,55740.4923,0.12,0.22,0.05,0.01,True,0.22,0.12,0.1,55.0,55.0,30.0,0.88,0.78,0.09999999999999998,220.0,220.0,195.0
fifwc-esp-arg-2026-07-19,fifwc-esp-arg-2026-07-19-more-markets,Spain vs. Argentina - More Markets,2945104,soccer_second_half_team_totals,Argentina 2nd Half O/U 0.5,Spain vs. Argentina: Argentina 2nd Half O/U 0.5,Over,Under,14600821369100575484635490577065433448363648411514595744932677289130410230403,27710731280083813526951525003759156289243619077216627402494972903115424250245,175.40574600000002,59462.5651,0.47,0.5,0.05,0.01,True,0.5,0.47,0.030000000000000027,208.865,320.9273,100.345,0.53,0.5,0.030000000000000027,113.155,172.258,208.865
fifwc-esp-arg-2026-07-19,fifwc-esp-arg-2026-07-19-more-markets,Spain vs. Argentina - More Markets,2945105,soccer_second_half_team_totals,Argentina 2nd Half O/U 1.5,Spain vs. Argentina: Argentina 2nd Half O/U 1.5,Over,Under,14090414867213601216283145748185145494315708392841298221526070196228320296777,64203328213015463833700376139427632118992131164009350251096059850188856895364,105.788332,58257.9925,0.12,0.15,0.05,0.01,True,0.15,0.12,0.03,58.010999999999996,113.1694,47.3784,0.88,0.85,0.030000000000000027,347.4416,705.0582999999999,328.729
fifwc-esp-arg-2026-07-19,fifwc-esp-arg-2026-07-19-total-corners,Spain vs. Argentina - Total Corners,2942086,total_corners,Total Corners: O/U 10.5,Spain vs. Argentina: O/U 10.5 Total Corners,Over,Under,100884929291058386486272562949288505573410161134361262436569204241548679514194,8798078604207564628901160346846366718740102821554595865956679542950175847197,14930.115309,74448.2768,0.23,0.24,0.05,0.01,True,0.24,0.23,0.009999999999999981,884.3136,1943.9053999999999,101.66000000000001,0.77,0.76,0.010000000000000009,340.34000000000003,3304.3259000000003,2800.3264
fifwc-esp-arg-2026-07-19,fifwc-esp-arg-2026-07-19-total-corners,Spain vs. Argentina - Total Corners,2942087,total_corners,Total Corners: O/U 7.5,Spain vs. Argentina: O/U 7.5 Total Corners,Over,Under,62297234945470202633521042925717694851731938289986095644136689608717831573280,14779115833904937674097764073453701387964631439951402547450795360800782701769,5981.694974000001,79233.2411,0.57,0.58,0.05,0.01,True,0.58,0.57,0.010000000000000009,404.4224,2006.7162999999998,2.8499999999999996,0.43,0.42,0.010000000000000009,2.15,1168.8531,292.8576
fifwc-esp-arg-2026-07-19,fifwc-esp-arg-2026-07-19-total-corners,Spain vs. Argentina - Total Corners,2942088,total_corners,Total Corners: O/U 6.5,Spain vs. Argentina: O/U 6.5 Total Corners,Over,Under,13791465386744541708008749529499707759399538147853478212698226131258167266843,98200721663470256841583863300165128793984043179730926032160921349858910509985,5166.890809999996,90552.9759,0.71,0.72,0.05,0.01,True,0.72,0.71,0.010000000000000009,328.392,482.212,487.9972,0.29,0.28,0.009999999999999953,199.3228,655.0483,127.70800000000001
fifwc-esp-arg-2026-07-19,fifwc-esp-arg-2026-07-19-total-corners,Spain vs. Argentina - Total Corners,2942089,total_corners,Total Corners: O/U 9.5,Spain vs. Argentina: O/U 9.5 Total Corners,Over,Under,58099927348932613457612110542604695170841031065893301089162724368076781554350,33828905686744352504401030470185377424515449695732960804300825727635006324623,2945.680186,79806.453,0.32,0.33,0.05,0.01,True,0.33,0.32,0.010000000000000009,263.3664,1016.5305000000001,286.672,0.68,0.67,0.010000000000000009,609.1780000000001,2235.0245,534.7136
fifwc-esp-arg-2026-07-19,fifwc-esp-arg-2026-07-19-total-corners,Spain vs. Argentina - Total Corners,2942090,total_corners,Total Corners: O/U 12.5,Spain vs. Argentina: O/U 12.5 Total Corners,Over,Under,8840952442716169572853510450574377895501391340133938674787209180474930429943,69083233201292256218742801149657862987331957887808317053951484291136696607294,1483.276355,61370.9644,0.1,0.11,0.05,0.01,True,0.11,0.1,0.009999999999999995,7.7858,35.1151,39.072,0.9,0.89,0.010000000000000009,351.648,508.78400000000005,62.9942
fifwc-esp-arg-2026-07-19,fifwc-esp-arg-2026-07-19-total-corners,Spain vs. Argentina - Total Corners,2942091,total_corners,Total Corners: O/U 11.5,Spain vs. Argentina: O/U 11.5 Total Corners,Over,Under,114407872046271014049974812468345324983840270246338723559484175155285594720118,5276805451642985851441312018990805778197884630819859950202836307326431497186,314.28054,61713.777,0.13,0.14,0.05,0.01,True,0.14,0.13,0.010000000000000009,42.309400000000004,71.10940000000001,297.31,0.87,0.86,0.010000000000000009,1989.69,6467.1037,259.9006
fifwc-esp-arg-2026-07-19,fifwc-esp-arg-2026-07-19-total-corners,Spain vs. Argentina - Total Corners,2942092,total_corners,Total Corners: O/U 8.5,Spain vs. Argentina: O/U 8.5 Total Corners,Over,Under,37324691714507346241532363779598036161789194798773486258397943227545658009856,8982543254857777962338153839341664154429126981415171735057756857901145514789,8449.404262,98297.9752,0.43,0.44,0.05,0.01,True,0.44,0.43,0.010000000000000009,343.0812,3409.4501,2167.5612,0.57,0.56,0.009999999999999898,2873.2788,6436.9936,436.64880000000005
fifwc-esp-arg-2026-07-19,fifwc-esp-arg-2026-07-19-total-corners,Spain vs. Argentina - Total Corners,2942093,soccer_first_half_total_corners,1st Half Total Corners: O/U 3.5,Spain vs. Argentina: 1st Half O/U 3.5 Total Corners,Over,Under,100002411886865891295169984829739899620779696243692635352330027637284200504726,58466313991005930067827911937419510174032031450766071388165026237975906922232,747.0562659999998,71284.4242,0.52,0.53,0.05,0.01,True,0.53,0.52,0.010000000000000009,321.9273,3194.7273,70.12720000000002,0.48,0.47,0.010000000000000009,64.7328,984.3828,285.48269999999997
fifwc-esp-arg-2026-07-19,fifwc-esp-arg-2026-07-19-total-corners,Spain vs. Argentina - Total Corners,2942094,soccer_first_half_total_corners,1st Half Total Corners: O/U 4.5,Spain vs. Argentina: 1st Half O/U 4.5 Total Corners,Over,Under,18035517577195560264196283974031009861538528743965343122238515888260329341310,92948244477302759140376469587916981027967522994120032845178303285800028809076,617.567541,52340.2764,0.39,0.41,0.05,0.01,True,0.41,0.39,0.019999999999999962,267.3979,453.73929999999996,39.0,0.61,0.59,0.020000000000000018,61.0,211.6791,384.7921
fifwc-esp-arg-2026-07-19,fifwc-esp-arg-2026-07-19-total-corners,Spain vs. Argentina - Total Corners,2942095,soccer_first_half_total_corners,1st Half Total Corners: O/U 5.5,Spain vs. Argentina: 1st Half O/U 5.5 Total Corners,Over,Under,9885798250696592520803250131303664831322372676139008411884414081512223313757,85453085778552269777006138501584690473974296678744991874397268267214270455365,0,26283.0799,0.2,0.23,0.05,0.01,True,0.23,0.2,0.03,126.63340000000001,245.887,109.96600000000001,0.8,0.77,0.030000000000000027,439.86400000000003,1804.888,423.94660000000005
fifwc-esp-arg-2026-07-19,fifwc-esp-arg-2026-07-19-total-corners,Spain vs. Argentina - Total Corners,2942096,soccer_second_half_total_corners,2nd Half Total Corners: O/U 3.5,Spain vs. Argentina: 2nd Half O/U 3.5 Total Corners,Over,Under,11229308529538595873670320349867547005156407317938860193693224935549066827409,62860820207623726522472022353297322767207473867060139730030432342477378616421,0,37183.1836,0.54,0.75,0.05,0.01,True,0.77,0.54,0.22999999999999998,10.040799999999999,16.5662,51.84,0.46,0.23,0.23,44.160000000000004,208.0128,2.9992
fifwc-esp-arg-2026-07-19,fifwc-esp-arg-2026-07-19-total-corners,Spain vs. Argentina - Total Corners,2942097,soccer_second_half_total_corners,2nd Half Total Corners: O/U 4.5,Spain vs. Argentina: 2nd Half O/U 4.5 Total Corners,Over,Under,106283053712737944756413005220645896427336132115117742611837159494646990271871,115002775570846373692496749840505738262097245751768345375595109604801619716229,260.587315,23317.1239,0.39,0.41,0.05,0.01,True,0.41,0.39,0.019999999999999962,97.2561,238.9027,91.1898,0.61,0.59,0.020000000000000018,142.6302,362.9986,139.9539
fifwc-esp-arg-2026-07-19,fifwc-esp-arg-2026-07-19-total-corners,Spain vs. Argentina - Total Corners,2942098,soccer_second_half_total_corners,2nd Half Total Corners: O/U 5.5,Spain vs. Argentina: 2nd Half O/U 5.5 Total Corners,Over,Under,111124822249406526633264627712279512035909665825351985214210548572495493981125,102481956828121692073562746719346122993834543128990489492218502912139386167551,6.57,18475.8252,0.19,0.46,0.05,0.01,True,0.49,0.2,0.29,6.125,31.125,3.0,0.8,0.51,0.29000000000000004,12.0,372.31949999999995,6.375
fifwc-esp-arg-2026-07-19,fifwc-esp-arg-2026-07-19-total-corners,Spain vs. Argentina - Total Corners,2942099,soccer_game_corners_odd_even,Total Corners: Odd or Even,Spain vs. Argentina: Total Corners Odd or Even?,Odd,Even,81809511806554974166286568783499827532552959829603561077517915052533031770154,105960501251774976052199588859640117732301380264276021710505073760419980166278,22.585521,69212.4039,0.49,0.51,0.05,0.01,True,0.51,0.49,0.020000000000000018,1563.7671,1925.6975,1537.1545,0.51,0.49,0.020000000000000018,1599.8955,1962.3615,1502.4429
fifwc-esp-arg-2026-07-19,fifwc-esp-arg-2026-07-19-total-corners,Spain vs. Argentina - Total Corners,2942100,soccer_first_corner,Team to Take First Corner,Spain vs. Argentina: Team to Take First Corner,Spain,Argentina,31595967430498868585284413010824898428939213635137025005528628849047204566740,111927034294414814148418310856833862955545046236397110012497951576440635979318,663.1743359999999,75430.0092,0.58,0.59,0.05,0.01,True,0.59,0.58,0.010000000000000009,11.799999999999999,85.2257,56.521,0.42,0.41,0.010000000000000009,40.929,63.7958,8.2
fifwc-esp-arg-2026-07-19,fifwc-esp-arg-2026-07-19-total-corners,Spain vs. Argentina - Total Corners,2946990,soccer_team_total_corners,Argentina Corners: O/U 2.5,Spain vs. Argentina: Argentina O/U 2.5 Corners,Over,Under,72164062249793291578608214883711982844092559582793359301320880603209932317832,70375785804026815163955590251138965820153179223818322191633992489025444270021,630.8975899999999,22645.975,0.66,0.68,0.05,0.01,True,0.68,0.66,0.020000000000000018,175.4944,802.8385,14.4936,0.34,0.32,0.020000000000000018,7.466400000000001,256.1799,82.5856
fifwc-esp-arg-2026-07-19,fifwc-esp-arg-2026-07-19-total-corners,Spain vs. Argentina - Total Corners,2946992,soccer_team_total_corners,Argentina Corners: O/U 3.5,Spain vs. Argentina: Argentina O/U 3.5 Corners,Over,Under,73444950382569205967688503620310621230483251152362611391429647026586427856542,16402754311795384837394642803522713215117597874310160959626471402838898685890,8363.592347000002,69599.0078,0.48,0.5,0.05,0.01,True,0.5,0.48,0.020000000000000018,901.46,2129.1829000000002,472.32,0.52,0.5,0.020000000000000018,511.68,1967.5182000000002,901.46
fifwc-esp-arg-2026-07-19,fifwc-esp-arg-2026-07-19-total-corners,Spain vs. Argentina - Total Corners,2946994,soccer_team_total_corners,Argentina Corners: O/U 4.5,Spain vs. Argentina: Argentina O/U 4.5 Corners,Over,Under,3796172721600717202755466600225929888362314613195263348371083384271541719892,28702343548331938994450854595757632572728703046703053639373528332859073266202,1477.9491819999998,23004.0097,0.32,0.33,0.05,0.01,True,0.33,0.32,0.010000000000000009,125.4,431.9,360.944,0.68,0.67,0.010000000000000009,767.0060000000001,867.2250000000001,254.60000000000002
fifwc-esp-arg-2026-07-19,fifwc-esp-arg-2026-07-19-total-corners,Spain vs. Argentina - Total Corners,2946996,soccer_team_total_corners,Spain Corners: O/U 3.5,Spain vs. Argentina: Spain O/U 3.5 Corners,Over,Under,87627593236447009326283483113573690968807285694678985718420516764750262539249,47051696656187637496372034973741634338728567334606972612524314572135804902048,41.241825000000006,24381.0509,0.66,0.73,0.05,0.01,True,0.71,0.66,0.04999999999999993,170.2722,503.2051,156.98760000000001,0.34,0.29,0.050000000000000044,80.87240000000001,332.8734,69.5478
fifwc-esp-arg-2026-07-19,fifwc-esp-arg-2026-07-19-total-corners,Spain vs. Argentina - Total Corners,2946998,soccer_team_total_corners,Spain Corners: O/U 4.5,Spain vs. Argentina: Spain O/U 4.5 Corners,Over,Under,60932047582050241065510309315321185045507415646740524014918345521551849870703,40609539806272242140326847904779599128430638391059108864174666488512356918008,959.430766,64121.5204,0.48,0.49,0.05,0.01,True,0.49,0.48,0.010000000000000009,363.1096,414.1096,929.28,0.52,0.51,0.010000000000000009,1006.72,1582.9206,377.93039999999996
fifwc-esp-arg-2026-07-19,fifwc-esp-arg-2026-07-19-total-corners,Spain vs. Argentina - Total Corners,2946999,soccer_team_total_corners,Spain Corners: O/U 5.5,Spain vs. Argentina: Spain O/U 5.5 Corners,Over,Under,33309267699294782071644632716412252377320253789657448064102675280167855522671,6912275855618446281389162769306175284789176005615916103308565172144990897087,307.09,23679.6471,0.36,0.39,0.05,0.01,True,0.39,0.36,0.030000000000000027,294.8439,401.40790000000004,35.0928,0.64,0.61,0.030000000000000027,62.38720000000001,395.04170000000005,461.1661
fifwc-esp-arg-2026-07-19,fifwc-esp-arg-2026-07-19-player-props,Spain vs. Argentina - Player Props,2943686,soccer_player_goalkeeper_saves,David Raya: 2+ saves,David Raya: 2+ saves,Yes,No,39949099385493501611733331213639619409584953774981095679540370987953051472104,17924491596589075976729976036992442764670723569279519265166490575951537401421,0,108.1585,0.01,0.77,0.05,0.01,True,0.77,0.01,0.76,334.7806,334.7806,0.1,0.99,0.23,0.76,9.9,9.9,99.9994
fifwc-esp-arg-2026-07-19,fifwc-esp-arg-2026-07-19-player-props,Spain vs. Argentina - Player Props,2943688,soccer_player_goalkeeper_saves,David Raya: 3+ saves,David Raya: 3+ saves,Yes,No,36988753783723752091639612008488951540283296947661745914801431645242096203129,115532626142313927461775745971979071509617704061524712572364329213373024080150,0,114.2184,0.01,0.63,0.05,0.01,True,0.63,0.01,0.62,170.27009999999999,170.27009999999999,0.1,0.99,0.37,0.62,9.9,9.9,99.9999
fifwc-esp-arg-2026-07-19,fifwc-esp-arg-2026-07-19-player-props,Spain vs. Argentina - Player Props,2943689,soccer_player_goalkeeper_saves,David Raya: 4+ saves,David Raya: 4+ saves,Yes,No,85866015367527069080396541996615969690076274401580569626097936237867982676257,45514150179443383274571778561739161906492928107535744222138007472623385843248,0,112.3046,0.01,0.45,0.05,0.01,True,0.45,0.01,0.44,81.81450000000001,81.81450000000001,0.1,0.99,0.55,0.43999999999999995,9.9,9.9,99.9955
fifwc-esp-arg-2026-07-19,fifwc-esp-arg-2026-07-19-player-props,Spain vs. Argentina - Player Props,2943692,soccer_player_goalkeeper_saves,David Raya: 5+ saves,David Raya: 5+ saves,Yes,No,2544294834117918730823197950932814219109455619001244730870991320270135431655,104392627401988207669717437741419365194589185307975810045142534442755509066819,0,116.4421,0.01,0.34,0.05,0.01,True,0.34,0.01,0.33,51.5134,51.5134,0.1,0.99,0.66,0.32999999999999996,9.9,9.9,99.9966
fifwc-esp-arg-2026-07-19,fifwc-esp-arg-2026-07-19-player-props,Spain vs. Argentina - Player Props,2943694,soccer_player_goalkeeper_saves,Juan Musso: 2+ saves,Juan Musso: 2+ saves,Yes,No,48932856069105025035980283452602475106308627350129463918945008350409560749448,16260627631258635535096029108958097635488028587457726794640082082493292092532,0,150.8294,0.01,0.87,0.05,0.01,True,0.86,0.01,0.85,86.0,761.5898,0.1,0.99,0.14,0.85,9.9,9.9,14.000000000000002
fifwc-esp-arg-2026-07-19,fifwc-esp-arg-2026-07-19-player-props,Spain vs. Argentina - Player Props,2943696,soccer_player_goalkeeper_saves,Juan Musso: 3+ saves,Juan Musso: 3+ saves,Yes,No,15341244262148977522933559842968425581930451889508956028982918740176584227332,46442306085421483082225752654980537027320458786425678618790573438994902531100,0,116.6585,0.01,0.78,0.05,0.01,True,0.78,0.01,0.77,354.5412,354.5412,0.1,0.99,0.22,0.77,9.9,9.9,99.9988
fifwc-esp-arg-2026-07-19,fifwc-esp-arg-2026-07-19-player-props,Spain vs. Argentina - Player Props,2943698,soccer_player_goalkeeper_saves,Juan Musso: 4+ saves,Juan Musso: 4+ saves,Yes,No,19396633055299427896043316007542634032193119612771385776121321080915945400293,1977064054262081446871596806474629012011426725557203592239791358373574234021,2.44,118.1292,0.01,0.6,0.05,0.01,True,0.6,0.01,0.59,150.0,150.0,0.1,0.99,0.4,0.59,9.9,9.9,100.0
fifwc-esp-arg-2026-07-19,fifwc-esp-arg-2026-07-19-player-props,Spain vs. Argentina - Player Props,2943700,soccer_player_goalkeeper_saves,Juan Musso: 5+ saves,Juan Musso: 5+ saves,Yes,No,107250327000203249371892208903428987887439391254973405011511606126321524047742,48935763432314771351531655580720486995528854947329085204509848829796423437664,1.21,198.0985,0.01,0.18,0.05,0.01,True,0.18,0.01,0.16999999999999998,8.1,8.1,0.1,0.99,0.82,0.17000000000000004,9.9,9.9,36.9
fifwc-esp-arg-2026-07-19,fifwc-esp-arg-2026-07-19-player-props,Spain vs. Argentina - Player Props,2944080,soccer_player_goals,Alex Baena: 1+ goals,Alex Baena: 1+ goals,Yes,No,12708468417309426009778963679179328305720397616739088464388142615393086078715,10231879245014922207244823236877756303305234600573547408288214927835817629195,28.651676000000002,33339.4236,0.11,0.13,0.05,0.01,True,0.13,0.11,0.020000000000000004,106.20870000000001,165.19770000000003,26.525399999999998,0.89,0.87,0.020000000000000018,214.6146,331.2366,710.7813
fifwc-esp-arg-2026-07-19,fifwc-esp-arg-2026-07-19-player-props,Spain vs. Argentina - Player Props,2944082,soccer_player_goals,Alex Baena: 2+ goals,Alex Baena: 2+ goals,Yes,No,25483689701888514269522333360205653501139194814857246463270692269152382179819,89767899926687583231451878269386835427088779702972702810153300265452101799469,0,24174.4988,0.01,0.19,0.05,0.001,True,0.19,0.01,0.18,2.5783,2.5783,0.1,0.99,0.81,0.17999999999999994,9.9,2322.285,10.991700000000002
fifwc-esp-arg-2026-07-19,fifwc-esp-arg-2026-07-19-player-props,Spain vs. Argentina - Player Props,2944084,soccer_player_goals,Alexis Mac Allister: 1+ goals,Alexis Mac Allister: 1+ goals,Yes,No,15438493061808193022388097487412428148475673062720676947542756518009118824436,29768024340990717608835586722200131197343250336113936213313949015927438256437,3442.269643,61936.3022,0.08,0.09,0.05,0.01,True,0.09,0.08,0.009999999999999995,226.33649999999997,2847.7066999999997,68.2208,0.92,0.91,0.010000000000000009,784.5392,3469.2039,2288.5135
fifwc-esp-arg-2026-07-19,fifwc-esp-arg-2026-07-19-player-props,Spain vs. Argentina - Player Props,2944086,soccer_player_goals,Alexis Mac Allister: 2+ goals,Alexis Mac Allister: 2+ goals,Yes,No,77279935813953871016940339337903779821685924823741557044526236777076306721926,21223102193278243537289708987706691655516823854935058984713225928529246235935,0,24096.16055,0.01,0.098,0.05,0.001,True,0.098,0.01,0.08800000000000001,1.21128,26.04297,0.1,0.99,0.902,0.08799999999999997,9.9,5324.28,11.148719999999999
fifwc-esp-arg-2026-07-19,fifwc-esp-arg-2026-07-19-player-props,Spain vs. Argentina - Player Props,2944089,soccer_player_goals,Dani Olmo: 1+ goals,Dani Olmo: 1+ goals,Yes,No,60102933211761985323463364727308956972160313844995355747095836226764529443832,7170847150127900219874258954996477102834363391101552115179367854584846140491,1915.831665,84886.0731,0.15,0.16,0.05,0.01,True,0.16,0.15,0.010000000000000009,1096.0464,4802.7459,446.98049999999995,0.85,0.84,0.010000000000000009,2532.8894999999998,8673.2554,5754.2436
fifwc-esp-arg-2026-07-19,fifwc-esp-arg-2026-07-19-player-props,Spain vs. Argentina - Player Props,2944091,soccer_player_goals,Dani Olmo: 2+ goals,Dani Olmo: 2+ goals,Yes,No,27632102439595358216531959184809040017609855273799343357873361641033181795051,31313882058121744832829270097582642444287288692376992555696120498238482662242,0,48840.62541,0.01,0.039,0.05,0.001,True,0.039,0.01,0.028999999999999998,637.65,726.264,0.1,0.99,0.961,0.029000000000000026,9.9,2322.285,15712.349999999999
fifwc-esp-arg-2026-07-19,fifwc-esp-arg-2026-07-19-player-props,Spain vs. Argentina - Player Props,2944094,soccer_player_goals,Enzo Fernández: 1+ goals,Enzo Fernández: 1+ goals,Yes,No,98408483511989914854271558620181629127354948209599513392836841910467903526872,57541953489183073550684676957263929394265029288570625696355048450179087424878,2209.7221939999995,72037.3555,0.1,0.11,0.05,0.01,True,0.11,0.1,0.009999999999999995,562.7875,2741.6525,238.09699999999998,0.9,0.89,0.010000000000000009,2142.873,3740.5268,4553.4625
fifwc-esp-arg-2026-07-19,fifwc-esp-arg-2026-07-19-player-props,Spain vs. Argentina - Player Props,2944096,soccer_player_goals,Enzo Fernández: 2+ goals,Enzo Fernández: 2+ goals,Yes,No,79650570211915629298532721190373724045436348661405885055283695777674298951335,73477998993620903518039146798905691712680254061672559990666988956582659923747,944,47400.5565,0.016,0.018,0.05,0.001,True,0.018,0.016,0.0019999999999999983,1.26,226.78,7.088,0.984,0.982,0.0020000000000000018,435.912,7876.825,68.74
fifwc-esp-arg-2026-07-19,fifwc-esp-arg-2026-07-19-player-props,Spain vs. Argentina - Player Props,2944098,soccer_player_goals,Fabián Ruiz: 1+ goals,Fabián Ruiz: 1+ goals,Yes,No,97344929596292899697349035549836424978755357921722555664922131675913164444466,36537864615688050904363993921410339808196606294788222739036829127005790414342,1419.2340439999998,36368.3935,0.09,0.1,0.05,0.01,True,0.1,0.09,0.010000000000000009,17.436000000000003,74.6688,479.1231,0.91,0.9,0.010000000000000009,4844.4669,5190.1425,156.924
fifwc-esp-arg-2026-07-19,fifwc-esp-arg-2026-07-19-player-props,Spain vs. Argentina - Player Props,2944099,soccer_player_goals,Fabián Ruiz: 2+ goals,Fabián Ruiz: 2+ goals,Yes,No,100468217094190304194826504665333873643568724779448125631285283396993775335338,102994691486892814127262843182511954689501343984010804335140384186602425599919,0,31754.47559,0.01,0.049,0.05,0.001,True,0.048,0.01,0.038,18.46896,84.3634,0.15,0.99,0.952,0.038000000000000034,14.85,2327.2349999999997,366.30103999999994
fifwc-esp-arg-2026-07-19,fifwc-esp-arg-2026-07-19-player-props,Spain vs. Argentina - Player Props,2944100,soccer_player_goals,Ferrán Torres: 1+ goals,Ferrán Torres: 1+ goals,Yes,No,21106239258988315501197345623445701698528896134058574853274141245873798087599,42483489427518049676218390993851571380210940560173173901447686186369257129856,887.6751069999999,22863.9656,0.15,0.17,0.05,0.01,True,0.17,0.15,0.020000000000000018,117.80660000000002,208.397,90.24749999999999,0.85,0.83,0.020000000000000018,511.4025,4884.591799999999,575.1734
fifwc-esp-arg-2026-07-19,fifwc-esp-arg-2026-07-19-player-props,Spain vs. Argentina - Player Props,2944101,soccer_player_goals,Ferrán Torres: 2+ goals,Ferrán Torres: 2+ goals,Yes,No,13007573611288301487344647412613904983778596903688911881276011122372646634547,21489948873755368231679987498326556258287292685537883677238639317872875841929,0,15767.2998,0.01,0.043,0.05,0.001,True,0.042,0.01,0.032,18.86094,38.88402,0.1,0.99,0.958,0.03200000000000003,9.9,2322.285,430.20905999999997
fifwc-esp-arg-2026-07-19,fifwc-esp-arg-2026-07-19-player-props,Spain vs. Argentina - Player Props,2944102,soccer_player_goals,Ferrán Torres: 3+ goals,Ferrán Torres: 3+ goals,Yes,No,31646542616248731765626184444722540254410799770287755470472164142492598415715,90185296609608553692733177514906569288623740405280228577810877898388876193697,14.9914,23882.85871,0.002,0.02,0.05,0.001,True,0.02,0.002,0.018000000000000002,222.442,250.3502,1.0933599999999999,0.998,0.98,0.018000000000000016,545.58664,2563.56664,10899.658
fifwc-esp-arg-2026-07-19,fifwc-esp-arg-2026-07-19-player-props,Spain vs. Argentina - Player Props,2944103,soccer_player_goals,Gavi Paez: 1+ goals,Gavi Paez: 1+ goals,Yes,No,10666510663543829248174961621423203869497008761737335477473422976075702254597,82707590693513115172777720493750069186402913910185843101563308561148758026427,0,12518.72697,0.01,0.03,0.05,0.001,True,0.03,0.01,0.019999999999999997,9.1389,21.927059999999997,0.1,0.99,0.97,0.020000000000000018,9.9,2820.985,295.49109999999996
fifwc-esp-arg-2026-07-19,fifwc-esp-arg-2026-07-19-player-props,Spain vs. Argentina - Player Props,2944104,soccer_player_goals,Gavi Paez: 2+ goals,Gavi Paez: 2+ goals,Yes,No,85509668569411531211113270541741864319460733729601428850411539743821006677792,108387709733360306489195433832055913781445024120673691367605042078138553077913,65,169.5626,,0.09,0.05,0.01,True,0.09,,,4.5,14.5,0,,0.91,,0,0,45.5
fifwc-esp-arg-2026-07-19,fifwc-esp-arg-2026-07-19-player-props,Spain vs. Argentina - Player Props,2944105,soccer_player_goals,Giovani Lo Celso: 1+ goals,Giovani Lo Celso: 1+ goals,Yes,No,65372037794860838003912783955936200829684475346438926306949505910117574614358,54783562614037307612281842476561981462807626961582680233642791936953000267936,0,6389.8226,0.01,0.07,0.05,0.01,True,0.07,0.01,0.060000000000000005,0.37590000000000007,0.37590000000000007,3.15,0.99,0.93,0.05999999999999994,311.85,311.85,4.9941
fifwc-esp-arg-2026-07-19,fifwc-esp-arg-2026-07-19-player-props,Spain vs. Argentina - Player Props,2944106,soccer_player_goals,Giovani Lo Celso: 2+ goals,Giovani Lo Celso: 2+ goals,Yes,No,39111965355363515550531779714051193510832703950514315511047059849751745464301,2501319880639347676677035954367928157999879620708067917779015412657842150537,15,165.6427,,0.09,0.05,0.01,True,0.09,,,4.5,14.5,0,,0.91,,0,0,45.5
fifwc-esp-arg-2026-07-19,fifwc-esp-arg-2026-07-19-player-props,Spain vs. Argentina - Player Props,2944107,soccer_player_goals,Giuliano Simeone: 1+ goals,Giuliano Simeone: 1+ goals,Yes,No,9133924521588475798395427143476050343830134286578689273477948275226602071881,85777070803921630553991155822620494207126731661254451725949922565643933629130,36.45066,14277.539,0.091,0.1,0.05,0.001,True,0.1,0.091,0.009000000000000008,54.62100000000001,79.73442,27.209,0.909,0.9,0.009000000000000008,271.791,567.3705,491.58900000000006
fifwc-esp-arg-2026-07-19,fifwc-esp-arg-2026-07-19-player-props,Spain vs. Argentina - Player Props,2944109,soccer_player_goals,Giuliano Simeone: 2+ goals,Giuliano Simeone: 2+ goals,Yes,No,6724759683418295962641508110392478160388659318547116133211644439111710090709,89237845170386166561946041015991778777952363126427998184027895697756942749874,20.5025,10106.2999,,0.09,0.05,0.01,True,0.09,,,4.5,14.5,0,,0.91,,0,0,45.5
fifwc-esp-arg-2026-07-19,fifwc-esp-arg-2026-07-19-player-props,Spain vs. Argentina - Player Props,2944111,soccer_player_goals,Julián Álvarez: 1+ goals,Julián Álvarez: 1+ goals,Yes,No,43162746682402475901747424544397957659619103573598680370514625998434352505275,24957223440611126748760372100954394109668349135461576917495622907103019272357,2829.534483,42802.718,0.18,0.19,0.05,0.01,True,0.19,0.18,0.010000000000000009,112.7403,884.5634999999999,648.1296,0.82,0.81,0.009999999999999898,2952.5903999999996,5106.7164999999995,480.6297
fifwc-esp-arg-2026-07-19,fifwc-esp-arg-2026-07-19-player-props,Spain vs. Argentina - Player Props,2944113,soccer_player_goals,Julián Álvarez: 2+ goals,Julián Álvarez: 2+ goals,Yes,No,64692988650668169231302376737536727861513807850625670715412623798091453153963,43652743627315153504677743366947007562270519335262923837207984709994963674317,609.391303,36792.15158,0.035,0.046,0.05,0.001,True,0.046,0.035,0.010999999999999996,8.0316,1187.0836,41.25415,0.965,0.954,0.01100000000000001,1137.43585,1518.13408,166.5684
fifwc-esp-arg-2026-07-19,fifwc-esp-arg-2026-07-19-player-props,Spain vs. Argentina - Player Props,2944115,soccer_player_goals,Julián Álvarez: 3+ goals,Julián Álvarez: 3+ goals,Yes,No,40997326657911644589011207394310622424956261516952423579047619477169700532667,63619820826796885167117058683936899675889798233882909067542925182308030358532,185.908565,55468.21881,0.01,0.012,0.05,0.001,True,0.012,0.01,0.002,264.66396000000003,493.00896,0.0070999999999999995,0.99,0.988,0.0020000000000000018,0.7029,2786.65886,21790.66604
fifwc-esp-arg-2026-07-19,fifwc-esp-arg-2026-07-19-player-props,Spain vs. Argentina - Player Props,2944118,soccer_player_goals,Lamine Yamal: 1+ goals,Lamine Yamal: 1+ goals,Yes,No,5347578882944882694678528183311777683806516836615678544993224689174263151458,85057396839772721934787014013700960885045146047829222755491682292373251885758,71548.15010399996,176920.8567,0.23,0.24,0.05,0.01,True,0.24,0.23,0.009999999999999981,1055.2632,39051.3338,1768.1802,0.77,0.76,0.010000000000000009,5804.0598,21814.289800000002,3341.6668000000004
fifwc-esp-arg-2026-07-19,fifwc-esp-arg-2026-07-19-player-props,Spain vs. Argentina - Player Props,2944120,soccer_player_goals,Lamine Yamal: 2+ goals,Lamine Yamal: 2+ goals,Yes,No,76484701671377331927476414503827082203481886895409022433767823537793245254479,23522935290131553060296641678025826070257086266633129734958389152592692099218,14025.603936999996,175671.02719,0.046,0.049,0.05,0.001,True,0.049,0.046,0.0030000000000000027,11.517940000000001,8685.69802,82.87406,0.954,0.951,0.0030000000000000027,1718.7359399999998,10419.92599,223.54206
fifwc-esp-arg-2026-07-19,fifwc-esp-arg-2026-07-19-player-props,Spain vs. Argentina - Player Props,2944122,soccer_player_goals,Lamine Yamal: 3+ goals,Lamine Yamal: 3+ goals,Yes,No,82780017491529141803195497515270438235623162100085810628433413589868252119954,94608752590997580660424202297420345564475666629792870303134154442161598699274,2996.1015079999997,187371.96577,0.004,0.008,0.05,0.001,True,0.008,0.004,0.004,827.8960000000001,1494.5469200000002,273.6598,0.996,0.992,0.0040000000000000036,68141.2902,71928.7192,102659.10399999999
fifwc-esp-arg-2026-07-19,fifwc-esp-arg-2026-07-19-player-props,Spain vs. Argentina - Player Props,2944125,soccer_player_goals,Lautaro Martínez: 1+ goals,Lautaro Martínez: 1+ goals,Yes,No,86832872130034327968335279095816593397343780410118289034829391929609127618438,6032875464164973491456843952153556456078380218560672838399751108149574267119,1760.5995159999998,22796.4236,0.16,0.17,0.05,0.01,True,0.17,0.16,0.010000000000000009,21.193900000000003,73.82660000000001,274.9264,0.84,0.83,0.010000000000000009,1443.3636,1655.5919,103.4761
fifwc-esp-arg-2026-07-19,fifwc-esp-arg-2026-07-19-player-props,Spain vs. Argentina - Player Props,2944127,soccer_player_goals,Lautaro Martínez: 2+ goals,Lautaro Martínez: 2+ goals,Yes,No,80370474665837456607426580964481377868667903670357452634326762625620589942069,113795567763468850561637496636942158672468428762809588965745614914774943491558,613.970755,19074.16469,0.019,0.036,0.05,0.001,True,0.036,0.018,0.018,62.557559999999995,115.36381999999999,3.1715999999999998,0.982,0.964,0.018000000000000016,173.02839999999998,7977.97429,1675.15244
fifwc-esp-arg-2026-07-19,fifwc-esp-arg-2026-07-19-player-props,Spain vs. Argentina - Player Props,2944129,soccer_player_goals,Lautaro Martínez: 3+ goals,Lautaro Martínez: 3+ goals,Yes,No,82051141341774313788501070174364306814104714279922548997562050792198483418396,27278817272661759236536429833999785175283621662649004503033711261688254386374,30.3535,32725.47193,0.002,0.007,0.05,0.001,True,0.007,0.002,0.005,3.28699,226.68537,1.0906600000000002,0.998,0.993,0.0050000000000000044,544.2393400000001,2546.8747000000003,466.28301
fifwc-esp-arg-2026-07-19,fifwc-esp-arg-2026-07-19-player-props,Spain vs. Argentina - Player Props,2944131,soccer_player_goals,Lionel Messi: 1+ goals,Lionel Messi: 1+ goals,Yes,No,19029877229417829161248219538711554060197571112541269866129812661168175842109,44180469342130002795156991808410751235359149022913377793304893959649622439879,101194.1558120001,561524.2318,0.33,0.34,0.05,0.01,True,0.34,0.33,0.010000000000000009,4529.939,98503.1948,2347.1943,0.67,0.66,0.010000000000000009,4765.5157,21139.4657,8793.411
fifwc-esp-arg-2026-07-19,fifwc-esp-arg-2026-07-19-player-props,Spain vs. Argentina - Player Props,2944133,soccer_player_goals,Lionel Messi: 2+ goals,Lionel Messi: 2+ goals,Yes,No,4973350921975507113784969909123792135948444557772131942129422318975040738410,112424074339427804803602856744467829101862501898772723494965160476701637918035,161070.76627499989,566891.2573,0.07,0.08,0.05,0.01,True,0.08,0.07,0.009999999999999995,9074.7672,53275.3249,1314.1212,0.93,0.92,0.010000000000000009,17459.038800000002,29939.028000000002,104359.8228
fifwc-esp-arg-2026-07-19,fifwc-esp-arg-2026-07-19-player-props,Spain vs. Argentina - Player Props,2944135,soccer_player_goals,Lionel Messi: 3+ goals,Lionel Messi: 3+ goals,Yes,No,70270189157563908665663263008952559183623106122239670308645649842365943377434,45485145569077345298784369797861963083089045830175941116363083679383868433332,214077.25296099897,301547.76678,0.018,0.019,0.05,0.001,True,0.019,0.018,0.0010000000000000009,454.65252000000004,7111.42652,177.83208,0.982,0.981,0.0010000000000000009,9701.72792,62235.82974,23474.427480000002
fifwc-esp-arg-2026-07-19,fifwc-esp-arg-2026-07-19-player-props,Spain vs. Argentina - Player Props,2944137,soccer_player_goals,Mikel Merino: 1+ goals,Mikel Merino: 1+ goals,Yes,No,66445872446328946234282016822089157642146517512006600936480917756531457617127,105029163163978007398266829652044213851860417906087349994744886518312934557844,3685.528980000001,36689.73,0.17,0.18,0.05,0.01,True,0.18,0.17,0.009999999999999981,3115.4346,4845.1219,397.1829,0.83,0.82,0.010000000000000009,1939.1870999999999,2961.1175999999996,14192.5354
fifwc-esp-arg-2026-07-19,fifwc-esp-arg-2026-07-19-player-props,Spain vs. Argentina - Player Props,2944138,soccer_player_goals,Mikel Merino: 2+ goals,Mikel Merino: 2+ goals,Yes,No,18459207340761931245593664310436937977070055748222452828708860827626798666270,45730366610265360849556303179651038218677204874445440075867662668521860472608,120.2505,17053.57163,0.003,0.026,0.05,0.001,True,0.026,0.003,0.023,10.8485,58.9075,1.5374700000000001,0.997,0.974,0.02300000000000002,510.95253,3220.92954,406.4015
fifwc-esp-arg-2026-07-19,fifwc-esp-arg-2026-07-19-player-props,Spain vs. Argentina - Player Props,2944139,soccer_player_goals,Mikel Oyarzabal: 1+ goals,Mikel Oyarzabal: 1+ goals,Yes,No,77561887762780921352070654862847880349002178635448603650798666383539468738271,9179917939119324516862957664558343433573914614316057649981396231422944385419,2378.2006189999997,50462.4453,0.31,0.32,0.05,0.01,True,0.32,0.31,0.010000000000000009,2848.1376,13763.637900000002,1653.5121,0.69,0.68,0.009999999999999898,3680.3978999999995,10229.249499999998,6052.2924
fifwc-esp-arg-2026-07-19,fifwc-esp-arg-2026-07-19-player-props,Spain vs. Argentina - Player Props,2944140,soccer_player_goals,Mikel Oyarzabal: 2+ goals,Mikel Oyarzabal: 2+ goals,Yes,No,107825654746687251608848872768181108062199141702882849714549467100183070117485,37997440062174555855199351574011184445306101298143671238397805045610121316240,252.031611,46771.7157,0.052,0.069,0.05,0.001,True,0.069,0.052,0.017000000000000008,66.65262000000001,801.3681,14.755519999999999,0.948,0.931,0.016999999999999904,269.00448,582.36148,899.3273800000001
fifwc-esp-arg-2026-07-19,fifwc-esp-arg-2026-07-19-player-props,Spain vs. Argentina - Player Props,2944141,soccer_player_goals,Mikel Oyarzabal: 3+ goals,Mikel Oyarzabal: 3+ goals,Yes,No,111991629839664690672459430125856594975377317290957598742725171836224802947859,111126086592842814015990206661690355147064246000273015043057445574900471158959,0,65259.49806,0.01,0.015,0.05,0.001,True,0.015,0.01,0.004999999999999999,353.58,965.4404,0.1,0.99,0.985,0.0050000000000000044,9.9,2322.285,23218.42
fifwc-esp-arg-2026-07-19,fifwc-esp-arg-2026-07-19-player-props,Spain vs. Argentina - Player Props,2944142,soccer_player_goals,Nico Williams: 1+ goals,Nico Williams: 1+ goals,Yes,No,111713349270425030165782460157631433958557983719462272127689795545856464688332,24725163987144252494734685626355267991416267850446150453823328880097283211891,34.471817,26008.4621,0.09,0.11,0.05,0.01,True,0.11,0.09,0.020000000000000004,38.241499999999995,75.65029999999999,52.695899999999995,0.91,0.89,0.020000000000000018,532.8141,982.9677,309.4085
fifwc-esp-arg-2026-07-19,fifwc-esp-arg-2026-07-19-player-props,Spain vs. Argentina - Player Props,2944143,soccer_player_goals,Nico Williams: 2+ goals,Nico Williams: 2+ goals,Yes,No,107986567041618561142385288122417227081355251085634364895666375474304389066593,1909745167151121329734436794987342980537263802821794852552839008450249573732,0,24820.32754,0.01,0.25,0.05,0.001,True,0.25,0.01,0.24,2.75,2.75,0.1,0.99,0.75,0.24,9.9,2322.285,8.25
fifwc-esp-arg-2026-07-19,fifwc-esp-arg-2026-07-19-player-props,Spain vs. Argentina - Player Props,2944144,soccer_player_goals,Nico Williams: 3+ goals,Nico Williams: 3+ goals,Yes,No,47072592305072300067825668778096727616640714330396020595121304842126245522872,55307111146054267749031118980844246336754181612352151177315135665993354015090,569.3619,32684.53449,0.003,0.013,0.05,0.001,True,0.013,0.003,0.009999999999999998,4.9448099999999995,9.19102,1.6216499999999998,0.997,0.987,0.010000000000000009,538.9283499999999,3353.85964,375.42519
fifwc-esp-arg-2026-07-19,fifwc-esp-arg-2026-07-19-player-props,Spain vs. Argentina - Player Props,2944145,soccer_player_goals,Nicolás González: 1+ goals,Nicolás González: 1+ goals,Yes,No,35237747619074851277275419983589948337455491267306007117193073750781498111193,53953383788156597081406409209263547838237660430400617011843008399522539164893,40.11111,12209.94349,0.021,0.05,0.05,0.001,True,0.05,0.021,0.029,0.263,0.263,3.0775500000000005,0.979,0.95,0.029000000000000026,143.47245,3586.44251,4.997
fifwc-esp-arg-2026-07-19,fifwc-esp-arg-2026-07-19-player-props,Spain vs. Argentina - Player Props,2944146,soccer_player_goals,Nicolás González: 2+ goals,Nicolás González: 2+ goals,Yes,No,97465101150058163870108986598966068300969526745519070094777897619865617339760,91956930837383000276206055411099621511287894167776102866105342591853868606377,20.2525,170.288,,0.09,0.05,0.01,True,0.09,,,4.5,14.5,0,,0.91,,0,0,45.5
fifwc-esp-arg-2026-07-19,fifwc-esp-arg-2026-07-19-player-props,Spain vs. Argentina - Player Props,2944147,soccer_player_goals,Nicolás Paz: 1+ goals,Nicolás Paz: 1+ goals,Yes,No,6188934682560936081640347920016304285342687649908498908092417120814402461545,13140692265508716808450407119850928771521378417274555643674853299969382835946,0,12926.9352,0.02,0.06,0.05,0.001,True,0.06,0.02,0.039999999999999994,0.31859999999999994,0.31859999999999994,5.4414,0.98,0.94,0.040000000000000036,266.6286,3941.3402,4.9914
fifwc-esp-arg-2026-07-19,fifwc-esp-arg-2026-07-19-player-props,Spain vs. Argentina - Player Props,2944148,soccer_player_goals,Nicolás Paz: 2+ goals,Nicolás Paz: 2+ goals,Yes,No,36091736372002202944127225180715026001673877480100927665254348083306996793436,53708280210411167267567273673117656205094714236736745933948628521371805767098,0,10144.545,0.01,0.13,0.05,0.01,True,0.13,0.01,0.12000000000000001,1.6406,1.6406,0.1,0.99,0.87,0.12,9.9,9.9,10.9794
fifwc-esp-arg-2026-07-19,fifwc-esp-arg-2026-07-19-player-props,Spain vs. Argentina - Player Props,2944149,soccer_player_goals,Thiago Almada: 1+ goals,Thiago Almada: 1+ goals,Yes,No,15042900714453698540814308797894972649028352346640973308193426204817899938060,1700635054850557251562328516532662920620728311864448295651696492764563155569,11.256665,10830.5706,0.013,0.11,0.05,0.001,True,0.11,0.013,0.097,0.55,1.15,0.19499999999999998,0.987,0.89,0.09699999999999998,14.805,3067.88766,4.45
fifwc-esp-arg-2026-07-19,fifwc-esp-arg-2026-07-19-player-props,Spain vs. Argentina - Player Props,2944150,soccer_player_goals,Thiago Almada: 2+ goals,Thiago Almada: 2+ goals,Yes,No,49366216843338701748324422186977293070015654517052718958940423878238336268399,22993053976829182743013307468440321893408901992943030927744647091906759526768,14.9914,177.548,,0.09,0.05,0.01,True,0.09,,,4.5,14.5,0,,0.91,,0,0,45.5
fifwc-esp-arg-2026-07-19,fifwc-esp-arg-2026-07-19-player-props,Spain vs. Argentina - Player Props,2944151,soccer_player_goals,Yeremi Pino: 1+ goals,Yeremi Pino: 1+ goals,Yes,No,113761654047291258386060934900247445556393399568425471883478719295230727648352,7342824982713942479022078789527870102906559324066917804626114040154535173638,1.0101,12288.25485,0.01,0.06,0.05,0.001,True,0.06,0.01,0.049999999999999996,0.31859999999999994,0.31859999999999994,0.1398,0.99,0.94,0.050000000000000044,13.840200000000001,2615.4802,4.9914
fifwc-esp-arg-2026-07-19,fifwc-esp-arg-2026-07-19-player-props,Spain vs. Argentina - Player Props,2944152,soccer_player_goals,Yeremi Pino: 2+ goals,Yeremi Pino: 2+ goals,Yes,No,94316288268894039561248110591323083326980714324938831594096168648019641331801,51419984579357071010978366456843315905537723380577190597577183622098316613886,21.2414,77.0914,,0.14,0.05,0.01,True,0.14,,,1.54,1.54,0,,0.86,,0,0,9.459999999999999
fifwc-esp-arg-2026-07-19,fifwc-esp-arg-2026-07-19-player-props,Spain vs. Argentina - Player Props,2944153,soccer_player_assists,Alex Baena: 1+ assists,Alex Baena: 1+ assists,Yes,No,43645483791208375943216369267154907833094659064061219261682089899203698187531,56673844014664388872413252840336256046083130871719483372473612084797932744093,0,14609.1768,0.13,0.15,0.05,0.01,True,0.15,0.13,0.01999999999999999,70.365,175.1298,60.1445,0.87,0.85,0.020000000000000018,402.5055,837.8063,398.735
fifwc-esp-arg-2026-07-19,fifwc-esp-arg-2026-07-19-player-props,Spain vs. Argentina - Player Props,2944154,soccer_player_assists,Alex Baena: 2+ assists,Alex Baena: 2+ assists,Yes,No,100386588308029712233853266901122409497656737735381029197068623551095846239872,35111078432260368233467241584046694396363628944062513512391722501226845950134,0,10254.6511,0.01,0.13,0.05,0.01,True,0.13,0.01,0.12000000000000001,1.6406,1.6406,0.1,0.99,0.87,0.12,9.9,9.9,10.9794
fifwc-esp-arg-2026-07-19,fifwc-esp-arg-2026-07-19-player-props,Spain vs. Argentina - Player Props,2944155,soccer_player_assists,Alexis Mac Allister: 1+ assists,Alexis Mac Allister: 1+ assists,Yes,No,107380468206005139118576302651998459375573969748632218832975842917741592593261,73240202162503186721205638226178091886627876989531963259881215715763561360295,12.5,16173.6759,0.05,0.08,0.05,0.01,True,0.08,0.05,0.03,23.535999999999998,49.9969,8.479000000000001,0.95,0.92,0.029999999999999916,161.101,505.7106,270.664
fifwc-esp-arg-2026-07-19,fifwc-esp-arg-2026-07-19-player-props,Spain vs. Argentina - Player Props,2944156,soccer_player_assists,Alexis Mac Allister: 2+ assists,Alexis Mac Allister: 2+ assists,Yes,No,96091935990721747640531598885161257596049002579561927200424473664388191861744,107025065264464844151101602461349672676601444415463186618241328369153369467721,25,10703.3134,0.01,0.25,0.05,0.01,True,0.25,0.01,0.24,2.75,2.75,0.1,0.99,0.75,0.24,9.9,9.9,8.25
fifwc-esp-arg-2026-07-19,fifwc-esp-arg-2026-07-19-player-props,Spain vs. Argentina - Player Props,2944157,soccer_player_assists,Dani Olmo: 1+ assists,Dani Olmo: 1+ assists,Yes,No,66050873653473201402080967192728313730111920135600511264638383000427267091349,101618957845627142109460503063281861755459644908920260321751512694088976777345,1587.4125990000002,35966.4524,0.07,0.11,0.05,0.01,True,0.11,0.07,0.039999999999999994,2.2,93.4937,32.4471,0.93,0.89,0.040000000000000036,431.0829,1036.3016,17.8
fifwc-esp-arg-2026-07-19,fifwc-esp-arg-2026-07-19-player-props,Spain vs. Argentina - Player Props,2944158,soccer_player_assists,Dani Olmo: 2+ assists,Dani Olmo: 2+ assists,Yes,No,4021346951726405845004819958856733124768225518160615381334673000519764854991,113693314426714187615979922732265468355559473656301818547167005393348268870766,0,37250.98878,0.01,0.029,0.05,0.001,True,0.029,0.01,0.019000000000000003,474.15000000000003,786.1145200000001,0.1,0.99,0.971,0.019000000000000017,9.9,2322.285,15875.85
fifwc-esp-arg-2026-07-19,fifwc-esp-arg-2026-07-19-player-props,Spain vs. Argentina - Player Props,2944159,soccer_player_assists,Enzo Fernández: 1+ assists,Enzo Fernández: 1+ assists,Yes,No,79361644427055088940338085657493148157048917870763511717709724753028116496634,71399687802995859638822432269294914460503524953346558019097329458694680803669,353.27024900000004,26372.76874,0.07,0.082,0.05,0.001,True,0.082,0.07,0.011999999999999997,15.99984,20.87784,16.7909,0.93,0.918,0.01200000000000001,223.0791,343.84766,179.12016
fifwc-esp-arg-2026-07-19,fifwc-esp-arg-2026-07-19-player-props,Spain vs. Argentina - Player Props,2944160,soccer_player_assists,Enzo Fernández: 2+ assists,Enzo Fernández: 2+ assists,Yes,No,53207645056504653084613873471140720951758033853139967636602374103039716356235,15103710583845989833810332198676663623682503999168028230611804111496926075269,0,18441.25934,0.014,0.052,0.05,0.001,True,0.051,0.014,0.037,10.63911,384.95296,3.0482199999999997,0.986,0.949,0.03700000000000003,214.68177999999997,3327.3693399999997,197.97089
fifwc-esp-arg-2026-07-19,fifwc-esp-arg-2026-07-19-player-props,Spain vs. Argentina - Player Props,2944161,soccer_player_assists,Fabián Ruiz: 1+ assists,Fabián Ruiz: 1+ assists,Yes,No,26579726879796158412969394878190348562507673010121347635720713716356303767646,113744919109328570963717789211113454911531348315404781485267997726868670608767,6.25,14649.6124,0.05,0.07,0.05,0.01,True,0.07,0.05,0.020000000000000004,13.013700000000002,43.602500000000006,10.653,0.95,0.93,0.019999999999999907,202.40699999999998,572.5621,172.8963
fifwc-esp-arg-2026-07-19,fifwc-esp-arg-2026-07-19-player-props,Spain vs. Argentina - Player Props,2944162,soccer_player_assists,Fabián Ruiz: 2+ assists,Fabián Ruiz: 2+ assists,Yes,No,67234786202504918763005271643415473908655524581659696768251056293114709670953,12163502583011721562066133881945251691331706009248330289303388549788275364886,0,10706.6292,0.01,0.25,0.05,0.01,True,0.25,0.01,0.24,2.75,2.75,0.1,0.99,0.75,0.24,9.9,9.9,8.25
fifwc-esp-arg-2026-07-19,fifwc-esp-arg-2026-07-19-player-props,Spain vs. Argentina - Player Props,2944163,soccer_player_assists,Ferrán Torres: 1+ assists,Ferrán Torres: 1+ assists,Yes,No,23469506646798155630257348407460968753616276518820701631010045995768775111384,73664816561817619173150798447172139691287973389023227317070907986754107089800,0,10825.5209,0.01,0.13,0.05,0.01,True,0.13,0.01,0.12000000000000001,6.5,9.99,1.1,0.99,0.87,0.12,108.9,108.9,43.5
fifwc-esp-arg-2026-07-19,fifwc-esp-arg-2026-07-19-player-props,Spain vs. Argentina - Player Props,2944164,soccer_player_assists,Ferrán Torres: 2+ assists,Ferrán Torres: 2+ assists,Yes,No,29979952953022054311498913214965276964989008801241831875261593385510856623255,17786053127147063718330800426697033870179718576318928451919868619459326663891,0,10231.359,0.01,0.13,0.05,0.01,True,0.13,0.01,0.12000000000000001,1.6406,1.6406,0.1,0.99,0.87,0.12,9.9,9.9,10.9794
fifwc-esp-arg-2026-07-19,fifwc-esp-arg-2026-07-19-player-props,Spain vs. Argentina - Player Props,2944165,soccer_player_assists,Giuliano Simeone: 1+ assists,Giuliano Simeone: 1+ assists,Yes,No,101974595299503700690869157815813141643456076230121015475073946729631505163064,33292213945445702915224763506325644089667772765506768522586141247251526739780,9.46,14399.23376,0.05,0.06,0.05,0.001,True,0.06,0.05,0.009999999999999995,0.31859999999999994,0.31859999999999994,2.0,0.95,0.94,0.010000000000000009,38.0,38.0,4.9914
fifwc-esp-arg-2026-07-19,fifwc-esp-arg-2026-07-19-player-props,Spain vs. Argentina - Player Props,2944166,soccer_player_assists,Giuliano Simeone: 2+ assists,Giuliano Simeone: 2+ assists,Yes,No,12690819893921814560269198872067218719251896635497352674377613714679723192755,13689550883665272121343352389624032072545842360330778524053583906299992139595,34.46,10733.6285,0.01,0.13,0.05,0.01,True,0.13,0.01,0.12000000000000001,2.5740000000000003,2.5740000000000003,0.15,0.99,0.87,0.12,14.85,14.85,17.226
fifwc-esp-arg-2026-07-19,fifwc-esp-arg-2026-07-19-player-props,Spain vs. Argentina - Player Props,2944167,soccer_player_assists,Julián Álvarez: 1+ assists,Julián Álvarez: 1+ assists,Yes,No,92931584628026222655442137868839785569820477773811804034491629981771910304287,31871259969474201970370966666001796204095478546291093543037797187297070834216,13.502856,16771.5649,0.08,0.11,0.05,0.01,True,0.11,0.08,0.03,94.182,1567.946,33.148,0.92,0.89,0.030000000000000027,381.20200000000006,842.1475,762.018
fifwc-esp-arg-2026-07-19,fifwc-esp-arg-2026-07-19-player-props,Spain vs. Argentina - Player Props,2944168,soccer_player_assists,Julián Álvarez: 2+ assists,Julián Álvarez: 2+ assists,Yes,No,63469509727597064959058575305875617228930126819292998165231328448264939812537,95555003181603737690767521574165780955921714915928678500351695180257073651354,0,10239.9397,0.01,0.13,0.05,0.01,True,0.13,0.01,0.12000000000000001,1.6406,1.6406,0.1,0.99,0.87,0.12,9.9,9.9,10.9794
fifwc-esp-arg-2026-07-19,fifwc-esp-arg-2026-07-19-player-props,Spain vs. Argentina - Player Props,2944169,soccer_player_assists,Lamine Yamal: 1+ assists,Lamine Yamal: 1+ assists,Yes,No,112471448052965729893749684587576405289321845287375706585804308595547450760606,98023061038579741511340671148278522856918571893911160147497462637577661465199,11153.049618000001,30842.7926,0.2,0.21,0.05,0.01,True,0.21,0.2,0.009999999999999981,263.46389999999997,541.9372,138.612,0.8,0.79,0.010000000000000009,554.448,3387.5693,991.1261
fifwc-esp-arg-2026-07-19,fifwc-esp-arg-2026-07-19-player-props,Spain vs. Argentina - Player Props,2944170,soccer_player_assists,Lamine Yamal: 2+ assists,Lamine Yamal: 2+ assists,Yes,No,35884259308621733047783992403907232597300325720957240646192357058003571729210,39543360471296195924440978027411187364346346733235414998208075917103377803651,222.222221,42546.36618,0.039,0.048,0.05,0.001,True,0.048,0.039,0.009000000000000001,52.216319999999996,877.70232,7.2220200000000006,0.961,0.952,0.009000000000000008,177.95798,177.95798,1035.62368
fifwc-esp-arg-2026-07-19,fifwc-esp-arg-2026-07-19-player-props,Spain vs. Argentina - Player Props,2944171,soccer_player_assists,Lautaro Martínez: 1+ assists,Lautaro Martínez: 1+ assists,Yes,No,57175655523580252765921656725482420930434008382858176599673590747563220486766,102850735827754751387372908854902286807838361561064158526838956963476924210509,112.290425,12571.52841,0.015,0.114,0.05,0.001,True,0.101,0.015,0.08600000000000001,1.5150000000000001,962.973,0.22499999999999998,0.985,0.899,0.08599999999999997,14.775,12163.73992,13.485
fifwc-esp-arg-2026-07-19,fifwc-esp-arg-2026-07-19-player-props,Spain vs. Argentina - Player Props,2944172,soccer_player_assists,Lautaro Martínez: 2+ assists,Lautaro Martínez: 2+ assists,Yes,No,40947734652949133534419390845063315939444182300783352770747520769303932687495,88122802318252807749675054875755911419951695636788504660520933694970494086098,0,10690.6107,0.01,0.25,0.05,0.01,True,0.25,0.01,0.24,2.75,2.75,0.1,0.99,0.75,0.24,9.9,9.9,8.25
fifwc-esp-arg-2026-07-19,fifwc-esp-arg-2026-07-19-player-props,Spain vs. Argentina - Player Props,2944173,soccer_player_assists,Lionel Messi: 1+ assists,Lionel Messi: 1+ assists,Yes,No,96821163669669583127924246166391438125584160363899277310152530217645949000495,48356895308509667485232593263017015113922928908358021330325127247601940891900,37485.65876299999,44243.6213,0.26,0.27,0.05,0.01,True,0.27,0.26,0.010000000000000009,158.2335,3888.3922999999995,1572.1160000000002,0.74,0.73,0.010000000000000009,4474.484,8685.433700000001,427.81649999999996
fifwc-esp-arg-2026-07-19,fifwc-esp-arg-2026-07-19-player-props,Spain vs. Argentina - Player Props,2944174,soccer_player_assists,Lionel Messi: 2+ assists,Lionel Messi: 2+ assists,Yes,No,29585625558932503381823237145183088535371787329572885584054209974076179087900,93581754423264994286047189103718762135853415626748945634826591311547143268388,4116.181752000001,41029.0638,0.06,0.07,0.05,0.01,True,0.07,0.06,0.010000000000000009,385.903,943.1226,88.82159999999999,0.94,0.93,0.009999999999999898,1391.5384,2879.1186,5126.997
fifwc-esp-arg-2026-07-19,fifwc-esp-arg-2026-07-19-player-props,Spain vs. Argentina - Player Props,2944175,soccer_player_assists,Mikel Merino: 1+ assists,Mikel Merino: 1+ assists,Yes,No,90564578950735171705156699870927546783188536485315813721499120380503613443768,108368184564723260489528810655715654269081858836040605554603947974810564267144,0,10926.3091,0.02,0.13,0.05,0.01,True,0.13,0.02,0.11,21.970000000000002,25.610000000000003,1.0,0.98,0.88,0.09999999999999998,49.0,157.9,28.6
fifwc-esp-arg-2026-07-19,fifwc-esp-arg-2026-07-19-player-props,Spain vs. Argentina - Player Props,2944176,soccer_player_assists,Mikel Merino: 2+ assists,Mikel Merino: 2+ assists,Yes,No,79356270174912029220413805691741518694132310303187206276851847059831393726631,63773814457122121701721507283501398281375865925410354782414902375221792362961,0,16137.86303,0.01,0.028,0.05,0.001,True,0.028,0.01,0.018000000000000002,39.14148,58.77478,0.1,0.99,0.972,0.018000000000000016,9.9,2322.285,1358.76852
fifwc-esp-arg-2026-07-19,fifwc-esp-arg-2026-07-19-player-props,Spain vs. Argentina - Player Props,2944177,soccer_player_assists,Mikel Oyarzabal: 1+ assists,Mikel Oyarzabal: 1+ assists,Yes,No,33730562444216349509732346666302000371138339335150882875211254314776003037613,7950248327645964121277404934828771520266757859687792785094803945846574979951,182.375595,15695.1284,0.08,0.11,0.05,0.01,True,0.11,0.08,0.03,45.8865,185.1693,36.4488,0.92,0.89,0.030000000000000027,419.1612,984.7785,371.26349999999996
fifwc-esp-arg-2026-07-19,fifwc-esp-arg-2026-07-19-player-props,Spain vs. Argentina - Player Props,2944178,soccer_player_assists,Mikel Oyarzabal: 2+ assists,Mikel Oyarzabal: 2+ assists,Yes,No,85973453070387102724703062363806516459122993498900025864654641926479336572575,86985338182134438099994169742944225494016635643695596612219249611460583376054,0,10723.5062,0.01,0.25,0.05,0.01,True,0.25,0.01,0.24,1.25,1.25,0.1,0.99,0.75,0.24,9.9,9.9,3.75
fifwc-esp-arg-2026-07-19,fifwc-esp-arg-2026-07-19-player-props,Spain vs. Argentina - Player Props,2944179,soccer_player_assists,Nico Williams: 1+ assists,Nico Williams: 1+ assists,Yes,No,87823503834268262286505926441840027119656247120831392696053783813255612533204,13354678771397474213364829018166733333084687644012825391186973498591014862185,0,10538.0771,0.03,0.12,0.05,0.01,True,0.12,0.03,0.09,6.0,6.7462,0.9501000000000001,0.97,0.88,0.08999999999999997,30.7199,656.1199,44.0
fifwc-esp-arg-2026-07-19,fifwc-esp-arg-2026-07-19-player-props,Spain vs. Argentina - Player Props,2944180,soccer_player_assists,Nico Williams: 2+ assists,Nico Williams: 2+ assists,Yes,No,113289938679853871133608634033500691481229996181195808892263471352149955492013,76752225072226066082004085027806504102556627591070609253515561057260448999954,0,10247.0316,0.01,0.13,0.05,0.01,True,0.13,0.01,0.12000000000000001,1.6406,1.6406,0.6,0.99,0.87,0.12,59.4,59.4,10.9794
fifwc-esp-arg-2026-07-19,fifwc-esp-arg-2026-07-19-player-props,Spain vs. Argentina - Player Props,2944181,soccer_player_assists,Nicolás González: 1+ assists,Nicolás González: 1+ assists,Yes,No,36217359214511414381738813660084101974878206526768611970850730059428089413486,109541110463727351636036716905617814045387940664119548639757209260300872423809,0,10590.0068,0.02,0.08,0.05,0.01,True,0.08,0.02,0.06,0.4344,0.4344,1.0,0.98,0.92,0.05999999999999994,49.0,157.9,4.9956
fifwc-esp-arg-2026-07-19,fifwc-esp-arg-2026-07-19-player-props,Spain vs. Argentina - Player Props,2944182,soccer_player_assists,Nicolás González: 2+ assists,Nicolás González: 2+ assists,Yes,No,84752863276600394941390876490117713094354207732863177180232229631899675704500,30891587502576337725997724504013681620212578551592586367751599536874586619229,0,10502.3075,0.01,0.25,0.05,0.01,True,0.25,0.01,0.24,2.75,2.75,0.1,0.99,0.75,0.24,9.9,9.9,8.25
fifwc-esp-arg-2026-07-19,fifwc-esp-arg-2026-07-19-player-props,Spain vs. Argentina - Player Props,2944183,soccer_player_goals_plus_assists,Alex Baena: 1+ goals + assists,Alex Baena: 1+ goals + assists,Yes,No,78216902532119573501870280722318894089888347391457486856140404560881447440471,54961232907348586007306748144562562697775095550335754840906907064060936512108,0,10837.481,0.01,0.39,0.05,0.01,True,0.39,0.01,0.38,156.0,156.0,0.6,0.99,0.61,0.38,59.4,59.4,244.0
fifwc-esp-arg-2026-07-19,fifwc-esp-arg-2026-07-19-player-props,Spain vs. Argentina - Player Props,2944184,soccer_player_goals_plus_assists,Alex Baena: 2+ goals + assists,Alex Baena: 2+ goals + assists,Yes,No,75975730502675467040258088041802956175042449030462013427825981390446426098876,92404484139311764977322400210167106525580109247511436089470907880009230172931,0,17.4498,0.02,0.95,0.05,0.01,True,0.95,0.02,0.9299999999999999,9.3005,38.8808,5.62,0.98,0.05,0.9299999999999999,275.38,488.23,0.4895
fifwc-esp-arg-2026-07-19,fifwc-esp-arg-2026-07-19-player-props,Spain vs. Argentina - Player Props,2944185,soccer_player_goals_plus_assists,Alex Baena: 3+ goals + assists,Alex Baena: 3+ goals + assists,Yes,No,95995665404138976325713016902065648114334038141853710515769979065650849473670,100173662273955986676592821363974350249076611761374256753061716254188239036660,0,10.1899,0.01,0.95,0.05,0.01,True,0.95,0.01,0.94,9.537999999999998,39.292899999999996,0.6,0.99,0.05,0.94,59.4,59.4,0.502
fifwc-esp-arg-2026-07-19,fifwc-esp-arg-2026-07-19-player-props,Spain vs. Argentina - Player Props,2944186,soccer_player_goals_plus_assists,Alex Baena: 4+ goals + assists,Alex Baena: 4+ goals + assists,Yes,No,12883193309935431636549588516483313818585826837069028117149112211697179666069,95000697464564085184197927368749783757864381754683848819983988214322347601526,0,10.1899,0.01,0.95,0.05,0.01,True,0.95,0.01,0.94,9.177,39.5527,0.6,0.99,0.05,0.94,59.4,59.4,0.48300000000000004
fifwc-esp-arg-2026-07-19,fifwc-esp-arg-2026-07-19-player-props,Spain vs. Argentina - Player Props,2944187,soccer_player_goals_plus_assists,Alexis Mac Allister: 1+ goals + assists,Alexis Mac Allister: 1+ goals + assists,Yes,No,99038867406751713517935593417941811012008573837264730620048989471326343325084,4599597765500369867132013296170319763175099072612203457931997704477670386295,0,11368.82,0.03,0.1,0.05,0.01,True,0.1,0.03,0.07,0.5519999999999999,0.5519999999999999,0.9501000000000001,0.97,0.9,0.06999999999999995,30.7199,566.4899,4.968
fifwc-esp-arg-2026-07-19,fifwc-esp-arg-2026-07-19-player-props,Spain vs. Argentina - Player Props,2944188,soccer_player_goals_plus_assists,Alexis Mac Allister: 2+ goals + assists,Alexis Mac Allister: 2+ goals + assists,Yes,No,48502653714095461101220070094124927637854728948223677987409887966313265936825,963502889589189736186568840366773666009945819696630487475775822137250533807,0,10.1899,0.01,0.95,0.05,0.01,True,0.95,0.01,0.94,9.177,39.5527,0.6,0.99,0.05,0.94,59.4,59.4,0.48300000000000004
fifwc-esp-arg-2026-07-19,fifwc-esp-arg-2026-07-19-player-props,Spain vs. Argentina - Player Props,2944189,soccer_player_goals_plus_assists,Alexis Mac Allister: 3+ goals + assists,Alexis Mac Allister: 3+ goals + assists,Yes,No,65125452692342336999795814972896180768736244888201000664174924194013001819877,32892096891801070309554037470004033820793163784999209815084030905878147933864,0,10.1698,0.01,0.95,0.05,0.01,True,0.95,0.01,0.94,9.290999999999999,38.8422,0.6,0.99,0.05,0.94,59.4,59.4,0.489
fifwc-esp-arg-2026-07-19,fifwc-esp-arg-2026-07-19-player-props,Spain vs. Argentina - Player Props,2944190,soccer_player_goals_plus_assists,Alexis Mac Allister: 4+ goals + assists,Alexis Mac Allister: 4+ goals + assists,Yes,No,10423436921471858985615462269773994445126166034906809641009007613874714988257,33731405699885820179080842981718753564530531716101413060776213509136495811438,0,10.3499,0.01,0.95,0.05,0.01,True,0.95,0.01,0.94,9.177,39.5527,0.65,0.99,0.05,0.94,64.35,64.35,0.48300000000000004
fifwc-esp-arg-2026-07-19,fifwc-esp-arg-2026-07-19-player-props,Spain vs. Argentina - Player Props,2944191,soccer_player_goals_plus_assists,Dani Olmo: 1+ goals + assists,Dani Olmo: 1+ goals + assists,Yes,No,16368148068890637308364078176532257780069026176736573567513513719073492734111,98572984828110839600332215793095611797106446412821882508253869401006019773555,0,10881.1284,0.03,0.33,0.05,0.01,True,0.33,0.03,0.30000000000000004,66.0,66.0,0.9501000000000001,0.97,0.67,0.29999999999999993,30.7199,582.1199,134.0
fifwc-esp-arg-2026-07-19,fifwc-esp-arg-2026-07-19-player-props,Spain vs. Argentina - Player Props,2944192,soccer_player_goals_plus_assists,Dani Olmo: 2+ goals + assists,Dani Olmo: 2+ goals + assists,Yes,No,28941662054056478339055812403311550433096595162179663446740731242606326695191,27300676828385183508577342088262727292032650816534640901843734127232908464969,0,10.1698,0.01,0.95,0.05,0.01,True,0.95,0.01,0.94,9.290999999999999,38.8422,0.6,0.99,0.05,0.94,59.4,59.4,0.489
fifwc-esp-arg-2026-07-19,fifwc-esp-arg-2026-07-19-player-props,Spain vs. Argentina - Player Props,2944193,soccer_player_goals_plus_assists,Dani Olmo: 3+ goals + assists,Dani Olmo: 3+ goals + assists,Yes,No,4655006226381207278743830195689339837327779447066294954498086552073846787178,83765484960609268649040725234612056305256478772431496096894732071626603748755,0,10.1698,0.01,0.95,0.05,0.01,True,0.95,0.01,0.94,9.290999999999999,38.8422,0.6,0.99,0.05,0.94,59.4,59.4,0.489
fifwc-esp-arg-2026-07-19,fifwc-esp-arg-2026-07-19-player-props,Spain vs. Argentina - Player Props,2944194,soccer_player_goals_plus_assists,Dani Olmo: 4+ goals + assists,Dani Olmo: 4+ goals + assists,Yes,No,21715347663856600798967321911165820290307870512155124809297107849532111265719,27334087962974722609510322700381477869572948486070671794576337104280102756570,0,10.2699,0.01,0.95,0.05,0.01,True,0.95,0.01,0.94,9.177,39.5527,0.6,0.99,0.05,0.94,59.4,59.4,0.48300000000000004
fifwc-esp-arg-2026-07-19,fifwc-esp-arg-2026-07-19-player-props,Spain vs. Argentina - Player Props,2944195,soccer_player_goals_plus_assists,Enzo Fernández: 1+ goals + assists,Enzo Fernández: 1+ goals + assists,Yes,No,32018103855587705141013860148762267861843984601916940615639233140852092905830,43294713028966434847318245527351882022329945112262073890804444502316928908217,0,10848.2654,0.03,0.32,0.05,0.01,True,0.32,0.03,0.29000000000000004,128.0,128.0,0.9501000000000001,0.97,0.68,0.2899999999999999,30.7199,582.1199,272.0
fifwc-esp-arg-2026-07-19,fifwc-esp-arg-2026-07-19-player-props,Spain vs. Argentina - Player Props,2944196,soccer_player_goals_plus_assists,Enzo Fernández: 2+ goals + assists,Enzo Fernández: 2+ goals + assists,Yes,No,97002436994727633541124918604661666035318043050755196593011912829584460236599,71525002106605884575685178681361297196549257264162112234211415402432423366915,0,10.75,0.01,0.95,0.05,0.01,True,0.95,0.01,0.94,9.7755,39.7147,0.6,0.99,0.05,0.94,59.4,59.4,0.5145
fifwc-esp-arg-2026-07-19,fifwc-esp-arg-2026-07-19-player-props,Spain vs. Argentina - Player Props,2944197,soccer_player_goals_plus_assists,Enzo Fernández: 3+ goals + assists,Enzo Fernández: 3+ goals + assists,Yes,No,88902258668239422887130104716020608455018688251161813643167091089551136833123,41839568328382020371304844341728405112664851441673784984977991680928650401499,0,10.1699,0.01,0.95,0.05,0.01,True,0.95,0.01,0.94,9.5855,39.3792,0.6,0.99,0.05,0.94,59.4,59.4,0.5045000000000001
fifwc-esp-arg-2026-07-19,fifwc-esp-arg-2026-07-19-player-props,Spain vs. Argentina - Player Props,2944198,soccer_player_goals_plus_assists,Enzo Fernández: 4+ goals + assists,Enzo Fernández: 4+ goals + assists,Yes,No,21982952668032250277519479016511462040519740631333504285528676371295485144494,37823478658775830553373853624759780748419369629404857542274120039442205416489,0,10.3496,0.01,0.95,0.05,0.01,True,0.95,0.01,0.94,9.994,38.4879,0.65,0.99,0.05,0.94,64.35,64.35,0.526
fifwc-esp-arg-2026-07-19,fifwc-esp-arg-2026-07-19-player-props,Spain vs. Argentina - Player Props,2944199,soccer_player_goals_plus_assists,Fabián Ruiz: 1+ goals + assists,Fabián Ruiz: 1+ goals + assists,Yes,No,56150318665746628061321271025786396791686531621015865274128700644626008702294,54942209209365612732082061693771544352128224785798632070895723150915164400389,0,10911.4428,0.01,0.34,0.05,0.01,True,0.35,0.01,0.33999999999999997,70.0,142.0,0.6,0.99,0.66,0.32999999999999996,59.4,59.4,33.0
fifwc-esp-arg-2026-07-19,fifwc-esp-arg-2026-07-19-player-props,Spain vs. Argentina - Player Props,2944200,soccer_player_goals_plus_assists,Fabián Ruiz: 2+ goals + assists,Fabián Ruiz: 2+ goals + assists,Yes,No,61811094236183288185683204470892576580305506447785487225852777825102076392316,45427470666590501092379831250072743783752299288362568808535447097015722181316,0,10.3298,0.01,0.95,0.05,0.01,True,0.95,0.01,0.94,9.290999999999999,38.832499999999996,0.65,0.99,0.05,0.94,64.35,64.35,0.489
fifwc-esp-arg-2026-07-19,fifwc-esp-arg-2026-07-19-player-props,Spain vs. Argentina - Player Props,2944201,soccer_player_goals_plus_assists,Fabián Ruiz: 3+ goals + assists,Fabián Ruiz: 3+ goals + assists,Yes,No,49647959983363621982002518169079871959467843779147310861338559656804821432458,67112904246650617540433714363656668055877644818789252279735172373356783993282,0,10.1698,0.01,0.95,0.05,0.01,True,0.95,0.01,0.94,9.481,39.3232,0.6,0.99,0.05,0.94,59.4,59.4,0.49900000000000005
fifwc-esp-arg-2026-07-19,fifwc-esp-arg-2026-07-19-player-props,Spain vs. Argentina - Player Props,2944202,soccer_player_goals_plus_assists,Fabián Ruiz: 4+ goals + assists,Fabián Ruiz: 4+ goals + assists,Yes,No,18918099816794413600376691269413081880069185012137969515820468165191846043218,3269286298933290620621314118101582868296898084096158405636101970954376699705,0,10.1698,0.01,0.95,0.05,0.01,True,0.95,0.01,0.94,9.290999999999999,38.832499999999996,0.6,0.99,0.05,0.94,59.4,59.4,0.489
fifwc-esp-arg-2026-07-19,fifwc-esp-arg-2026-07-19-player-props,Spain vs. Argentina - Player Props,2944203,soccer_player_goals_plus_assists,Ferrán Torres: 1+ goals + assists,Ferrán Torres: 1+ goals + assists,Yes,No,84523674698381859511604711819951068487959911034166575482114616408425424005311,7638223035888765003606456791109948961423314048989685543363530636332347551515,0,10391.7451,0.04,0.56,0.05,0.01,True,0.56,0.04,0.52,3.9032000000000004,73.7636,0.9500000000000001,0.96,0.44,0.52,22.8,316.8,3.0667999999999997
fifwc-esp-arg-2026-07-19,fifwc-esp-arg-2026-07-19-player-props,Spain vs. Argentina - Player Props,2944204,soccer_player_goals_plus_assists,Ferrán Torres: 2+ goals + assists,Ferrán Torres: 2+ goals + assists,Yes,No,102754385186525280631310513984765282285594995939975893992430303923312379000800,22314512654505934801796627432128999518731513493520111891211100880131664468734,0,10.7699,0.01,0.95,0.05,0.01,True,0.95,0.01,0.94,9.6045,39.4176,0.6,0.99,0.05,0.94,59.4,59.4,0.5055
fifwc-esp-arg-2026-07-19,fifwc-esp-arg-2026-07-19-player-props,Spain vs. Argentina - Player Props,2944205,soccer_player_goals_plus_assists,Ferrán Torres: 3+ goals + assists,Ferrán Torres: 3+ goals + assists,Yes,No,104083615402819140260351562152907498439488015068742664858306640463071884164904,109804551724290108036572043248516519452731454130501089897591943471262939869292,0,17.23,0.02,0.95,0.05,0.01,True,0.95,0.02,0.9299999999999999,9.3005,38.842,5.5600000000000005,0.98,0.05,0.9299999999999999,272.44,480.34000000000003,0.4895
fifwc-esp-arg-2026-07-19,fifwc-esp-arg-2026-07-19-player-props,Spain vs. Argentina - Player Props,2944206,soccer_player_goals_plus_assists,Ferrán Torres: 4+ goals + assists,Ferrán Torres: 4+ goals + assists,Yes,No,98824789692042872739385824830493432289343531010208076990009397169349066418183,69628606729847713860781376407817410748825341813998103239552084681262324123713,0,10.17,0.01,0.95,0.05,0.01,True,0.95,0.01,0.94,9.2815,38.8327,0.6,0.99,0.05,0.94,59.4,59.4,0.4885
fifwc-esp-arg-2026-07-19,fifwc-esp-arg-2026-07-19-player-props,Spain vs. Argentina - Player Props,2944207,soccer_player_goals_plus_assists,Giuliano Simeone: 1+ goals + assists,Giuliano Simeone: 1+ goals + assists,Yes,No,47795021948365128368414685020127453310181293779734733130428053235369351618591,45217830083139449663307258628162744736826877315446155717086572309278817171911,0,10874.0344,0.01,0.34,0.05,0.01,True,0.34,0.01,0.33,136.0,136.0,0.6,0.99,0.66,0.32999999999999996,59.4,59.4,264.0
fifwc-esp-arg-2026-07-19,fifwc-esp-arg-2026-07-19-player-props,Spain vs. Argentina - Player Props,2944208,soccer_player_goals_plus_assists,Giuliano Simeone: 2+ goals + assists,Giuliano Simeone: 2+ goals + assists,Yes,No,55578244850243498669354150330498239386719230991475292343550701213074516223970,54129057726348998009439644460846153272451338156729073632991630356325130690922,0,10.8098,0.01,0.95,0.05,0.01,True,0.95,0.01,0.94,9.671,39.5229,0.6,0.99,0.05,0.94,59.4,59.4,0.509
fifwc-esp-arg-2026-07-19,fifwc-esp-arg-2026-07-19-player-props,Spain vs. Argentina - Player Props,2944209,soccer_player_goals_plus_assists,Giuliano Simeone: 3+ goals + assists,Giuliano Simeone: 3+ goals + assists,Yes,No,79324845288142229538629636075118148109786786846309707089707683882234703169150,11637596622312863931453921926330399036355301577252200641354611873328112101127,0,10.1698,0.01,0.95,0.05,0.01,True,0.95,0.01,0.94,9.481,39.3232,0.6,0.99,0.05,0.94,59.4,59.4,0.49900000000000005
fifwc-esp-arg-2026-07-19,fifwc-esp-arg-2026-07-19-player-props,Spain vs. Argentina - Player Props,2944210,soccer_player_goals_plus_assists,Giuliano Simeone: 4+ goals + assists,Giuliano Simeone: 4+ goals + assists,Yes,No,83344588033242216559063683239544876829699021109253266382960561622151786053689,61431876259482275089869726117968520045930733146630210336777221713454196298542,0,10.0977,0.01,0.95,0.05,0.01,True,0.95,0.01,0.94,8.7115,39.7468,0.6,0.99,0.05,0.94,59.4,59.4,0.4585
fifwc-esp-arg-2026-07-19,fifwc-esp-arg-2026-07-19-player-props,Spain vs. Argentina - Player Props,2944211,soccer_player_goals_plus_assists,Julián Álvarez: 1+ goals + assists,Julián Álvarez: 1+ goals + assists,Yes,No,29206910212521847700860628324873878559760492370737416247740367608624820768678,13078381157460858763313767849263107294126578177598791226800558303510997923032,0,10755.3069,0.03,0.42,0.05,0.01,True,0.43,0.03,0.4,86.0,86.0,0.9498,0.97,0.58,0.39,30.7102,559.5302,28.999999999999996
fifwc-esp-arg-2026-07-19,fifwc-esp-arg-2026-07-19-player-props,Spain vs. Argentina - Player Props,2944212,soccer_player_goals_plus_assists,Julián Álvarez: 2+ goals + assists,Julián Álvarez: 2+ goals + assists,Yes,No,18137652439420070322217430956871722512859202046005441933565912361168951894314,19842333948788416711265312273741012343345391093286864577030948214743291271472,0,10.1698,0.01,0.95,0.05,0.01,True,0.95,0.01,0.94,9.290999999999999,38.832499999999996,0.6,0.99,0.05,0.94,59.4,59.4,0.489
fifwc-esp-arg-2026-07-19,fifwc-esp-arg-2026-07-19-player-props,Spain vs. Argentina - Player Props,2944213,soccer_player_goals_plus_assists,Julián Álvarez: 3+ goals + assists,Julián Álvarez: 3+ goals + assists,Yes,No,67268409732234669542476584705414872123852308610320839589533309502655529294309,53351898074805999832037894513869344772788453179453816612685025134425080467125,0,10.1499,0.01,0.95,0.05,0.01,True,0.95,0.01,0.94,9.481,39.3232,0.6,0.99,0.05,0.94,59.4,59.4,0.49900000000000005
fifwc-esp-arg-2026-07-19,fifwc-esp-arg-2026-07-19-player-props,Spain vs. Argentina - Player Props,2944214,soccer_player_goals_plus_assists,Julián Álvarez: 4+ goals + assists,Julián Álvarez: 4+ goals + assists,Yes,No,22294157364515989679500058793449764448222652977012594742122685522863904829379,42178021472848315437666729872574248374561713815538911537415840009282544838726,0,10.3298,0.01,0.95,0.05,0.01,True,0.95,0.01,0.94,9.290999999999999,38.8422,0.65,0.99,0.05,0.94,64.35,64.35,0.489
fifwc-esp-arg-2026-07-19,fifwc-esp-arg-2026-07-19-player-props,Spain vs. Argentina - Player Props,2944215,soccer_player_goals_plus_assists,Lamine Yamal: 1+ goals + assists,Lamine Yamal: 1+ goals + assists,Yes,No,93027588990928813551535765175250434825316986058206697842863936706646025757697,33584414885576384205301173846378207333020517174433063794469325509160813769658,0,10409.2703,0.07,0.46,0.05,0.01,True,0.46,0.07,0.39,276.0,276.0,0.9499000000000001,0.93,0.54,0.39,12.6201,106.62010000000001,324.0
fifwc-esp-arg-2026-07-19,fifwc-esp-arg-2026-07-19-player-props,Spain vs. Argentina - Player Props,2944216,soccer_player_goals_plus_assists,Lamine Yamal: 2+ goals + assists,Lamine Yamal: 2+ goals + assists,Yes,No,49754742019720582998618982207807964436960470249400794773477231643551802541571,22149003428726257040109888362809388208359347842825522725805622952313520066833,0,10.3499,0.01,0.95,0.05,0.01,True,0.95,0.01,0.94,9.613999999999999,39.4271,0.65,0.99,0.05,0.94,64.35,64.35,0.506
fifwc-esp-arg-2026-07-19,fifwc-esp-arg-2026-07-19-player-props,Spain vs. Argentina - Player Props,2944217,soccer_player_goals_plus_assists,Lamine Yamal: 3+ goals + assists,Lamine Yamal: 3+ goals + assists,Yes,No,581599052862921738693377658815095795844452431972415290329707213872272208046,101959284882906950465334141886549376033511838381562506934203033708157045393760,0,17.2498,0.02,0.95,0.05,0.01,True,0.95,0.02,0.9299999999999999,9.462,38.7513,5.5600000000000005,0.98,0.05,0.9299999999999999,272.44,480.34000000000003,0.49800000000000005
fifwc-esp-arg-2026-07-19,fifwc-esp-arg-2026-07-19-player-props,Spain vs. Argentina - Player Props,2944218,soccer_player_goals_plus_assists,Lamine Yamal: 4+ goals + assists,Lamine Yamal: 4+ goals + assists,Yes,No,54650094288271341709904084520376641090064050483235693917900795919375349322423,58254156703562910497548984719021859206694034332808760618363250486773080281085,0,17.2298,0.02,0.95,0.05,0.01,True,0.95,0.02,0.9299999999999999,9.613999999999999,39.4271,5.5600000000000005,0.98,0.05,0.9299999999999999,272.44,480.34000000000003,0.506
fifwc-esp-arg-2026-07-19,fifwc-esp-arg-2026-07-19-player-props,Spain vs. Argentina - Player Props,2944219,soccer_player_goals_plus_assists,Lautaro Martínez: 1+ goals + assists,Lautaro Martínez: 1+ goals + assists,Yes,No,99168031338863889050581113854762802398374585910868815025715097371216391064099,11967728794400991728857797977760167060936934878379534977507994140456528954803,0,10395.1229,0.03,0.52,0.05,0.01,True,0.52,0.03,0.49,3.3176,67.4033,0.9501000000000001,0.97,0.48,0.49,30.7199,504.1999,3.0624
fifwc-esp-arg-2026-07-19,fifwc-esp-arg-2026-07-19-player-props,Spain vs. Argentina - Player Props,2944220,soccer_player_goals_plus_assists,Lautaro Martínez: 2+ goals + assists,Lautaro Martínez: 2+ goals + assists,Yes,No,4883797840971418718093551973129449703719855204048457097638377781174952832275,109436241640445539192748991291211670350281658777729297133042526889584387180034,0,10.1498,0.01,0.95,0.05,0.01,True,0.95,0.01,0.94,9.613999999999999,39.4271,0.6,0.99,0.05,0.94,59.4,59.4,0.506
fifwc-esp-arg-2026-07-19,fifwc-esp-arg-2026-07-19-player-props,Spain vs. Argentina - Player Props,2944221,soccer_player_goals_plus_assists,Lautaro Martínez: 3+ goals + assists,Lautaro Martínez: 3+ goals + assists,Yes,No,6031533394584708324727747549800029048610303469134793167390244972466827948040,55135037113420297405547637783275240166204948051171426014639406710863765737122,0,10.1699,0.01,0.95,0.05,0.01,True,0.95,0.01,0.94,9.290999999999999,38.832499999999996,0.6,0.99,0.05,0.94,59.4,59.4,0.489
fifwc-esp-arg-2026-07-19,fifwc-esp-arg-2026-07-19-player-props,Spain vs. Argentina - Player Props,2944222,soccer_player_goals_plus_assists,Lautaro Martínez: 4+ goals + assists,Lautaro Martínez: 4+ goals + assists,Yes,No,60801650096148477249803874868743368486278951808951661266108082432522248266351,67543419215761511621223334300550636914701872437310774968277656359083611789869,0,10.3298,0.01,0.95,0.05,0.01,True,0.95,0.01,0.94,9.290999999999999,38.832499999999996,0.65,0.99,0.05,0.94,64.35,64.35,0.489
fifwc-esp-arg-2026-07-19,fifwc-esp-arg-2026-07-19-player-props,Spain vs. Argentina - Player Props,2944223,soccer_player_goals_plus_assists,Lionel Messi: 1+ goals + assists,Lionel Messi: 1+ goals + assists,Yes,No,115035177261789562878458297938119435758608263460110776444838415963699645316917,84284914980597795653070237884646098179877878572782591801899644427012438182617,62.866665,10290.0519,0.1,0.55,0.05,0.01,True,0.55,0.1,0.45000000000000007,37.8125,517.7125,2.854,0.9,0.45,0.45,25.686,86.3466,30.9375
fifwc-esp-arg-2026-07-19,fifwc-esp-arg-2026-07-19-player-props,Spain vs. Argentina - Player Props,2944224,soccer_player_goals_plus_assists,Lionel Messi: 2+ goals + assists,Lionel Messi: 2+ goals + assists,Yes,No,44017505390921871482217131883169823522126226283722215010660319452498270545560,22179067466806501466030398949011751034254467899299709303508409001978309316718,0,10.7899,0.01,0.95,0.05,0.01,True,0.95,0.01,0.94,9.1105,39.5638,0.6,0.99,0.05,0.94,59.4,59.4,0.47950000000000004
fifwc-esp-arg-2026-07-19,fifwc-esp-arg-2026-07-19-player-props,Spain vs. Argentina - Player Props,2944225,soccer_player_goals_plus_assists,Lionel Messi: 3+ goals + assists,Lionel Messi: 3+ goals + assists,Yes,No,6658089410119007108334665339060247330766962686633279922825701109936669046651,101975054550015423521041621437618741329516414684135980730175080571368687372320,0,10.1698,0.01,0.95,0.05,0.01,True,0.95,0.01,0.94,9.290999999999999,38.832499999999996,0.6,0.99,0.05,0.94,59.4,59.4,0.489
fifwc-esp-arg-2026-07-19,fifwc-esp-arg-2026-07-19-player-props,Spain vs. Argentina - Player Props,2944226,soccer_player_goals_plus_assists,Lionel Messi: 4+ goals + assists,Lionel Messi: 4+ goals + assists,Yes,No,98513093387502816110787527482804376664812645344660966907378227312398850261936,6321666357356935603343878267445335979895020604827446323161025192643488946456,0,10.1698,0.01,0.95,0.05,0.01,True,0.95,0.01,0.94,9.481,39.3232,0.6,0.99,0.05,0.94,59.4,59.4,0.49900000000000005
fifwc-esp-arg-2026-07-19,fifwc-esp-arg-2026-07-19-player-props,Spain vs. Argentina - Player Props,2944227,soccer_player_goals_plus_assists,Mikel Merino: 1+ goals + assists,Mikel Merino: 1+ goals + assists,Yes,No,23346760234679770807837219841842139873170244896483456025307436140833906199206,70711393455998077757808982306709953077450397256577975182860207549401565701461,0,10408.8985,0.03,0.53,0.05,0.01,True,0.53,0.03,0.5,3.4556,17.5388,0.9501000000000001,0.97,0.47,0.5,30.7199,582.1199,3.0643999999999996
fifwc-esp-arg-2026-07-19,fifwc-esp-arg-2026-07-19-player-props,Spain vs. Argentina - Player Props,2944228,soccer_player_goals_plus_assists,Mikel Merino: 2+ goals + assists,Mikel Merino: 2+ goals + assists,Yes,No,29314707781501997795525800719636681349841637290656438993433654800166017323113,28362864951812199265778642222700188344501167405453079083190528473951933133649,0,10.3099,0.01,0.95,0.05,0.01,True,0.95,0.01,0.94,9.680499999999999,39.7264,0.65,0.99,0.05,0.94,64.35,64.35,0.5095
fifwc-esp-arg-2026-07-19,fifwc-esp-arg-2026-07-19-player-props,Spain vs. Argentina - Player Props,2944229,soccer_player_goals_plus_assists,Mikel Merino: 3+ goals + assists,Mikel Merino: 3+ goals + assists,Yes,No,49765913555601090476710003220120031582618415454727875013140729990302798446231,81301660713729482853104357633574632107810921720846345709676862270736825751585,0,10.1498,0.01,0.95,0.05,0.01,True,0.95,0.01,0.94,9.613999999999999,39.4271,0.6,0.99,0.05,0.94,59.4,59.4,0.506
fifwc-esp-arg-2026-07-19,fifwc-esp-arg-2026-07-19-player-props,Spain vs. Argentina - Player Props,2944230,soccer_player_goals_plus_assists,Mikel Merino: 4+ goals + assists,Mikel Merino: 4+ goals + assists,Yes,No,68626880108125190295414012175808106126888262488309412288407597166831074109940,14103276851948383806288072647456759779781597959921145780175510061235255856992,0,10.1698,0.01,0.95,0.05,0.01,True,0.95,0.01,0.94,9.613999999999999,39.4271,0.6,0.99,0.05,0.94,59.4,59.4,0.506
fifwc-esp-arg-2026-07-19,fifwc-esp-arg-2026-07-19-player-props,Spain vs. Argentina - Player Props,2944231,soccer_player_goals_plus_assists,Mikel Oyarzabal: 1+ goals + assists,Mikel Oyarzabal: 1+ goals + assists,Yes,No,110416958070678356248428104783262446090404946326385486865534308796417596526089,108334123374350060653479645218997324410477540908556704489935152224189640527797,0,11228.6679,0.05,0.41,0.05,0.01,True,0.41,0.05,0.36,245.99999999999997,245.99999999999997,0.9490000000000001,0.95,0.59,0.36,18.031,443.331,354.0
fifwc-esp-arg-2026-07-19,fifwc-esp-arg-2026-07-19-player-props,Spain vs. Argentina - Player Props,2944232,soccer_player_goals_plus_assists,Mikel Oyarzabal: 2+ goals + assists,Mikel Oyarzabal: 2+ goals + assists,Yes,No,18119486254226343691194095774387499519254746860087959659149676879306090117629,41803219649094754316982250854152442462988381772587747737030578665593741549405,0,17.2099,0.02,0.95,0.05,0.01,True,0.95,0.02,0.9299999999999999,9.290999999999999,38.8713,5.5600000000000005,0.98,0.05,0.9299999999999999,272.44,480.34000000000003,0.489
fifwc-esp-arg-2026-07-19,fifwc-esp-arg-2026-07-19-player-props,Spain vs. Argentina - Player Props,2944233,soccer_player_goals_plus_assists,Mikel Oyarzabal: 3+ goals + assists,Mikel Oyarzabal: 3+ goals + assists,Yes,No,114595897391242369692030696968975783242345104387325415465373797486557115724201,51765404341099272185671619102829610611266468132770677344387341668819418783289,0,17.1698,0.02,0.95,0.05,0.01,True,0.95,0.02,0.9299999999999999,8.7115,39.5237,5.5600000000000005,0.98,0.05,0.9299999999999999,272.44,480.34000000000003,0.4585
fifwc-esp-arg-2026-07-19,fifwc-esp-arg-2026-07-19-player-props,Spain vs. Argentina - Player Props,2944234,soccer_player_goals_plus_assists,Mikel Oyarzabal: 4+ goals + assists,Mikel Oyarzabal: 4+ goals + assists,Yes,No,21624350428495523990928840654199687821225955421499880860549702362634634635422,32136156289087328850732562691919684139647954374254342844773919756450507807613,0,10.3297,0.01,0.95,0.05,0.01,True,0.95,0.01,0.94,9.272,38.8038,0.65,0.99,0.05,0.94,64.35,64.35,0.488
fifwc-esp-arg-2026-07-19,fifwc-esp-arg-2026-07-19-player-props,Spain vs. Argentina - Player Props,2944235,soccer_player_goals_plus_assists,Nico Williams: 1+ goals + assists,Nico Williams: 1+ goals + assists,Yes,No,33919947167931854421371534810796861647046312993063401292424488906180804152640,100759912005153250131928930862528651489443490803006248696794124759521263717761,0,10.1898,0.01,0.95,0.05,0.01,True,0.95,0.01,0.94,9.1675,39.5432,0.6,0.99,0.05,0.94,59.4,59.4,0.48250000000000004
fifwc-esp-arg-2026-07-19,fifwc-esp-arg-2026-07-19-player-props,Spain vs. Argentina - Player Props,2944236,soccer_player_goals_plus_assists,Nico Williams: 2+ goals + assists,Nico Williams: 2+ goals + assists,Yes,No,108765087738564994326478597890012962610180006924907934641270947668436603975162,26585771938647567554486742850116590140262810377104990840165762446371483638878,0,17.2298,0.02,0.95,0.05,0.01,True,0.95,0.02,0.9299999999999999,9.613999999999999,39.4271,5.5600000000000005,0.98,0.05,0.9299999999999999,272.44,480.34000000000003,0.506
fifwc-esp-arg-2026-07-19,fifwc-esp-arg-2026-07-19-player-props,Spain vs. Argentina - Player Props,2944237,soccer_player_goals_plus_assists,Nico Williams: 3+ goals + assists,Nico Williams: 3+ goals + assists,Yes,No,56484507587512223371123415731747515670470264282514430741363093097474821385768,48579117682888386416659583518534277709149868740280115496685739524642995531552,0,17.23,0.02,0.95,0.05,0.01,True,0.95,0.02,0.9299999999999999,9.2815,38.8327,5.5600000000000005,0.98,0.05,0.9299999999999999,272.44,480.34000000000003,0.4885
fifwc-esp-arg-2026-07-19,fifwc-esp-arg-2026-07-19-player-props,Spain vs. Argentina - Player Props,2944238,soccer_player_goals_plus_assists,Nico Williams: 4+ goals + assists,Nico Williams: 4+ goals + assists,Yes,No,47714599485478027084924037463383264100955746255198934428560431786186039998934,934125625266891270815288444677404183599865321739350387121727308749461610307,0,10.1698,0.01,0.95,0.05,0.01,True,0.95,0.01,0.94,9.290999999999999,38.832499999999996,0.6,0.99,0.05,0.94,59.4,59.4,0.489
fifwc-esp-arg-2026-07-19,fifwc-esp-arg-2026-07-19-player-props,Spain vs. Argentina - Player Props,2944239,soccer_player_goals_plus_assists,Nicolás González: 1+ goals + assists,Nicolás González: 1+ goals + assists,Yes,No,47422670618885588313363695970852722718498972184044862374611559603319362934591,91887061556128411935303831102841001791848550106351710956160800532337466173356,0,17.2298,0.02,0.95,0.05,0.01,True,0.95,0.02,0.9299999999999999,9.481,39.3232,5.5600000000000005,0.98,0.05,0.9299999999999999,272.44,480.34000000000003,0.49900000000000005
fifwc-esp-arg-2026-07-19,fifwc-esp-arg-2026-07-19-player-props,Spain vs. Argentina - Player Props,2944240,soccer_player_goals_plus_assists,Nicolás González: 2+ goals + assists,Nicolás González: 2+ goals + assists,Yes,No,42275846717047508501111352527900080709070375627278937605879605822526919028164,23049201097230703314745968162474584243910313611666875946558431753892933266376,0,10.1698,0.01,0.95,0.05,0.01,True,0.95,0.01,0.94,9.3005,38.842,0.6,0.99,0.05,0.94,59.4,59.4,0.4895
fifwc-esp-arg-2026-07-19,fifwc-esp-arg-2026-07-19-player-props,Spain vs. Argentina - Player Props,2944241,soccer_player_goals_plus_assists,Nicolás González: 3+ goals + assists,Nicolás González: 3+ goals + assists,Yes,No,13946322929524169654854980891915500147524313003568295914325046260764992790000,112113381286083697871102299738835389943675324933573586556489144013175708654467,0,10.1698,0.01,0.95,0.05,0.01,True,0.95,0.01,0.94,9.290999999999999,38.832499999999996,0.6,0.99,0.05,0.94,59.4,59.4,0.489
fifwc-esp-arg-2026-07-19,fifwc-esp-arg-2026-07-19-player-props,Spain vs. Argentina - Player Props,2944242,soccer_player_goals_plus_assists,Nicolás González: 4+ goals + assists,Nicolás González: 4+ goals + assists,Yes,No,34532252301907945833677711923402019126559440680763805724473294372595507196101,81731129477590527451561970050205387826082243770672585044183062279714070771960,0,10.17,0.01,0.95,0.05,0.01,True,0.95,0.01,0.94,9.3005,38.842,0.6,0.99,0.05,0.94,59.4,59.4,0.4895
fifwc-esp-arg-2026-07-19,fifwc-esp-arg-2026-07-19-player-props,Spain vs. Argentina - Player Props,2944492,soccer_player_shots,Alex Baena: 1+ shots,Alex Baena: 1+ shots,Yes,No,78450153331587573156145846951585493717790708630078032830853531676045839001634,2492043501774621661173334562226980976139867996106895818539779230350653330986,760.186901,6813.3006,0.6,0.69,0.05,0.01,True,0.69,0.6,0.08999999999999997,3682.047,3682.047,24.0,0.4,0.31,0.09000000000000002,16.0,16.0,1654.2530000000002
fifwc-esp-arg-2026-07-19,fifwc-esp-arg-2026-07-19-player-props,Spain vs. Argentina - Player Props,2944494,soccer_player_shots,Alex Baena: 2+ shots,Alex Baena: 2+ shots,Yes,No,81215826729839717683188872153421309378972229908780341489149879261385459218702,39870092025121523868574841538739156681888983882894034279247531442221876524753,3840.5932130000006,6062.6267,0.48,0.51,0.05,0.01,True,0.51,0.48,0.030000000000000027,257.40720000000005,672.6188000000001,243.7968,0.52,0.49,0.030000000000000027,264.1132,385.25,247.3128
fifwc-esp-arg-2026-07-19,fifwc-esp-arg-2026-07-19-player-props,Spain vs. Argentina - Player Props,2944496,soccer_player_shots,Alex Baena: 3+ shots,Alex Baena: 3+ shots,Yes,No,82652549208425622474055867866459592407944520896999801816671645696562866865618,110652938287022769038783582411248896397222810979894550389436054697537252381990,19.57,12182.6153,0.07,0.1,0.05,0.01,True,0.1,0.07,0.03,44.300000000000004,92.2875,22.6233,0.93,0.9,0.030000000000000027,300.5667,729.4467000000001,398.7
fifwc-esp-arg-2026-07-19,fifwc-esp-arg-2026-07-19-player-props,Spain vs. Argentina - Player Props,2944498,soccer_player_shots,Alex Baena: 4+ shots,Alex Baena: 4+ shots,Yes,No,78853288698112247624971809031189616705482359657358895701361785968055039472676,66369565091041418163107001853795265179271023689185140875490263369235487810245,0,11141.0679,0.03,0.06,0.05,0.01,True,0.06,0.03,0.03,32.418,206.75300000000001,7.494,0.97,0.94,0.030000000000000027,242.306,1267.3496,507.88199999999995
fifwc-esp-arg-2026-07-19,fifwc-esp-arg-2026-07-19-player-props,Spain vs. Argentina - Player Props,2944500,soccer_player_shots,Alex Baena: 5+ shots,Alex Baena: 5+ shots,Yes,No,1326031383089252030960564583164240846487530745126171414566648032901159148242,47713319063110205243260682837202874513913672401336258604598396443414215680633,0,11473.7296,0.01,0.04,0.05,0.001,True,0.04,0.01,0.03,100.8916,123.25786,0.1,0.99,0.96,0.030000000000000027,9.9,2821.285,2421.3984
fifwc-esp-arg-2026-07-19,fifwc-esp-arg-2026-07-19-player-props,Spain vs. Argentina - Player Props,2944502,soccer_player_shots,Alexis Mac Allister: 1+ shots,Alexis Mac Allister: 1+ shots,Yes,No,51777864057447466860548221338467406353898259217434699923108460468382346151782,47292120699791773739839403653529233350300921905609503277357355165379639528255,66.89178,7655.7485,0.67,0.68,0.05,0.01,True,0.68,0.67,0.010000000000000009,3820.954,4053.9840000000004,188.29680000000002,0.33,0.32,0.010000000000000009,92.74320000000002,92.74320000000002,1798.096
fifwc-esp-arg-2026-07-19,fifwc-esp-arg-2026-07-19-player-props,Spain vs. Argentina - Player Props,2944504,soccer_player_shots,Alexis Mac Allister: 2+ shots,Alexis Mac Allister: 2+ shots,Yes,No,8750317304506344291651137625151145971880587184207090581386478923987246347981,24713558464345215336484835804237825950715349056645154766426526889284001079655,2588.6800000000003,11913.8229,0.31,0.34,0.05,0.01,True,0.34,0.31,0.030000000000000027,83.2728,124.9448,352.68080000000003,0.69,0.66,0.029999999999999916,784.9992,1153.7952,161.6472
fifwc-esp-arg-2026-07-19,fifwc-esp-arg-2026-07-19-player-props,Spain vs. Argentina - Player Props,2944507,soccer_player_shots,Alexis Mac Allister: 3+ shots,Alexis Mac Allister: 3+ shots,Yes,No,33621385135008282271693194721797692183797524928981283023372033969673662644725,39430340580882933005815949865180753996106109632957561061507665019134075207931,1779.5900000000001,12217.7479,0.1,0.11,0.05,0.01,True,0.11,0.1,0.009999999999999995,127.6,320.9308,102.304,0.9,0.89,0.010000000000000009,920.736,1061.668,1032.4
fifwc-esp-arg-2026-07-19,fifwc-esp-arg-2026-07-19-player-props,Spain vs. Argentina - Player Props,2944509,soccer_player_shots,Alexis Mac Allister: 4+ shots,Alexis Mac Allister: 4+ shots,Yes,No,7373925545816612309810071538265212238735645875553925140608248513179967208882,57377145474622841326052730675495309061381492279847508961406927655126538838214,175.79941,10493.79714,0.032,0.056,0.05,0.001,True,0.059,0.032,0.026999999999999996,113.57441,119.77441,8.0288,0.968,0.944,0.02400000000000002,242.8712,242.8712,5.040959999999999
fifwc-esp-arg-2026-07-19,fifwc-esp-arg-2026-07-19-player-props,Spain vs. Argentina - Player Props,2944510,soccer_player_shots,Aymeric Laporte: 1+ shots,Aymeric Laporte: 1+ shots,Yes,No,48412395632583554047749558822581258793076762038967727122316076544266950310620,78886779090448860783806787773122221843342929251718691129993557856658544669346,0,289.3338,0.15,0.38,0.05,0.01,True,0.38,0.15,0.23,2.66,36.21,6.0,0.85,0.61,0.24,34.0,39.830799999999996,17.08
fifwc-esp-arg-2026-07-19,fifwc-esp-arg-2026-07-19-player-props,Spain vs. Argentina - Player Props,2944511,soccer_player_shots,Aymeric Laporte: 2+ shots,Aymeric Laporte: 2+ shots,Yes,No,86719110869233082481596568389430898649326971578832058958804634173792262790805,37333212139711199798387529749541533834955004705685167121717820774488609313800,0,343.3394,0.04,0.12,0.05,0.01,True,0.12,0.04,0.07999999999999999,6.0,6.0,0.28,0.96,0.88,0.07999999999999996,6.72,355.0087,44.0
fifwc-esp-arg-2026-07-19,fifwc-esp-arg-2026-07-19-player-props,Spain vs. Argentina - Player Props,2944512,soccer_player_shots,Cristian Romero: 1+ shots,Cristian Romero: 1+ shots,Yes,No,73478625351781859351164425016436705689474702907362251247351988382263233393109,61500964880911483398471452140315631001937929495995209653210952414175961024063,37.08,2945.6742,0.27,0.33,0.05,0.01,True,0.36,0.27,0.08999999999999997,3.3156000000000003,47.101400000000005,1.35,0.73,0.64,0.08999999999999997,3.65,3.65,5.894400000000001
fifwc-esp-arg-2026-07-19,fifwc-esp-arg-2026-07-19-player-props,Spain vs. Argentina - Player Props,2944513,soccer_player_shots,Cristian Romero: 2+ shots,Cristian Romero: 2+ shots,Yes,No,51662073851317422629013460750277560382893517820637531454898942533579714755172,20017035937882057403181681815410908152938261163648317017937552858747889441230,24.48,3420.48503,0.018,0.126,0.05,0.001,True,0.124,0.018,0.106,1.12344,45.6249,0.26999999999999996,0.982,0.876,0.10599999999999998,14.73,2654.93934,7.93656
fifwc-esp-arg-2026-07-19,fifwc-esp-arg-2026-07-19-player-props,Spain vs. Argentina - Player Props,2944514,soccer_player_shots,Cucurella: 1+ shots,Cucurella: 1+ shots,Yes,No,41795760787074880212649444769108151768371482549184356514588387356817835245500,57087141744260273179443001292902928067046368949168638944521030523701165171464,782.2115769999999,2334.7547,0.36,0.38,0.05,0.01,True,0.38,0.36,0.020000000000000018,1.2768,1.2768,14.399999999999999,0.64,0.62,0.020000000000000018,25.6,438.61,2.0831999999999997
fifwc-esp-arg-2026-07-19,fifwc-esp-arg-2026-07-19-player-props,Spain vs. Argentina - Player Props,2944515,soccer_player_shots,Cucurella: 2+ shots,Cucurella: 2+ shots,Yes,No,58357973430141462325843774141894182362273279764701860081535058575933803387229,31575062881702009420776011973728957891056574717080332354084209508883632399705,149.30571300000003,10721.8867,0.07,0.1,0.05,0.01,True,0.1,0.07,0.03,29.29,77.58,22.5225,0.93,0.9,0.030000000000000027,299.2275,835.876,263.61
fifwc-esp-arg-2026-07-19,fifwc-esp-arg-2026-07-19-player-props,Spain vs. Argentina - Player Props,2944516,soccer_player_shots,Dani Olmo: 1+ shots,Dani Olmo: 1+ shots,Yes,No,95808884817098999231540084893292267502409924240834673648164286996688293587884,21846400131977339565002211257743213395403762454512008072812581151217348253668,375.597464,4872.7681,0.71,0.72,0.05,0.01,True,0.72,0.71,0.010000000000000009,9.3312,27.9514,170.91119999999998,0.29,0.28,0.009999999999999953,69.80879999999999,86.55489999999999,3.6288000000000005
fifwc-esp-arg-2026-07-19,fifwc-esp-arg-2026-07-19-player-props,Spain vs. Argentina - Player Props,2944517,soccer_player_shots,Dani Olmo: 2+ shots,Dani Olmo: 2+ shots,Yes,No,94205858698088987472974418863131769491353531040310582295436435633816325423464,33100392023975044812496093541974798005451889561376910348955204266430675213165,64.527959,8945.8498,0.2,0.42,0.05,0.01,True,0.42,0.2,0.21999999999999997,2.625,4.775,8.0,0.8,0.58,0.22000000000000008,32.0,32.0,3.6249999999999996
fifwc-esp-arg-2026-07-19,fifwc-esp-arg-2026-07-19-player-props,Spain vs. Argentina - Player Props,2944518,soccer_player_shots,Dani Olmo: 3+ shots,Dani Olmo: 3+ shots,Yes,No,96235987478386908658745180411485704962580613586223679675775866159095367016488,90159760087979215664156532257375062695903813829168135273901656525508586248010,0,7899.9964,0.04,0.23,0.05,0.01,True,0.24,0.04,0.19999999999999998,12.768,649.248,0.9500000000000001,0.96,0.77,0.18999999999999995,22.8,312.54409999999996,10.241000000000001
fifwc-esp-arg-2026-07-19,fifwc-esp-arg-2026-07-19-player-props,Spain vs. Argentina - Player Props,2944519,soccer_player_shots,Dani Olmo: 4+ shots,Dani Olmo: 4+ shots,Yes,No,47948642764115875161925630248854288723930082915363629796421240423572592289830,90117352010298560071853132897536033893212117664895257793637997627460573386847,0,11096.8459,0.04,0.07,0.05,0.01,True,0.07,0.04,0.030000000000000006,38.21790000000001,60.227500000000006,15.1584,0.96,0.93,0.029999999999999916,363.80159999999995,1030.5967999999998,414.75210000000004
fifwc-esp-arg-2026-07-19,fifwc-esp-arg-2026-07-19-player-props,Spain vs. Argentina - Player Props,2944520,soccer_player_shots,Dani Olmo: 5+ shots,Dani Olmo: 5+ shots,Yes,No,10589269042707926589330705182858558464792288025699605047197722029235358908263,5732096201660329165413971956062876317329145976440268244051011738423487679276,0,7942.83807,0.01,0.074,0.05,0.001,True,0.074,0.01,0.064,7.3999999999999995,154.25,0.1,0.99,0.926,0.06399999999999995,9.9,2821.285,92.60000000000001
fifwc-esp-arg-2026-07-19,fifwc-esp-arg-2026-07-19-player-props,Spain vs. Argentina - Player Props,2944522,soccer_player_shots,Enzo Fernández: 1+ shots,Enzo Fernández: 1+ shots,Yes,No,44858914148289732177814185279567636776689731411700411050207497791331986869942,84855152430975364179540368558832642447315287891284338904622918182090621742659,212.718575,4223.3214,0.7,0.72,0.05,0.01,True,0.72,0.7,0.020000000000000018,264.9312,843.8820000000001,327.243,0.3,0.28,0.019999999999999962,140.24699999999999,279.72569999999996,103.0288
fifwc-esp-arg-2026-07-19,fifwc-esp-arg-2026-07-19-player-props,Spain vs. Argentina - Player Props,2944524,soccer_player_shots,Enzo Fernández: 2+ shots,Enzo Fernández: 2+ shots,Yes,No,102568892395840691447065979628798226142519201859575324368396732360317084920603,59666429510756773390638526284382074130205092667138804309991208400336127349034,6428.618452,3067.9169,0.42,0.43,0.05,0.01,True,0.43,0.42,0.010000000000000009,111.7398,158.9398,2.1,0.58,0.57,0.010000000000000009,2.9,2.9,148.12019999999998
fifwc-esp-arg-2026-07-19,fifwc-esp-arg-2026-07-19-player-props,Spain vs. Argentina - Player Props,2944526,soccer_player_shots,Enzo Fernández: 3+ shots,Enzo Fernández: 3+ shots,Yes,No,72535815407996530701887957658758193003254960687906507693600882057054869504713,108275143307929821838687714581539411087182212583649018997023565282387117473597,2251.542342,4012.6156,0.19,0.2,0.05,0.01,True,0.2,0.19,0.010000000000000009,56.978,69.578,0.1444,0.81,0.8,0.010000000000000009,0.6156,342.5715,227.912
fifwc-esp-arg-2026-07-19,fifwc-esp-arg-2026-07-19-player-props,Spain vs. Argentina - Player Props,2944528,soccer_player_shots,Enzo Fernández: 4+ shots,Enzo Fernández: 4+ shots,Yes,No,62472293074831875944410348421797320346809141208034468792486287205349318566923,105018905785643460777027593689887293852685969419095120726498553337946377339213,982.352906,3884.34086,0.033,0.077,0.05,0.001,True,0.077,0.033,0.044,1.1781000000000001,50.9291,1.7519700000000002,0.967,0.923,0.04399999999999993,51.33803,1675.8289399999999,14.121900000000002
fifwc-esp-arg-2026-07-19,fifwc-esp-arg-2026-07-19-player-props,Spain vs. Argentina - Player Props,2944531,soccer_player_shots,Julián Álvarez: 1+ shots,Julián Álvarez: 1+ shots,Yes,No,107239564939655585678574218589373428885494326770902933641118007462963220604524,111435219878515918625214749026301400141250088734485115075744232911835859488004,705.5870560000001,5379.6609,0.65,0.68,0.05,0.01,True,0.68,0.65,0.030000000000000027,65.28,324.76829999999995,235.521,0.35,0.32,0.02999999999999997,126.81899999999999,173.68739999999997,30.72
fifwc-esp-arg-2026-07-19,fifwc-esp-arg-2026-07-19-player-props,Spain vs. Argentina - Player Props,2944534,soccer_player_shots,Julián Álvarez: 2+ shots,Julián Álvarez: 2+ shots,Yes,No,50008732638624240712460539000449374206610245870715376278696161794552357419666,81201839768524965031020190436238242377897554369605669092298237016429966200218,583.003726,11494.7812,0.48,0.51,0.05,0.01,True,0.51,0.48,0.030000000000000027,377.7264,2685.6448,56.376,0.52,0.49,0.030000000000000027,61.074000000000005,61.074000000000005,362.9136
fifwc-esp-arg-2026-07-19,fifwc-esp-arg-2026-07-19-player-props,Spain vs. Argentina - Player Props,2944535,soccer_player_shots,Julián Álvarez: 3+ shots,Julián Álvarez: 3+ shots,Yes,No,45274184393377809497847687937950648208059154989104663507356614518266027340775,108329121007535624326460518069151606939089070606432890819304689442685962055011,30.416922000000003,8691.6512,0.06,0.31,0.05,0.01,True,0.34,0.06,0.28,17.122400000000003,1103.1674,0.3894,0.94,0.66,0.2799999999999999,6.1006,44.995799999999996,33.2376
fifwc-esp-arg-2026-07-19,fifwc-esp-arg-2026-07-19-player-props,Spain vs. Argentina - Player Props,2944538,soccer_player_shots,Julián Álvarez: 4+ shots,Julián Álvarez: 4+ shots,Yes,No,51868218293418375484152883453720179187846580150381826551978565275691298516799,15128045518788903530367580593558438733485020470089287183837455226730203187185,0,8045.292,0.04,0.1,0.05,0.01,True,0.1,0.04,0.060000000000000005,5.0,5.0,0.9500000000000001,0.96,0.9,0.05999999999999994,22.8,305.3502,45.0
fifwc-esp-arg-2026-07-19,fifwc-esp-arg-2026-07-19-player-props,Spain vs. Argentina - Player Props,2944540,soccer_player_shots,Julián Álvarez: 5+ shots,Julián Álvarez: 5+ shots,Yes,No,50733061479532853171759717652055004834333449339121954303237625303145478392826,85127626271347130384343124385589276785663511010714098037904278527588563779404,0,8088.0581,0.02,0.08,0.05,0.01,True,0.08,0.02,0.06,2.16,19.18,0.8,0.98,0.92,0.05999999999999994,39.2,49.1,24.84
fifwc-esp-arg-2026-07-19,fifwc-esp-arg-2026-07-19-player-props,Spain vs. Argentina - Player Props,2944542,soccer_player_shots,Lamine Yamal: 1+ shots,Lamine Yamal: 1+ shots,Yes,No,82062284142200234238970543106796784837752813701997349236330301459428730339906,115700246543581100390272493232987194601988428874375823465610743702721487601931,1582.968856,3676.7965,0.88,0.89,0.05,0.01,True,0.89,0.88,0.010000000000000009,1334.0744,17551.1924,4.4,0.12,0.11,0.009999999999999995,0.6,0.6,164.8856
fifwc-esp-arg-2026-07-19,fifwc-esp-arg-2026-07-19-player-props,Spain vs. Argentina - Player Props,2944544,soccer_player_shots,Lamine Yamal: 2+ shots,Lamine Yamal: 2+ shots,Yes,No,65727982206155695104541784008214968221733557894696568949338326316512111889041,61471074700721433482418507903417250579199127155162690003336508507822570869325,2295.1474000000003,7972.0032,0.67,0.68,0.05,0.01,True,0.68,0.67,0.010000000000000009,46.92,327.8299999999999,379.8029,0.33,0.32,0.010000000000000009,187.0671,198.8271,22.080000000000002
fifwc-esp-arg-2026-07-19,fifwc-esp-arg-2026-07-19-player-props,Spain vs. Argentina - Player Props,2944546,soccer_player_shots,Lamine Yamal: 3+ shots,Lamine Yamal: 3+ shots,Yes,No,355848982045107683455478321778595514658610469403648187261672868768019385416,42448875974763585184682862581636712932464689024665274674808526230245161428719,2148.329271,10818.3675,0.46,0.47,0.05,0.01,True,0.47,0.46,0.009999999999999953,113.7306,139.3429,26.477600000000002,0.54,0.53,0.010000000000000009,31.082400000000003,224.51360000000003,128.2494
fifwc-esp-arg-2026-07-19,fifwc-esp-arg-2026-07-19-player-props,Spain vs. Argentina - Player Props,2944549,soccer_player_shots,Lamine Yamal: 4+ shots,Lamine Yamal: 4+ shots,Yes,No,67646614309326760880302930021620669800090499854231387911693856775138184370108,46122882976577334182538218398843187440687142499127539671648641354682976386663,98.148147,7863.3662,0.09,0.34,0.05,0.01,True,0.34,0.09,0.25,1.8904,9.6709,2.3004,0.91,0.66,0.25,23.2596,28.8675,3.6696
fifwc-esp-arg-2026-07-19,fifwc-esp-arg-2026-07-19-player-props,Spain vs. Argentina - Player Props,2944550,soccer_player_shots,Lamine Yamal: 5+ shots,Lamine Yamal: 5+ shots,Yes,No,115433235443798756710905685812424935003021846664355977925213493917068996005160,16595796226726418084970119715800780972502531886455742354656923170449487083868,0,8044.0629,0.02,0.17,0.05,0.01,True,0.17,0.02,0.15000000000000002,2.5500000000000003,2.5500000000000003,2.0,0.98,0.83,0.15000000000000002,98.0,107.9,12.45
fifwc-esp-arg-2026-07-19,fifwc-esp-arg-2026-07-19-player-props,Spain vs. Argentina - Player Props,2944551,soccer_player_shots,Leandro Paredes: 1+ shots,Leandro Paredes: 1+ shots,Yes,No,51774110079449467511688540058549531321432295681621916942723527811505879730844,44221209631411177039937886596643852117981120492710609573019730092979692517433,311.84999999999997,2883.173,0.51,0.52,0.05,0.01,True,0.52,0.51,0.010000000000000009,19.4948,22.144800000000004,7.3950000000000005,0.49,0.48,0.010000000000000009,7.1049999999999995,12.364999999999998,17.9952
fifwc-esp-arg-2026-07-19,fifwc-esp-arg-2026-07-19-player-props,Spain vs. Argentina - Player Props,2944552,soccer_player_shots,Leandro Paredes: 2+ shots,Leandro Paredes: 2+ shots,Yes,No,16142625153485801067679425536861308531919192009477139005827748358706625471102,5378013439608982879677251232944213688286679774658713513800405619495307149345,0,248.6013,0.05,0.22,0.05,0.01,True,0.22,0.05,0.16999999999999998,11.0,11.0,1.367,0.95,0.78,0.16999999999999993,25.973,250.0981,39.0
fifwc-esp-arg-2026-07-19,fifwc-esp-arg-2026-07-19-player-props,Spain vs. Argentina - Player Props,2944553,soccer_player_shots,Leandro Paredes: 3+ shots,Leandro Paredes: 3+ shots,Yes,No,41560690515875511793439077026734164782586059162320477968347621615165369401423,47224332893011836694946511511960353508063676049112271049992571488505883565296,48,263.54992,0.01,0.115,0.05,0.001,True,0.102,0.01,0.092,1.36068,11.27829,0.1,0.99,0.898,0.09199999999999997,9.9,2322.285,11.97932
fifwc-esp-arg-2026-07-19,fifwc-esp-arg-2026-07-19-player-props,Spain vs. Argentina - Player Props,2944554,soccer_player_shots,Lionel Messi: 1+ shots,Lionel Messi: 1+ shots,Yes,No,59336767801417567399047164368932342264377601956276017374447586908021937934921,82439751191230528122472148484123495093159825645988775433196246418690648249732,2464.271475,7605.1501,0.89,0.9,0.05,0.01,True,0.9,0.89,0.010000000000000009,208.935,20393.162900000003,65.78880000000001,0.11,0.1,0.009999999999999995,8.1312,312.5124,33.164
fifwc-esp-arg-2026-07-19,fifwc-esp-arg-2026-07-19-player-props,Spain vs. Argentina - Player Props,2944555,soccer_player_shots,Lionel Messi: 2+ shots,Lionel Messi: 2+ shots,Yes,No,111927641461032008775248486634328084196382867454452631546699453017561659285771,28331821888346279879556154535252722192716889750307336008887342078178868166985,2673.502225,10013.4294,0.71,0.72,0.05,0.01,True,0.72,0.71,0.010000000000000009,47.339999999999996,5434.74,73.13,0.29,0.28,0.009999999999999953,29.869999999999997,295.46999999999997,18.41
fifwc-esp-arg-2026-07-19,fifwc-esp-arg-2026-07-19-player-props,Spain vs. Argentina - Player Props,2944556,soccer_player_shots,Lionel Messi: 3+ shots,Lionel Messi: 3+ shots,Yes,No,15093703015426976209236306413394207170210129289842398183903524800537664396532,53868059366140674181460329985940983860930842520974281598176141918488476311408,900.89137,16238.7524,0.52,0.54,0.05,0.01,True,0.54,0.52,0.020000000000000018,4581.7758,7811.906900000001,150.6648,0.48,0.46,0.019999999999999962,139.0752,274.18780000000004,3902.9942000000005
fifwc-esp-arg-2026-07-19,fifwc-esp-arg-2026-07-19-player-props,Spain vs. Argentina - Player Props,2944557,soccer_player_shots,Lionel Messi: 4+ shots,Lionel Messi: 4+ shots,Yes,No,70906718550044970713830852134837985502787110992614372550411665886490048248046,104758676478696527659109273089371767314628387887092268226266613329336418666452,200.602427,14838.7913,0.11,0.36,0.05,0.01,True,0.36,0.11,0.25,36.0,4139.0022,1.595,0.89,0.64,0.25,12.905,107.531,64.0
fifwc-esp-arg-2026-07-19,fifwc-esp-arg-2026-07-19-player-props,Spain vs. Argentina - Player Props,2944558,soccer_player_shots,Lionel Messi: 5+ shots,Lionel Messi: 5+ shots,Yes,No,60954005810515618452218555917027222084502544557275104484920389514476917783283,19341307150377076907215793448857584164352103981559094694755464710403351025416,49.823527999999996,8493.8331,0.01,0.17,0.05,0.01,True,0.17,0.01,0.16,4.448900000000001,4.448900000000001,0.1,0.99,0.83,0.16000000000000003,9.9,9.9,21.7211
fifwc-esp-arg-2026-07-19,fifwc-esp-arg-2026-07-19-player-props,Spain vs. Argentina - Player Props,2944559,soccer_player_shots,Lisandro Martínez: 1+ shots,Lisandro Martínez: 1+ shots,Yes,No,52827948690653815410532405605673691918863435707425064592928097748476147310130,36635795454532572811681796565087017624108568859299690890379296667384573746179,50,4237.77,0.23,0.26,0.05,0.01,True,0.26,0.23,0.03,76.3542,152.35920000000002,32.305800000000005,0.77,0.74,0.030000000000000027,108.1542,233.31300000000002,217.3158
fifwc-esp-arg-2026-07-19,fifwc-esp-arg-2026-07-19-player-props,Spain vs. Argentina - Player Props,2944560,soccer_player_shots,Lisandro Martínez: 2+ shots,Lisandro Martínez: 2+ shots,Yes,No,31906277095169289446879323601973509348973751180723486618106079943398863315135,32448865936260581328557661469711196294191283493030777981578975951348457587279,61.956810000000004,2624.5913,0.05,0.13,0.05,0.01,True,0.12,0.05,0.06999999999999999,1.5,10.487499999999999,1.8420000000000003,0.95,0.88,0.06999999999999995,34.998000000000005,265.011,11.0
fifwc-esp-arg-2026-07-19,fifwc-esp-arg-2026-07-19-player-props,Spain vs. Argentina - Player Props,2944561,soccer_player_shots,Mikel Oyarzabal: 1+ shots,Mikel Oyarzabal: 1+ shots,Yes,No,113755209177938289266002602536914457602972311481141743627485638223255905437144,1861464109720046190272904187723471033870645300586699617751882868601148541349,539.493354,3088.1213,0.7,0.76,0.05,0.01,True,0.76,0.7,0.06000000000000005,11.4,151.14000000000001,140.0,0.3,0.24,0.06,60.0,184.0,3.5999999999999996
fifwc-esp-arg-2026-07-19,fifwc-esp-arg-2026-07-19-player-props,Spain vs. Argentina - Player Props,2944562,soccer_player_shots,Mikel Oyarzabal: 2+ shots,Mikel Oyarzabal: 2+ shots,Yes,No,32223711412178943982030270626638448026800585557629655786009796320888088635092,18272719033348269041951737255367584810163045833656455385794678970612616707994,67.444911,5816.5728,0.42,0.63,0.05,0.01,True,0.64,0.42,0.22000000000000003,16.16,75.3486,29.4,0.58,0.36,0.21999999999999997,40.599999999999994,40.599999999999994,9.09
fifwc-esp-arg-2026-07-19,fifwc-esp-arg-2026-07-19-player-props,Spain vs. Argentina - Player Props,2944563,soccer_player_shots,Mikel Oyarzabal: 3+ shots,Mikel Oyarzabal: 3+ shots,Yes,No,52892716291534459202389233086597682506447031944672266818885940447870612041553,115615705075282812267903839699273684369142271446297698174594353050931484142416,0,7739.0992,0.06,0.44,0.05,0.01,True,0.44,0.06,0.38,6.736400000000001,73.2563,1.8996,0.94,0.56,0.3799999999999999,29.760399999999997,29.760399999999997,8.5736
fifwc-esp-arg-2026-07-19,fifwc-esp-arg-2026-07-19-player-props,Spain vs. Argentina - Player Props,2944564,soccer_player_shots,Mikel Oyarzabal: 4+ shots,Mikel Oyarzabal: 4+ shots,Yes,No,64033086737605859483642030128688856994561237471430143011254788004613227226576,30912201081074629694999466168323561345976444228100431458816227932848133005450,32,8239.0382,0.05,0.28,0.05,0.01,True,0.27,0.05,0.22000000000000003,7.290000000000001,115.97,1.7000000000000002,0.95,0.73,0.21999999999999997,32.3,249.83239999999998,19.71
fifwc-esp-arg-2026-07-19,fifwc-esp-arg-2026-07-19-player-props,Spain vs. Argentina - Player Props,2944565,soccer_player_shots,Mikel Oyarzabal: 5+ shots,Mikel Oyarzabal: 5+ shots,Yes,No,17170857021003395581318358948693628175773218681598063158060010038923783195545,36169200006126114324400710196296190251370004315227474815168925607757436305174,108.63999999999999,8558.7944,0.01,0.09,0.05,0.01,True,0.09,0.01,0.08,4.5,4.5,0.05,0.99,0.91,0.07999999999999996,4.95,4.95,45.5
fifwc-esp-arg-2026-07-19,fifwc-esp-arg-2026-07-19-player-props,Spain vs. Argentina - Player Props,2944566,soccer_player_shots,Nahuel Molina: 1+ shots,Nahuel Molina: 1+ shots,Yes,No,79013524926916341722086049550529261395890570583506826397722797384724157592341,10845415448482373441806744789593779190541111591370822084826357304928975099393,52.44,1818.2204,0.2,0.32,0.05,0.01,True,0.34,0.15,0.19000000000000003,14.535000000000002,145.42249999999999,6.0,0.85,0.66,0.18999999999999995,34.0,50.5335,28.215
fifwc-esp-arg-2026-07-19,fifwc-esp-arg-2026-07-19-player-props,Spain vs. Argentina - Player Props,2944567,soccer_player_shots,Nahuel Molina: 2+ shots,Nahuel Molina: 2+ shots,Yes,No,44280849780577844931347767799304025853514319406517460879106755283405732456346,14503013777650358733567496558876389716796196951230316508369867354534566316446,0,97.2086,0.05,0.28,0.05,0.01,True,0.28,0.05,0.23000000000000004,11.200000000000001,25.7,1.3805,0.95,0.72,0.22999999999999998,26.229499999999998,343.912,28.799999999999997
fifwc-esp-arg-2026-07-19,fifwc-esp-arg-2026-07-19-player-props,Spain vs. Argentina - Player Props,2944568,soccer_player_shots,Nicolás Tagliafico: 1+ shots,Nicolás Tagliafico: 1+ shots,Yes,No,7571047633018977959770701656501253505289040699179060641365072507601853870843,21405083323117419083012783130398787844316265137797441910204081275461505590924,23,2524.409,0.14,0.35,0.05,0.01,True,0.35,0.16,0.18999999999999997,11.389,40.3034,6.4,0.84,0.65,0.18999999999999995,33.6,39.431000000000004,21.151
fifwc-esp-arg-2026-07-19,fifwc-esp-arg-2026-07-19-player-props,Spain vs. Argentina - Player Props,2944569,soccer_player_shots,Nicolás Tagliafico: 2+ shots,Nicolás Tagliafico: 2+ shots,Yes,No,65645584995491834399482856460126585188957083496695308080815634718587032527413,23091373216246219201646219607952837442381309116933018144380356386362970625784,0,356.7236,0.05,0.15,0.05,0.01,True,0.15,0.05,0.09999999999999999,1.8375,20.26,1.286,0.95,0.85,0.09999999999999998,24.433999999999997,253.3897,10.4125
fifwc-esp-arg-2026-07-19,fifwc-esp-arg-2026-07-19-player-props,Spain vs. Argentina - Player Props,2944570,soccer_player_shots,Pau Cubarsí: 1+ shots,Pau Cubarsí: 1+ shots,Yes,No,61240320012322255128960184810182596267610099384416716978187277536407794348213,63336586989971795860356042299968480933479239132185006561486346540116608339005,36.02,2861.949,0.26,0.34,0.05,0.01,True,0.35,0.26,0.08999999999999997,8.399999999999999,143.6,1.3,0.74,0.65,0.08999999999999997,3.7,3.7,15.600000000000001
fifwc-esp-arg-2026-07-19,fifwc-esp-arg-2026-07-19-player-props,Spain vs. Argentina - Player Props,2944571,soccer_player_shots,Pau Cubarsí: 2+ shots,Pau Cubarsí: 2+ shots,Yes,No,105964722669468171553253017073772109157208203296383239981933636504476255432911,86044261015939999821565501253266004708111432930148205746673688381593412688368,0,416.4848,0.05,0.14,0.05,0.01,True,0.14,0.05,0.09000000000000001,1.54,23.2825,1.2800000000000002,0.95,0.86,0.08999999999999997,24.32,253.19809999999998,9.459999999999999
fifwc-esp-arg-2026-07-19,fifwc-esp-arg-2026-07-19-player-props,Spain vs. Argentina - Player Props,2944572,soccer_player_shots,Pedri: 1+ shots,Pedri: 1+ shots,Yes,No,97579367069650846169430185343639478245107670547998618215273884617705048372489,60883728716817265288976075660276248118805207473454763974612684074059497638870,110.00644700000001,2429.1884,0.15,0.37,0.05,0.01,True,0.37,0.17,0.19999999999999998,4.625,29.927,2.1556,0.83,0.63,0.19999999999999996,10.5244,23.6557,7.875
fifwc-esp-arg-2026-07-19,fifwc-esp-arg-2026-07-19-player-props,Spain vs. Argentina - Player Props,2944573,soccer_player_shots,Pedri: 2+ shots,Pedri: 2+ shots,Yes,No,3714903046552129381900848838721431732203111903689295611140615896174338009377,54260025986292171787020730883832452133837385414607082368375532730998700767688,0,299.8051,0.05,0.29,0.05,0.01,True,0.28,0.05,0.23000000000000004,5.157600000000001,62.71169999999999,0.43200000000000005,0.95,0.72,0.22999999999999998,8.208,207.548,13.262400000000001
fifwc-esp-arg-2026-07-19,fifwc-esp-arg-2026-07-19-player-props,Spain vs. Argentina - Player Props,2944574,soccer_player_shots,Pedri: 3+ shots,Pedri: 3+ shots,Yes,No,67043349119996898054920464264341465425963578575547375400462226524904368225186,88990835915022570843815373714188807912335910786916641677081142102455160258203,40.62,5636.5815,0.01,0.02,0.05,0.001,True,0.02,0.01,0.01,6.9,19.34281,0.1,0.99,0.98,0.010000000000000009,9.9,2322.285,338.09999999999997
fifwc-esp-arg-2026-07-19,fifwc-esp-arg-2026-07-19-player-props,Spain vs. Argentina - Player Props,2944575,soccer_player_shots,Pedro Porro: 1+ shots,Pedro Porro: 1+ shots,Yes,No,94035080506264605128029932963364472305415520876193338981257025829463462922545,97957066533438815780674709588182663044548109103092724099589350318950778053174,558.935869,2871.1106,0.52,0.65,0.05,0.01,True,0.65,0.52,0.13,162.5,162.5,11.700000000000001,0.48,0.35,0.13,10.799999999999999,25.5,87.5
fifwc-esp-arg-2026-07-19,fifwc-esp-arg-2026-07-19-player-props,Spain vs. Argentina - Player Props,2944576,soccer_player_shots,Pedro Porro: 2+ shots,Pedro Porro: 2+ shots,Yes,No,67727852280643656360580276414804184892828286887361826143716320017687142087902,99121613267034752948659843187584227997435775175106090675529447561434268070434,0,278.598,0.07,0.31,0.05,0.01,True,0.31,0.07,0.24,15.5,15.5,0.9499000000000001,0.93,0.69,0.2400000000000001,12.6201,59.6201,34.5
fifwc-esp-arg-2026-07-19,fifwc-esp-arg-2026-07-19-player-props,Spain vs. Argentina - Player Props,2944577,soccer_player_shots,Pedro Porro: 3+ shots,Pedro Porro: 3+ shots,Yes,No,94745778842693290966796547909979275483818140115749515700716055103747705788521,81934409154251544798605121577560358530567377738428596962381546832010448898958,0,2511.19756,0.011,0.098,0.05,0.001,True,0.098,0.011,0.08700000000000001,2.646,28.486,0.10570999999999998,0.989,0.902,0.08699999999999997,9.50429,3024.0090099999998,24.354
fifwc-esp-arg-2026-07-19,fifwc-esp-arg-2026-07-19-player-props,Spain vs. Argentina - Player Props,2944578,soccer_player_shots,Rodri: 1+ shots,Rodri: 1+ shots,Yes,No,79178310685904228193945931094103571678033952704833418612583892558703950217185,83321897461511969899236360440319519029058335219201265687790826126753397175536,15.546091,828.9815,0.3,0.51,0.05,0.01,True,0.51,0.3,0.21000000000000002,6.375,32.375,12.0,0.7,0.49,0.20999999999999996,28.0,28.0,6.125
fifwc-esp-arg-2026-07-19,fifwc-esp-arg-2026-07-19-player-props,Spain vs. Argentina - Player Props,2944579,soccer_player_shots,Rodri: 2+ shots,Rodri: 2+ shots,Yes,No,7993398608949207324051985705131930142053838252986739110339670741246903258393,63139419604405147434326800585462882122682227803167117382602754671653577773026,0,291.8442,0.05,0.26,0.05,0.01,True,0.26,0.05,0.21000000000000002,3.3228,34.6954,0.434,0.95,0.74,0.20999999999999996,8.245999999999999,211.46599999999998,9.4572
fifwc-esp-arg-2026-07-19,fifwc-esp-arg-2026-07-19-player-props,Spain vs. Argentina - Player Props,2944580,soccer_player_shots,Rodri: 3+ shots,Rodri: 3+ shots,Yes,No,42871600930119994729818071072202093323254939198502263608005869182826183722665,56489192301138871635009085819402707772022015830409076843119249841908075014695,42.53,149.32941,0.01,0.153,0.05,0.001,True,0.136,0.01,0.126,3.0613600000000005,15.380930000000001,0.25,0.99,0.864,0.126,24.75,2373.48562,19.44864
fifwc-esp-arg-2026-07-19,fifwc-esp-arg-2026-07-19-player-props,Spain vs. Argentina - Player Props,2944581,soccer_player_shots,Rodrigo de Paul: 1+ shots,Rodrigo de Paul: 1+ shots,Yes,No,76921078120922726347937874263316249968349728100105392810970111286792791371294,10708187319251713420739848543702413252042208674335205288459908096276805014297,60.407825,2378.0488,0.2,0.49,0.05,0.01,True,0.49,0.2,0.29,18.62,38.620000000000005,8.0,0.78,0.51,0.27,31.200000000000003,31.200000000000003,19.38
fifwc-esp-arg-2026-07-19,fifwc-esp-arg-2026-07-19-player-props,Spain vs. Argentina - Player Props,2944582,soccer_player_shots,Rodrigo de Paul: 2+ shots,Rodrigo de Paul: 2+ shots,Yes,No,55010843985504578017185231400948302537647523039732707079622658189946072854946,50461977973577091468487057744529231777918719154764778974882492661656547916304,0,249.0482,0.05,0.19,0.05,0.01,True,0.19,0.05,0.14,9.5,9.5,1.2830000000000001,0.95,0.81,0.1399999999999999,24.377,253.2357,40.5
fifwc-esp-arg-2026-07-19,fifwc-esp-arg-2026-07-19-player-props,Spain vs. Argentina - Player Props,2944583,soccer_player_shots,Rodrigo de Paul: 3+ shots,Rodrigo de Paul: 3+ shots,Yes,No,32476406038388659798631568636456849750769415416470812759302655831564557657422,65787668992308998868015746109641056361986295116878573929402794844837747607946,42.97,3857.69584,0.01,0.02,0.05,0.001,True,0.02,0.01,0.01,8.924,16.730809999999998,0.1,0.99,0.98,0.010000000000000009,9.9,2821.285,437.27599999999995
fifwc-esp-arg-2026-07-19,fifwc-esp-arg-2026-07-19-player-props,Spain vs. Argentina - Player Props,2944584,soccer_player_shots_on_target,Alex Baena: 1+ shots on target,Alex Baena: 1+ shots on target,Yes,No,67061788553801732620274121462107438143179911903474503887698236978398855260724,66258836346819474549008496993508901968658336356666444249731704724954870067145,0,470.0495,0.03,0.48,0.05,0.01,True,0.48,0.03,0.44999999999999996,24.0,246.5,0.9501000000000001,0.97,0.52,0.44999999999999996,30.7199,513.9999,26.0
fifwc-esp-arg-2026-07-19,fifwc-esp-arg-2026-07-19-player-props,Spain vs. Argentina - Player Props,2944585,soccer_player_shots_on_target,Alex Baena: 2+ shots on target,Alex Baena: 2+ shots on target,Yes,No,105275943258267151287150684040212465046031257334635277283818828222541410089644,58842614780060476493652248827024244388946861371971023549275692087777435441808,0,2737.5714,0.01,0.22,0.05,0.01,True,0.23,0.01,0.22,46.0,194.0,0.1,0.99,0.78,0.20999999999999996,9.9,9.9,39.0
fifwc-esp-arg-2026-07-19,fifwc-esp-arg-2026-07-19-player-props,Spain vs. Argentina - Player Props,2944586,soccer_player_shots_on_target,Alex Baena: 3+ shots on target,Alex Baena: 3+ shots on target,Yes,No,12048597560856644914746447586143029072358424686464891596380525102629036306970,53828946979183376649041489366428207053842883153440041807880711771025537743248,0,21.569,0.02,0.93,0.05,0.01,True,0.93,0.02,0.91,5.4033,29.783499999999997,5.5600000000000005,0.98,0.07,0.9099999999999999,272.44,480.34000000000003,0.4067
fifwc-esp-arg-2026-07-19,fifwc-esp-arg-2026-07-19-player-props,Spain vs. Argentina - Player Props,2944587,soccer_player_shots_on_target,Alexis Mac Allister: 1+ shots on target,Alexis Mac Allister: 1+ shots on target,Yes,No,108607379768258415441026578595564915488893089689530990180025730631631159040651,12584442839904303104617265178290411465993770961310193648993244403775238487231,0,6149.7043,0.01,0.34,0.05,0.01,True,0.34,0.01,0.33,34.0,460.0,0.1,0.99,0.66,0.32999999999999996,9.9,9.9,66.0
fifwc-esp-arg-2026-07-19,fifwc-esp-arg-2026-07-19-player-props,Spain vs. Argentina - Player Props,2944588,soccer_player_shots_on_target,Alexis Mac Allister: 2+ shots on target,Alexis Mac Allister: 2+ shots on target,Yes,No,39429257896041938140785415382237833157117105299750837803291158590813744423492,49361240403656396103387636588422273067119240127927770768364857842865351639039,0,13.1994,0.01,0.6,0.05,0.01,True,0.6,0.01,0.59,7.5,7.5,0.1,0.99,0.4,0.59,9.9,9.9,5.0
fifwc-esp-arg-2026-07-19,fifwc-esp-arg-2026-07-19-player-props,Spain vs. Argentina - Player Props,2944589,soccer_player_shots_on_target,Aymeric Laporte: 1+ shots on target,Aymeric Laporte: 1+ shots on target,Yes,No,111260225875925632490665126088833460912879799642877874763093843738903464361899,81198762691310277989668005119574051000138851111662221558551140875231719440838,0,2696.1637,0.01,0.25,0.05,0.01,True,0.25,0.01,0.24,12.5,131.5,0.1,0.99,0.75,0.24,9.9,9.9,37.5
fifwc-esp-arg-2026-07-19,fifwc-esp-arg-2026-07-19-player-props,Spain vs. Argentina - Player Props,2944590,soccer_player_shots_on_target,Cristian Romero: 1+ shots on target,Cristian Romero: 1+ shots on target,Yes,No,86266791988690510820453016106316023614817461494418063800007316435375200788236,44970018095165946783970681224381254108863644689010436833685874553031543290557,0,2723.4309,0.01,0.22,0.05,0.01,True,0.22,0.01,0.21,11.0,116.5,0.1,0.99,0.78,0.20999999999999996,9.9,9.9,39.0
fifwc-esp-arg-2026-07-19,fifwc-esp-arg-2026-07-19-player-props,Spain vs. Argentina - Player Props,2944591,soccer_player_shots_on_target,Cucurella: 1+ shots on target,Cucurella: 1+ shots on target,Yes,No,82012789225044321035367644321094548860546975475664846715330653505837915804623,115389521523544461346018443229650171643916971672246174122471107040397293287083,0,158.5498,0.03,0.29,0.05,0.01,True,0.29,0.03,0.26,57.99999999999999,57.99999999999999,0.9501000000000001,0.97,0.71,0.26,30.7199,512.0399,142.0
fifwc-esp-arg-2026-07-19,fifwc-esp-arg-2026-07-19-player-props,Spain vs. Argentina - Player Props,2944592,soccer_player_shots_on_target,Cucurella: 2+ shots on target,Cucurella: 2+ shots on target,Yes,No,112089035244387337379326581530163150715504817998521583146128214356811152476864,101361785317908942636954645616285053255060860479460949758242227027115435391284,0,17.2298,0.02,0.95,0.05,0.01,True,0.95,0.02,0.9299999999999999,9.290999999999999,38.832499999999996,5.5600000000000005,0.98,0.05,0.9299999999999999,272.44,480.34000000000003,0.489
fifwc-esp-arg-2026-07-19,fifwc-esp-arg-2026-07-19-player-props,Spain vs. Argentina - Player Props,2944593,soccer_player_shots_on_target,Dani Olmo: 1+ shots on target,Dani Olmo: 1+ shots on target,Yes,No,23768457568739938622701719104450065613133547485316123379331810229468239222219,5638639250546239097760988924434410223403781431071014213312947382586535938615,0,3997.4437,0.03,0.5,0.05,0.01,True,0.5,0.03,0.47,50.0,824.0,0.9501000000000001,0.97,0.5,0.47,30.7199,513.9999,50.0
fifwc-esp-arg-2026-07-19,fifwc-esp-arg-2026-07-19-player-props,Spain vs. Argentina - Player Props,2944594,soccer_player_shots_on_target,Dani Olmo: 2+ shots on target,Dani Olmo: 2+ shots on target,Yes,No,74445180551603769193156208743639757920331957921239695130174660409640869242312,90376928430841679617767855580856567325614505874749300506228294192826485657978,0,2718.7522,0.01,0.23,0.05,0.01,True,0.23,0.01,0.22,11.5,121.5,0.1,0.99,0.77,0.21999999999999997,9.9,9.9,38.5
fifwc-esp-arg-2026-07-19,fifwc-esp-arg-2026-07-19-player-props,Spain vs. Argentina - Player Props,2944595,soccer_player_shots_on_target,Dani Olmo: 3+ shots on target,Dani Olmo: 3+ shots on target,Yes,No,26925338402634493836446402261137059757949378932073656811562568260611815983123,109405981932095125785115559683080045469800154790297254294397897428315166004077,0,14.5095,0.01,0.93,0.05,0.01,True,0.93,0.01,0.92,6.2868,30.666999999999998,0.6,0.99,0.07,0.9199999999999999,59.4,59.4,0.4732
fifwc-esp-arg-2026-07-19,fifwc-esp-arg-2026-07-19-player-props,Spain vs. Argentina - Player Props,2944596,soccer_player_shots_on_target,Enzo Fernández: 1+ shots on target,Enzo Fernández: 1+ shots on target,Yes,No,90216178026711547320755257316886011688825384549138478444525647200124289730992,67748218531143825692684762315406194057647266312879028848785179324701302355853,0,2411.8938,0.01,0.41,0.05,0.01,True,0.42,0.01,0.41,105.0,363.0,0.6,0.99,0.59,0.4,59.4,59.4,29.5
fifwc-esp-arg-2026-07-19,fifwc-esp-arg-2026-07-19-player-props,Spain vs. Argentina - Player Props,2944597,soccer_player_shots_on_target,Enzo Fernández: 2+ shots on target,Enzo Fernández: 2+ shots on target,Yes,No,21749424166681364031244658512627750007566222350551586607259826318132275346443,93191902254851492224535747502212098406113518509682555961043266360583368811492,0,17.8382,0.01,0.63,0.05,0.01,True,0.63,0.01,0.62,8.5113,8.5113,0.1,0.99,0.37,0.62,9.9,9.9,4.9986999999999995
fifwc-esp-arg-2026-07-19,fifwc-esp-arg-2026-07-19-player-props,Spain vs. Argentina - Player Props,2944598,soccer_player_shots_on_target,Julián Álvarez: 1+ shots on target,Julián Álvarez: 1+ shots on target,Yes,No,67835070505742254367234632251077608673381966856496952520362894184049587673172,59362731364466925004475709767358108461020589029514425212326688841211593711663,0,343.8287,0.09,0.63,0.05,0.01,True,0.63,0.09,0.54,31.5,321.5,0.9495,0.91,0.37,0.54,9.6005,67.1005,18.5
fifwc-esp-arg-2026-07-19,fifwc-esp-arg-2026-07-19-player-props,Spain vs. Argentina - Player Props,2944599,soccer_player_shots_on_target,Julián Álvarez: 2+ shots on target,Julián Álvarez: 2+ shots on target,Yes,No,13184772119778475438291557824114601757366557100601121531132064996074918209334,111634721036956225520284833191092955823277766606909618253280493920721665833722,0,2499.3814,0.01,0.28,0.05,0.01,True,0.28,0.01,0.27,14.000000000000002,206.5,0.1,0.99,0.72,0.27,9.9,9.9,36.0
fifwc-esp-arg-2026-07-19,fifwc-esp-arg-2026-07-19-player-props,Spain vs. Argentina - Player Props,2944600,soccer_player_shots_on_target,Julián Álvarez: 3+ shots on target,Julián Álvarez: 3+ shots on target,Yes,No,33300553337518331016218544176521827808124529358524777271098805456315180836988,17377184820265376667281809287416000235981830879121825830938259570928459992944,0,18.0604,0.01,0.62,0.05,0.01,True,0.62,0.01,0.61,8.1592,8.1592,0.1,0.99,0.38,0.61,9.9,9.9,5.0008
fifwc-esp-arg-2026-07-19,fifwc-esp-arg-2026-07-19-player-props,Spain vs. Argentina - Player Props,2944601,soccer_player_shots_on_target,Lamine Yamal: 1+ shots on target,Lamine Yamal: 1+ shots on target,Yes,No,103517253677779468104787600875660348091872771332703624023211355704320031526119,19066855647934027061707528387313967633315642185353129908948109848600445637164,18.987338,242.5845,0.01,0.75,0.05,0.01,True,0.75,0.01,0.74,42.1875,354.8375,0.85,0.99,0.25,0.74,84.15,84.15,14.0625
fifwc-esp-arg-2026-07-19,fifwc-esp-arg-2026-07-19-player-props,Spain vs. Argentina - Player Props,2944602,soccer_player_shots_on_target,Lamine Yamal: 2+ shots on target,Lamine Yamal: 2+ shots on target,Yes,No,109368034418243114245468273826845697398540780686871296684526800736841828629549,28078616405209971479266089471602875091799269145880341050350049766592743750298,0,2514.4794,0.03,0.4,0.05,0.01,True,0.4,0.03,0.37,20.0,206.5,0.9501000000000001,0.97,0.6,0.37,30.7199,513.9999,30.0
fifwc-esp-arg-2026-07-19,fifwc-esp-arg-2026-07-19-player-props,Spain vs. Argentina - Player Props,2944603,soccer_player_shots_on_target,Lamine Yamal: 3+ shots on target,Lamine Yamal: 3+ shots on target,Yes,No,36652778768109449273147141070460799820298159252076722579566154417134407644017,7622879259862252205283682489245774651409022379711101725798919027275663413989,0,2737.4814,0.03,0.22,0.05,0.01,True,0.22,0.03,0.19,11.0,116.5,0.9501000000000001,0.97,0.77,0.19999999999999996,30.7199,513.0199,154.0
fifwc-esp-arg-2026-07-19,fifwc-esp-arg-2026-07-19-player-props,Spain vs. Argentina - Player Props,2944604,soccer_player_shots_on_target,Lamine Yamal: 4+ shots on target,Lamine Yamal: 4+ shots on target,Yes,No,4728492906613988211867066480735464649356482275185838064340894598687477907622,64413150692874667795515282351886734470489641995994091583505602193119556204569,0,10.1098,0.01,0.95,0.05,0.01,True,0.95,0.01,0.94,8.7115,39.7468,0.6,0.99,0.05,0.94,59.4,59.4,0.4585
fifwc-esp-arg-2026-07-19,fifwc-esp-arg-2026-07-19-player-props,Spain vs. Argentina - Player Props,2944605,soccer_player_shots_on_target,Leandro Paredes: 1+ shots on target,Leandro Paredes: 1+ shots on target,Yes,No,199865789898786968473520900599384606381964285981540347092694207478114925973,31505038249840884151756193471612087362781158131871569547044682953881903236156,0,2215.2595,0.01,0.32,0.05,0.01,True,0.33,0.01,0.32,66.0,270.0,0.1,0.99,0.68,0.30999999999999994,9.9,9.9,34.0
fifwc-esp-arg-2026-07-19,fifwc-esp-arg-2026-07-19-player-props,Spain vs. Argentina - Player Props,2944606,soccer_player_shots_on_target,Leandro Paredes: 2+ shots on target,Leandro Paredes: 2+ shots on target,Yes,No,69444369380932322773543222206026348391949248938112244577257275586901508941600,53043798199916880148751538495409526078420599256307487843292113673946871702398,0,23.6815,0.01,0.59,0.05,0.01,True,0.59,0.01,0.58,7.1979999999999995,7.1979999999999995,0.1,0.99,0.41,0.5800000000000001,9.9,9.9,5.002
fifwc-esp-arg-2026-07-19,fifwc-esp-arg-2026-07-19-player-props,Spain vs. Argentina - Player Props,2944607,soccer_player_shots_on_target,Lionel Messi: 1+ shots on target,Lionel Messi: 1+ shots on target,Yes,No,72779855377318311669406319764709390199775615361749159188848760856319130314910,52420319849119798881243570214827585942694068777188169859869824657847416003903,0,125.5091,0.22,0.85,0.05,0.01,True,0.85,0.22,0.63,64.5235,324.9089,5.0006,0.78,0.15,0.63,17.729400000000002,17.729400000000002,11.3865
fifwc-esp-arg-2026-07-19,fifwc-esp-arg-2026-07-19-player-props,Spain vs. Argentina - Player Props,2944608,soccer_player_shots_on_target,Lionel Messi: 2+ shots on target,Lionel Messi: 2+ shots on target,Yes,No,1200052971963751295867175760944147625748455269385956248793292887486796208760,37660391621725327546693023341694381919712582962437232691802318043610703717790,18.181817,3122.0764,0.03,0.5,0.05,0.01,True,0.5,0.03,0.47,57.5,675.5,0.9501000000000001,0.97,0.5,0.47,30.7199,513.9999,57.5
fifwc-esp-arg-2026-07-19,fifwc-esp-arg-2026-07-19-player-props,Spain vs. Argentina - Player Props,2944609,soccer_player_shots_on_target,Lionel Messi: 3+ shots on target,Lionel Messi: 3+ shots on target,Yes,No,10975378925778801655763402837956440385490781213701872290167224875078790987384,20643148369377511327280470456795177666928574859028214141779243523316358645710,0,2638.8347,0.01,0.26,0.05,0.01,True,0.27,0.01,0.26,54.0,226.0,0.1,0.99,0.74,0.25,9.9,9.9,37.0
fifwc-esp-arg-2026-07-19,fifwc-esp-arg-2026-07-19-player-props,Spain vs. Argentina - Player Props,2944610,soccer_player_shots_on_target,Lionel Messi: 4+ shots on target,Lionel Messi: 4+ shots on target,Yes,No,18756697164457287645891097694382902413767803504765585546863766183032558933178,107552151426009385388022402557450888310121222756148907868444241751879368143122,0,11.4996,0.01,0.93,0.05,0.01,True,0.93,0.01,0.92,79.7103,97.04050000000001,0.1,0.99,0.07,0.9199999999999999,9.9,9.9,5.9997
fifwc-esp-arg-2026-07-19,fifwc-esp-arg-2026-07-19-player-props,Spain vs. Argentina - Player Props,2944611,soccer_player_shots_on_target,Lisandro Martínez: 1+ shots on target,Lisandro Martínez: 1+ shots on target,Yes,No,68846488995458497346784973578025339038698385865695428224462699797770105028333,99700307693875210306849276427073532571935795560137078202205075239691212745413,0,2662.2462,0.01,0.23,0.05,0.01,True,0.23,0.01,0.22,13.365300000000001,122.9765,0.1,0.99,0.77,0.21999999999999997,9.9,9.9,44.7447
fifwc-esp-arg-2026-07-19,fifwc-esp-arg-2026-07-19-player-props,Spain vs. Argentina - Player Props,2944612,soccer_player_shots_on_target,Mikel Oyarzabal: 1+ shots on target,Mikel Oyarzabal: 1+ shots on target,Yes,No,14602360319732802977926800835710267900504239744601403211842001636448795929170,97484187087240493711605772090440641472814189932336980201852096004731314680109,0,254.5599,0.05,0.75,0.05,0.01,True,0.75,0.05,0.7,60.0,472.4,6.5,0.95,0.25,0.7,123.5,238.7,20.0
fifwc-esp-arg-2026-07-19,fifwc-esp-arg-2026-07-19-player-props,Spain vs. Argentina - Player Props,2944613,soccer_player_shots_on_target,Mikel Oyarzabal: 2+ shots on target,Mikel Oyarzabal: 2+ shots on target,Yes,No,62107211168327067822162130428911402741806031638914275655586942491729109453352,99538460662195154281471007053228869082080805497438141519591040120224168539492,0,2473.7545,0.01,0.39,0.05,0.01,True,0.39,0.01,0.38,19.5,201.5,0.1,0.99,0.61,0.38,9.9,9.9,30.5
fifwc-esp-arg-2026-07-19,fifwc-esp-arg-2026-07-19-player-props,Spain vs. Argentina - Player Props,2944614,soccer_player_shots_on_target,Mikel Oyarzabal: 3+ shots on target,Mikel Oyarzabal: 3+ shots on target,Yes,No,93982076990942031464605305060356725169795769125622843114644282863747506731976,79433550559750465579814365451610292482063024854005219478543291952562214085850,0,6038.8572,0.01,0.2,0.05,0.01,True,0.2,0.01,0.19,10.316,53.645300000000006,0.1,0.99,0.8,0.18999999999999995,9.9,9.9,41.264
fifwc-esp-arg-2026-07-19,fifwc-esp-arg-2026-07-19-player-props,Spain vs. Argentina - Player Props,2944615,soccer_player_shots_on_target,Mikel Oyarzabal: 4+ shots on target,Mikel Oyarzabal: 4+ shots on target,Yes,No,83956429204659887218983853167669102320626220876621251429126341231919892158643,14922992255798103964917234821818661186633676262021667008070590262285527919035,0,21.5696,0.02,0.93,0.05,0.01,True,0.93,0.02,0.91,5.3568,29.737,5.5600000000000005,0.98,0.07,0.9099999999999999,272.44,480.34000000000003,0.4032
fifwc-esp-arg-2026-07-19,fifwc-esp-arg-2026-07-19-player-props,Spain vs. Argentina - Player Props,2944616,soccer_player_shots_on_target,Nahuel Molina: 1+ shots on target,Nahuel Molina: 1+ shots on target,Yes,No,89581265314769691809919688557274073126319181645294502707625860967457684596573,53345670607423949606639036147769586012236078467968744801803754159166950131255,0,2666.044,0.01,0.24,0.05,0.01,True,0.24,0.01,0.22999999999999998,12.4008,128.1508,0.1,0.99,0.76,0.22999999999999998,9.9,9.9,39.269200000000005
fifwc-esp-arg-2026-07-19,fifwc-esp-arg-2026-07-19-player-props,Spain vs. Argentina - Player Props,2944617,soccer_player_shots_on_target,Nicolás Tagliafico: 1+ shots on target,Nicolás Tagliafico: 1+ shots on target,Yes,No,33570027736317559620584091535643474234565378202448133155846367531008787866422,90310308355365407556372780583331268152946787765431398525811447616304047463250,0,2651.0237,0.01,0.25,0.05,0.01,True,0.25,0.01,0.24,12.5,131.5,0.1,0.99,0.75,0.24,9.9,9.9,37.5
fifwc-esp-arg-2026-07-19,fifwc-esp-arg-2026-07-19-player-props,Spain vs. Argentina - Player Props,2944618,soccer_player_shots_on_target,Pau Cubarsí: 1+ shots on target,Pau Cubarsí: 1+ shots on target,Yes,No,29690698896626923076047585313443257909510745237953104322623263489595683246494,72870106862169870062713122763073732821810748476739533910149381275516684929313,0,2597.193,0.01,0.28,0.05,0.01,True,0.28,0.01,0.27,224.00000000000003,224.00000000000003,0.1,0.99,0.72,0.27,9.9,9.9,576.0
fifwc-esp-arg-2026-07-19,fifwc-esp-arg-2026-07-19-player-props,Spain vs. Argentina - Player Props,2944619,soccer_player_shots_on_target,Pedri: 1+ shots on target,Pedri: 1+ shots on target,Yes,No,70308199970189313090060193767250026052719278364819723209641675987523738013527,17171892621606173614937552878167984889665759320391587788489592954140407228657,0,466.0184,0.01,0.34,0.05,0.01,True,0.34,0.01,0.33,17.0,248.5,0.6,0.99,0.66,0.32999999999999996,59.4,59.4,33.0
fifwc-esp-arg-2026-07-19,fifwc-esp-arg-2026-07-19-player-props,Spain vs. Argentina - Player Props,2944620,soccer_player_shots_on_target,Pedri: 2+ shots on target,Pedri: 2+ shots on target,Yes,No,38937198681521389739134165555590823328531011206591583705147429681351656319601,83222587540658809587291532867761987837495607369277563163566704968604304092238,0,10.1498,0.01,0.95,0.05,0.01,True,0.95,0.01,0.94,9.613999999999999,39.4271,0.6,0.99,0.05,0.94,59.4,59.4,0.506
fifwc-esp-arg-2026-07-19,fifwc-esp-arg-2026-07-19-player-props,Spain vs. Argentina - Player Props,2944621,soccer_player_shots_on_target,Pedro Porro: 1+ shots on target,Pedro Porro: 1+ shots on target,Yes,No,784897524810455602812960527013470114758361012203117192426298339235238019776,98840647144054430543542509407120138023287878649647349339422464087869642158269,0,2635.4113,0.01,0.3,0.05,0.01,True,0.3,0.01,0.29,75.0,265.0,0.1,0.99,0.7,0.29000000000000004,9.9,9.9,140.0
fifwc-esp-arg-2026-07-19,fifwc-esp-arg-2026-07-19-player-props,Spain vs. Argentina - Player Props,2944622,soccer_player_shots_on_target,Pedro Porro: 2+ shots on target,Pedro Porro: 2+ shots on target,Yes,No,108349270395760458352486567578680206224073296984625926109277686399698816680745,28545550061905300051843024141223184363985028989946175964763227726381363968542,0,21.5696,0.02,0.93,0.05,0.01,True,0.93,0.02,0.91,6.231000000000001,30.6112,5.5600000000000005,0.98,0.07,0.9099999999999999,272.44,480.34000000000003,0.4690000000000001
fifwc-esp-arg-2026-07-19,fifwc-esp-arg-2026-07-19-player-props,Spain vs. Argentina - Player Props,2944623,soccer_player_shots_on_target,Rodri: 1+ shots on target,Rodri: 1+ shots on target,Yes,No,90640998133781402244419707060442176612953204549908730650193661644404421668411,99629174074923775923114070939612194676547908532397967055119319010482854421781,0,2522.8248,0.03,0.32,0.05,0.01,True,0.32,0.03,0.29000000000000004,16.0,166.5,0.9501000000000001,0.97,0.68,0.2899999999999999,30.7199,513.0199,34.0
fifwc-esp-arg-2026-07-19,fifwc-esp-arg-2026-07-19-player-props,Spain vs. Argentina - Player Props,2944624,soccer_player_shots_on_target,Rodrigo de Paul: 1+ shots on target,Rodrigo de Paul: 1+ shots on target,Yes,No,53860950547246769648932455122722064827179205683804728194018614799975697904706,40383372819190105950304016896832168579856276265749234878582357054843575750011,0,2481.8545,0.01,0.32,0.05,0.01,True,0.32,0.01,0.31,16.0,166.5,0.1,0.99,0.67,0.31999999999999995,9.9,9.9,134.0
fifwc-esp-arg-2026-07-19,fifwc-esp-arg-2026-07-19-player-props,Spain vs. Argentina - Player Props,2944625,soccer_player_shots_on_target,Rodrigo de Paul: 2+ shots on target,Rodrigo de Paul: 2+ shots on target,Yes,No,70947135560871184419417269576605286977017991433566250971253536352469382072154,41732394469216478160923723827533727124276061880200908975624729458865231891125,0,18.8596,0.01,0.89,0.05,0.01,True,0.89,0.01,0.88,97.0901,97.0901,0.1,0.99,0.11,0.88,9.9,9.9,11.9999
fifwc-esp-arg-2026-07-19,fifwc-esp-arg-2026-07-19-player-props,Spain vs. Argentina - Player Props,2946751,soccer_player_goals,Nicolás Paz: 3+ goals,Nicolás Paz: 3+ goals,Yes,No,40573188178129965736499388066437770298363028742058467118201349388234561224636,81930305866865635987860697743866699615149636721998273876502490809059146111467,69.1919,37.3186,,0.25,0.05,0.01,True,0.25,,,2.75,2.75,0,,0.75,,0,0,8.25
fifwc-esp-arg-2026-07-19,fifwc-esp-arg-2026-07-19-player-props,Spain vs. Argentina - Player Props,2946754,soccer_player_shots_on_target,Rodri: 2+ shots on target,Rodri: 2+ shots on target,Yes,No,52849264131499128025764936183888085706287252157436147906783569609574027252884,22684007500785523518750373153107435222391311769906800089935416368968336219465,0,10.1698,0.01,0.95,0.05,0.01,True,0.95,0.01,0.94,9.613999999999999,39.4271,0.6,0.99,0.05,0.94,59.4,59.4,0.506
fifwc-esp-arg-2026-07-19,fifwc-esp-arg-2026-07-19-player-props,Spain vs. Argentina - Player Props,2947009,soccer_player_goals,Dani Olmo: 3+ goals,Dani Olmo: 3+ goals,Yes,No,50920412738272560923774554754264477059331770204209874407091818919366657447254,68938870056006840039900802913045894679747628820225914881290867939386548782706,60,45.4386,,0.25,0.05,0.01,True,0.25,,,1.25,1.25,0,,0.75,,0,0,3.75
fifwc-esp-arg-2026-07-19,fifwc-esp-arg-2026-07-19-player-props,Spain vs. Argentina - Player Props,2947010,soccer_player_goals,Mikel Merino: 3+ goals,Mikel Merino: 3+ goals,Yes,No,83904141671661264634382942281609164367257294099859484272307741875372427537341,111425014360392939622158861233118300511348693148971972165090393601515425813139,87.202,55.4676,,0.24,0.05,0.01,True,0.24,,,6.528,7.778,0,,0.76,,0,0,20.672
fifwc-esp-arg-2026-07-19,fifwc-esp-arg-2026-07-19-player-props,Spain vs. Argentina - Player Props,2954703,soccer_player_goals,Yeremi Pino: 3+ goals,Yeremi Pino: 3+ goals,Yes,No,24763973770179020086462214059404378261626904425696330171204108616620334728826,5157181038506397017064779089717046069349146954083589661935511790561418791584,89.995,84.1185,,0.2,0.05,0.01,True,0.2,,,11.0,11.0,0,,0.8,,0,0,44.0
fifwc-esp-arg-2026-07-19,fifwc-esp-arg-2026-07-19-player-props,Spain vs. Argentina - Player Props,2959204,soccer_player_goals,Alex Baena: 3+ goals,Alex Baena: 3+ goals,Yes,No,61020289873096662485019693396333652379882011726085615059607723570737904823856,2216076852708637346959257883480785224659078035754014065274376719287348054524,20,38.7987,,0.25,0.05,0.01,True,0.25,,,2.75,2.75,0,,0.75,,0,0,8.25
fifwc-esp-arg-2026-07-19,fifwc-esp-arg-2026-07-19-player-props,Spain vs. Argentina - Player Props,2971482,soccer_player_shots,Enzo Fernández: 5+ shots,Enzo Fernández: 5+ shots,Yes,No,7095709820930111534940877690038484203909333157437550958105503941009894823317,109057556721821785256966144717483956016503260533043830074695095862505946496845,0,105.14,0.01,0.23,0.05,0.01,True,0.24,0.01,0.22999999999999998,14.879999999999999,26.88,0.2,0.99,0.79,0.19999999999999996,19.8,19.8,7.9
