fixture_id,event_slug,event_title,market_id,sports_market_type,group_item_title,question,outcome_0,outcome_1,token_0,token_1,market_volume,market_liquidity,gamma_best_bid,gamma_best_ask,fee_rate,tick_size,accepting_orders,outcome_0_ask,outcome_0_bid,outcome_0_spread,outcome_0_ask_depth_best_usd,outcome_0_ask_depth_2c_usd,outcome_0_bid_depth_best_usd,outcome_1_ask,outcome_1_bid,outcome_1_spread,outcome_1_ask_depth_best_usd,outcome_1_ask_depth_2c_usd,outcome_1_bid_depth_best_usd
fifwc-esp-arg-2026-07-19,fifwc-esp-arg-2026-07-19,Spain vs. Argentina,2941974,moneyline,Spain,Will Spain win on 2026-07-19?,Yes,No,105042264974012349507628582341465372921413790307165600767293079103508862620927,26950933687061136665045692928866901705470041092212665620581588770356803034388,3603469.019626,5038499.5774,0.425,0.4275,0.05,0.0025,True,0.4275,0.425,0.0025000000000000022,179954.56035,1133717.794925,132388.75375,0.575,0.5725,0.0024999999999999467,179114.19624999998,3590709.2459,240991.77965
fifwc-esp-arg-2026-07-19,fifwc-esp-arg-2026-07-19,Spain vs. Argentina,2941975,moneyline,Draw (Spain vs. Argentina),Will Spain vs. Argentina end in a draw?,Yes,No,92571123127402723974640575698896369187398878096159854165218788690275715186568,8897745942892740554419142821188087932128583924929997823029754125155949675043,1043834.3181110002,3397291.45255,0.315,0.3175,0.05,0.0025,True,0.3175,0.315,0.0025000000000000022,122912.03510000001,753114.58645,274182.4197,0.685,0.6825,0.0025000000000000577,596248.4408000001,2790158.255925,262847.48490000004
fifwc-esp-arg-2026-07-19,fifwc-esp-arg-2026-07-19,Spain vs. Argentina,2941976,moneyline,Argentina,Will Argentina win on 2026-07-19?,Yes,No,22596903656102431101396261359922941848858035376971300420659017295333613251025,40285215796521673925483410143614666389701053711161542152061618519144468632440,4885268.187794036,3746188.26745,0.265,0.2675,0.05,0.0025,True,0.2675,0.265,0.0025000000000000022,397685.158575,957120.1050000001,29329.211550000004,0.735,0.7325,0.0024999999999999467,81347.05845,1198274.1476,1095065.078175
fifwc-esp-arg-2026-07-19,fifwc-esp-arg-2026-07-19-halftime-result,Spain vs. Argentina - Halftime Result,2942003,soccer_halftime_result,Spain,Spain leading at halftime?,Yes,No,42503841910860913824009439250447867230452353097870659911813776798275939913183,99059826531541617583139361975369310511489155419493341373589793074206923469613,104512.77543399997,506011.7829,0.31,0.32,0.05,0.01,True,0.32,0.31,0.010000000000000009,20453.571200000002,58170.940500000004,43899.5743,0.69,0.68,0.009999999999999898,97711.95569999999,199710.9268,43357.588800000005
fifwc-esp-arg-2026-07-19,fifwc-esp-arg-2026-07-19-halftime-result,Spain vs. Argentina - Halftime Result,2942004,soccer_halftime_result,Draw,Spain vs. Argentina: Draw at halftime?,Yes,No,55534690741590152916803799347245209373571978987049575285043457531284537719480,82049642666299749350751413177958219988628930265531855056246225148910944146356,100730.556651,823358.868,0.48,0.49,0.05,0.01,True,0.49,0.48,0.010000000000000009,170356.2175,409940.6575,35308.1616,0.52,0.51,0.010000000000000009,59184.1484,108708.6439,177309.5325
fifwc-esp-arg-2026-07-19,fifwc-esp-arg-2026-07-19-halftime-result,Spain vs. Argentina - Halftime Result,2942005,soccer_halftime_result,Argentina,Argentina leading at halftime?,Yes,No,20664793222331339343552998267820854019645651559348706346914375656718469924729,50224683305525930795637556259236786272907665223902846135542340441464287900745,71647.28696500002,477303.0719,0.21,0.22,0.05,0.01,True,0.22,0.21,0.010000000000000009,21427.8218,43678.9772,360.2655,0.79,0.78,0.010000000000000009,1355.2845,128703.3802,75971.3682
fifwc-esp-arg-2026-07-19,fifwc-esp-arg-2026-07-19-second-half-result,Spain vs. Argentina - Second Half Result,2942006,soccer_second_half_result,Spain,Spain to win the second half?,Yes,No,105939212437102202833913457556054935614168622874084087446115067861779128457956,23218786246020293905333474773382417683136263949066492185961095523252018618652,5848.23552,191320.6158,0.35,0.36,0.05,0.01,True,0.36,0.35,0.010000000000000009,728.424,10171.740899999999,296.0965,0.65,0.64,0.010000000000000009,549.8935,3123.9596,1294.976
fifwc-esp-arg-2026-07-19,fifwc-esp-arg-2026-07-19-second-half-result,Spain vs. Argentina - Second Half Result,2942007,soccer_second_half_result,Draw,Spain vs. Argentina: Second half draw?,Yes,No,96971411701036318269404639535897220026875646216565699305789706527902230545440,14678681355115503843176242219100846521080162753034217854185247120562389412867,2635.1668860000004,167639.6396,0.38,0.39,0.05,0.01,True,0.39,0.38,0.010000000000000009,1524.9156,6688.9348,1015.4398,0.62,0.61,0.010000000000000009,1656.7702,35842.6117,2385.1244
fifwc-esp-arg-2026-07-19,fifwc-esp-arg-2026-07-19-second-half-result,Spain vs. Argentina - Second Half Result,2942008,soccer_second_half_result,Argentina,Argentina to win the second half?,Yes,No,92398664276034606727217378427887667955317773344409043285643991870750709654075,2079772460783102876680714723754512283737636997253510656470916509423373186373,49062.12778399996,242127.2424,0.27,0.28,0.05,0.01,True,0.28,0.27,0.010000000000000009,4382.3892000000005,33326.1228,781.3287,0.73,0.72,0.010000000000000009,2112.4813,12530.3854,11269.0008
fifwc-esp-arg-2026-07-19,fifwc-esp-arg-2026-07-19-exact-score,Spain vs. Argentina - Exact Score,2942009,soccer_exact_score,Spain 0 - 0 Argentina,Exact Score: Spain 0 - 0 Argentina?,Yes,No,81549293522926834217196813449020148539241513751484223259159114469711911824316,105131637194402927882857711341679712688698913278320313966910923046884205545649,455813.5012729993,1357112.796,0.1,0.11,0.05,0.01,True,0.11,0.1,0.009999999999999995,6718.2445,113649.1738,229741.059,0.9,0.89,0.010000000000000009,2067669.531,3085847.7652,54356.7055
fifwc-esp-arg-2026-07-19,fifwc-esp-arg-2026-07-19-exact-score,Spain vs. Argentina - Exact Score,2942010,soccer_exact_score,Spain 0 - 1 Argentina,Exact Score: Spain 0 - 1 Argentina?,Yes,No,44745496501222841727631055299580565730260078104743395625344679668446804748261,9315261753215457668569501926418745411616198632712838640504976861465067073909,171937.47393999956,3208410.3015,0.08,0.09,0.05,0.01,True,0.09,0.08,0.009999999999999995,171027.82439999998,280777.1382,138179.7984,0.92,0.91,0.010000000000000009,1589067.6816,2588471.6045,1729281.3355999999
fifwc-esp-arg-2026-07-19,fifwc-esp-arg-2026-07-19-exact-score,Spain vs. Argentina - Exact Score,2942011,soccer_exact_score,Spain 1 - 0 Argentina,Exact Score: Spain 1 - 0 Argentina?,Yes,No,36284631190512394140314037549741121782871517320465510133598056044713226666250,45532354621305932937190196097170933475055093463758992985271554027450114042897,331395.5154260051,2564645.9863,0.11,0.12,0.05,0.01,True,0.12,0.11,0.009999999999999995,87082.6692,293254.14780000004,177881.1584,0.89,0.88,0.010000000000000009,1439220.2815999999,2417909.2909999997,638606.2408
fifwc-esp-arg-2026-07-19,fifwc-esp-arg-2026-07-19-exact-score,Spain vs. Argentina - Exact Score,2942012,soccer_exact_score,Spain 0 - 2 Argentina,Exact Score: Spain 0 - 2 Argentina?,Yes,No,47145578323451058779403614719457551996653409901966195623142669480376673877090,46814744040327909045077123830469972958842988519470688298076989755729925747993,414464.0446020002,1257128.18945,0.039,0.04,0.05,0.001,True,0.041,0.039,0.0020000000000000018,4040.6106800000002,44951.46384,242.84598,0.961,0.959,0.0020000000000000018,5983.97402,997504.19018,94510.86932
fifwc-esp-arg-2026-07-19,fifwc-esp-arg-2026-07-19-exact-score,Spain vs. Argentina - Exact Score,2942013,soccer_exact_score,Spain 1 - 1 Argentina,Exact Score: Spain 1 - 1 Argentina?,Yes,No,42736655376785853871753155043931522511145630893598165634855727846278733514149,61519513815745308865237366567876664659360188214480972005756531829514547913075,485945.7155299997,3405728.2971,0.15,0.16,0.05,0.01,True,0.16,0.15,0.010000000000000009,167207.016,594773.9918,36272.742,0.85,0.84,0.010000000000000009,205545.538,1411944.0852,877836.8339999999
fifwc-esp-arg-2026-07-19,fifwc-esp-arg-2026-07-19-exact-score,Spain vs. Argentina - Exact Score,2942014,soccer_exact_score,Spain 2 - 0 Argentina,Exact Score: Spain 2 - 0 Argentina?,Yes,No,22254858175513103187588388900033291336771070560809999961721316193141200660957,22893608586228782078354772038228054619714640643126094831956979889813476081650,473298.4445690036,2763775.1884,0.08,0.09,0.05,0.01,True,0.09,0.08,0.009999999999999995,112919.93819999999,249273.53789999997,21759.787200000002,0.92,0.91,0.010000000000000009,250237.55280000003,1364203.3655,1141746.0418
fifwc-esp-arg-2026-07-19,fifwc-esp-arg-2026-07-19-exact-score,Spain vs. Argentina - Exact Score,2942015,soccer_exact_score,Spain 0 - 3 Argentina,Exact Score: Spain 0 - 3 Argentina?,Yes,No,35289164512036836621533326126064114451858610409336283611332256435522186949436,58281199611700028311622954922299614722293459648127205757837137743802418668533,995046.2425840003,1284880.83394,0.01,0.011,0.05,0.001,True,0.01,0.009,0.0010000000000000009,32.387600000000006,15409.246490000001,89.34875999999998,0.991,0.99,0.0010000000000000009,9838.291239999999,1078011.71912,3206.3724
fifwc-esp-arg-2026-07-19,fifwc-esp-arg-2026-07-19-exact-score,Spain vs. Argentina - Exact Score,2942016,soccer_exact_score,Spain 1 - 2 Argentina,Exact Score: Spain 1 - 2 Argentina?,Yes,No,12384785608039901247497028680546060108195625418904439310834182431741545359435,33943426374788577933834234650409034353628286549043800145320636816016760055303,1939609.2539469919,2597046.9088,0.07,0.08,0.05,0.01,True,0.08,0.07,0.009999999999999995,62886.2384,209581.68929999997,9433.301500000001,0.93,0.92,0.010000000000000009,125328.14850000001,1479015.4517,723191.7416000001
fifwc-esp-arg-2026-07-19,fifwc-esp-arg-2026-07-19-exact-score,Spain vs. Argentina - Exact Score,2942017,soccer_exact_score,Spain 2 - 1 Argentina,Exact Score: Spain 2 - 1 Argentina?,Yes,No,79464966601443444211409754239549864715374909947355242456484423943167025371292,45493746872063564096177937323959647647530659113687507849142486516762995679101,2021642.5549580005,2476079.2564,0.09,0.1,0.05,0.01,True,0.1,0.09,0.010000000000000009,108545.90600000002,252651.02920000002,21365.2332,0.91,0.9,0.010000000000000009,216026.24680000002,1421874.968,976913.1540000001
fifwc-esp-arg-2026-07-19,fifwc-esp-arg-2026-07-19-exact-score,Spain vs. Argentina - Exact Score,2942018,soccer_exact_score,Spain 3 - 0 Argentina,Exact Score: Spain 3 - 0 Argentina?,Yes,No,9849551241373217468398926116494361037206032495449574957261289531683799404303,6378631776633584701711096755651961644025777081603563784626403545311285914224,2285055.6995870005,1065756.62216,0.032,0.033,0.05,0.001,True,0.033,0.032,0.0010000000000000009,7.61772,36767.56878,806.31392,0.968,0.967,0.0010000000000000009,26078.655679999996,1208149.28075,123.22481
fifwc-esp-arg-2026-07-19,fifwc-esp-arg-2026-07-19-exact-score,Spain vs. Argentina - Exact Score,2942019,soccer_exact_score,Spain 1 - 3 Argentina,Exact Score: Spain 1 - 3 Argentina?,Yes,No,28222289354527373762480982537652524035997379204805798075050731984117597182468,105464392408709386724730914760889773033348761488075448055131432680768115768863,1810845.952684998,1306716.41654,0.028,0.029,0.05,0.001,True,0.029,0.028,0.0010000000000000009,152.88974000000002,33231.88634,188.32940000000002,0.972,0.971,0.0010000000000000009,6537.7206,1164158.44512,5139.38648
fifwc-esp-arg-2026-07-19,fifwc-esp-arg-2026-07-19-exact-score,Spain vs. Argentina - Exact Score,2942020,soccer_exact_score,Spain 2 - 2 Argentina,Exact Score: Spain 2 - 2 Argentina?,Yes,No,30705778356175131138527811895766002183117548687772523359723445110027329785211,34891371387938701211840591458071323530884822030384779347681535463054581294576,2213531.1750029596,2597858.1935,0.05,0.06,0.05,0.01,True,0.06,0.05,0.009999999999999995,45520.2582,159437.64930000002,3755.5480000000007,0.95,0.94,0.010000000000000009,71355.412,1287659.2803999998,715388.7014
fifwc-esp-arg-2026-07-19,fifwc-esp-arg-2026-07-19-exact-score,Spain vs. Argentina - Exact Score,2942021,soccer_exact_score,Spain 3 - 1 Argentina,Exact Score: Spain 3 - 1 Argentina?,Yes,No,7021530639078779013734059268307729540470749823782052736997993054767028914999,90697868812610472234346560441302376325910183076355912830906137032174188301710,630004.229417,1028561.84951,0.042,0.043,0.05,0.001,True,0.043,0.042,0.000999999999999994,6194.014979999999,31519.48003,161.83524,0.958,0.957,0.0010000000000000009,3691.3847599999995,1227022.66552,137852.84501999998
fifwc-esp-arg-2026-07-19,fifwc-esp-arg-2026-07-19-exact-score,Spain vs. Argentina - Exact Score,2942022,soccer_exact_score,Spain 2 - 3 Argentina,Exact Score: Spain 2 - 3 Argentina?,Yes,No,51109306394725090330084656461396328598075978877907267180360989433722055814374,28270659931872148672320983284020103550194403267662738412591930426417805719170,11415001.398204926,1184898.58206,0.039,0.04,0.05,0.001,True,0.04,0.039,0.0010000000000000009,11751.4192,18242.3186,552.5535600000001,0.961,0.96,0.0010000000000000009,13615.48644,823857.1150999999,282646.71359999996
fifwc-esp-arg-2026-07-19,fifwc-esp-arg-2026-07-19-exact-score,Spain vs. Argentina - Exact Score,2942023,soccer_exact_score,Spain 3 - 2 Argentina,Exact Score: Spain 3 - 2 Argentina?,Yes,No,83578876256912836630465568836787043011698561387422220730948431144418924444718,49384164222368191218605127033710312316664748617991737246758669505738720950669,3320761.200336995,743533.12521,0.032,0.033,0.05,0.001,True,0.033,0.032,0.0010000000000000009,4.20519,16911.095540000002,370.74528000000004,0.968,0.967,0.0010000000000000009,11215.04472,1135052.46937,123.22481
fifwc-esp-arg-2026-07-19,fifwc-esp-arg-2026-07-19-exact-score,Spain vs. Argentina - Exact Score,2942024,soccer_exact_score,Spain 3 - 3 Argentina,Exact Score: Spain 3 - 3 Argentina?,Yes,No,88228649965626685394164426382716859280399843611049553371375616762843144167182,18428656887981140823068577570134033651673411615058872565391929275495865976021,5872509.562841974,622857.48263,0.017,0.018,0.05,0.001,True,0.017,0.016,0.0010000000000000009,153.19601000000003,5853.92833,495.57344,0.984,0.983,0.0010000000000000009,30477.76656,1812373.08014,8858.333990000001
fifwc-esp-arg-2026-07-19,fifwc-esp-arg-2026-07-19-exact-score,Spain vs. Argentina - Exact Score,2942025,soccer_exact_score,Any Other Score,Exact Score: Any Other Score?,Yes,No,112506135920499895973036194948205811788595587475440410000783705571222669619858,115151072969073909238674209070880620860700060256512907416652712296216049269321,561079.0407920005,1279540.7524,0.05,0.06,0.05,0.01,True,0.06,0.05,0.009999999999999995,22967.1498,75265.6047,6578.858,0.95,0.94,0.010000000000000009,124998.302,2922248.0707,359818.6802
fifwc-esp-arg-2026-07-19,fifwc-esp-arg-2026-07-19-first-to-score,Spain vs. Argentina - First Team to Score,2942026,soccer_first_to_score,Spain,Spain to score first vs. Argentina?,Yes,No,9442745886371658885992984738892694704152411733298078866606168044613081349804,97171789406634980432007130638998091860312416287731490944838203146022145507770,77106.58091899993,226490.4806,0.52,0.53,0.05,0.01,True,0.53,0.52,0.010000000000000009,16492.714900000003,46039.33500000001,7957.976,0.48,0.47,0.010000000000000009,7345.824,21470.9281,14625.6151
fifwc-esp-arg-2026-07-19,fifwc-esp-arg-2026-07-19-first-to-score,Spain vs. Argentina - First Team to Score,2942027,soccer_first_to_score,Argentina,Argentina to score first vs. Spain?,Yes,No,91613958020462206796604703490892509074037827032000264303930178637905513667554,52462745552966070037353896544408106239819915353248296777169963883406867728145,41765.72528700006,224464.3242,0.38,0.39,0.05,0.01,True,0.39,0.38,0.010000000000000009,8028.278700000001,30387.133200000004,4919.5522,0.62,0.61,0.010000000000000009,8026.6378,27030.944,12557.051300000001
fifwc-esp-arg-2026-07-19,fifwc-esp-arg-2026-07-19-first-to-score,Spain vs. Argentina - First Team to Score,2942028,soccer_first_to_score,Neither,Spain vs. Argentina: Neither team to score first?,Yes,No,46468009063184382728906236836743754404951837514722945422850096655231290940321,51886558789662081116832110864895092893246044793536840163063722959295768001701,80222.34637599996,240697.7771,0.11,0.12,0.05,0.01,True,0.12,0.11,0.009999999999999995,3967.6139999999996,10810.7012,3432.6413000000002,0.89,0.88,0.010000000000000009,27773.188700000002,265105.9119,29095.836
fifwc-esp-arg-2026-07-19,fifwc-esp-arg-2026-07-19-more-markets,Spain vs. Argentina - More Markets,2942064,spreads,Spain (-1.5),Spread: Spain (-1.5),Spain,Argentina,98699639556495089435803820424633193482385080794955683699757392440226749572387,51499791058434329766698297937382776746424415010143258660366209876130116492569,2972362.559495013,625801.903225,0.2,0.2025,0.05,0.0025,True,0.2025,0.2,0.0025000000000000022,5324.7942,34390.307525,11111.302000000001,0.8,0.7975,0.0025000000000000577,44445.208000000006,559453.1106,20970.4858
fifwc-esp-arg-2026-07-19,fifwc-esp-arg-2026-07-19-more-markets,Spain vs. Argentina - More Markets,2942065,spreads,Argentina (-1.5),Spread: Argentina (-1.5),Argentina,Spain,27866062221579476928861033428139821414043096358422032545150760258360702553383,102231986809071138728906508208881547976182342159506956488734498410239184870444,379932.9107820003,875591.0511,0.085,0.0875,0.05,0.0025,True,0.0875,0.085,0.0024999999999999883,3467.7422499999993,24879.6962,678.29065,0.915,0.9125,0.0025000000000000577,7301.59935,52016.260275,36163.59774999999
fifwc-esp-arg-2026-07-19,fifwc-esp-arg-2026-07-19-more-markets,Spain vs. Argentina - More Markets,2942066,spreads,Spain (-2.5),Spread: Spain (-2.5),Spain,Argentina,1558707332570189961820096200955136519582171078932511484380238317309280969172,53983086445102802647455380797667419444136142614376756774917672725334661547690,479647.141751,393658.415025,0.0625,0.065,0.05,0.0025,True,0.065,0.0625,0.0025000000000000022,426.9382,4004.096375,1202.67125,0.9375,0.935,0.0024999999999999467,18040.068750000002,182949.285,6141.3418
fifwc-esp-arg-2026-07-19,fifwc-esp-arg-2026-07-19-more-markets,Spain vs. Argentina - More Markets,2942067,spreads,Argentina (-2.5),Spread: Argentina (-2.5),Argentina,Spain,49329839933847137508236296569317763424126272037348177295233262183539506102390,95927753836153400849282431012340434441468880940946124526171211637554397656956,426718.44675700006,310912.62684,0.017,0.019,0.05,0.001,True,0.019,0.017,0.0019999999999999983,26.65472,667.8058,65.59008,0.983,0.981,0.0020000000000000018,3792.64992,68876.55962,1376.22528
fifwc-esp-arg-2026-07-19,fifwc-esp-arg-2026-07-19-more-markets,Spain vs. Argentina - More Markets,2942068,spreads,Spain (-3.5),Spread: Spain (-3.5),Spain,Argentina,91615399910374774632716699707955161093586513472414125784440850426973819044394,32635700868942229311190389374989739093646922876665386023614865459624795467554,154232.3164789999,378657.22878,0.02,0.021,0.05,0.001,True,0.021,0.02,0.0010000000000000009,18.19629,1069.01128,47.269200000000005,0.98,0.979,0.0010000000000000009,2316.1908,57319.129089999995,848.29371
fifwc-esp-arg-2026-07-19,fifwc-esp-arg-2026-07-19-more-markets,Spain vs. Argentina - More Markets,2942069,spreads,Argentina (-3.5),Spread: Argentina (-3.5),Argentina,Spain,54844701786035835259029529509138818731759430955520272076143110098426589306237,27715479182877240374926505482638123577644716388119637236285740910613452647386,117200.11057899993,332176.2711,0.003,0.004,0.05,0.001,True,0.004,0.003,0.001,21.3496,481.74269,5.86899,0.997,0.996,0.0010000000000000009,1950.46101,29053.454769999997,5316.050399999999
fifwc-esp-arg-2026-07-19,fifwc-esp-arg-2026-07-19-more-markets,Spain vs. Argentina - More Markets,2942070,spreads,Spain (-4.5),Spread: Spain (-4.5),Spain,Argentina,9783484663367771053370513430414927678392183619921668445617744292539553771659,93904992474937854765835464136967512633018200026836946910032791050847665374852,44147.82456300002,156230.12483,0.006,0.007,0.05,0.001,True,0.007,0.006,0.001,2.2490300000000003,15.63969,4.93926,0.994,0.992,0.0020000000000000018,818.27074,60878.2566,569.3088
fifwc-esp-arg-2026-07-19,fifwc-esp-arg-2026-07-19-more-markets,Spain vs. Argentina - More Markets,2942071,spreads,Argentina (-4.5),Spread: Argentina (-4.5),Argentina,Spain,50566628398671844066086168302979468502494901688337964016203270901568885998503,97749234584173893643480670686521133892631380736811545751163271414470780121700,121053.62503300002,164941.79469,0.001,0.004,0.05,0.001,True,0.004,0.001,0.003,4.50544,33.16637,6.42944,0.999,0.996,0.0030000000000000027,6423.01056,6423.01056,1121.85456
fifwc-esp-arg-2026-07-19,fifwc-esp-arg-2026-07-19-more-markets,Spain vs. Argentina - More Markets,2942072,spreads,Spain (-5.5),Spread: Spain (-5.5),Spain,Argentina,23748597158354846643235421984130201371194669485431024611492995992258659038441,60355982191905787681048665642297423360126574401720213554851134570885746870644,47526.497645998665,205390.89197,0.001,0.003,0.05,0.001,True,0.004,0.001,0.003,15.95476,136.008,40.66596,0.999,0.996,0.0030000000000000027,40625.29404,40625.29404,3972.73524
fifwc-esp-arg-2026-07-19,fifwc-esp-arg-2026-07-19-more-markets,Spain vs. Argentina - More Markets,2942073,spreads,Argentina (-5.5),Spread: Argentina (-5.5),Argentina,Spain,70067327697400826440646334682200786574182675701377529276477192598187627976266,26663200342242369242743664725822228580684130521640679795846882193264809290075,48336.960883999964,170239.72674,,0.004,0.05,0.001,True,0.004,,,3.8727199999999997,55.99684,0,,0.996,,0,0,964.30728
fifwc-esp-arg-2026-07-19,fifwc-esp-arg-2026-07-19-more-markets,Spain vs. Argentina - More Markets,2942074,totals,O/U 0.5,Spain vs. Argentina: O/U 0.5,Over,Under,95825958363807846699086525334115004140149075455134418888294284834103444139805,100899066788087264896991245177978653395891419153169248929857538839728453964270,224454.9669640003,288809.9774,0.8875,0.89,0.05,0.0025,True,0.89,0.8875,0.0025000000000000577,54483.0054,445704.704575,27649.379125,0.1125,0.11,0.0025000000000000022,3504.850875,16480.819975,6731.2146
fifwc-esp-arg-2026-07-19,fifwc-esp-arg-2026-07-19-more-markets,Spain vs. Argentina - More Markets,2942075,totals,O/U 1.5,Spain vs. Argentina: O/U 1.5,Over,Under,76487730613685673778526503275712730145438196914922669236000206527286181327605,94444460094130059478461527758124284936643092317254702208374627453626023521088,1923100.0794130047,660953.45895,0.6925,0.695,0.05,0.0025,True,0.695,0.6925,0.0024999999999999467,170368.35934999998,284753.32145,26726.088775,0.3075,0.305,0.0025000000000000022,11867.541224999999,105498.081475,72013.95564999999
fifwc-esp-arg-2026-07-19,fifwc-esp-arg-2026-07-19-more-markets,Spain vs. Argentina - More Markets,2942076,totals,O/U 2.5,Spain vs. Argentina: O/U 2.5,Over,Under,96709369199155811896412708963452696003757852418260689931259227822622759089946,62079784984413523345650422563713547632559798516317866687864953356087521248390,2599164.8679350014,1578510.88125,0.41,0.4125,0.05,0.0025,True,0.4125,0.41,0.0025000000000000022,28996.501874999998,657913.2845,54864.31399999999,0.59,0.5875,0.0024999999999999467,80391.73030000001,512806.0464,41946.21925000001
fifwc-esp-arg-2026-07-19,fifwc-esp-arg-2026-07-19-more-markets,Spain vs. Argentina - More Markets,2942077,totals,O/U 3.5,Spain vs. Argentina: O/U 3.5,Over,Under,55402626476150628336189573790876489866083310387667065204313831315980903668019,79463031754212872590735327726896748721117002882760315528874275622377644753131,427229.26948699926,598281.473025,0.2275,0.23,0.05,0.0025,True,0.23,0.2275,0.0025000000000000022,1005.5600000000001,24535.846400000002,73780.4704,0.7725,0.77,0.0024999999999999467,250529.2896,416433.38545,3366.44
fifwc-esp-arg-2026-07-19,fifwc-esp-arg-2026-07-19-more-markets,Spain vs. Argentina - More Markets,2942078,totals,O/U 4.5,Spain vs. Argentina: O/U 4.5,Over,Under,11495950938209749273971051560503552170700519238704281218794309479744779141493,44191264759697865385135202563380717265798503080774312620323457687658441080107,376398.51457199996,190547.976,0.1125,0.115,0.05,0.0025,True,0.1175,0.115,0.0024999999999999883,233.73805,3560.88465,3.4488499999999997,0.885,0.8825,0.0025000000000000577,26.54115,146578.29775,1755.5219499999998
fifwc-esp-arg-2026-07-19,fifwc-esp-arg-2026-07-19-more-markets,Spain vs. Argentina - More Markets,2942079,totals,O/U 5.5,Spain vs. Argentina: O/U 5.5,Over,Under,39597975841443176908555740378556181319024921993457924597132299006128698383414,45112419386690364734449600494611320250510060938704315852020921265799923273987,255282.9200820003,330459.02495,0.045,0.046,0.05,0.001,True,0.046,0.045,0.0010000000000000009,35.297180000000004,686.19625,560.78595,0.955,0.954,0.0010000000000000009,11901.124049999999,135211.99972,732.03282
fifwc-esp-arg-2026-07-19,fifwc-esp-arg-2026-07-19-more-markets,Spain vs. Argentina - More Markets,2942080,totals,O/U 6.5,Spain vs. Argentina: O/U 6.5,Over,Under,12824531344546423125643023561330753840736159393118539820917597694992566604050,20229023836786455875423160779564438217271757651373250307733617830660567954572,188354.77205499998,314917.33859,0.016,0.017,0.05,0.001,True,0.017,0.016,0.0010000000000000009,16.388,60.834790000000005,24.28656,0.984,0.983,0.0010000000000000009,1493.62344,207033.62438,947.612
fifwc-esp-arg-2026-07-19,fifwc-esp-arg-2026-07-19-more-markets,Spain vs. Argentina - More Markets,2942081,totals,O/U 7.5,Spain vs. Argentina: O/U 7.5,Over,Under,39694945349350859827256227800649660552056278027714528836781901344275639839905,2692517155492333981922803700748758333284067767841373811796825312545022886703,179299.50462099977,455462.4204,0.007,0.009,0.05,0.001,True,0.009,0.007,0.001999999999999999,4.29984,389.90179,5.91402,0.993,0.991,0.0020000000000000018,838.94598,50570.76251,625.96515
fifwc-esp-arg-2026-07-19,fifwc-esp-arg-2026-07-19-more-markets,Spain vs. Argentina - More Markets,2942082,totals,O/U 8.5,Spain vs. Argentina: O/U 8.5,Over,Under,17164965730683793600598766066684853635037210347232250111784578411733566708083,51156099466887878211796641037191753756120490705979771546473791310455657552699,178664.84236099952,388321.95529,0.003,0.004,0.05,0.001,True,0.003,0.002,0.001,8.044979999999999,237.68698,34.60406,0.998,0.997,0.0010000000000000009,17267.425939999997,29079.93161,2673.6150199999997
fifwc-esp-arg-2026-07-19,fifwc-esp-arg-2026-07-19-more-markets,Spain vs. Argentina - More Markets,2942083,soccer_team_to_advance,Team to Advance,Spain vs. Argentina: Team to Advance,Spain,Argentina,21489275813654264105403246157265887827595023709508765470113828829105196462288,59470269118682771304947535994646971819417763580663925170396066961563339373816,10275345.370697154,5415259.179875,0.5875,0.59,0.05,0.0025,True,0.59,0.5875,0.0024999999999999467,54856.618800000004,3428228.1445,933965.02375,0.4125,0.41,0.0025000000000000022,655762.6762499999,2007975.3491,38443.7976
fifwc-esp-arg-2026-07-19,fifwc-esp-arg-2026-07-19-more-markets,Spain vs. Argentina - More Markets,2942084,soccer_extra_time,Will the Match Go to Extra Time?,Spain vs. Argentina: Will the Match Go to Extra Time?,Yes,No,97948501642772411011659953242528615488160007717513876997441328473821772128256,45064127349620505638971408853930687190941379805009611444184929924545684192288,30038.945220999954,363428.5698,0.32,0.33,0.05,0.01,True,0.33,0.32,0.010000000000000009,49378.9989,70681.00690000001,2559.7888000000003,0.68,0.67,0.010000000000000009,5442.5568,56685.94129999999,100254.3311
fifwc-esp-arg-2026-07-19,fifwc-esp-arg-2026-07-19-more-markets,Spain vs. Argentina - More Markets,2942085,soccer_penalty_shootout,Will the Match Go to a Penalty Shootout?,Spain vs. Argentina: Will the Match Go to a Penalty Shootout?,Yes,No,99237176169814247102676104209521416651037975910599658912877418671626337542536,23672155771406754848331239612472695073393736122708258152585549720814710165762,79295.81078700008,250691.0312,0.19,0.2,0.05,0.01,True,0.2,0.19,0.010000000000000009,890.118,16788.005,252.5784,0.81,0.8,0.010000000000000009,1076.7816,5503.1604,3560.472
fifwc-esp-arg-2026-07-19,fifwc-esp-arg-2026-07-19-more-markets,Spain vs. Argentina - More Markets,2945083,both_teams_to_score,Both Teams to Score,Spain vs. Argentina: Both Teams to Score,Yes,No,43400327584658432314631806325041229967848913385037627203899950879363399512175,26086477339270164470484984523102108367508939325488072884563308690155488440387,2076063.2009990048,1128935.596,0.53,0.54,0.05,0.01,True,0.54,0.53,0.010000000000000009,5655.792600000001,413682.8774,162868.3958,0.47,0.46,0.009999999999999953,144411.1942,450814.5509,4817.897400000001
fifwc-esp-arg-2026-07-19,fifwc-esp-arg-2026-07-19-more-markets,Spain vs. Argentina - More Markets,2945084,both_teams_to_score_first_half,Both Teams to Score in First Half,Spain vs. Argentina: Both Teams to Score in First Half,Yes,No,105332887663665957622487397841354345154269536679107315523798052630324287544013,4661440228658734393856136334742953273722940131337485586370374307606834294035,66965.52341000004,239975.3235,0.17,0.18,0.05,0.01,True,0.18,0.17,0.009999999999999981,1556.9766000000002,21029.7904,1388.0551,0.83,0.82,0.010000000000000009,6776.974899999999,65834.7248,7092.8934
fifwc-esp-arg-2026-07-19,fifwc-esp-arg-2026-07-19-more-markets,Spain vs. Argentina - More Markets,2945085,first_half_totals,1st Half O/U 0.5,Spain vs. Argentina: 1st Half O/U 0.5,Over,Under,98788592494598149998650102899674298468012255258943672389692097320213510544449,76765811238905050379447258681379555994437711357729660383833414638328121550927,105303.93063299992,938413.3548,0.61,0.62,0.05,0.01,True,0.62,0.61,0.010000000000000009,77714.6626,305270.64629999996,141562.1815,0.39,0.38,0.010000000000000009,90506.9685,287628.0172,47631.5674
fifwc-esp-arg-2026-07-19,fifwc-esp-arg-2026-07-19-more-markets,Spain vs. Argentina - More Markets,2945086,first_half_totals,1st Half O/U 1.5,Spain vs. Argentina: 1st Half O/U 1.5,Over,Under,88491211789846798134575627874844034350484474861456960770391047920102991699376,112817446281474270495012955974920284350632577444159173457815787999785461571981,241866.9346560001,376674.5953,0.26,0.27,0.05,0.01,True,0.27,0.26,0.010000000000000009,11764.2618,28210.687,1808.4144,0.74,0.73,0.010000000000000009,5147.0256,99740.92550000001,31807.078199999996
fifwc-esp-arg-2026-07-19,fifwc-esp-arg-2026-07-19-more-markets,Spain vs. Argentina - More Markets,2945087,first_half_totals,1st Half O/U 2.5,Spain vs. Argentina: 1st Half O/U 2.5,Over,Under,32910307724756324222180173514230358930496925840490536672884218770274478698063,97807779008808666877212483834318722121095201924149767982308586680303200531729,19977.096351,250095.492,0.08,0.09,0.05,0.01,True,0.09,0.08,0.009999999999999995,4038.7679999999996,6889.3967999999995,6543.883199999999,0.92,0.91,0.010000000000000009,75254.6568,131004.3048,40836.432
fifwc-esp-arg-2026-07-19,fifwc-esp-arg-2026-07-19-more-markets,Spain vs. Argentina - More Markets,2945088,soccer_team_totals,Spain O/U 0.5,Spain vs. Argentina: Spain O/U 0.5,Over,Under,100355410528829167351369310476973510907896128009743831751362377462177827859431,5811351223424086036323155994457479563772669983054060850770124909757590616584,37053.34883000001,293248.498,0.75,0.76,0.05,0.01,True,0.76,0.75,0.010000000000000009,25749.164800000002,220008.02380000002,14871.18,0.25,0.24,0.010000000000000009,4957.06,25533.1682,8131.315200000001
fifwc-esp-arg-2026-07-19,fifwc-esp-arg-2026-07-19-more-markets,Spain vs. Argentina - More Markets,2945089,soccer_team_totals,Spain O/U 1.5,Spain vs. Argentina: Spain O/U 1.5,Over,Under,38830751010130480335360158234149115557694649367342989164909218073954827414392,69836619484603697415335565392789354837263389131211124276207135944947763729616,111466.33371200007,475880.428,0.39,0.4,0.05,0.01,True,0.4,0.39,0.010000000000000009,7656.744000000001,67194.7453,15125.483100000001,0.61,0.6,0.010000000000000009,23657.8069,130159.6461,11485.116
fifwc-esp-arg-2026-07-19,fifwc-esp-arg-2026-07-19-more-markets,Spain vs. Argentina - More Markets,2945090,soccer_team_totals,Spain O/U 2.5,Spain vs. Argentina: Spain O/U 2.5,Over,Under,57630936689653361303158382794528845965536943350811324017155128103982435667892,9868694427823165689309825233772727996863244375078695087861948500417790089475,54247.26833399998,339653.3271,0.14,0.15,0.05,0.01,True,0.15,0.14,0.009999999999999981,294.7065,6983.4392,6998.9878,0.86,0.85,0.010000000000000009,42993.782199999994,234896.1164,1670.0035
fifwc-esp-arg-2026-07-19,fifwc-esp-arg-2026-07-19-more-markets,Spain vs. Argentina - More Markets,2945091,soccer_team_totals,Argentina O/U 0.5,Spain vs. Argentina: Argentina O/U 0.5,Over,Under,83846396984989136712249171694516589660710828822197605918114090178164988652770,49278646525431166950704568331918006098194671187372033940712950274925104777399,143928.45382699987,474689.3399,0.65,0.66,0.05,0.01,True,0.66,0.65,0.010000000000000009,20450.5158,133490.1558,18319.548,0.35,0.34,0.009999999999999953,9864.372,78799.9153,10535.114200000002
fifwc-esp-arg-2026-07-19,fifwc-esp-arg-2026-07-19-more-markets,Spain vs. Argentina - More Markets,2945092,soccer_team_totals,Argentina O/U 1.5,Spain vs. Argentina: Argentina O/U 1.5,Over,Under,49657094344563222660567315070048602673827083966340534481179981823001492001584,95300686560893239916040907573612912175387748576823220492295166298077861821221,246214.86274999895,357869.9411,0.27,0.28,0.05,0.01,True,0.28,0.27,0.010000000000000009,1309.6776000000002,13347.1101,10080.7389,0.73,0.72,0.010000000000000009,27255.3311,133454.0146,3367.7424
fifwc-esp-arg-2026-07-19,fifwc-esp-arg-2026-07-19-more-markets,Spain vs. Argentina - More Markets,2945093,soccer_team_totals,Argentina O/U 2.5,Spain vs. Argentina: Argentina O/U 2.5,Over,Under,65017691110373628604984983289084714551172384985841625320350357098650802213114,42851931730059285366032592712263954135147076493037341265935815332156807239761,176757.56274600004,422940.5501,0.08,0.09,0.05,0.01,True,0.09,0.08,0.009999999999999995,744.9021,9536.7371,4977.712,0.92,0.91,0.010000000000000009,57243.688,146800.81,7531.787900000001
fifwc-esp-arg-2026-07-19,fifwc-esp-arg-2026-07-19-more-markets,Spain vs. Argentina - More Markets,2945094,soccer_first_half_team_totals,Spain 1st Half O/U 0.5,Spain vs. Argentina: Spain 1st Half O/U 0.5,Over,Under,99560079665224382106782562344104810964345632210922897282867204395425290603208,23296648766999607441921849448187204400982593353971676535659473566092465019709,3540.6788070000016,142807.0415,0.43,0.44,0.05,0.01,True,0.44,0.43,0.010000000000000009,5169.2432,27092.4591,949.1605,0.57,0.56,0.009999999999999898,1258.1895,9216.815999999999,6579.036800000001
fifwc-esp-arg-2026-07-19,fifwc-esp-arg-2026-07-19-more-markets,Spain vs. Argentina - More Markets,2945095,soccer_first_half_team_totals,Spain 1st Half O/U 1.5,Spain vs. Argentina: Spain 1st Half O/U 1.5,Over,Under,90679402795377185372021569499006721442635113705220032262017557002346276902736,5758672465601358364911175703045770239183633482122325607440714056783040764990,6603.655676,80835.0217,0.11,0.12,0.05,0.01,True,0.12,0.11,0.009999999999999995,78.36,299.88710000000003,994.9445000000001,0.89,0.88,0.010000000000000009,8050.005500000001,43675.1512,574.64
fifwc-esp-arg-2026-07-19,fifwc-esp-arg-2026-07-19-more-markets,Spain vs. Argentina - More Markets,2945096,soccer_first_half_team_totals,Argentina 1st Half O/U 0.5,Spain vs. Argentina: Argentina 1st Half O/U 0.5,Over,Under,49708141944161622500691038288889731687738581308056875261788918022115319402439,62879533417630548728115241483130443793302197202974224045151883777085914538272,15972.316813000001,163683.604,0.34,0.35,0.05,0.01,True,0.35,0.34,0.009999999999999953,6288.4395,21705.2743,597.9580000000001,0.66,0.65,0.010000000000000009,1160.7420000000002,17935.4745,11678.5305
fifwc-esp-arg-2026-07-19,fifwc-esp-arg-2026-07-19-more-markets,Spain vs. Argentina - More Markets,2945097,soccer_first_half_team_totals,Argentina 1st Half O/U 1.5,Spain vs. Argentina: Argentina 1st Half O/U 1.5,Over,Under,50409547578717846336581987905148176048993122580356263454567129480812318091707,48513038431506018684218822077882150707813304788956692355917304192573195899752,9376.217255999998,106115.7982,0.06,0.07,0.05,0.01,True,0.07,0.06,0.010000000000000009,27.751500000000004,121.7146,47.386799999999994,0.94,0.93,0.009999999999999898,742.3932,8742.816200000001,368.6985
fifwc-esp-arg-2026-07-19,fifwc-esp-arg-2026-07-19-more-markets,Spain vs. Argentina - More Markets,2945098,both_teams_to_score_second_half,Both Teams to Score in Second Half,Spain vs. Argentina: Both Teams to Score in Second Half,Yes,No,51609412945400645746412496154188810760018237724291445418096002226611205645086,14977782548656283555118301585552341027624155712527326215253598874858223464729,205903.6836019994,153753.0267,0.29,0.3,0.05,0.01,True,0.3,0.28,0.019999999999999962,1191.933,6814.0496,900.3708000000001,0.72,0.7,0.020000000000000018,2315.2392,48157.164399999994,2802.177
fifwc-esp-arg-2026-07-19,fifwc-esp-arg-2026-07-19-more-markets,Spain vs. Argentina - More Markets,2945099,second_half_totals,2nd Half O/U 0.5,Spain vs. Argentina: 2nd Half O/U 0.5,Over,Under,26096317819650565273349649728182025748676200637854644714253408716965464594120,6004770358509381975644926388489719276457863157769967525903691525201892554784,5417.898195999999,134817.2342,0.77,0.78,0.05,0.01,True,0.78,0.77,0.010000000000000009,766.701,5837.7836,1464.4398999999999,0.23,0.22,0.010000000000000009,437.4301,1363.4917,216.24900000000002
fifwc-esp-arg-2026-07-19,fifwc-esp-arg-2026-07-19-more-markets,Spain vs. Argentina - More Markets,2945100,second_half_totals,2nd Half O/U 1.5,Spain vs. Argentina: 2nd Half O/U 1.5,Over,Under,16402988523515850387261995151252436133951641185975175792678709493789810116525,24886270437549625383861477327879618484828775643227688805752757302959201053714,5703.597988,243951.3963,0.41,0.42,0.05,0.01,True,0.42,0.41,0.010000000000000009,8692.542599999999,46782.9639,941.2944,0.59,0.58,0.010000000000000009,1354.5456,16202.4663,12003.987399999998
fifwc-esp-arg-2026-07-19,fifwc-esp-arg-2026-07-19-more-markets,Spain vs. Argentina - More Markets,2945101,second_half_totals,2nd Half O/U 2.5,Spain vs. Argentina: 2nd Half O/U 2.5,Over,Under,20543219279079872846335460998371399245394934275054680453056323406909927245748,42577569158691158051480026518808218092920554819948583226977649302442502104461,6015.654175000001,171803.5661,0.18,0.2,0.05,0.01,True,0.2,0.18,0.020000000000000018,857.764,4511.3736,380.9052,0.82,0.8,0.019999999999999907,1735.2347999999997,4083.3971999999994,3431.056
fifwc-esp-arg-2026-07-19,fifwc-esp-arg-2026-07-19-more-markets,Spain vs. Argentina - More Markets,2945102,soccer_second_half_team_totals,Spain 2nd Half O/U 0.5,Spain vs. Argentina: Spain 2nd Half O/U 0.5,Over,Under,5717340028001037324107878318698889848270140665184499563957199737418922609683,37257255616398531315692579323699074639682632694549043191765695582301374715090,4361.376785,158647.552,0.56,0.57,0.05,0.01,True,0.57,0.56,0.009999999999999898,24910.4136,28503.8194,965.5968,0.44,0.43,0.010000000000000009,758.6831999999999,4830.5152,18792.0664
fifwc-esp-arg-2026-07-19,fifwc-esp-arg-2026-07-19-more-markets,Spain vs. Argentina - More Markets,2945103,soccer_second_half_team_totals,Spain 2nd Half O/U 1.5,Spain vs. Argentina: Spain 2nd Half O/U 1.5,Over,Under,23356086022706498603470777888062241471831340998520847305870935758234341416210,50668649652732239712591983209390876939417466121022687534008667319653379805867,591.615508,107639.2251,0.19,0.21,0.05,0.01,True,0.21,0.19,0.01999999999999999,93.5466,293.8988,56.1336,0.81,0.79,0.020000000000000018,239.30640000000002,239.30640000000002,351.9134
fifwc-esp-arg-2026-07-19,fifwc-esp-arg-2026-07-19-more-markets,Spain vs. Argentina - More Markets,2945104,soccer_second_half_team_totals,Argentina 2nd Half O/U 0.5,Spain vs. Argentina: Argentina 2nd Half O/U 0.5,Over,Under,14600821369100575484635490577065433448363648411514595744932677289130410230403,27710731280083813526951525003759156289243619077216627402494972903115424250245,2324.9443890000007,144709.2381,0.48,0.49,0.05,0.01,True,0.49,0.48,0.010000000000000009,26836.9178,31081.8378,213.19199999999998,0.52,0.51,0.010000000000000009,230.958,826.6435000000001,27932.302200000002
fifwc-esp-arg-2026-07-19,fifwc-esp-arg-2026-07-19-more-markets,Spain vs. Argentina - More Markets,2945105,soccer_second_half_team_totals,Argentina 2nd Half O/U 1.5,Spain vs. Argentina: Argentina 2nd Half O/U 1.5,Over,Under,14090414867213601216283145748185145494315708392841298221526070196228320296777,64203328213015463833700376139427632118992131164009350251096059850188856895364,2473.2966490000003,107780.7513,0.14,0.15,0.05,0.01,True,0.15,0.14,0.009999999999999981,77.0115,400.634,234.30120000000002,0.86,0.85,0.010000000000000009,1439.2787999999998,2269.0571999999997,436.39849999999996
fifwc-esp-arg-2026-07-19,fifwc-esp-arg-2026-07-19-total-corners,Spain vs. Argentina - Total Corners,2942086,total_corners,Total Corners: O/U 10.5,Spain vs. Argentina: O/U 10.5 Total Corners,Over,Under,100884929291058386486272562949288505573410161134361262436569204241548679514194,8798078604207564628901160346846366718740102821554595865956679542950175847197,28787.682240000024,115308.1478,0.22,0.23,0.05,0.01,True,0.23,0.22,0.010000000000000009,902.7408,2377.7826999999997,758.3598000000001,0.78,0.77,0.010000000000000009,2688.7302000000004,5795.2024,3022.2192
fifwc-esp-arg-2026-07-19,fifwc-esp-arg-2026-07-19-total-corners,Spain vs. Argentina - Total Corners,2942087,total_corners,Total Corners: O/U 7.5,Spain vs. Argentina: O/U 7.5 Total Corners,Over,Under,62297234945470202633521042925717694851731938289986095644136689608717831573280,14779115833904937674097764073453701387964631439951402547450795360800782701769,120978.90135900004,208534.6125,0.53,0.54,0.05,0.01,True,0.54,0.53,0.010000000000000009,29904.5574,51043.9645,14549.8303,0.47,0.46,0.009999999999999953,12902.679699999999,20153.2938,25474.2526
fifwc-esp-arg-2026-07-19,fifwc-esp-arg-2026-07-19-total-corners,Spain vs. Argentina - Total Corners,2942088,total_corners,Total Corners: O/U 6.5,Spain vs. Argentina: O/U 6.5 Total Corners,Over,Under,13791465386744541708008749529499707759399538147853478212698226131258167266843,98200721663470256841583863300165128793984043179730926032160921349858910509985,29382.468154,156682.5413,0.71,0.72,0.05,0.01,True,0.72,0.71,0.010000000000000009,12161.167199999998,32235.382899999997,3098.3051,0.29,0.28,0.009999999999999953,1265.5049000000001,3572.4777999999997,4729.3428
fifwc-esp-arg-2026-07-19,fifwc-esp-arg-2026-07-19-total-corners,Spain vs. Argentina - Total Corners,2942089,total_corners,Total Corners: O/U 9.5,Spain vs. Argentina: O/U 9.5 Total Corners,Over,Under,58099927348932613457612110542604695170841031065893301089162724368076781554350,33828905686744352504401030470185377424515449695732960804300825727635006324623,19357.369876,146313.5571,0.31,0.32,0.05,0.01,True,0.32,0.31,0.010000000000000009,3581.744,10641.422100000002,1135.3254,0.69,0.68,0.009999999999999898,2527.0146,16581.6327,7611.206000000001
fifwc-esp-arg-2026-07-19,fifwc-esp-arg-2026-07-19-total-corners,Spain vs. Argentina - Total Corners,2942090,total_corners,Total Corners: O/U 12.5,Spain vs. Argentina: O/U 12.5 Total Corners,Over,Under,8840952442716169572853510450574377895501391340133938674787209180474930429943,69083233201292256218742801149657862987331957887808317053951484291136696607294,8395.417569999998,104568.9977,0.1,0.11,0.05,0.01,True,0.11,0.1,0.009999999999999995,268.5056,427.586,220.13800000000003,0.9,0.89,0.010000000000000009,1981.2420000000002,3118.8388000000004,2172.4544
fifwc-esp-arg-2026-07-19,fifwc-esp-arg-2026-07-19-total-corners,Spain vs. Argentina - Total Corners,2942091,total_corners,Total Corners: O/U 11.5,Spain vs. Argentina: O/U 11.5 Total Corners,Over,Under,114407872046271014049974812468345324983840270246338723559484175155285594720118,5276805451642985851441312018990805778197884630819859950202836307326431497186,2709.750835,72782.5318,0.14,0.15,0.05,0.01,True,0.15,0.14,0.009999999999999981,84.228,444.03520000000003,136.017,0.86,0.85,0.010000000000000009,835.5329999999999,2362.7309,477.292
fifwc-esp-arg-2026-07-19,fifwc-esp-arg-2026-07-19-total-corners,Spain vs. Argentina - Total Corners,2942092,total_corners,Total Corners: O/U 8.5,Spain vs. Argentina: O/U 8.5 Total Corners,Over,Under,37324691714507346241532363779598036161789194798773486258397943227545658009856,8982543254857777962338153839341664154429126981415171735057756857901145514789,51264.955101000014,383387.5449,0.41,0.42,0.05,0.01,True,0.42,0.41,0.010000000000000009,14992.949999999999,165480.3824,2690.4199999999996,0.59,0.58,0.010000000000000009,3871.58,37395.222,20704.55
fifwc-esp-arg-2026-07-19,fifwc-esp-arg-2026-07-19-total-corners,Spain vs. Argentina - Total Corners,2942093,soccer_first_half_total_corners,1st Half Total Corners: O/U 3.5,Spain vs. Argentina: 1st Half O/U 3.5 Total Corners,Over,Under,100002411886865891295169984829739899620779696243692635352330027637284200504726,58466313991005930067827911937419510174032031450766071388165026237975906922232,16478.637041000013,222059.1083,0.51,0.52,0.05,0.01,True,0.52,0.51,0.010000000000000009,5928.9464,35854.3187,1270.4967000000001,0.49,0.48,0.010000000000000009,1220.6733,36938.3021,5472.8736
fifwc-esp-arg-2026-07-19,fifwc-esp-arg-2026-07-19-total-corners,Spain vs. Argentina - Total Corners,2942094,soccer_first_half_total_corners,1st Half Total Corners: O/U 4.5,Spain vs. Argentina: 1st Half O/U 4.5 Total Corners,Over,Under,18035517577195560264196283974031009861538528743965343122238515888260329341310,92948244477302759140376469587916981027967522994120032845178303285800028809076,2493.160122,68011.0404,0.34,0.35,0.05,0.01,True,0.35,0.34,0.009999999999999953,652.7395,1925.7094,65.3582,0.66,0.65,0.010000000000000009,126.8718,907.269,1212.2305000000001
fifwc-esp-arg-2026-07-19,fifwc-esp-arg-2026-07-19-total-corners,Spain vs. Argentina - Total Corners,2942095,soccer_first_half_total_corners,1st Half Total Corners: O/U 5.5,Spain vs. Argentina: 1st Half O/U 5.5 Total Corners,Over,Under,9885798250696592520803250131303664831322372676139008411884414081512223313757,85453085778552269777006138501584690473974296678744991874397268267214270455365,780.3710020000001,53657.0392,0.2,0.21,0.05,0.01,True,0.21,0.2,0.009999999999999981,344.4693,444.6228,16.272000000000002,0.8,0.79,0.010000000000000009,65.08800000000001,1211.0106,1295.8607
fifwc-esp-arg-2026-07-19,fifwc-esp-arg-2026-07-19-total-corners,Spain vs. Argentina - Total Corners,2942096,soccer_second_half_total_corners,2nd Half Total Corners: O/U 3.5,Spain vs. Argentina: 2nd Half O/U 3.5 Total Corners,Over,Under,11229308529538595873670320349867547005156407317938860193693224935549066827409,62860820207623726522472022353297322767207473867060139730030432342477378616421,279.658554,82489.1926,0.62,0.63,0.05,0.01,True,0.63,0.62,0.010000000000000009,1340.0919000000001,6123.005,954.3164,0.38,0.37,0.010000000000000009,584.9036,3011.2892,787.0381
fifwc-esp-arg-2026-07-19,fifwc-esp-arg-2026-07-19-total-corners,Spain vs. Argentina - Total Corners,2942097,soccer_second_half_total_corners,2nd Half Total Corners: O/U 4.5,Spain vs. Argentina: 2nd Half O/U 4.5 Total Corners,Over,Under,106283053712737944756413005220645896427336132115117742611837159494646990271871,115002775570846373692496749840505738262097245751768345375595109604801619716229,2686.4774580000003,41556.7331,0.42,0.43,0.05,0.01,True,0.43,0.42,0.010000000000000009,140.40789999999998,764.8279,615.7074,0.58,0.57,0.010000000000000009,850.2625999999999,1358.4820999999997,186.12209999999996
fifwc-esp-arg-2026-07-19,fifwc-esp-arg-2026-07-19-total-corners,Spain vs. Argentina - Total Corners,2942098,soccer_second_half_total_corners,2nd Half Total Corners: O/U 5.5,Spain vs. Argentina: 2nd Half O/U 5.5 Total Corners,Over,Under,111124822249406526633264627712279512035909665825351985214210548572495493981125,102481956828121692073562746719346122993834543128990489492218502912139386167551,178.04855299999997,26896.0679,0.25,0.28,0.05,0.01,True,,,,0,0,0,0.75,0.72,0.030000000000000027,465.0,540.0136,128.9808
fifwc-esp-arg-2026-07-19,fifwc-esp-arg-2026-07-19-total-corners,Spain vs. Argentina - Total Corners,2942099,soccer_game_corners_odd_even,Total Corners: Odd or Even,Spain vs. Argentina: Total Corners Odd or Even?,Odd,Even,81809511806554974166286568783499827532552959829603561077517915052533031770154,105960501251774976052199588859640117732301380264276021710505073760419980166278,12314.823132000005,139545.4845,0.49,0.5,0.05,0.01,True,0.5,0.49,0.010000000000000009,567.675,9228.455600000001,8107.098999999999,0.51,0.5,0.010000000000000009,8438.001,11366.706900000001,567.675
fifwc-esp-arg-2026-07-19,fifwc-esp-arg-2026-07-19-total-corners,Spain vs. Argentina - Total Corners,2942100,soccer_first_corner,Team to Take First Corner,Spain vs. Argentina: Team to Take First Corner,Spain,Argentina,31595967430498868585284413010824898428939213635137025005528628849047204566740,111927034294414814148418310856833862955545046236397110012497951576440635979318,11968.385628999997,132445.6243,0.56,0.57,0.05,0.01,True,0.57,0.56,0.009999999999999898,360.2799,2441.2690000000002,325.4216,0.44,0.43,0.010000000000000009,255.6884,1384.4198000000001,271.7901
fifwc-esp-arg-2026-07-19,fifwc-esp-arg-2026-07-19-total-corners,Spain vs. Argentina - Total Corners,2946990,soccer_team_total_corners,Argentina Corners: O/U 2.5,Spain vs. Argentina: Argentina O/U 2.5 Corners,Over,Under,72164062249793291578608214883711982844092559582793359301320880603209932317832,70375785804026815163955590251138965820153179223818322191633992489025444270021,5858.597369999997,71830.5893,0.67,0.68,0.05,0.01,True,0.68,0.67,0.010000000000000009,199.24,3267.2877999999996,17.225700000000003,0.33,0.32,0.010000000000000009,8.484300000000001,147.6717,93.76
fifwc-esp-arg-2026-07-19,fifwc-esp-arg-2026-07-19-total-corners,Spain vs. Argentina - Total Corners,2946992,soccer_team_total_corners,Argentina Corners: O/U 3.5,Spain vs. Argentina: Argentina O/U 3.5 Corners,Over,Under,73444950382569205967688503620310621230483251152362611391429647026586427856542,16402754311795384837394642803522713215117597874310160959626471402838898685890,64509.903411000014,156956.1495,0.5,0.51,0.05,0.01,True,0.51,0.5,0.010000000000000009,2629.1112,12454.6859,2154.69,0.5,0.49,0.010000000000000009,2154.69,21869.882200000004,2526.0088
fifwc-esp-arg-2026-07-19,fifwc-esp-arg-2026-07-19-total-corners,Spain vs. Argentina - Total Corners,2946994,soccer_team_total_corners,Argentina Corners: O/U 4.5,Spain vs. Argentina: Argentina O/U 4.5 Corners,Over,Under,3796172721600717202755466600225929888362314613195263348371083384271541719892,28702343548331938994450854595757632572728703046703053639373528332859073266202,6873.215166,91314.9561,0.3,0.31,0.05,0.01,True,0.31,0.3,0.010000000000000009,21.2412,3926.9437000000003,27.0,0.7,0.69,0.010000000000000009,62.99999999999999,272.30479999999994,47.2788
fifwc-esp-arg-2026-07-19,fifwc-esp-arg-2026-07-19-total-corners,Spain vs. Argentina - Total Corners,2946996,soccer_team_total_corners,Spain Corners: O/U 3.5,Spain vs. Argentina: Spain O/U 3.5 Corners,Over,Under,87627593236447009326283483113573690968807285694678985718420516764750262539249,47051696656187637496372034973741634338728567334606972612524314572135804902048,454.20893199999995,25272.5689,0.68,0.69,0.05,0.01,True,0.69,0.68,0.009999999999999898,1192.1958,4060.2637999999997,1312.1144,0.32,0.31,0.010000000000000009,617.4656,696.2187,535.6242
fifwc-esp-arg-2026-07-19,fifwc-esp-arg-2026-07-19-total-corners,Spain vs. Argentina - Total Corners,2946998,soccer_team_total_corners,Spain Corners: O/U 4.5,Spain vs. Argentina: Spain O/U 4.5 Corners,Over,Under,60932047582050241065510309315321185045507415646740524014918345521551849870703,40609539806272242140326847904779599128430638391059108864174666488512356918008,12042.891659,158876.0488,0.48,0.49,0.05,0.01,True,0.49,0.48,0.010000000000000009,1424.0331,8266.7122,16349.601599999998,0.52,0.51,0.010000000000000009,17712.0684,21997.7337,1482.1569
fifwc-esp-arg-2026-07-19,fifwc-esp-arg-2026-07-19-total-corners,Spain vs. Argentina - Total Corners,2946999,soccer_team_total_corners,Spain Corners: O/U 5.5,Spain vs. Argentina: Spain O/U 5.5 Corners,Over,Under,33309267699294782071644632716412252377320253789657448064102675280167855522671,6912275855618446281389162769306175284789176005615916103308565172144990897087,1993.4170679999997,65160.7543,0.33,0.36,0.05,0.01,True,0.36,0.33,0.02999999999999997,2531.286,4333.0526,295.09590000000003,0.67,0.64,0.030000000000000027,532.1341,1494.5423,4500.064
fifwc-esp-arg-2026-07-19,fifwc-esp-arg-2026-07-19-player-props,Spain vs. Argentina - Player Props,2943686,soccer_player_goalkeeper_saves,David Raya: 2+ saves,David Raya: 2+ saves,Yes,No,39949099385493501611733331213639619409584953774981095679540370987953051472104,17924491596589075976729976036992442764670723569279519265166490575951537401421,2244.158916,8486.9184,0.01,0.37,0.05,0.01,True,0.37,0.01,0.36,4.8692,551.6750000000001,0.2433,0.99,0.63,0.36,24.086699999999997,24.086699999999997,46.3806
fifwc-esp-arg-2026-07-19,fifwc-esp-arg-2026-07-19-player-props,Spain vs. Argentina - Player Props,2943688,soccer_player_goalkeeper_saves,David Raya: 3+ saves,David Raya: 3+ saves,Yes,No,36988753783723752091639612008488951540283296947661745914801431645242096203129,115532626142313927461775745971979071509617704061524712572364329213373024080150,305.4,261.1571,0.01,0.35,0.05,0.01,True,0.35,0.01,0.33999999999999997,2.0999999999999996,2.0999999999999996,0.1,0.99,0.65,0.33999999999999997,9.9,9.9,3.9000000000000004
fifwc-esp-arg-2026-07-19,fifwc-esp-arg-2026-07-19-player-props,Spain vs. Argentina - Player Props,2943689,soccer_player_goalkeeper_saves,David Raya: 4+ saves,David Raya: 4+ saves,Yes,No,85866015367527069080396541996615969690076274401580569626097936237867982676257,45514150179443383274571778561739161906492928107535744222138007472623385843248,251,328.0671,0.01,0.27,0.05,0.01,True,0.27,0.01,0.26,1.62,1.62,0.1,0.99,0.73,0.26,9.9,9.9,4.38
fifwc-esp-arg-2026-07-19,fifwc-esp-arg-2026-07-19-player-props,Spain vs. Argentina - Player Props,2943692,soccer_player_goalkeeper_saves,David Raya: 5+ saves,David Raya: 5+ saves,Yes,No,2544294834117918730823197950932814219109455619001244730870991320270135431655,104392627401988207669717437741419365194589185307975810045142534442755509066819,0,108.447,0.01,0.34,0.05,0.01,True,0.34,0.01,0.33,51.5134,51.5134,0.1,0.99,0.66,0.32999999999999996,9.9,9.9,99.9966
fifwc-esp-arg-2026-07-19,fifwc-esp-arg-2026-07-19-player-props,Spain vs. Argentina - Player Props,2943694,soccer_player_goalkeeper_saves,Juan Musso: 2+ saves,Juan Musso: 2+ saves,Yes,No,48932856069105025035980283452602475106308627350129463918945008350409560749448,16260627631258635535096029108958097635488028587457726794640082082493292092532,263,443.4824,0.01,0.31,0.05,0.01,True,0.31,0.29,0.020000000000000018,77.81,77.81,72.78999999999999,0.71,0.69,0.020000000000000018,178.20999999999998,178.20999999999998,173.19
fifwc-esp-arg-2026-07-19,fifwc-esp-arg-2026-07-19-player-props,Spain vs. Argentina - Player Props,2943696,soccer_player_goalkeeper_saves,Juan Musso: 3+ saves,Juan Musso: 3+ saves,Yes,No,15341244262148977522933559842968425581930451889508956028982918740176584227332,46442306085421483082225752654980537027320458786425678618790573438994902531100,66.68,232.6191,0.01,0.5,0.05,0.01,True,0.5,0.01,0.49,130.96,130.96,0.1,0.99,0.5,0.49,9.9,9.9,130.96
fifwc-esp-arg-2026-07-19,fifwc-esp-arg-2026-07-19-player-props,Spain vs. Argentina - Player Props,2943698,soccer_player_goalkeeper_saves,Juan Musso: 4+ saves,Juan Musso: 4+ saves,Yes,No,19396633055299427896043316007542634032193119612771385776121321080915945400293,1977064054262081446871596806474629012011426725557203592239791358373574234021,2.44,101.6597,0.01,0.61,0.05,0.01,True,0.61,0.01,0.6,156.4101,156.4101,0.1,0.99,0.39,0.6,9.9,9.9,99.99990000000001
fifwc-esp-arg-2026-07-19,fifwc-esp-arg-2026-07-19-player-props,Spain vs. Argentina - Player Props,2943700,soccer_player_goalkeeper_saves,Juan Musso: 5+ saves,Juan Musso: 5+ saves,Yes,No,107250327000203249371892208903428987887439391254973405011511606126321524047742,48935763432314771351531655580720486995528854947329085204509848829796423437664,31.513029,101.655,0.01,0.3,0.05,0.01,True,0.3,0.01,0.29,42.855,42.855,0.1,0.99,0.7,0.29000000000000004,9.9,9.9,99.99499999999999
fifwc-esp-arg-2026-07-19,fifwc-esp-arg-2026-07-19-player-props,Spain vs. Argentina - Player Props,2944080,soccer_player_goals,Alex Baena: 1+ goals,Alex Baena: 1+ goals,Yes,No,12708468417309426009778963679179328305720397616739088464388142615393086078715,10231879245014922207244823236877756303305234600573547408288214927835817629195,547.044216,61991.535,0.12,0.14,0.05,0.01,True,0.14,0.12,0.020000000000000018,760.9616,824.4775999999999,4.3031999999999995,0.88,0.86,0.020000000000000018,31.5568,372.53360000000004,4674.4784
fifwc-esp-arg-2026-07-19,fifwc-esp-arg-2026-07-19-player-props,Spain vs. Argentina - Player Props,2944082,soccer_player_goals,Alex Baena: 2+ goals,Alex Baena: 2+ goals,Yes,No,25483689701888514269522333360205653501139194814857246463270692269152382179819,89767899926687583231451878269386835427088779702972702810153300265452101799469,288,50104.84442,0.019,0.035,0.05,0.001,True,0.035,0.019,0.016000000000000004,0.525,63.595,4.522,0.981,0.965,0.016000000000000014,233.478,258.363,14.475
fifwc-esp-arg-2026-07-19,fifwc-esp-arg-2026-07-19-player-props,Spain vs. Argentina - Player Props,2944084,soccer_player_goals,Alexis Mac Allister: 1+ goals,Alexis Mac Allister: 1+ goals,Yes,No,15438493061808193022388097487412428148475673062720676947542756518009118824436,29768024340990717608835586722200131197343250336113936213313949015927438256437,18449.767897,131580.0511,0.09,0.1,0.05,0.01,True,0.1,0.09,0.010000000000000009,36.5,4426.7097,676.9907999999999,0.91,0.9,0.010000000000000009,6845.1292,15523.985,328.5
fifwc-esp-arg-2026-07-19,fifwc-esp-arg-2026-07-19-player-props,Spain vs. Argentina - Player Props,2944086,soccer_player_goals,Alexis Mac Allister: 2+ goals,Alexis Mac Allister: 2+ goals,Yes,No,77279935813953871016940339337903779821685924823741557044526236777076306721926,21223102193278243537289708987706691655516823854935058984713225928529246235935,11036.502242999999,119780.0009,0.004,0.012,0.05,0.001,True,0.012,0.004,0.008,14.411280000000001,192.94404000000003,5.10136,0.996,0.988,0.008000000000000007,1270.2386399999998,5621.98376,1186.52872
fifwc-esp-arg-2026-07-19,fifwc-esp-arg-2026-07-19-player-props,Spain vs. Argentina - Player Props,2944089,soccer_player_goals,Dani Olmo: 1+ goals,Dani Olmo: 1+ goals,Yes,No,60102933211761985323463364727308956972160313844995355747095836226764529443832,7170847150127900219874258954996477102834363391101552115179367854584846140491,5122.052060999999,138730.0779,0.15,0.16,0.05,0.01,True,0.16,0.15,0.010000000000000009,1149.3488,6159.5851,770.3594999999999,0.85,0.84,0.010000000000000009,4365.370499999999,14884.916499999998,6034.0812
fifwc-esp-arg-2026-07-19,fifwc-esp-arg-2026-07-19-player-props,Spain vs. Argentina - Player Props,2944091,soccer_player_goals,Dani Olmo: 2+ goals,Dani Olmo: 2+ goals,Yes,No,27632102439595358216531959184809040017609855273799343357873361641033181795051,31313882058121744832829270097582642444287288692376992555696120498238482662242,4053.6558290000003,58092.89877,0.02,0.024,0.05,0.001,True,0.024,0.02,0.004,102.19440000000002,210.89530000000002,33.4352,0.98,0.976,0.0040000000000000036,1638.3247999999999,7470.918839999999,4155.9056
fifwc-esp-arg-2026-07-19,fifwc-esp-arg-2026-07-19-player-props,Spain vs. Argentina - Player Props,2944094,soccer_player_goals,Enzo Fernández: 1+ goals,Enzo Fernández: 1+ goals,Yes,No,98408483511989914854271558620181629127354948209599513392836841910467903526872,57541953489183073550684676957263929394265029288570625696355048450179087424878,15731.284967000014,267010.3268,0.11,0.12,0.05,0.01,True,0.12,0.11,0.009999999999999995,1859.2548,26398.580100000003,765.5043000000001,0.89,0.88,0.010000000000000009,6193.6257000000005,17962.5512,13634.5352
fifwc-esp-arg-2026-07-19,fifwc-esp-arg-2026-07-19-player-props,Spain vs. Argentina - Player Props,2944096,soccer_player_goals,Enzo Fernández: 2+ goals,Enzo Fernández: 2+ goals,Yes,No,79650570211915629298532721190373724045436348661405885055283695777674298951335,73477998993620903518039146798905691712680254061672559990666988956582659923747,76992.766245,292256.16975,0.017,0.018,0.05,0.001,True,0.018,0.017,0.0009999999999999974,111.11634,4309.47488,5.24875,0.983,0.982,0.0010000000000000009,303.50124999999997,36728.37537,6062.01366
fifwc-esp-arg-2026-07-19,fifwc-esp-arg-2026-07-19-player-props,Spain vs. Argentina - Player Props,2944098,soccer_player_goals,Fabián Ruiz: 1+ goals,Fabián Ruiz: 1+ goals,Yes,No,97344929596292899697349035549836424978755357921722555664922131675913164444466,36537864615688050904363993921410339808196606294788222739036829127005790414342,4118.808271,72321.6715,0.1,0.11,0.05,0.01,True,0.11,0.1,0.009999999999999995,460.3082,1705.4207,113.535,0.9,0.89,0.010000000000000009,1021.8149999999999,10860.5271,3724.3118
fifwc-esp-arg-2026-07-19,fifwc-esp-arg-2026-07-19-player-props,Spain vs. Argentina - Player Props,2944099,soccer_player_goals,Fabián Ruiz: 2+ goals,Fabián Ruiz: 2+ goals,Yes,No,100468217094190304194826504665333873643568724779448125631285283396993775335338,102994691486892814127262843182511954689501343984010804335140384186602425599919,0,43401.18457,0.01,0.038,0.05,0.001,True,0.038,0.01,0.027999999999999997,38.0,128.8864,0.15,0.99,0.962,0.028000000000000025,14.85,29.835,962.0
fifwc-esp-arg-2026-07-19,fifwc-esp-arg-2026-07-19-player-props,Spain vs. Argentina - Player Props,2944100,soccer_player_goals,Ferrán Torres: 1+ goals,Ferrán Torres: 1+ goals,Yes,No,21106239258988315501197345623445701698528896134058574853274141245873798087599,42483489427518049676218390993851571380210940560173173901447686186369257129856,3697.028489,59079.853,0.15,0.16,0.05,0.01,True,0.16,0.15,0.010000000000000009,139.4512,667.5667,414.714,0.85,0.84,0.010000000000000009,2350.0460000000003,5100.6962,732.1188
fifwc-esp-arg-2026-07-19,fifwc-esp-arg-2026-07-19-player-props,Spain vs. Argentina - Player Props,2944101,soccer_player_goals,Ferrán Torres: 2+ goals,Ferrán Torres: 2+ goals,Yes,No,13007573611288301487344647412613904983778596903688911881276011122372646634547,21489948873755368231679987498326556258287292685537883677238639317872875841929,98,26926.29619,0.013,0.024,0.05,0.001,True,0.024,0.013,0.011000000000000001,48.237840000000006,103.98126,5.89628,0.987,0.976,0.01100000000000001,447.66372,1211.4231,1961.67216
fifwc-esp-arg-2026-07-19,fifwc-esp-arg-2026-07-19-player-props,Spain vs. Argentina - Player Props,2944102,soccer_player_goals,Ferrán Torres: 3+ goals,Ferrán Torres: 3+ goals,Yes,No,31646542616248731765626184444722540254410799770287755470472164142492598415715,90185296609608553692733177514906569288623740405280228577810877898388876193697,700.4714,52340.85485,0.002,0.005,0.05,0.001,True,0.005,0.002,0.003,10.69405,226.57526000000001,3.99716,0.998,0.995,0.0030000000000000027,1994.58284,2014.56284,2128.11595
fifwc-esp-arg-2026-07-19,fifwc-esp-arg-2026-07-19-player-props,Spain vs. Argentina - Player Props,2944103,soccer_player_goals,Gavi Paez: 1+ goals,Gavi Paez: 1+ goals,Yes,No,10666510663543829248174961621423203869497008761737335477473422976075702254597,82707590693513115172777720493750069186402913910185843101563308561148758026427,1053.019329,36724.92547,0.019,0.033,0.05,0.001,True,0.031,0.018,0.013000000000000001,0.62,7.9308,3.8707199999999995,0.982,0.969,0.013000000000000012,211.16928,949.30428,19.38
fifwc-esp-arg-2026-07-19,fifwc-esp-arg-2026-07-19-player-props,Spain vs. Argentina - Player Props,2944104,soccer_player_goals,Gavi Paez: 2+ goals,Gavi Paez: 2+ goals,Yes,No,85509668569411531211113270541741864319460733729601428850411539743821006677792,108387709733360306489195433832055913781445024120673691367605042078138553077913,65,25605.39379,0.001,0.02,0.05,0.001,True,0.02,0.001,0.019,21.0,21.0,0.07,0.999,0.98,0.019000000000000017,69.93,69.93,1029.0
fifwc-esp-arg-2026-07-19,fifwc-esp-arg-2026-07-19-player-props,Spain vs. Argentina - Player Props,2944105,soccer_player_goals,Giovani Lo Celso: 1+ goals,Giovani Lo Celso: 1+ goals,Yes,No,65372037794860838003912783955936200829684475346438926306949505910117574614358,54783562614037307612281842476561981462807626961582680233642791936953000267936,380.421481,42008.21126,0.021,0.048,0.05,0.001,True,0.048,0.021,0.027,4.14,40.8118,0.28287,0.979,0.952,0.027000000000000024,13.18713,802.20023,82.11
fifwc-esp-arg-2026-07-19,fifwc-esp-arg-2026-07-19-player-props,Spain vs. Argentina - Player Props,2944106,soccer_player_goals,Giovani Lo Celso: 2+ goals,Giovani Lo Celso: 2+ goals,Yes,No,39111965355363515550531779714051193510832703950514315511047059849751745464301,2501319880639347676677035954367928157999879620708067917779015412657842150537,120,19262.7237,0.001,0.05,0.05,0.001,True,0.05,0.001,0.049,50.6,50.6,3.0700000000000003,0.999,0.95,0.049000000000000044,3066.93,3066.93,961.4
fifwc-esp-arg-2026-07-19,fifwc-esp-arg-2026-07-19-player-props,Spain vs. Argentina - Player Props,2944107,soccer_player_goals,Giuliano Simeone: 1+ goals,Giuliano Simeone: 1+ goals,Yes,No,9133924521588475798395427143476050343830134286578689273477948275226602071881,85777070803921630553991155822620494207126731661254451725949922565643933629130,1011.7822699999999,53812.61857,0.05,0.08,0.05,0.001,True,0.08,0.05,0.03,23.1496,270.7474,0.945,0.95,0.92,0.029999999999999916,17.955,74.08302,266.22040000000004
fifwc-esp-arg-2026-07-19,fifwc-esp-arg-2026-07-19-player-props,Spain vs. Argentina - Player Props,2944109,soccer_player_goals,Giuliano Simeone: 2+ goals,Giuliano Simeone: 2+ goals,Yes,No,6724759683418295962641508110392478160388659318547116133211644439111710090709,89237845170386166561946041015991778777952363126427998184027895697756942749874,20.5025,28443.41758,0.001,0.028,0.05,0.001,True,0.028,0.001,0.027,0.42,25.01985,3.0500000000000003,0.999,0.972,0.027000000000000024,3046.95,3046.95,14.58
fifwc-esp-arg-2026-07-19,fifwc-esp-arg-2026-07-19-player-props,Spain vs. Argentina - Player Props,2944111,soccer_player_goals,Julián Álvarez: 1+ goals,Julián Álvarez: 1+ goals,Yes,No,43162746682402475901747424544397957659619103573598680370514625998434352505275,24957223440611126748760372100954394109668349135461576917495622907103019272357,13106.856821000007,111180.8306,0.19,0.2,0.05,0.01,True,0.2,0.19,0.010000000000000009,681.616,3738.9051,857.4301,0.81,0.8,0.010000000000000009,3655.3599000000004,22223.29,2726.464
fifwc-esp-arg-2026-07-19,fifwc-esp-arg-2026-07-19-player-props,Spain vs. Argentina - Player Props,2944113,soccer_player_goals,Julián Álvarez: 2+ goals,Julián Álvarez: 2+ goals,Yes,No,64692988650668169231302376737536727861513807850625670715412623798091453153963,43652743627315153504677743366947007562270519335262923837207984709994963674317,13478.685089999999,57903.59083,0.034,0.046,0.05,0.001,True,0.046,0.034,0.011999999999999997,832.53652,1614.04567,132.97400000000002,0.966,0.954,0.01200000000000001,3778.026,6857.52506,17266.083479999998
fifwc-esp-arg-2026-07-19,fifwc-esp-arg-2026-07-19-player-props,Spain vs. Argentina - Player Props,2944115,soccer_player_goals,Julián Álvarez: 3+ goals,Julián Álvarez: 3+ goals,Yes,No,40997326657911644589011207394310622424956261516952423579047619477169700532667,63619820826796885167117058683936899675889798233882909067542925182308030358532,211.70956500000003,53555.30765,0.001,0.012,0.05,0.001,True,0.012,0.001,0.011,47.05068,322.5905,0.40282999999999997,0.999,0.988,0.01100000000000001,402.42717,402.42717,3873.83932
fifwc-esp-arg-2026-07-19,fifwc-esp-arg-2026-07-19-player-props,Spain vs. Argentina - Player Props,2944118,soccer_player_goals,Lamine Yamal: 1+ goals,Lamine Yamal: 1+ goals,Yes,No,5347578882944882694678528183311777683806516836615678544993224689174263151458,85057396839772721934787014013700960885045146047829222755491682292373251885758,254128.57384400014,300127.8445,0.24,0.25,0.05,0.01,True,0.25,0.24,0.010000000000000009,1123.1,64648.853599999995,7752.2592,0.76,0.75,0.010000000000000009,24548.8208,42259.4443,3369.2999999999997
fifwc-esp-arg-2026-07-19,fifwc-esp-arg-2026-07-19-player-props,Spain vs. Argentina - Player Props,2944120,soccer_player_goals,Lamine Yamal: 2+ goals,Lamine Yamal: 2+ goals,Yes,No,76484701671377331927476414503827082203481886895409022433767823537793245254479,23522935290131553060296641678025826070257086266633129734958389152592692099218,147362.66628299997,201728.01355,0.049,0.05,0.05,0.001,True,0.05,0.049,0.0010000000000000009,133.0095,5894.90895,509.12764000000004,0.951,0.95,0.0010000000000000009,9881.23236,26199.28051,2527.1805
fifwc-esp-arg-2026-07-19,fifwc-esp-arg-2026-07-19-player-props,Spain vs. Argentina - Player Props,2944122,soccer_player_goals,Lamine Yamal: 3+ goals,Lamine Yamal: 3+ goals,Yes,No,82780017491529141803195497515270438235623162100085810628433413589868252119954,94608752590997580660424202297420345564475666629792870303134154442161598699274,190402.1747099997,292020.31218,0.01,0.011,0.05,0.001,True,0.011,0.01,0.0009999999999999992,7.67052,3010.10621,3.0719,0.99,0.989,0.0010000000000000009,304.11809999999997,130222.38537999999,689.64948
fifwc-esp-arg-2026-07-19,fifwc-esp-arg-2026-07-19-player-props,Spain vs. Argentina - Player Props,2944125,soccer_player_goals,Lautaro Martínez: 1+ goals,Lautaro Martínez: 1+ goals,Yes,No,86832872130034327968335279095816593397343780410118289034829391929609127618438,6032875464164973491456843952153556456078380218560672838399751108149574267119,20302.631178000003,97265.0359,0.19,0.2,0.05,0.01,True,0.2,0.19,0.010000000000000009,2402.6740000000004,3878.6642,805.4935999999999,0.81,0.8,0.010000000000000009,3433.9464,5604.1636,9610.696000000002
fifwc-esp-arg-2026-07-19,fifwc-esp-arg-2026-07-19-player-props,Spain vs. Argentina - Player Props,2944127,soccer_player_goals,Lautaro Martínez: 2+ goals,Lautaro Martínez: 2+ goals,Yes,No,80370474665837456607426580964481377868667903670357452634326762625620589942069,113795567763468850561637496636942158672468428762809588965745614914774943491558,2815.374332,60153.14138,0.037,0.038,0.05,0.001,True,0.038,0.037,0.0010000000000000009,28.58018,792.53047,41.77818,0.963,0.962,0.0010000000000000009,1087.36182,2449.28754,723.52982
fifwc-esp-arg-2026-07-19,fifwc-esp-arg-2026-07-19-player-props,Spain vs. Argentina - Player Props,2944129,soccer_player_goals,Lautaro Martínez: 3+ goals,Lautaro Martínez: 3+ goals,Yes,No,82051141341774313788501070174364306814104714279922548997562050792198483418396,27278817272661759236536429833999785175283621662649004503033711261688254386374,30.3535,42702.24914,0.001,0.003,0.05,0.001,True,0.004,0.001,0.003,2.2341599999999997,221.70334,0.44638,0.999,0.996,0.0030000000000000027,445.93362,445.93362,556.30584
fifwc-esp-arg-2026-07-19,fifwc-esp-arg-2026-07-19-player-props,Spain vs. Argentina - Player Props,2944131,soccer_player_goals,Lionel Messi: 1+ goals,Lionel Messi: 1+ goals,Yes,No,19029877229417829161248219538711554060197571112541269866129812661168175842109,44180469342130002795156991808410751235359149022913377793304893959649622439879,397668.289088997,707829.4874,0.34,0.35,0.05,0.01,True,0.35,0.34,0.009999999999999953,74596.6865,240860.3061,29015.1682,0.66,0.65,0.010000000000000009,56323.5618,107165.63880000002,138536.7035
fifwc-esp-arg-2026-07-19,fifwc-esp-arg-2026-07-19-player-props,Spain vs. Argentina - Player Props,2944133,soccer_player_goals,Lionel Messi: 2+ goals,Lionel Messi: 2+ goals,Yes,No,4973350921975507113784969909123792135948444557772131942129422318975040738410,112424074339427804803602856744467829101862501898772723494965160476701637918035,393566.00990700047,727632.8275,0.08,0.09,0.05,0.01,True,0.09,0.08,0.009999999999999995,39793.546800000004,63201.49680000001,3841.2136,0.92,0.91,0.010000000000000009,44173.9564,142165.1283,402356.9732
fifwc-esp-arg-2026-07-19,fifwc-esp-arg-2026-07-19-player-props,Spain vs. Argentina - Player Props,2944135,soccer_player_goals,Lionel Messi: 3+ goals,Lionel Messi: 3+ goals,Yes,No,70270189157563908665663263008952559183623106122239670308645649842365943377434,45485145569077345298784369797861963083089045830175941116363083679383868433332,579910.9320340004,332907.28195,0.023,0.025,0.05,0.001,True,0.025,0.023,0.0020000000000000018,447.69250000000005,5998.52611,226.38853999999998,0.977,0.975,0.0020000000000000018,9616.59146,77538.20132000001,17460.0075
fifwc-esp-arg-2026-07-19,fifwc-esp-arg-2026-07-19-player-props,Spain vs. Argentina - Player Props,2944137,soccer_player_goals,Mikel Merino: 1+ goals,Mikel Merino: 1+ goals,Yes,No,66445872446328946234282016822089157642146517512006600936480917756531457617127,105029163163978007398266829652044213851860417906087349994744886518312934557844,8056.175859000003,106391.381,0.16,0.17,0.05,0.01,True,0.17,0.16,0.010000000000000009,2203.9480000000003,6408.9349,506.35040000000004,0.84,0.83,0.010000000000000009,2658.3396,7081.323299999999,10760.452
fifwc-esp-arg-2026-07-19,fifwc-esp-arg-2026-07-19-player-props,Spain vs. Argentina - Player Props,2944138,soccer_player_goals,Mikel Merino: 2+ goals,Mikel Merino: 2+ goals,Yes,No,18459207340761931245593664310436937977070055748222452828708860827626798666270,45730366610265360849556303179651038218677204874445440075867662668521860472608,989.351852,42417.39317,0.013,0.024,0.05,0.001,True,0.024,0.013,0.011000000000000001,137.56055999999998,228.9227,1.7696899999999998,0.987,0.976,0.01100000000000001,134.36031,1981.1282999999999,5594.12944
fifwc-esp-arg-2026-07-19,fifwc-esp-arg-2026-07-19-player-props,Spain vs. Argentina - Player Props,2944139,soccer_player_goals,Mikel Oyarzabal: 1+ goals,Mikel Oyarzabal: 1+ goals,Yes,No,77561887762780921352070654862847880349002178635448603650798666383539468738271,9179917939119324516862957664558343433573914614316057649981396231422944385419,21741.386714,208153.6289,0.31,0.32,0.05,0.01,True,0.32,0.31,0.010000000000000009,1188.9824,63636.1823,3513.5058999999997,0.69,0.68,0.009999999999999898,7820.384099999999,19862.812599999997,2526.5876000000003
fifwc-esp-arg-2026-07-19,fifwc-esp-arg-2026-07-19-player-props,Spain vs. Argentina - Player Props,2944140,soccer_player_goals,Mikel Oyarzabal: 2+ goals,Mikel Oyarzabal: 2+ goals,Yes,No,107825654746687251608848872768181108062199141702882849714549467100183070117485,37997440062174555855199351574011184445306101298143671238397805045610121316240,26132.758839000006,125729.00514,0.065,0.067,0.05,0.001,True,0.067,0.065,0.0020000000000000018,1243.87979,2787.3761600000003,109.79605000000001,0.935,0.933,0.0020000000000000018,1579.3739500000001,21435.855789999998,17321.49021
fifwc-esp-arg-2026-07-19,fifwc-esp-arg-2026-07-19-player-props,Spain vs. Argentina - Player Props,2944141,soccer_player_goals,Mikel Oyarzabal: 3+ goals,Mikel Oyarzabal: 3+ goals,Yes,No,111991629839664690672459430125856594975377317290957598742725171836224802947859,111126086592842814015990206661690355147064246000273015043057445574900471158959,5629.954602,138883.37363,0.011,0.013,0.05,0.001,True,0.013,0.011,0.002,141.23538,961.75468,0.35178,0.989,0.987,0.0020000000000000018,31.62822,36870.79956,10723.02462
fifwc-esp-arg-2026-07-19,fifwc-esp-arg-2026-07-19-player-props,Spain vs. Argentina - Player Props,2944142,soccer_player_goals,Nico Williams: 1+ goals,Nico Williams: 1+ goals,Yes,No,111713349270425030165782460157631433958557983719462272127689795545856464688332,24725163987144252494734685626355267991416267850446150453823328880097283211891,528.1493520000001,43943.6833,0.11,0.12,0.05,0.01,True,0.12,0.11,0.009999999999999995,41.3784,97.1732,0.1837,0.89,0.88,0.010000000000000009,1.4863,1459.4928000000002,303.4416
fifwc-esp-arg-2026-07-19,fifwc-esp-arg-2026-07-19-player-props,Spain vs. Argentina - Player Props,2944143,soccer_player_goals,Nico Williams: 2+ goals,Nico Williams: 2+ goals,Yes,No,107986567041618561142385288122417227081355251085634364895666375474304389066593,1909745167151121329734436794987342980537263802821794852552839008450249573732,627.6273570000001,49721.86106,0.011,0.032,0.05,0.001,True,0.032,0.011,0.021,37.248,56.2855,0.1595,0.989,0.968,0.02100000000000002,14.3405,89.1755,1126.752
fifwc-esp-arg-2026-07-19,fifwc-esp-arg-2026-07-19-player-props,Spain vs. Argentina - Player Props,2944144,soccer_player_goals,Nico Williams: 3+ goals,Nico Williams: 3+ goals,Yes,No,47072592305072300067825668778096727616640714330396020595121304842126245522872,55307111146054267749031118980844246336754181612352151177315135665993354015090,2067.4119,76211.85613,0.003,0.006,0.05,0.001,True,0.006,0.003,0.003,13.6806,44.07928,7.03098,0.997,0.994,0.0030000000000000027,2336.62902,3548.44599,2266.4193999999998
fifwc-esp-arg-2026-07-19,fifwc-esp-arg-2026-07-19-player-props,Spain vs. Argentina - Player Props,2944145,soccer_player_goals,Nicolás González: 1+ goals,Nicolás González: 1+ goals,Yes,No,35237747619074851277275419983589948337455491267306007117193073750781498111193,53953383788156597081406409209263547838237660430400617011843008399522539164893,891.2225790000001,34551.10615,0.047,0.099,0.05,0.001,True,0.099,0.04,0.059000000000000004,13.662,349.712,1.892,0.96,0.901,0.05899999999999994,45.407999999999994,403.91182,124.33800000000001
fifwc-esp-arg-2026-07-19,fifwc-esp-arg-2026-07-19-player-props,Spain vs. Argentina - Player Props,2944146,soccer_player_goals,Nicolás González: 2+ goals,Nicolás González: 2+ goals,Yes,No,97465101150058163870108986598966068300969526745519070094777897619865617339760,91956930837383000276206055411099621511287894167776102866105342591853868606377,532.5125,25175.00589,0.001,0.017,0.05,0.001,True,0.017,0.001,0.016,0.255,22.255,3.0700000000000003,0.999,0.983,0.016000000000000014,3066.93,3066.93,14.745
fifwc-esp-arg-2026-07-19,fifwc-esp-arg-2026-07-19-player-props,Spain vs. Argentina - Player Props,2944147,soccer_player_goals,Nicolás Paz: 1+ goals,Nicolás Paz: 1+ goals,Yes,No,6188934682560936081640347920016304285342687649908498908092417120814402461545,13140692265508716808450407119850928771521378417274555643674853299969382835946,387.820272,33098.01849,0.02,0.149,0.05,0.001,True,0.149,0.02,0.129,11.094539999999999,72.62702999999999,4.4708,0.98,0.851,0.129,219.0692,830.4995,63.36545999999999
fifwc-esp-arg-2026-07-19,fifwc-esp-arg-2026-07-19-player-props,Spain vs. Argentina - Player Props,2944148,soccer_player_goals,Nicolás Paz: 2+ goals,Nicolás Paz: 2+ goals,Yes,No,36091736372002202944127225180715026001673877480100927665254348083306996793436,53708280210411167267567273673117656205094714236736745933948628521371805767098,50,16151.23999,0.01,0.25,0.05,0.001,True,0.25,0.01,0.24,5.5,5.5,0.1,0.99,0.75,0.24,9.9,3056.85,16.5
fifwc-esp-arg-2026-07-19,fifwc-esp-arg-2026-07-19-player-props,Spain vs. Argentina - Player Props,2944149,soccer_player_goals,Thiago Almada: 1+ goals,Thiago Almada: 1+ goals,Yes,No,15042900714453698540814308797894972649028352346640973308193426204817899938060,1700635054850557251562328516532662920620728311864448295651696492764563155569,56.612868,25303.44464,0.082,0.09,0.05,0.001,True,0.09,0.082,0.007999999999999993,0.8999999999999999,33.9,0.8462400000000001,0.918,0.91,0.008000000000000007,9.47376,9.47376,9.1
fifwc-esp-arg-2026-07-19,fifwc-esp-arg-2026-07-19-player-props,Spain vs. Argentina - Player Props,2944150,soccer_player_goals,Thiago Almada: 2+ goals,Thiago Almada: 2+ goals,Yes,No,49366216843338701748324422186977293070015654517052718958940423878238336268399,22993053976829182743013307468440321893408901992943030927744647091906759526768,315.9914,33531.85349,0.001,0.031,0.05,0.001,True,0.031,0.001,0.03,43.4,43.9,3.0700000000000003,0.999,0.969,0.030000000000000027,3066.93,3066.93,1356.6
fifwc-esp-arg-2026-07-19,fifwc-esp-arg-2026-07-19-player-props,Spain vs. Argentina - Player Props,2944151,soccer_player_goals,Yeremi Pino: 1+ goals,Yeremi Pino: 1+ goals,Yes,No,113761654047291258386060934900247445556393399568425471883478719295230727648352,7342824982713942479022078789527870102906559324066917804626114040154535173638,525.037122,33297.47585,0.033,0.058,0.05,0.001,True,0.058,0.033,0.025,32.51596,102.15745999999999,0.9735,0.967,0.942,0.025000000000000022,28.5265,439.2362,528.1040399999999
fifwc-esp-arg-2026-07-19,fifwc-esp-arg-2026-07-19-player-props,Spain vs. Argentina - Player Props,2944152,soccer_player_goals,Yeremi Pino: 2+ goals,Yeremi Pino: 2+ goals,Yes,No,94316288268894039561248110591323083326980714324938831594096168648019641331801,51419984579357071010978366456843315905537723380577190597577183622098316613886,21.2414,30125.44841,0.001,0.03,0.05,0.001,True,0.03,0.001,0.028999999999999998,31.5,35.2,0.05,0.999,0.97,0.029000000000000026,49.95,49.95,1018.5
fifwc-esp-arg-2026-07-19,fifwc-esp-arg-2026-07-19-player-props,Spain vs. Argentina - Player Props,2944153,soccer_player_assists,Alex Baena: 1+ assists,Alex Baena: 1+ assists,Yes,No,43645483791208375943216369267154907833094659064061219261682089899203698187531,56673844014664388872413252840336256046083130871719483372473612084797932744093,46.666665,21321.1687,0.14,0.15,0.05,0.01,True,0.15,0.14,0.009999999999999981,24.1305,85.6921,4.2,0.86,0.85,0.010000000000000009,25.8,1299.8355,136.7395
fifwc-esp-arg-2026-07-19,fifwc-esp-arg-2026-07-19-player-props,Spain vs. Argentina - Player Props,2944154,soccer_player_assists,Alex Baena: 2+ assists,Alex Baena: 2+ assists,Yes,No,100386588308029712233853266901122409497656737735381029197068623551095846239872,35111078432260368233467241584046694396363628944062513512391722501226845950134,44.092,20918.86475,0.002,0.055,0.05,0.001,True,0.053,0.002,0.051,0.7949999999999999,83.715,1.0,0.998,0.947,0.051000000000000045,499.0,506.8921,14.205
fifwc-esp-arg-2026-07-19,fifwc-esp-arg-2026-07-19-player-props,Spain vs. Argentina - Player Props,2944155,soccer_player_assists,Alexis Mac Allister: 1+ assists,Alexis Mac Allister: 1+ assists,Yes,No,107380468206005139118576302651998459375573969748632218832975842917741592593261,73240202162503186721205638226178091886627876989531963259881215715763561360295,4134.275051,52366.2573,0.081,0.087,0.05,0.001,True,0.087,0.081,0.0059999999999999915,86.21612999999999,337.91598999999997,52.229609999999994,0.919,0.913,0.006000000000000005,592.58039,2568.66381,904.77387
fifwc-esp-arg-2026-07-19,fifwc-esp-arg-2026-07-19-player-props,Spain vs. Argentina - Player Props,2944156,soccer_player_assists,Alexis Mac Allister: 2+ assists,Alexis Mac Allister: 2+ assists,Yes,No,96091935990721747640531598885161257596049002579561927200424473664388191861744,107025065264464844151101602461349672676601444415463186618241328369153369467721,25,16524.2368,0.01,0.09,0.05,0.01,True,0.09,0.01,0.08,2.475,7.475,0.1,0.99,0.91,0.07999999999999996,9.9,9.9,25.025000000000002
fifwc-esp-arg-2026-07-19,fifwc-esp-arg-2026-07-19-player-props,Spain vs. Argentina - Player Props,2944157,soccer_player_assists,Dani Olmo: 1+ assists,Dani Olmo: 1+ assists,Yes,No,66050873653473201402080967192728313730111920135600511264638383000427267091349,101618957845627142109460503063281861755459644908920260321751512694088976777345,25454.725969,89478.3449,0.11,0.12,0.05,0.01,True,0.12,0.11,0.009999999999999995,99.63359999999999,418.9415,1050.0248000000001,0.89,0.88,0.010000000000000009,8495.655200000001,13533.686800000001,730.6464
fifwc-esp-arg-2026-07-19,fifwc-esp-arg-2026-07-19-player-props,Spain vs. Argentina - Player Props,2944158,soccer_player_assists,Dani Olmo: 2+ assists,Dani Olmo: 2+ assists,Yes,No,4021346951726405845004819958856733124768225518160615381334673000519764854991,113693314426714187615979922732265468355559473656301818547167005393348268870766,1722.503757,32500.18622,0.021,0.022,0.05,0.001,True,0.022,0.021,0.0009999999999999974,32.00736,74.53426,14.10129,0.979,0.978,0.0010000000000000009,657.38871,1282.86159,1422.87264
fifwc-esp-arg-2026-07-19,fifwc-esp-arg-2026-07-19-player-props,Spain vs. Argentina - Player Props,2944159,soccer_player_assists,Enzo Fernández: 1+ assists,Enzo Fernández: 1+ assists,Yes,No,79361644427055088940338085657493148157048917870763511717709724753028116496634,71399687802995859638822432269294914460503524953346558019097329458694680803669,8964.527569,113290.66883,0.075,0.076,0.05,0.001,True,0.076,0.075,0.0010000000000000009,185.49015999999997,1331.221,103.54499999999999,0.925,0.924,0.0010000000000000009,1277.055,5209.219620000001,2255.16984
fifwc-esp-arg-2026-07-19,fifwc-esp-arg-2026-07-19-player-props,Spain vs. Argentina - Player Props,2944160,soccer_player_assists,Enzo Fernández: 2+ assists,Enzo Fernández: 2+ assists,Yes,No,53207645056504653084613873471140720951758033853139967636602374103039716356235,15103710583845989833810332198676663623682503999168028230611804111496926075269,119.99,31232.98093,0.018,0.04,0.05,0.001,True,0.04,0.018,0.022000000000000002,40.6,438.10461,0.26999999999999996,0.982,0.96,0.02200000000000002,14.73,621.97333,974.4
fifwc-esp-arg-2026-07-19,fifwc-esp-arg-2026-07-19-player-props,Spain vs. Argentina - Player Props,2944161,soccer_player_assists,Fabián Ruiz: 1+ assists,Fabián Ruiz: 1+ assists,Yes,No,26579726879796158412969394878190348562507673010121347635720713716356303767646,113744919109328570963717789211113454911531348315404781485267997726868670608767,2202.276628,32854.01555,0.073,0.076,0.05,0.001,True,0.076,0.073,0.0030000000000000027,51.1252,142.31848,72.32475,0.927,0.924,0.0030000000000000027,918.42525,2970.38607,621.5748000000001
fifwc-esp-arg-2026-07-19,fifwc-esp-arg-2026-07-19-player-props,Spain vs. Argentina - Player Props,2944162,soccer_player_assists,Fabián Ruiz: 2+ assists,Fabián Ruiz: 2+ assists,Yes,No,67234786202504918763005271643415473908655524581659696768251056293114709670953,12163502583011721562066133881945251691331706009248330289303388549788275364886,0,20198.63122,0.01,0.067,0.05,0.001,True,0.066,0.01,0.056,0.8250000000000001,79.125,0.1,0.99,0.934,0.05599999999999994,9.9,29.880000000000003,11.675
fifwc-esp-arg-2026-07-19,fifwc-esp-arg-2026-07-19-player-props,Spain vs. Argentina - Player Props,2944163,soccer_player_assists,Ferrán Torres: 1+ assists,Ferrán Torres: 1+ assists,Yes,No,23469506646798155630257348407460968753616276518820701631010045995768775111384,73664816561817619173150798447172139691287973389023227317070907986754107089800,397.544189,24627.17889,0.06,0.089,0.05,0.001,True,0.089,0.06,0.028999999999999998,4.45,8.3875,108.6,0.94,0.911,0.028999999999999915,1701.3999999999999,1701.3999999999999,45.550000000000004
fifwc-esp-arg-2026-07-19,fifwc-esp-arg-2026-07-19-player-props,Spain vs. Argentina - Player Props,2944164,soccer_player_assists,Ferrán Torres: 2+ assists,Ferrán Torres: 2+ assists,Yes,No,29979952953022054311498913214965276964989008801241831875261593385510856623255,17786053127147063718330800426697033870179718576318928451919868619459326663891,0,16014.3886,0.01,0.25,0.05,0.01,True,0.25,0.01,0.24,2.75,2.75,0.1,0.99,0.75,0.24,9.9,9.9,8.25
fifwc-esp-arg-2026-07-19,fifwc-esp-arg-2026-07-19-player-props,Spain vs. Argentina - Player Props,2944165,soccer_player_assists,Giuliano Simeone: 1+ assists,Giuliano Simeone: 1+ assists,Yes,No,101974595299503700690869157815813141643456076230121015475073946729631505163064,33292213945445702915224763506325644089667772765506768522586141247251526739780,632.567209,21331.31763,0.051,0.11,0.05,0.001,True,0.11,0.051,0.059000000000000004,0.55,2.7700000000000005,0.7394999999999999,0.949,0.89,0.05899999999999994,13.760499999999999,299.71049999999997,4.45
fifwc-esp-arg-2026-07-19,fifwc-esp-arg-2026-07-19-player-props,Spain vs. Argentina - Player Props,2944166,soccer_player_assists,Giuliano Simeone: 2+ assists,Giuliano Simeone: 2+ assists,Yes,No,12690819893921814560269198872067218719251896635497352674377613714679723192755,13689550883665272121343352389624032072545842360330778524053583906299992139595,34.46,16117.5548,0.01,0.23,0.05,0.01,True,0.23,0.01,0.22,2.875,287.125,0.15,0.99,0.77,0.21999999999999997,14.85,14.85,9.625
fifwc-esp-arg-2026-07-19,fifwc-esp-arg-2026-07-19-player-props,Spain vs. Argentina - Player Props,2944167,soccer_player_assists,Julián Álvarez: 1+ assists,Julián Álvarez: 1+ assists,Yes,No,92931584628026222655442137868839785569820477773811804034491629981771910304287,31871259969474201970370966666001796204095478546291093543037797187297070834216,844.927087,26387.4994,0.09,0.11,0.05,0.01,True,0.11,0.09,0.020000000000000004,132.9108,1319.6976,13.8924,0.91,0.89,0.020000000000000018,140.4676,1341.0877,1075.3692
fifwc-esp-arg-2026-07-19,fifwc-esp-arg-2026-07-19-player-props,Spain vs. Argentina - Player Props,2944168,soccer_player_assists,Julián Álvarez: 2+ assists,Julián Álvarez: 2+ assists,Yes,No,63469509727597064959058575305875617228930126819292998165231328448264939812537,95555003181603737690767521574165780955921714915928678500351695180257073651354,32,18545.61859,0.001,0.084,0.05,0.001,True,0.084,0.001,0.083,1.05,126.875,0.02,0.999,0.916,0.08299999999999996,19.98,19.98,11.450000000000001
fifwc-esp-arg-2026-07-19,fifwc-esp-arg-2026-07-19-player-props,Spain vs. Argentina - Player Props,2944169,soccer_player_assists,Lamine Yamal: 1+ assists,Lamine Yamal: 1+ assists,Yes,No,112471448052965729893749684587576405289321845287375706585804308595547450760606,98023061038579741511340671148278522856918571893911160147497462637577661465199,19576.749011999997,102096.2427,0.21,0.22,0.05,0.01,True,0.22,0.21,0.010000000000000009,3311.9856,4679.2342,675.213,0.79,0.78,0.010000000000000009,2540.0870000000004,6722.6778,11742.4944
fifwc-esp-arg-2026-07-19,fifwc-esp-arg-2026-07-19-player-props,Spain vs. Argentina - Player Props,2944170,soccer_player_assists,Lamine Yamal: 2+ assists,Lamine Yamal: 2+ assists,Yes,No,35884259308621733047783992403907232597300325720957240646192357058003571729210,39543360471296195924440978027411187364346346733235414998208075917103377803651,8399.918665000001,96844.23245,0.041,0.046,0.05,0.001,True,0.046,0.041,0.0049999999999999975,96.50201999999999,321.97094,39.80731,0.959,0.954,0.0050000000000000044,931.1026899999999,4116.80751,2001.3679799999998
fifwc-esp-arg-2026-07-19,fifwc-esp-arg-2026-07-19-player-props,Spain vs. Argentina - Player Props,2944171,soccer_player_assists,Lautaro Martínez: 1+ assists,Lautaro Martínez: 1+ assists,Yes,No,57175655523580252765921656725482420930434008382858176599673590747563220486766,102850735827754751387372908854902286807838361561064158526838956963476924210509,1338.1580169999997,41700.66237,0.088,0.089,0.05,0.001,True,0.089,0.088,0.0010000000000000009,64.27402,967.3943700000001,81.13336,0.912,0.911,0.0010000000000000009,840.8366400000001,1827.3784,657.90598
fifwc-esp-arg-2026-07-19,fifwc-esp-arg-2026-07-19-player-props,Spain vs. Argentina - Player Props,2944172,soccer_player_assists,Lautaro Martínez: 2+ assists,Lautaro Martínez: 2+ assists,Yes,No,40947734652949133534419390845063315939444182300783352770747520769303932687495,88122802318252807749675054875755911419951695636788504660520933694970494086098,0,16235.9972,0.01,0.23,0.05,0.01,True,0.23,0.01,0.22,3.45,279.95,0.1,0.99,0.77,0.21999999999999997,9.9,9.9,11.55
fifwc-esp-arg-2026-07-19,fifwc-esp-arg-2026-07-19-player-props,Spain vs. Argentina - Player Props,2944173,soccer_player_assists,Lionel Messi: 1+ assists,Lionel Messi: 1+ assists,Yes,No,96821163669669583127924246166391438125584160363899277310152530217645949000495,48356895308509667485232593263017015113922928908358021330325127247601940891900,92208.51476900013,117416.2552,0.28,0.29,0.05,0.01,True,0.29,0.28,0.009999999999999953,4425.8727,11209.4888,2726.9396,0.72,0.71,0.010000000000000009,7012.130399999999,44055.7795,10835.7573
fifwc-esp-arg-2026-07-19,fifwc-esp-arg-2026-07-19-player-props,Spain vs. Argentina - Player Props,2944174,soccer_player_assists,Lionel Messi: 2+ assists,Lionel Messi: 2+ assists,Yes,No,29585625558932503381823237145183088535371787329572885584054209974076179087900,93581754423264994286047189103718762135853415626748945634826591311547143268388,30705.292516,94044.2677,0.07,0.08,0.05,0.01,True,0.08,0.07,0.009999999999999995,81.0,1008.7644,1248.5158000000001,0.93,0.92,0.010000000000000009,16587.4242,22670.2707,931.5
fifwc-esp-arg-2026-07-19,fifwc-esp-arg-2026-07-19-player-props,Spain vs. Argentina - Player Props,2944175,soccer_player_assists,Mikel Merino: 1+ assists,Mikel Merino: 1+ assists,Yes,No,90564578950735171705156699870927546783188536485315813721499120380503613443768,108368184564723260489528810655715654269081858836040605554603947974810564267144,327.272726,26244.22438,0.071,0.106,0.05,0.001,True,0.106,0.071,0.035,5.1674999999999995,529.7479,1.065,0.929,0.894,0.03500000000000003,13.935,233.20878,13.41
fifwc-esp-arg-2026-07-19,fifwc-esp-arg-2026-07-19-player-props,Spain vs. Argentina - Player Props,2944176,soccer_player_assists,Mikel Merino: 2+ assists,Mikel Merino: 2+ assists,Yes,No,79356270174912029220413805691741518694132310303187206276851847059831393726631,63773814457122121701721507283501398281375865925410354782414902375221792362961,0,21729.67452,0.012,0.025,0.05,0.001,True,0.025,0.012,0.013000000000000001,58.426,113.67699,6.496919999999999,0.988,0.975,0.013000000000000012,534.9130799999999,1446.8429399999998,2278.614
fifwc-esp-arg-2026-07-19,fifwc-esp-arg-2026-07-19-player-props,Spain vs. Argentina - Player Props,2944177,soccer_player_assists,Mikel Oyarzabal: 1+ assists,Mikel Oyarzabal: 1+ assists,Yes,No,33730562444216349509732346666302000371138339335150882875211254314776003037613,7950248327645964121277404934828771520266757859687792785094803945846574979951,2125.2697259999995,34051.5002,0.1,0.11,0.05,0.01,True,0.11,0.1,0.009999999999999995,149.72760000000002,681.5845,205.812,0.9,0.89,0.010000000000000009,1852.308,4639.9064,1211.4324000000001
fifwc-esp-arg-2026-07-19,fifwc-esp-arg-2026-07-19-player-props,Spain vs. Argentina - Player Props,2944178,soccer_player_assists,Mikel Oyarzabal: 2+ assists,Mikel Oyarzabal: 2+ assists,Yes,No,85973453070387102724703062363806516459122993498900025864654641926479336572575,86985338182134438099994169742944225494016635643695596612219249611460583376054,0,19512.9361,0.01,0.2,0.05,0.01,True,0.2,0.01,0.19,210.0,210.0,0.1,0.99,0.8,0.18999999999999995,9.9,9.9,840.0
fifwc-esp-arg-2026-07-19,fifwc-esp-arg-2026-07-19-player-props,Spain vs. Argentina - Player Props,2944179,soccer_player_assists,Nico Williams: 1+ assists,Nico Williams: 1+ assists,Yes,No,87823503834268262286505926441840027119656247120831392696053783813255612533204,13354678771397474213364829018166733333084687644012825391186973498591014862185,141.58963699999998,16649.6064,0.04,0.17,0.05,0.01,True,0.17,0.04,0.13,5.0133,8.8218,0.58,0.96,0.83,0.13,13.92,86.92,14.101699999999997
fifwc-esp-arg-2026-07-19,fifwc-esp-arg-2026-07-19-player-props,Spain vs. Argentina - Player Props,2944180,soccer_player_assists,Nico Williams: 2+ assists,Nico Williams: 2+ assists,Yes,No,113289938679853871133608634033500691481229996181195808892263471352149955492013,76752225072226066082004085027806504102556627591070609253515561057260448999954,570,18145.60632,0.01,0.074,0.05,0.001,True,0.074,0.01,0.064,4.476999999999999,112.127,0.6,0.99,0.926,0.06399999999999995,59.4,79.38,56.023
fifwc-esp-arg-2026-07-19,fifwc-esp-arg-2026-07-19-player-props,Spain vs. Argentina - Player Props,2944181,soccer_player_assists,Nicolás González: 1+ assists,Nicolás González: 1+ assists,Yes,No,36217359214511414381738813660084101974878206526768611970850730059428089413486,109541110463727351636036716905617814045387940664119548639757209260300872423809,460.15999999999997,20072.45628,0.049,0.05,0.05,0.001,True,0.05,0.049,0.0010000000000000009,21.304000000000002,47.138040000000004,27.54094,0.951,0.95,0.0010000000000000009,534.51906,1225.57665,404.77599999999995
fifwc-esp-arg-2026-07-19,fifwc-esp-arg-2026-07-19-player-props,Spain vs. Argentina - Player Props,2944182,soccer_player_assists,Nicolás González: 2+ assists,Nicolás González: 2+ assists,Yes,No,84752863276600394941390876490117713094354207732863177180232229631899675704500,30891587502576337725997724504013681620212578551592586367751599536874586619229,0,16236.0212,0.01,0.25,0.05,0.01,True,0.25,0.01,0.24,5.5,5.5,0.1,0.99,0.75,0.24,9.9,9.9,16.5
fifwc-esp-arg-2026-07-19,fifwc-esp-arg-2026-07-19-player-props,Spain vs. Argentina - Player Props,2944183,soccer_player_goals_plus_assists,Alex Baena: 1+ goals + assists,Alex Baena: 1+ goals + assists,Yes,No,78216902532119573501870280722318894089888347391457486856140404560881447440471,54961232907348586007306748144562562697775095550335754840906907064060936512108,0,10169.6984,0.01,0.39,0.05,0.01,True,0.39,0.01,0.38,156.0,156.0,0.6,0.99,0.61,0.38,59.4,59.4,244.0
fifwc-esp-arg-2026-07-19,fifwc-esp-arg-2026-07-19-player-props,Spain vs. Argentina - Player Props,2944184,soccer_player_goals_plus_assists,Alex Baena: 2+ goals + assists,Alex Baena: 2+ goals + assists,Yes,No,75975730502675467040258088041802956175042449030462013427825981390446426098876,92404484139311764977322400210167106525580109247511436089470907880009230172931,0,11030.7198,0.02,0.09,0.05,0.01,True,0.09,0.02,0.06999999999999999,27.0,27.0,0.5,0.98,0.91,0.06999999999999995,24.5,39.35,273.0
fifwc-esp-arg-2026-07-19,fifwc-esp-arg-2026-07-19-player-props,Spain vs. Argentina - Player Props,2944185,soccer_player_goals_plus_assists,Alex Baena: 3+ goals + assists,Alex Baena: 3+ goals + assists,Yes,No,95995665404138976325713016902065648114334038141853710515769979065650849473670,100173662273955986676592821363974350249076611761374256753061716254188239036660,0,2.1597,0.01,0.97,0.05,0.01,True,0.97,0.01,0.96,16.1602,91.0903,0.6,0.99,0.03,0.96,59.4,59.4,0.49979999999999997
fifwc-esp-arg-2026-07-19,fifwc-esp-arg-2026-07-19-player-props,Spain vs. Argentina - Player Props,2944186,soccer_player_goals_plus_assists,Alex Baena: 4+ goals + assists,Alex Baena: 4+ goals + assists,Yes,No,12883193309935431636549588516483313818585826837069028117149112211697179666069,95000697464564085184197927368749783757864381754683848819983988214322347601526,0,4.2545,0.01,0.93,0.05,0.01,True,0.93,0.01,0.92,6.110100000000001,38.9255,0.6,0.99,0.07,0.9199999999999999,59.4,59.4,0.4599000000000001
fifwc-esp-arg-2026-07-19,fifwc-esp-arg-2026-07-19-player-props,Spain vs. Argentina - Player Props,2944187,soccer_player_goals_plus_assists,Alexis Mac Allister: 1+ goals + assists,Alexis Mac Allister: 1+ goals + assists,Yes,No,99038867406751713517935593417941811012008573837264730620048989471326343325084,4599597765500369867132013296170319763175099072612203457931997704477670386295,57.6,12894.6108,0.01,0.1,0.05,0.01,True,0.1,0.01,0.09000000000000001,24.792,24.792,0.65,0.99,0.9,0.08999999999999997,64.35,64.35,223.128
fifwc-esp-arg-2026-07-19,fifwc-esp-arg-2026-07-19-player-props,Spain vs. Argentina - Player Props,2944188,soccer_player_goals_plus_assists,Alexis Mac Allister: 2+ goals + assists,Alexis Mac Allister: 2+ goals + assists,Yes,No,48502653714095461101220070094124927637854728948223677987409887966313265936825,963502889589189736186568840366773666009945819696630487475775822137250533807,0,809.342,0.01,0.97,0.05,0.01,True,0.97,0.01,0.96,16.237799999999996,79990.808,0.6,0.99,0.03,0.96,59.4,59.4,0.5022
fifwc-esp-arg-2026-07-19,fifwc-esp-arg-2026-07-19-player-props,Spain vs. Argentina - Player Props,2944189,soccer_player_goals_plus_assists,Alexis Mac Allister: 3+ goals + assists,Alexis Mac Allister: 3+ goals + assists,Yes,No,65125452692342336999795814972896180768736244888201000664174924194013001819877,32892096891801070309554037470004033820793163784999209815084030905878147933864,0,809.3422,0.01,0.97,0.05,0.01,True,0.97,0.01,0.96,16.441499999999998,79989.9978,0.6,0.99,0.03,0.96,59.4,59.4,0.5085
fifwc-esp-arg-2026-07-19,fifwc-esp-arg-2026-07-19-player-props,Spain vs. Argentina - Player Props,2944190,soccer_player_goals_plus_assists,Alexis Mac Allister: 4+ goals + assists,Alexis Mac Allister: 4+ goals + assists,Yes,No,10423436921471858985615462269773994445126166034906809641009007613874714988257,33731405699885820179080842981718753564530531716101413060776213509136495811438,0,3858.9354,0.01,0.47,0.05,0.01,True,0.47,0.01,0.45999999999999996,231.48909999999998,231.48909999999998,0.65,0.99,0.53,0.45999999999999996,64.35,64.35,261.0409
fifwc-esp-arg-2026-07-19,fifwc-esp-arg-2026-07-19-player-props,Spain vs. Argentina - Player Props,2944191,soccer_player_goals_plus_assists,Dani Olmo: 1+ goals + assists,Dani Olmo: 1+ goals + assists,Yes,No,16368148068890637308364078176532257780069026176736573567513513719073492734111,98572984828110839600332215793095611797106446412821882508253869401006019773555,0,10948.4926,0.01,0.29,0.05,0.01,True,0.28,0.13,0.15000000000000002,14.000000000000002,132.0,53.586,0.87,0.72,0.15000000000000002,358.614,358.614,36.0
fifwc-esp-arg-2026-07-19,fifwc-esp-arg-2026-07-19-player-props,Spain vs. Argentina - Player Props,2944192,soccer_player_goals_plus_assists,Dani Olmo: 2+ goals + assists,Dani Olmo: 2+ goals + assists,Yes,No,28941662054056478339055812403311550433096595162179663446740731242606326695191,27300676828385183508577342088262727292032650816534640901843734127232908464969,0,10997.8338,0.01,0.1,0.05,0.01,True,0.1,0.01,0.09000000000000001,30.0,30.0,0.6,0.99,0.9,0.08999999999999997,59.4,59.4,270.0
fifwc-esp-arg-2026-07-19,fifwc-esp-arg-2026-07-19-player-props,Spain vs. Argentina - Player Props,2944193,soccer_player_goals_plus_assists,Dani Olmo: 3+ goals + assists,Dani Olmo: 3+ goals + assists,Yes,No,4655006226381207278743830195689339837327779447066294954498086552073846787178,83765484960609268649040725234612056305256478772431496096894732071626603748755,0,4123.30861,0.01,0.43,0.05,0.001,True,0.429,0.01,0.419,176.8338,373.7566,0.6,0.99,0.571,0.41900000000000004,59.4,129.33,235.36619999999996
fifwc-esp-arg-2026-07-19,fifwc-esp-arg-2026-07-19-player-props,Spain vs. Argentina - Player Props,2944194,soccer_player_goals_plus_assists,Dani Olmo: 4+ goals + assists,Dani Olmo: 4+ goals + assists,Yes,No,21715347663856600798967321911165820290307870512155124809297107849532111265719,27334087962974722609510322700381477869572948486070671794576337104280102756570,0,809.3422,0.01,0.97,0.05,0.01,True,0.97,0.01,0.96,23.474,80390.14379999999,0.6,0.99,0.03,0.96,59.4,59.4,0.726
fifwc-esp-arg-2026-07-19,fifwc-esp-arg-2026-07-19-player-props,Spain vs. Argentina - Player Props,2944195,soccer_player_goals_plus_assists,Enzo Fernández: 1+ goals + assists,Enzo Fernández: 1+ goals + assists,Yes,No,32018103855587705141013860148762267861843984601916940615639233140852092905830,43294713028966434847318245527351882022329945112262073890804444502316928908217,0,11096.2442,0.01,0.27,0.05,0.01,True,0.26,0.01,0.25,8.125,41.875,0.6,0.99,0.74,0.25,59.4,59.4,23.125
fifwc-esp-arg-2026-07-19,fifwc-esp-arg-2026-07-19-player-props,Spain vs. Argentina - Player Props,2944196,soccer_player_goals_plus_assists,Enzo Fernández: 2+ goals + assists,Enzo Fernández: 2+ goals + assists,Yes,No,97002436994727633541124918604661666035318043050755196593011912829584460236599,71525002106605884575685178681361297196549257264162112234211415402432423366915,0,3859.7138,0.01,0.47,0.05,0.01,True,0.47,0.01,0.45999999999999996,231.48909999999998,231.48909999999998,0.6,0.99,0.53,0.45999999999999996,59.4,59.4,261.0409
fifwc-esp-arg-2026-07-19,fifwc-esp-arg-2026-07-19-player-props,Spain vs. Argentina - Player Props,2944197,soccer_player_goals_plus_assists,Enzo Fernández: 3+ goals + assists,Enzo Fernández: 3+ goals + assists,Yes,No,88902258668239422887130104716020608455018688251161813643167091089551136833123,41839568328382020371304844341728405112664851441673784984977991680928650401499,0,2.1598,0.01,0.97,0.05,0.01,True,0.97,0.01,0.96,15.6752,91.2002,0.6,0.99,0.03,0.96,59.4,59.4,0.4848
fifwc-esp-arg-2026-07-19,fifwc-esp-arg-2026-07-19-player-props,Spain vs. Argentina - Player Props,2944198,soccer_player_goals_plus_assists,Enzo Fernández: 4+ goals + assists,Enzo Fernández: 4+ goals + assists,Yes,No,21982952668032250277519479016511462040519740631333504285528676371295485144494,37823478658775830553373853624759780748419369629404857542274120039442205416489,13.7171,5111.3398,0.01,0.45,0.05,0.01,True,0.45,0.01,0.44,130.59900000000002,130.59900000000002,0.5128,0.99,0.55,0.43999999999999995,50.7672,50.7672,159.62100000000004
fifwc-esp-arg-2026-07-19,fifwc-esp-arg-2026-07-19-player-props,Spain vs. Argentina - Player Props,2944199,soccer_player_goals_plus_assists,Fabián Ruiz: 1+ goals + assists,Fabián Ruiz: 1+ goals + assists,Yes,No,56150318665746628061321271025786396791686531621015865274128700644626008702294,54942209209365612732082061693771544352128224785798632070895723150915164400389,1.0204,10819.2636,0.01,0.34,0.05,0.01,True,0.34,0.08,0.26,17.0,176.5,32.976,0.92,0.66,0.26,379.224,379.224,33.0
fifwc-esp-arg-2026-07-19,fifwc-esp-arg-2026-07-19-player-props,Spain vs. Argentina - Player Props,2944200,soccer_player_goals_plus_assists,Fabián Ruiz: 2+ goals + assists,Fabián Ruiz: 2+ goals + assists,Yes,No,61811094236183288185683204470892576580305506447785487225852777825102076392316,45427470666590501092379831250072743783752299288362568808535447097015722181316,0,10867.6183,0.01,0.09,0.05,0.01,True,0.09,0.01,0.08,27.0,27.0,0.65,0.99,0.91,0.07999999999999996,64.35,64.35,273.0
fifwc-esp-arg-2026-07-19,fifwc-esp-arg-2026-07-19-player-props,Spain vs. Argentina - Player Props,2944201,soccer_player_goals_plus_assists,Fabián Ruiz: 3+ goals + assists,Fabián Ruiz: 3+ goals + assists,Yes,No,49647959983363621982002518169079871959467843779147310861338559656804821432458,67112904246650617540433714363656668055877644818789252279735172373356783993282,0,809.342,0.01,0.97,0.05,0.01,True,0.97,0.01,0.96,16.5773,79990.6477,0.6,0.99,0.03,0.96,59.4,59.4,0.5126999999999999
fifwc-esp-arg-2026-07-19,fifwc-esp-arg-2026-07-19-player-props,Spain vs. Argentina - Player Props,2944202,soccer_player_goals_plus_assists,Fabián Ruiz: 4+ goals + assists,Fabián Ruiz: 4+ goals + assists,Yes,No,18918099816794413600376691269413081880069185012137969515820468165191846043218,3269286298933290620621314118101582868296898084096158405636101970954376699705,0,809.3421,0.01,0.97,0.05,0.01,True,0.97,0.01,0.96,16.587,79990.6476,0.6,0.99,0.03,0.96,59.4,59.4,0.513
fifwc-esp-arg-2026-07-19,fifwc-esp-arg-2026-07-19-player-props,Spain vs. Argentina - Player Props,2944203,soccer_player_goals_plus_assists,Ferrán Torres: 1+ goals + assists,Ferrán Torres: 1+ goals + assists,Yes,No,84523674698381859511604711819951068487959911034166575482114616408425424005311,7638223035888765003606456791109948961423314048989685543363530636332347551515,0,6379.9325,0.01,0.38,0.05,0.01,True,0.38,0.01,0.37,76.0,76.0,0.65,0.99,0.62,0.37,64.35,64.35,124.0
fifwc-esp-arg-2026-07-19,fifwc-esp-arg-2026-07-19-player-props,Spain vs. Argentina - Player Props,2944204,soccer_player_goals_plus_assists,Ferrán Torres: 2+ goals + assists,Ferrán Torres: 2+ goals + assists,Yes,No,102754385186525280631310513984765282285594995939975893992430303923312379000800,22314512654505934801796627432128999518731513493520111891211100880131664468734,0,3862.6776,0.01,0.48,0.05,0.01,True,0.48,0.01,0.47,240.95999999999998,240.95999999999998,0.6,0.99,0.52,0.47,59.4,59.4,261.04
fifwc-esp-arg-2026-07-19,fifwc-esp-arg-2026-07-19-player-props,Spain vs. Argentina - Player Props,2944205,soccer_player_goals_plus_assists,Ferrán Torres: 3+ goals + assists,Ferrán Torres: 3+ goals + assists,Yes,No,104083615402819140260351562152907498439488015068742664858306640463071884164904,109804551724290108036572043248516519452731454130501089897591943471262939869292,0,3859.7135,0.02,0.47,0.05,0.01,True,0.47,0.02,0.44999999999999996,231.48909999999998,231.48909999999998,0.5,0.98,0.53,0.44999999999999996,24.5,34.4,261.0409
fifwc-esp-arg-2026-07-19,fifwc-esp-arg-2026-07-19-player-props,Spain vs. Argentina - Player Props,2944206,soccer_player_goals_plus_assists,Ferrán Torres: 4+ goals + assists,Ferrán Torres: 4+ goals + assists,Yes,No,98824789692042872739385824830493432289343531010208076990009397169349066418183,69628606729847713860781376407817410748825341813998103239552084681262324123713,0,3861.2534,0.01,0.47,0.05,0.01,True,0.47,0.01,0.45999999999999996,231.48909999999998,231.48909999999998,0.6,0.99,0.53,0.45999999999999996,59.4,59.4,261.0409
fifwc-esp-arg-2026-07-19,fifwc-esp-arg-2026-07-19-player-props,Spain vs. Argentina - Player Props,2944207,soccer_player_goals_plus_assists,Giuliano Simeone: 1+ goals + assists,Giuliano Simeone: 1+ goals + assists,Yes,No,47795021948365128368414685020127453310181293779734733130428053235369351618591,45217830083139449663307258628162744736826877315446155717086572309278817171911,18,10812.6365,0.01,0.34,0.05,0.01,True,0.34,0.01,0.33,136.0,136.0,0.6,0.99,0.66,0.32999999999999996,59.4,59.4,264.0
fifwc-esp-arg-2026-07-19,fifwc-esp-arg-2026-07-19-player-props,Spain vs. Argentina - Player Props,2944208,soccer_player_goals_plus_assists,Giuliano Simeone: 2+ goals + assists,Giuliano Simeone: 2+ goals + assists,Yes,No,55578244850243498669354150330498239386719230991475292343550701213074516223970,54129057726348998009439644460846153272451338156729073632991630356325130690922,0,2.16,0.01,0.98,0.05,0.01,True,0.98,0.01,0.97,29.4,119.4702,0.6,0.99,0.02,0.97,59.4,59.4,0.6
fifwc-esp-arg-2026-07-19,fifwc-esp-arg-2026-07-19-player-props,Spain vs. Argentina - Player Props,2944209,soccer_player_goals_plus_assists,Giuliano Simeone: 3+ goals + assists,Giuliano Simeone: 3+ goals + assists,Yes,No,79324845288142229538629636075118148109786786846309707089707683882234703169150,11637596622312863931453921926330399036355301577252200641354611873328112101127,0,2.1599,0.01,0.97,0.05,0.01,True,0.97,0.01,0.96,15.8692,91.4601,0.6,0.99,0.03,0.96,59.4,59.4,0.49079999999999996
fifwc-esp-arg-2026-07-19,fifwc-esp-arg-2026-07-19-player-props,Spain vs. Argentina - Player Props,2944210,soccer_player_goals_plus_assists,Giuliano Simeone: 4+ goals + assists,Giuliano Simeone: 4+ goals + assists,Yes,No,83344588033242216559063683239544876829699021109253266382960561622151786053689,61431876259482275089869726117968520045930733146630210336777221713454196298542,0,2.1599,0.01,0.97,0.05,0.01,True,0.97,0.01,0.96,14.2396,100.0701,0.6,0.99,0.03,0.96,59.4,59.4,0.44039999999999996
fifwc-esp-arg-2026-07-19,fifwc-esp-arg-2026-07-19-player-props,Spain vs. Argentina - Player Props,2944211,soccer_player_goals_plus_assists,Julián Álvarez: 1+ goals + assists,Julián Álvarez: 1+ goals + assists,Yes,No,29206910212521847700860628324873878559760492370737416247740367608624820768678,13078381157460858763313767849263107294126578177598791226800558303510997923032,0,10835.8424,0.01,0.4,0.05,0.01,True,0.4,0.17,0.23,80.0,80.0,70.074,0.99,0.6,0.39,59.4,59.4,120.0
fifwc-esp-arg-2026-07-19,fifwc-esp-arg-2026-07-19-player-props,Spain vs. Argentina - Player Props,2944212,soccer_player_goals_plus_assists,Julián Álvarez: 2+ goals + assists,Julián Álvarez: 2+ goals + assists,Yes,No,18137652439420070322217430956871722512859202046005441933565912361168951894314,19842333948788416711265312273741012343345391093286864577030948214743291271472,0,10893.1736,0.01,0.1,0.05,0.01,True,0.1,0.02,0.08,30.0,30.0,8.244,0.99,0.9,0.08999999999999997,59.4,59.4,270.0
fifwc-esp-arg-2026-07-19,fifwc-esp-arg-2026-07-19-player-props,Spain vs. Argentina - Player Props,2944213,soccer_player_goals_plus_assists,Julián Álvarez: 3+ goals + assists,Julián Álvarez: 3+ goals + assists,Yes,No,67268409732234669542476584705414872123852308610320839589533309502655529294309,53351898074805999832037894513869344772788453179453816612685025134425080467125,0,809.3421,0.01,0.97,0.05,0.01,True,0.96,0.01,0.95,192.0,653.8678,0.6,0.99,0.03,0.96,59.4,59.4,0.5184
fifwc-esp-arg-2026-07-19,fifwc-esp-arg-2026-07-19-player-props,Spain vs. Argentina - Player Props,2944214,soccer_player_goals_plus_assists,Julián Álvarez: 4+ goals + assists,Julián Álvarez: 4+ goals + assists,Yes,No,22294157364515989679500058793449764448222652977012594742122685522863904829379,42178021472848315437666729872574248374561713815538911537415840009282544838726,0,808.8589,0.01,0.98,0.05,0.01,True,0.96,0.01,0.95,192.0,651.7881,0.65,0.99,0.03,0.96,64.35,64.35,0.5834999999999999
fifwc-esp-arg-2026-07-19,fifwc-esp-arg-2026-07-19-player-props,Spain vs. Argentina - Player Props,2944215,soccer_player_goals_plus_assists,Lamine Yamal: 1+ goals + assists,Lamine Yamal: 1+ goals + assists,Yes,No,93027588990928813551535765175250434825316986058206697842863936706646025757697,33584414885576384205301173846378207333020517174433063794469325509160813769658,0,9213.691,0.03,0.45,0.05,0.01,True,0.45,0.03,0.42000000000000004,45.0,415.0,1.5,0.97,0.55,0.41999999999999993,48.5,112.85,55.00000000000001
fifwc-esp-arg-2026-07-19,fifwc-esp-arg-2026-07-19-player-props,Spain vs. Argentina - Player Props,2944216,soccer_player_goals_plus_assists,Lamine Yamal: 2+ goals + assists,Lamine Yamal: 2+ goals + assists,Yes,No,49754742019720582998618982207807964436960470249400794773477231643551802541571,22149003428726257040109888362809388208359347842825522725805622952313520066833,0,810.8422,0.02,0.97,0.05,0.01,True,0.97,0.02,0.95,16.8489,79994.8778,1.4000000000000001,0.98,0.03,0.95,68.6,132.95,0.5211
fifwc-esp-arg-2026-07-19,fifwc-esp-arg-2026-07-19-player-props,Spain vs. Argentina - Player Props,2944217,soccer_player_goals_plus_assists,Lamine Yamal: 3+ goals + assists,Lamine Yamal: 3+ goals + assists,Yes,No,581599052862921738693377658815095795844452431972415290329707213872272208046,101959284882906950465334141886549376033511838381562506934203033708157045393760,0,809.9421,0.03,0.97,0.05,0.01,True,0.97,0.03,0.94,16.392999999999997,79990.24789999999,0.6,0.97,0.03,0.94,19.4,53.8,0.5069999999999999
fifwc-esp-arg-2026-07-19,fifwc-esp-arg-2026-07-19-player-props,Spain vs. Argentina - Player Props,2944218,soccer_player_goals_plus_assists,Lamine Yamal: 4+ goals + assists,Lamine Yamal: 4+ goals + assists,Yes,No,54650094288271341709904084520376641090064050483235693917900795919375349322423,58254156703562910497548984719021859206694034332808760618363250486773080281085,0,809.3422,0.02,0.97,0.05,0.01,True,0.97,0.02,0.95,16.1214,79990.9878,0.5,0.98,0.03,0.95,24.5,34.4,0.4986
fifwc-esp-arg-2026-07-19,fifwc-esp-arg-2026-07-19-player-props,Spain vs. Argentina - Player Props,2944219,soccer_player_goals_plus_assists,Lautaro Martínez: 1+ goals + assists,Lautaro Martínez: 1+ goals + assists,Yes,No,99168031338863889050581113854762802398374585910868815025715097371216391064099,11967728794400991728857797977760167060936934878379534977507994140456528954803,503.11009000000007,7101.5499,0.02,0.37,0.05,0.01,True,0.37,0.02,0.35,92.87,92.87,0.47740000000000005,0.98,0.63,0.35,23.3926,33.2926,158.13
fifwc-esp-arg-2026-07-19,fifwc-esp-arg-2026-07-19-player-props,Spain vs. Argentina - Player Props,2944220,soccer_player_goals_plus_assists,Lautaro Martínez: 2+ goals + assists,Lautaro Martínez: 2+ goals + assists,Yes,No,4883797840971418718093551973129449703719855204048457097638377781174952832275,109436241640445539192748991291211670350281658777729297133042526889584387180034,380,10549.3535,0.01,0.46,0.05,0.01,True,0.46,0.01,0.45,46.0,591.6045999999999,0.6,0.99,0.54,0.44999999999999996,59.4,59.4,54.0
fifwc-esp-arg-2026-07-19,fifwc-esp-arg-2026-07-19-player-props,Spain vs. Argentina - Player Props,2944221,soccer_player_goals_plus_assists,Lautaro Martínez: 3+ goals + assists,Lautaro Martínez: 3+ goals + assists,Yes,No,6031533394584708324727747549800029048610303469134793167390244972466827948040,55135037113420297405547637783275240166204948051171426014639406710863765737122,0,4906.5472,0.01,0.47,0.05,0.01,True,0.47,0.01,0.45999999999999996,141.5546,141.5546,0.6,0.99,0.53,0.45999999999999996,59.4,59.4,159.6254
fifwc-esp-arg-2026-07-19,fifwc-esp-arg-2026-07-19-player-props,Spain vs. Argentina - Player Props,2944222,soccer_player_goals_plus_assists,Lautaro Martínez: 4+ goals + assists,Lautaro Martínez: 4+ goals + assists,Yes,No,60801650096148477249803874868743368486278951808951661266108082432522248266351,67543419215761511621223334300550636914701872437310774968277656359083611789869,0,4901.3572,0.01,0.47,0.05,0.01,True,0.47,0.01,0.45999999999999996,141.5546,141.5546,0.65,0.99,0.53,0.45999999999999996,64.35,64.35,159.6254
fifwc-esp-arg-2026-07-19,fifwc-esp-arg-2026-07-19-player-props,Spain vs. Argentina - Player Props,2944223,soccer_player_goals_plus_assists,Lionel Messi: 1+ goals + assists,Lionel Messi: 1+ goals + assists,Yes,No,115035177261789562878458297938119435758608263460110776444838415963699645316917,84284914980597795653070237884646098179877878572782591801899644427012438182617,254.221542,10641.4869,0.12,0.56,0.05,0.01,True,0.56,0.12,0.44000000000000006,137.02640000000002,885.0264,2.7131999999999996,0.88,0.44,0.44,19.8968,107.5118,107.6636
fifwc-esp-arg-2026-07-19,fifwc-esp-arg-2026-07-19-player-props,Spain vs. Argentina - Player Props,2944224,soccer_player_goals_plus_assists,Lionel Messi: 2+ goals + assists,Lionel Messi: 2+ goals + assists,Yes,No,44017505390921871482217131883169823522126226283722215010660319452498270545560,22179067466806501466030398949011751034254467899299709303508409001978309316718,0,9106.0005,0.11,0.13,0.05,0.01,True,0.13,0.11,0.020000000000000004,32.63,32.63,38.61,0.89,0.87,0.020000000000000018,312.39,338.3887,218.37
fifwc-esp-arg-2026-07-19,fifwc-esp-arg-2026-07-19-player-props,Spain vs. Argentina - Player Props,2944225,soccer_player_goals_plus_assists,Lionel Messi: 3+ goals + assists,Lionel Messi: 3+ goals + assists,Yes,No,6658089410119007108334665339060247330766962686633279922825701109936669046651,101975054550015423521041621437618741329516414684135980730175080571368687372320,298.25,17157.6472,0.06,0.08,0.05,0.01,True,0.08,0.06,0.020000000000000004,100.4032,232.5896,60.2766,0.94,0.92,0.019999999999999907,944.3334,2263.8195,1154.6368
fifwc-esp-arg-2026-07-19,fifwc-esp-arg-2026-07-19-player-props,Spain vs. Argentina - Player Props,2944226,soccer_player_goals_plus_assists,Lionel Messi: 4+ goals + assists,Lionel Messi: 4+ goals + assists,Yes,No,98513093387502816110787527482804376664812645344660966907378227312398850261936,6321666357356935603343878267445335979895020604827446323161025192643488946456,0,3886.1159,0.01,0.47,0.05,0.01,True,0.47,0.01,0.45999999999999996,231.48909999999998,231.48909999999998,0.6,0.99,0.53,0.45999999999999996,59.4,59.4,261.0409
fifwc-esp-arg-2026-07-19,fifwc-esp-arg-2026-07-19-player-props,Spain vs. Argentina - Player Props,2944227,soccer_player_goals_plus_assists,Mikel Merino: 1+ goals + assists,Mikel Merino: 1+ goals + assists,Yes,No,23346760234679770807837219841842139873170244896483456025307436140833906199206,70711393455998077757808982306709953077450397256577975182860207549401565701461,0,7183.1083,0.01,0.54,0.05,0.01,True,0.54,0.01,0.53,108.0,108.0,0.6,0.99,0.46,0.53,59.4,59.4,92.0
fifwc-esp-arg-2026-07-19,fifwc-esp-arg-2026-07-19-player-props,Spain vs. Argentina - Player Props,2944228,soccer_player_goals_plus_assists,Mikel Merino: 2+ goals + assists,Mikel Merino: 2+ goals + assists,Yes,No,29314707781501997795525800719636681349841637290656438993433654800166017323113,28362864951812199265778642222700188344501167405453079083190528473951933133649,0,4512.2723,0.01,0.49,0.05,0.01,True,0.49,0.01,0.48,250.80159999999998,250.80159999999998,0.65,0.99,0.51,0.48,64.35,64.35,261.03839999999997
fifwc-esp-arg-2026-07-19,fifwc-esp-arg-2026-07-19-player-props,Spain vs. Argentina - Player Props,2944229,soccer_player_goals_plus_assists,Mikel Merino: 3+ goals + assists,Mikel Merino: 3+ goals + assists,Yes,No,49765913555601090476710003220120031582618415454727875013140729990302798446231,81301660713729482853104357633574632107810921720846345709676862270736825751585,0,809.3421,0.01,0.97,0.05,0.01,True,0.97,0.01,0.96,16.7616,79988.93770000001,0.6,0.99,0.03,0.96,59.4,59.4,0.5184
fifwc-esp-arg-2026-07-19,fifwc-esp-arg-2026-07-19-player-props,Spain vs. Argentina - Player Props,2944230,soccer_player_goals_plus_assists,Mikel Merino: 4+ goals + assists,Mikel Merino: 4+ goals + assists,Yes,No,68626880108125190295414012175808106126888262488309412288407597166831074109940,14103276851948383806288072647456759779781597959921145780175510061235255856992,0,2.29979,0.01,0.979,0.05,0.001,True,0.979,0.01,0.969,23.3002,461.26021,0.6,0.99,0.021,0.969,59.4,129.33,0.4998
fifwc-esp-arg-2026-07-19,fifwc-esp-arg-2026-07-19-player-props,Spain vs. Argentina - Player Props,2944231,soccer_player_goals_plus_assists,Mikel Oyarzabal: 1+ goals + assists,Mikel Oyarzabal: 1+ goals + assists,Yes,No,110416958070678356248428104783262446090404946326385486865534308796417596526089,108334123374350060653479645218997324410477540908556704489935152224189640527797,23,11241.1498,0.01,0.42,0.05,0.01,True,0.42,0.01,0.41,252.0,338.0,0.6,0.99,0.58,0.41000000000000003,59.4,59.4,348.0
fifwc-esp-arg-2026-07-19,fifwc-esp-arg-2026-07-19-player-props,Spain vs. Argentina - Player Props,2944232,soccer_player_goals_plus_assists,Mikel Oyarzabal: 2+ goals + assists,Mikel Oyarzabal: 2+ goals + assists,Yes,No,18119486254226343691194095774387499519254746860087959659149676879306090117629,41803219649094754316982250854152442462988381772587747737030578665593741549405,0,8425.7558,0.02,0.1,0.05,0.01,True,0.1,0.02,0.08,30.0,30.0,0.5,0.98,0.9,0.07999999999999996,24.5,34.4,270.0
fifwc-esp-arg-2026-07-19,fifwc-esp-arg-2026-07-19-player-props,Spain vs. Argentina - Player Props,2944233,soccer_player_goals_plus_assists,Mikel Oyarzabal: 3+ goals + assists,Mikel Oyarzabal: 3+ goals + assists,Yes,No,114595897391242369692030696968975783242345104387325415465373797486557115724201,51765404341099272185671619102829610611266468132770677344387341668819418783289,0,3884.1165,0.02,0.46,0.05,0.01,True,0.48,0.02,0.45999999999999996,240.95999999999998,240.95999999999998,0.5,0.98,0.52,0.45999999999999996,24.5,34.4,261.04
fifwc-esp-arg-2026-07-19,fifwc-esp-arg-2026-07-19-player-props,Spain vs. Argentina - Player Props,2944234,soccer_player_goals_plus_assists,Mikel Oyarzabal: 4+ goals + assists,Mikel Oyarzabal: 4+ goals + assists,Yes,No,21624350428495523990928840654199687821225955421499880860549702362634634635422,32136156289087328850732562691919684139647954374254342844773919756450507807613,0,3876.2961,0.01,0.46,0.05,0.01,True,0.48,0.01,0.47,240.95999999999998,240.95999999999998,0.65,0.99,0.52,0.47,64.35,64.35,261.04
fifwc-esp-arg-2026-07-19,fifwc-esp-arg-2026-07-19-player-props,Spain vs. Argentina - Player Props,2944235,soccer_player_goals_plus_assists,Nico Williams: 1+ goals + assists,Nico Williams: 1+ goals + assists,Yes,No,33919947167931854421371534810796861647046312993063401292424488906180804152640,100759912005153250131928930862528651489443490803006248696794124759521263717761,0,2.1599,0.01,0.97,0.05,0.01,True,0.97,0.01,0.96,15.7043,97.0501,0.6,0.99,0.03,0.96,59.4,59.4,0.4857
fifwc-esp-arg-2026-07-19,fifwc-esp-arg-2026-07-19-player-props,Spain vs. Argentina - Player Props,2944236,soccer_player_goals_plus_assists,Nico Williams: 2+ goals + assists,Nico Williams: 2+ goals + assists,Yes,No,108765087738564994326478597890012962610180006924907934641270947668436603975162,26585771938647567554486742850116590140262810377104990840165762446371483638878,0,7363.0629,0.02,0.09,0.05,0.01,True,0.09,0.02,0.06999999999999999,27.0,27.0,0.5,0.98,0.91,0.06999999999999995,24.5,34.4,273.0
fifwc-esp-arg-2026-07-19,fifwc-esp-arg-2026-07-19-player-props,Spain vs. Argentina - Player Props,2944237,soccer_player_goals_plus_assists,Nico Williams: 3+ goals + assists,Nico Williams: 3+ goals + assists,Yes,No,56484507587512223371123415731747515670470264282514430741363093097474821385768,48579117682888386416659583518534277709149868740280115496685739524642995531552,0,5321.9523,0.02,0.5,0.05,0.01,True,0.5,0.02,0.48,159.625,159.625,0.5,0.98,0.5,0.48,24.5,34.4,159.625
fifwc-esp-arg-2026-07-19,fifwc-esp-arg-2026-07-19-player-props,Spain vs. Argentina - Player Props,2944238,soccer_player_goals_plus_assists,Nico Williams: 4+ goals + assists,Nico Williams: 4+ goals + assists,Yes,No,47714599485478027084924037463383264100955746255198934428560431786186039998934,934125625266891270815288444677404183599865321739350387121727308749461610307,0,4136.818,0.01,0.46,0.05,0.01,True,0.46,0.01,0.45,222.36860000000001,222.36860000000001,0.6,0.99,0.54,0.44999999999999996,59.4,59.4,261.0414
fifwc-esp-arg-2026-07-19,fifwc-esp-arg-2026-07-19-player-props,Spain vs. Argentina - Player Props,2944239,soccer_player_goals_plus_assists,Nicolás González: 1+ goals + assists,Nicolás González: 1+ goals + assists,Yes,No,47422670618885588313363695970852722718498972184044862374611559603319362934591,91887061556128411935303831102841001791848550106351710956160800532337466173356,290.15999999999997,8193.3045,0.2,0.22,0.05,0.01,True,0.22,0.2,0.01999999999999999,55.22,55.22,42.368,0.8,0.78,0.020000000000000018,169.472,169.472,195.78
fifwc-esp-arg-2026-07-19,fifwc-esp-arg-2026-07-19-player-props,Spain vs. Argentina - Player Props,2944240,soccer_player_goals_plus_assists,Nicolás González: 2+ goals + assists,Nicolás González: 2+ goals + assists,Yes,No,42275846717047508501111352527900080709070375627278937605879605822526919028164,23049201097230703314745968162474584243910313611666875946558431753892933266376,0,4158.3948,0.01,0.43,0.05,0.01,True,0.43,0.01,0.42,43.0,526.5014000000001,0.6,0.99,0.57,0.42000000000000004,59.4,59.4,56.99999999999999
fifwc-esp-arg-2026-07-19,fifwc-esp-arg-2026-07-19-player-props,Spain vs. Argentina - Player Props,2944241,soccer_player_goals_plus_assists,Nicolás González: 3+ goals + assists,Nicolás González: 3+ goals + assists,Yes,No,13946322929524169654854980891915500147524313003568295914325046260764992790000,112113381286083697871102299738835389943675324933573586556489144013175708654467,0,4130.4508,0.01,0.45,0.05,0.01,True,0.45,0.01,0.44,213.579,213.579,0.6,0.99,0.55,0.43999999999999995,59.4,59.4,261.041
fifwc-esp-arg-2026-07-19,fifwc-esp-arg-2026-07-19-player-props,Spain vs. Argentina - Player Props,2944242,soccer_player_goals_plus_assists,Nicolás González: 4+ goals + assists,Nicolás González: 4+ goals + assists,Yes,No,34532252301907945833677711923402019126559440680763805724473294372595507196101,81731129477590527451561970050205387826082243770672585044183062279714070771960,0,4123.048,0.01,0.45,0.05,0.01,True,0.45,0.01,0.44,213.579,213.579,0.6,0.99,0.55,0.43999999999999995,59.4,59.4,261.041
fifwc-esp-arg-2026-07-19,fifwc-esp-arg-2026-07-19-player-props,Spain vs. Argentina - Player Props,2944492,soccer_player_shots,Alex Baena: 1+ shots,Alex Baena: 1+ shots,Yes,No,78450153331587573156145846951585493717790708630078032830853531676045839001634,2492043501774621661173334562226980976139867996106895818539779230350653330986,2691.4666140000013,34870.13,0.68,0.69,0.05,0.01,True,0.69,0.68,0.009999999999999898,4272.4869,5042.4719,3536.0000000000005,0.32,0.31,0.010000000000000009,1664.0,3174.8148,1919.5231
fifwc-esp-arg-2026-07-19,fifwc-esp-arg-2026-07-19-player-props,Spain vs. Argentina - Player Props,2944494,soccer_player_shots,Alex Baena: 2+ shots,Alex Baena: 2+ shots,Yes,No,81215826729839717683188872153421309378972229908780341489149879261385459218702,39870092025121523868574841538739156681888983882894034279247531442221876524753,4713.446541,27847.6583,0.49,0.5,0.05,0.01,True,0.5,0.49,0.010000000000000009,581.715,1644.1401,140.9044,0.51,0.5,0.010000000000000009,146.6556,566.3855,581.715
fifwc-esp-arg-2026-07-19,fifwc-esp-arg-2026-07-19-player-props,Spain vs. Argentina - Player Props,2944496,soccer_player_shots,Alex Baena: 3+ shots,Alex Baena: 3+ shots,Yes,No,82652549208425622474055867866459592407944520896999801816671645696562866865618,110652938287022769038783582411248896397222810979894550389436054697537252381990,1557.027608,28742.1432,0.09,0.12,0.05,0.01,True,0.12,0.09,0.03,1.7999999999999998,8.8,13.056299999999998,0.91,0.88,0.030000000000000027,132.0137,9799.022500000001,13.2
fifwc-esp-arg-2026-07-19,fifwc-esp-arg-2026-07-19-player-props,Spain vs. Argentina - Player Props,2944498,soccer_player_shots,Alex Baena: 4+ shots,Alex Baena: 4+ shots,Yes,No,78853288698112247624971809031189616705482359657358895701361785968055039472676,66369565091041418163107001853795265179271023689185140875490263369235487810245,33.33333,25689.857,0.04,0.06,0.05,0.01,True,0.06,0.04,0.019999999999999997,44.9556,222.09760000000003,4.0,0.96,0.94,0.020000000000000018,96.0,8493.8216,704.3044
fifwc-esp-arg-2026-07-19,fifwc-esp-arg-2026-07-19-player-props,Spain vs. Argentina - Player Props,2944500,soccer_player_shots,Alex Baena: 5+ shots,Alex Baena: 5+ shots,Yes,No,1326031383089252030960564583164240846487530745126171414566648032901159148242,47713319063110205243260682837202874513913672401336258604598396443414215680633,0,21611.14215,0.015,0.04,0.05,0.001,True,0.04,0.015,0.025,109.8208,137.77864,1.5,0.985,0.96,0.025000000000000022,98.5,3336.025,2635.6992
fifwc-esp-arg-2026-07-19,fifwc-esp-arg-2026-07-19-player-props,Spain vs. Argentina - Player Props,2944502,soccer_player_shots,Alexis Mac Allister: 1+ shots,Alexis Mac Allister: 1+ shots,Yes,No,51777864057447466860548221338467406353898259217434699923108460468382346151782,47292120699791773739839403653529233350300921905609503277357355165379639528255,718.160788,19205.2874,0.67,0.68,0.05,0.01,True,0.68,0.67,0.010000000000000009,4406.631200000001,5772.764400000001,199.40540000000001,0.33,0.32,0.010000000000000009,98.2146,245.3368,2073.7088
fifwc-esp-arg-2026-07-19,fifwc-esp-arg-2026-07-19-player-props,Spain vs. Argentina - Player Props,2944504,soccer_player_shots,Alexis Mac Allister: 2+ shots,Alexis Mac Allister: 2+ shots,Yes,No,8750317304506344291651137625151145971880587184207090581386478923987246347981,24713558464345215336484835804237825950715349056645154766426526889284001079655,2827.199404,33620.7658,0.33,0.34,0.05,0.01,True,0.34,0.33,0.010000000000000009,86.156,433.6285,134.5014,0.67,0.66,0.010000000000000009,273.0786,1959.3933000000002,167.244
fifwc-esp-arg-2026-07-19,fifwc-esp-arg-2026-07-19-player-props,Spain vs. Argentina - Player Props,2944507,soccer_player_shots,Alexis Mac Allister: 3+ shots,Alexis Mac Allister: 3+ shots,Yes,No,33621385135008282271693194721797692183797524928981283023372033969673662644725,39430340580882933005815949865180753996106109632957561061507665019134075207931,3204.559998000001,29995.4013,0.11,0.12,0.05,0.01,True,0.12,0.11,0.009999999999999995,93.2028,141.1169,27.181,0.89,0.88,0.010000000000000009,219.919,1011.9960000000001,683.4872
fifwc-esp-arg-2026-07-19,fifwc-esp-arg-2026-07-19-player-props,Spain vs. Argentina - Player Props,2944509,soccer_player_shots,Alexis Mac Allister: 4+ shots,Alexis Mac Allister: 4+ shots,Yes,No,7373925545816612309810071538265212238735645875553925140608248513179967208882,57377145474622841326052730675495309061381492279847508961406927655126538838214,848.728784,22106.48472,0.033,0.037,0.05,0.001,True,0.037,0.033,0.003999999999999997,22.616619999999998,61.0455,16.68843,0.967,0.963,0.0040000000000000036,489.02156999999994,1065.6770399999998,588.64338
fifwc-esp-arg-2026-07-19,fifwc-esp-arg-2026-07-19-player-props,Spain vs. Argentina - Player Props,2944510,soccer_player_shots,Aymeric Laporte: 1+ shots,Aymeric Laporte: 1+ shots,Yes,No,48412395632583554047749558822581258793076762038967727122316076544266950310620,78886779090448860783806787773122221843342929251718691129993557856658544669346,187.52878399999997,10910.3393,0.17,0.32,0.05,0.01,True,0.32,0.16,0.16,1.92,5.2700000000000005,4.6495999999999995,0.84,0.68,0.15999999999999992,5.922,218.422,4.08
fifwc-esp-arg-2026-07-19,fifwc-esp-arg-2026-07-19-player-props,Spain vs. Argentina - Player Props,2944511,soccer_player_shots,Aymeric Laporte: 2+ shots,Aymeric Laporte: 2+ shots,Yes,No,86719110869233082481596568389430898649326971578832058958804634173792262790805,37333212139711199798387529749541533834955004705685167121717820774488609313800,30.475272,11470.2396,0.04,0.13,0.05,0.01,True,0.13,0.04,0.09,0.3692,1.0692,2.0,0.96,0.87,0.08999999999999997,48.0,92.0706,2.4707999999999997
fifwc-esp-arg-2026-07-19,fifwc-esp-arg-2026-07-19-player-props,Spain vs. Argentina - Player Props,2944512,soccer_player_shots,Cristian Romero: 1+ shots,Cristian Romero: 1+ shots,Yes,No,73478625351781859351164425016436705689474702907362251247351988382263233393109,61500964880911483398471452140315631001937929495995209653210952414175961024063,58.955,11090.4535,0.17,0.35,0.05,0.01,True,0.34,0.15,0.19000000000000003,7.619400000000001,51.7547,5.0625,0.85,0.66,0.18999999999999995,28.6875,28.6875,14.790600000000001
fifwc-esp-arg-2026-07-19,fifwc-esp-arg-2026-07-19-player-props,Spain vs. Argentina - Player Props,2944513,soccer_player_shots,Cristian Romero: 2+ shots,Cristian Romero: 2+ shots,Yes,No,51662073851317422629013460750277560382893517820637531454898942533579714755172,20017035937882057403181681815410908152938261163648317017937552858747889441230,24.48,11188.30783,0.07,0.124,0.05,0.001,True,0.12,0.07,0.04999999999999999,2.9375999999999998,8.96067,4.2,0.93,0.88,0.050000000000000044,55.800000000000004,55.800000000000004,21.5424
fifwc-esp-arg-2026-07-19,fifwc-esp-arg-2026-07-19-player-props,Spain vs. Argentina - Player Props,2944514,soccer_player_shots,Cucurella: 1+ shots,Cucurella: 1+ shots,Yes,No,41795760787074880212649444769108151768371482549184356514588387356817835245500,57087141744260273179443001292902928067046368949168638944521030523701165171464,1262.2724689999995,29056.9737,0.35,0.36,0.05,0.01,True,0.36,0.35,0.010000000000000009,49.2084,609.4499999999999,287.96599999999995,0.65,0.64,0.010000000000000009,534.794,542.7871,87.4816
fifwc-esp-arg-2026-07-19,fifwc-esp-arg-2026-07-19-player-props,Spain vs. Argentina - Player Props,2944515,soccer_player_shots,Cucurella: 2+ shots,Cucurella: 2+ shots,Yes,No,58357973430141462325843774141894182362273279764701860081535058575933803387229,31575062881702009420776011973728957891056574717080332354084209508883632399705,1244.161542,20087.4507,0.13,0.15,0.05,0.01,True,0.15,0.13,0.01999999999999999,4.767,5.710500000000001,13.1716,0.87,0.85,0.020000000000000018,88.1484,249.7629,27.013
fifwc-esp-arg-2026-07-19,fifwc-esp-arg-2026-07-19-player-props,Spain vs. Argentina - Player Props,2944516,soccer_player_shots,Dani Olmo: 1+ shots,Dani Olmo: 1+ shots,Yes,No,95808884817098999231540084893292267502409924240834673648164286996688293587884,21846400131977339565002211257743213395403762454512008072812581151217348253668,644.2485669999999,20477.0369,0.73,0.75,0.05,0.01,True,0.75,0.73,0.020000000000000018,641.7975,7777.184300000001,5.0005,0.27,0.25,0.020000000000000018,1.8495,1602.2007,213.9325
fifwc-esp-arg-2026-07-19,fifwc-esp-arg-2026-07-19-player-props,Spain vs. Argentina - Player Props,2944517,soccer_player_shots,Dani Olmo: 2+ shots,Dani Olmo: 2+ shots,Yes,No,94205858698088987472974418863131769491353531040310582295436435633816325423464,33100392023975044812496093541974798005451889561376910348955204266430675213165,2924.433021,32539.6508,0.45,0.48,0.05,0.01,True,0.48,0.45,0.02999999999999997,1532.9904,1532.9904,29.1375,0.55,0.52,0.030000000000000027,35.612500000000004,897.7125,1660.7396
fifwc-esp-arg-2026-07-19,fifwc-esp-arg-2026-07-19-player-props,Spain vs. Argentina - Player Props,2944518,soccer_player_shots,Dani Olmo: 3+ shots,Dani Olmo: 3+ shots,Yes,No,96235987478386908658745180411485704962580613586223679675775866159095367016488,90159760087979215664156532257375062695903813829168135273901656525508586248010,22.204544,17926.4392,0.04,0.2,0.05,0.01,True,0.2,0.04,0.16,1.2000000000000002,3.3500000000000005,0.31320000000000003,0.96,0.8,0.15999999999999992,7.5168,900.5374999999999,4.800000000000001
fifwc-esp-arg-2026-07-19,fifwc-esp-arg-2026-07-19-player-props,Spain vs. Argentina - Player Props,2944519,soccer_player_shots,Dani Olmo: 4+ shots,Dani Olmo: 4+ shots,Yes,No,47948642764115875161925630248854288723930082915363629796421240423572592289830,90117352010298560071853132897536033893212117664895257793637997627460573386847,110.85714,24179.2989,0.04,0.07,0.05,0.01,True,0.07,0.04,0.030000000000000006,38.4741,58.1709,29.2008,0.96,0.93,0.029999999999999916,700.8191999999999,899.9690999999999,511.15590000000003
fifwc-esp-arg-2026-07-19,fifwc-esp-arg-2026-07-19-player-props,Spain vs. Argentina - Player Props,2944520,soccer_player_shots,Dani Olmo: 5+ shots,Dani Olmo: 5+ shots,Yes,No,10589269042707926589330705182858558464792288025699605047197722029235358908263,5732096201660329165413971956062876317329145976440268244051011738423487679276,0,20533.73867,0.01,0.04,0.05,0.001,True,0.04,0.01,0.03,3.0,29.77528,8.1,0.99,0.96,0.030000000000000027,801.9,1315.885,72.0
fifwc-esp-arg-2026-07-19,fifwc-esp-arg-2026-07-19-player-props,Spain vs. Argentina - Player Props,2944522,soccer_player_shots,Enzo Fernández: 1+ shots,Enzo Fernández: 1+ shots,Yes,No,44858914148289732177814185279567636776689731411700411050207497791331986869942,84855152430975364179540368558832642447315287891284338904622918182090621742659,1545.173153,30480.885,0.72,0.74,0.05,0.01,True,0.74,0.72,0.020000000000000018,89.67320000000001,7144.2107,4386.3552,0.28,0.26,0.020000000000000018,1705.8048000000001,1972.0712,31.506800000000002
fifwc-esp-arg-2026-07-19,fifwc-esp-arg-2026-07-19-player-props,Spain vs. Argentina - Player Props,2944524,soccer_player_shots,Enzo Fernández: 2+ shots,Enzo Fernández: 2+ shots,Yes,No,102568892395840691447065979628798226142519201859575324368396732360317084920603,59666429510756773390638526284382074130205092667138804309991208400336127349034,9189.781992999997,67777.2838,0.37,0.4,0.05,0.01,True,0.4,0.37,0.030000000000000027,87.2,3074.7697999999996,290.5203,0.63,0.6,0.030000000000000027,494.66970000000003,1752.7625000000003,130.79999999999998
fifwc-esp-arg-2026-07-19,fifwc-esp-arg-2026-07-19-player-props,Spain vs. Argentina - Player Props,2944526,soccer_player_shots,Enzo Fernández: 3+ shots,Enzo Fernández: 3+ shots,Yes,No,72535815407996530701887957658758193003254960687906507693600882057054869504713,108275143307929821838687714581539411087182212583649018997023565282387117473597,4255.205757000001,36056.4843,0.18,0.19,0.05,0.01,True,0.19,0.18,0.010000000000000009,167.8517,1910.9342000000001,92.02499999999999,0.82,0.81,0.009999999999999898,419.22499999999997,2134.398,715.5783
fifwc-esp-arg-2026-07-19,fifwc-esp-arg-2026-07-19-player-props,Spain vs. Argentina - Player Props,2944528,soccer_player_shots,Enzo Fernández: 4+ shots,Enzo Fernández: 4+ shots,Yes,No,62472293074831875944410348421797320346809141208034468792486287205349318566923,105018905785643460777027593689887293852685969419095120726498553337946377339213,1812.9973930000003,21705.64602,0.048,0.072,0.05,0.001,True,0.072,0.048,0.023999999999999994,30.6972,74.25086999999999,1.3944,0.952,0.928,0.02399999999999991,27.6556,277.83439,395.6528
fifwc-esp-arg-2026-07-19,fifwc-esp-arg-2026-07-19-player-props,Spain vs. Argentina - Player Props,2944531,soccer_player_shots,Julián Álvarez: 1+ shots,Julián Álvarez: 1+ shots,Yes,No,107239564939655585678574218589373428885494326770902933641118007462963220604524,111435219878515918625214749026301400141250088734485115075744232911835859488004,2596.5507150000003,27042.9683,0.74,0.79,0.05,0.01,True,0.79,0.71,0.08000000000000007,38.8048,6598.5248,7.1,0.29,0.21,0.07999999999999999,2.9,245.00670000000002,10.315199999999999
fifwc-esp-arg-2026-07-19,fifwc-esp-arg-2026-07-19-player-props,Spain vs. Argentina - Player Props,2944534,soccer_player_shots,Julián Álvarez: 2+ shots,Julián Álvarez: 2+ shots,Yes,No,50008732638624240712460539000449374206610245870715376278696161794552357419666,81201839768524965031020190436238242377897554369605669092298237016429966200218,6326.999307,68077.5808,0.47,0.48,0.05,0.01,True,0.48,0.47,0.010000000000000009,138.34560000000002,579.0777,145.43679999999998,0.53,0.52,0.010000000000000009,164.00320000000002,1358.0367,149.8744
fifwc-esp-arg-2026-07-19,fifwc-esp-arg-2026-07-19-player-props,Spain vs. Argentina - Player Props,2944535,soccer_player_shots,Julián Álvarez: 3+ shots,Julián Álvarez: 3+ shots,Yes,No,45274184393377809497847687937950648208059154989104663507356614518266027340775,108329121007535624326460518069151606939089070606432890819304689442685962055011,68.059124,20377.9904,0.31,0.33,0.05,0.01,True,0.33,0.31,0.020000000000000018,8.91,71.18,2.1948,0.69,0.67,0.019999999999999907,4.885199999999999,102.5325,18.09
fifwc-esp-arg-2026-07-19,fifwc-esp-arg-2026-07-19-player-props,Spain vs. Argentina - Player Props,2944538,soccer_player_shots,Julián Álvarez: 4+ shots,Julián Álvarez: 4+ shots,Yes,No,51868218293418375484152883453720179187846580150381826551978565275691298516799,15128045518788903530367580593558438733485020470089287183837455226730203187185,456.27761499999997,21093.7587,0.05,0.07,0.05,0.01,True,0.07,0.05,0.020000000000000004,9.674700000000001,29.3715,105.7,0.95,0.93,0.019999999999999907,2008.3,2563.0504,128.5353
fifwc-esp-arg-2026-07-19,fifwc-esp-arg-2026-07-19-player-props,Spain vs. Argentina - Player Props,2944540,soccer_player_shots,Julián Álvarez: 5+ shots,Julián Álvarez: 5+ shots,Yes,No,50733061479532853171759717652055004834333449339121954303237625303145478392826,85127626271347130384343124385589276785663511010714098037904278527588563779404,402.040815,21600.0595,0.021,0.048,0.05,0.001,True,0.048,0.021,0.027,0.72,30.12958,12.17979,0.979,0.952,0.027000000000000024,567.81021,862.51731,14.28
fifwc-esp-arg-2026-07-19,fifwc-esp-arg-2026-07-19-player-props,Spain vs. Argentina - Player Props,2944542,soccer_player_shots,Lamine Yamal: 1+ shots,Lamine Yamal: 1+ shots,Yes,No,82062284142200234238970543106796784837752813701997349236330301459428730339906,115700246543581100390272493232987194601988428874375823465610743702721487601931,3717.3456089999995,24589.6316,0.86,0.88,0.05,0.01,True,0.88,0.86,0.020000000000000018,1212.0328,19239.3553,1080.461,0.14,0.12,0.020000000000000018,175.889,285.75100000000003,165.2772
fifwc-esp-arg-2026-07-19,fifwc-esp-arg-2026-07-19-player-props,Spain vs. Argentina - Player Props,2944544,soccer_player_shots,Lamine Yamal: 2+ shots,Lamine Yamal: 2+ shots,Yes,No,65727982206155695104541784008214968221733557894696568949338326316512111889041,61471074700721433482418507903417250579199127155162690003336508507822570869325,6100.402252999999,64242.3727,0.7,0.71,0.05,0.01,True,0.71,0.7,0.010000000000000009,197.3019,7025.398699999999,1963.4789999999998,0.3,0.29,0.010000000000000009,841.4909999999999,3621.6386999999995,80.5881
fifwc-esp-arg-2026-07-19,fifwc-esp-arg-2026-07-19-player-props,Spain vs. Argentina - Player Props,2944546,soccer_player_shots,Lamine Yamal: 3+ shots,Lamine Yamal: 3+ shots,Yes,No,355848982045107683455478321778595514658610469403648187261672868768019385416,42448875974763585184682862581636712932464689024665274674808526230245161428719,9179.995177000003,82041.5091,0.46,0.48,0.05,0.01,True,0.48,0.46,0.019999999999999962,456.4176,1211.1738,6748.5082,0.54,0.52,0.020000000000000018,7922.161800000001,15015.862700000001,494.4524
fifwc-esp-arg-2026-07-19,fifwc-esp-arg-2026-07-19-player-props,Spain vs. Argentina - Player Props,2944549,soccer_player_shots,Lamine Yamal: 4+ shots,Lamine Yamal: 4+ shots,Yes,No,67646614309326760880302930021620669800090499854231387911693856775138184370108,46122882976577334182538218398843187440687142499127539671648641354682976386663,372.93412800000004,20973.8436,0.32,0.35,0.05,0.01,True,0.35,0.32,0.02999999999999997,2.2329999999999997,72.4846,17.8528,0.68,0.65,0.030000000000000027,37.937200000000004,667.5709999999999,4.147
fifwc-esp-arg-2026-07-19,fifwc-esp-arg-2026-07-19-player-props,Spain vs. Argentina - Player Props,2944550,soccer_player_shots,Lamine Yamal: 5+ shots,Lamine Yamal: 5+ shots,Yes,No,115433235443798756710905685812424935003021846664355977925213493917068996005160,16595796226726418084970119715800780972502531886455742354656923170449487083868,341.281201,20549.2323,0.11,0.14,0.05,0.01,True,0.14,0.12,0.020000000000000018,0.4886000000000001,0.4886000000000001,1.7999999999999998,0.88,0.86,0.020000000000000018,13.2,310.638,3.0014000000000003
fifwc-esp-arg-2026-07-19,fifwc-esp-arg-2026-07-19-player-props,Spain vs. Argentina - Player Props,2944551,soccer_player_shots,Leandro Paredes: 1+ shots,Leandro Paredes: 1+ shots,Yes,No,51774110079449467511688540058549531321432295681621916942723527811505879730844,44221209631411177039937886596643852117981120492710609573019730092979692517433,1143.5016890000002,18700.2559,0.46,0.52,0.05,0.01,True,0.52,0.46,0.06,13.728,31.868000000000002,9.613999999999999,0.54,0.48,0.06000000000000005,11.286,17.3965,12.671999999999999
fifwc-esp-arg-2026-07-19,fifwc-esp-arg-2026-07-19-player-props,Spain vs. Argentina - Player Props,2944552,soccer_player_shots,Leandro Paredes: 2+ shots,Leandro Paredes: 2+ shots,Yes,No,16142625153485801067679425536861308531919192009477139005827748358706625471102,5378013439608982879677251232944213688286679774658713513800405619495307149345,64.8125,10455.1292,0.08,0.16,0.05,0.01,True,0.18,0.08,0.09999999999999999,9.0,9.95,2.36,0.92,0.82,0.10000000000000009,27.14,89.2574,41.0
fifwc-esp-arg-2026-07-19,fifwc-esp-arg-2026-07-19-player-props,Spain vs. Argentina - Player Props,2944553,soccer_player_shots,Leandro Paredes: 3+ shots,Leandro Paredes: 3+ shots,Yes,No,41560690515875511793439077026734164782586059162320477968347621615165369401423,47224332893011836694946511511960353508063676049112271049992571488505883565296,484,19148.31053,0.019,0.02,0.05,0.001,True,0.02,0.019,0.0010000000000000009,6.848,16.62192,7.5752999999999995,0.981,0.98,0.0010000000000000009,391.12469999999996,867.8452,335.55199999999996
fifwc-esp-arg-2026-07-19,fifwc-esp-arg-2026-07-19-player-props,Spain vs. Argentina - Player Props,2944554,soccer_player_shots,Lionel Messi: 1+ shots,Lionel Messi: 1+ shots,Yes,No,59336767801417567399047164368932342264377601956276017374447586908021937934921,82439751191230528122472148484123495093159825645988775433196246418690648249732,30182.160469,78850.5111,0.91,0.93,0.05,0.01,True,0.93,0.91,0.020000000000000018,735.63,1413.927,5049.3989,0.09,0.07,0.01999999999999999,499.3911,796.2919,55.370000000000005
fifwc-esp-arg-2026-07-19,fifwc-esp-arg-2026-07-19-player-props,Spain vs. Argentina - Player Props,2944555,soccer_player_shots,Lionel Messi: 2+ shots,Lionel Messi: 2+ shots,Yes,No,111927641461032008775248486634328084196382867454452631546699453017561659285771,28331821888346279879556154535252722192716889750307336008887342078178868166985,6123.828729000001,60226.2759,0.85,0.86,0.05,0.01,True,0.86,0.85,0.010000000000000009,159.7106,236.4466,4.25,0.15,0.14,0.009999999999999981,0.75,37.8668,25.999400000000005
fifwc-esp-arg-2026-07-19,fifwc-esp-arg-2026-07-19-player-props,Spain vs. Argentina - Player Props,2944556,soccer_player_shots,Lionel Messi: 3+ shots,Lionel Messi: 3+ shots,Yes,No,15093703015426976209236306413394207170210129289842398183903524800537664396532,53868059366140674181460329985940983860930842520974281598176141918488476311408,4572.813572000002,36365.8805,0.53,0.54,0.05,0.01,True,0.54,0.53,0.010000000000000009,737.6778,1804.1086,1705.3174000000001,0.47,0.46,0.009999999999999953,1512.2625999999998,3503.3648,628.3922
fifwc-esp-arg-2026-07-19,fifwc-esp-arg-2026-07-19-player-props,Spain vs. Argentina - Player Props,2944557,soccer_player_shots,Lionel Messi: 4+ shots,Lionel Messi: 4+ shots,Yes,No,70906718550044970713830852134837985502787110992614372550411665886490048248046,104758676478696527659109273089371767314628387887092268226266613329336418666452,2501.08796,33376.3922,0.36,0.37,0.05,0.01,True,0.37,0.36,0.010000000000000009,148.3885,336.6402,817.1568,0.64,0.63,0.010000000000000009,1452.7232000000001,2319.5812,252.66150000000002
fifwc-esp-arg-2026-07-19,fifwc-esp-arg-2026-07-19-player-props,Spain vs. Argentina - Player Props,2944558,soccer_player_shots,Lionel Messi: 5+ shots,Lionel Messi: 5+ shots,Yes,No,60954005810515618452218555917027222084502544557275104484920389514476917783283,19341307150377076907215793448857584164352103981559094694755464710403351025416,767.4344530000001,20681.5743,0.18,0.3,0.05,0.01,True,0.3,0.18,0.12,56.897999999999996,1848.7176,3.5999999999999996,0.83,0.7,0.13,66.39999999999999,94.11999999999999,132.762
fifwc-esp-arg-2026-07-19,fifwc-esp-arg-2026-07-19-player-props,Spain vs. Argentina - Player Props,2944559,soccer_player_shots,Lisandro Martínez: 1+ shots,Lisandro Martínez: 1+ shots,Yes,No,52827948690653815410532405605673691918863435707425064592928097748476147310130,36635795454532572811681796565087017624108568859299690890379296667384573746179,130.909093,11285.5217,0.23,0.33,0.05,0.01,True,0.32,0.25,0.07,16.0,20.125,3.75,0.75,0.68,0.06999999999999995,11.25,29.5756,34.0
fifwc-esp-arg-2026-07-19,fifwc-esp-arg-2026-07-19-player-props,Spain vs. Argentina - Player Props,2944560,soccer_player_shots,Lisandro Martínez: 2+ shots,Lisandro Martínez: 2+ shots,Yes,No,31906277095169289446879323601973509348973751180723486618106079943398863315135,32448865936260581328557661469711196294191283493030777981578975951348457587279,398.36306,11395.3048,0.05,0.13,0.05,0.01,True,0.13,0.05,0.08,2.0215,5.205400000000001,1.8420000000000003,0.95,0.87,0.07999999999999996,34.998000000000005,557.5607,13.528500000000001
fifwc-esp-arg-2026-07-19,fifwc-esp-arg-2026-07-19-player-props,Spain vs. Argentina - Player Props,2944561,soccer_player_shots,Mikel Oyarzabal: 1+ shots,Mikel Oyarzabal: 1+ shots,Yes,No,113755209177938289266002602536914457602972311481141743627485638223255905437144,1861464109720046190272904187723471033870645300586699617751882868601148541349,1949.4339459999999,35472.2173,0.85,0.87,0.05,0.01,True,0.87,0.85,0.020000000000000018,1047.4104,15523.4104,10.0555,0.15,0.13,0.01999999999999999,1.7745,1.7745,156.5096
fifwc-esp-arg-2026-07-19,fifwc-esp-arg-2026-07-19-player-props,Spain vs. Argentina - Player Props,2944562,soccer_player_shots,Mikel Oyarzabal: 2+ shots,Mikel Oyarzabal: 2+ shots,Yes,No,32223711412178943982030270626638448026800585557629655786009796320888088635092,18272719033348269041951737255367584810163045833656455385794678970612616707994,5171.749282,64043.2896,0.62,0.63,0.05,0.01,True,0.63,0.62,0.010000000000000009,126.0,220.87400000000002,214.89200000000002,0.38,0.37,0.010000000000000009,131.708,650.412,74.0
fifwc-esp-arg-2026-07-19,fifwc-esp-arg-2026-07-19-player-props,Spain vs. Argentina - Player Props,2944563,soccer_player_shots,Mikel Oyarzabal: 3+ shots,Mikel Oyarzabal: 3+ shots,Yes,No,52892716291534459202389233086597682506447031944672266818885940447870612041553,115615705075282812267903839699273684369142271446297698174594353050931484142416,184.77545300000003,18931.2045,0.34,0.4,0.05,0.01,True,0.4,0.34,0.06,20.0,22.9643,2.5092000000000003,0.66,0.6,0.06000000000000005,4.8708,96.68090000000001,30.0
fifwc-esp-arg-2026-07-19,fifwc-esp-arg-2026-07-19-player-props,Spain vs. Argentina - Player Props,2944564,soccer_player_shots,Mikel Oyarzabal: 4+ shots,Mikel Oyarzabal: 4+ shots,Yes,No,64033086737605859483642030128688856994561237471430143011254788004613227226576,30912201081074629694999466168323561345976444228100431458816227932848133005450,68.67857000000001,18147.2738,0.05,0.26,0.05,0.01,True,0.25,0.05,0.2,7.22,15.0396,1.079,0.95,0.75,0.19999999999999996,20.500999999999998,343.7142,21.66
fifwc-esp-arg-2026-07-19,fifwc-esp-arg-2026-07-19-player-props,Spain vs. Argentina - Player Props,2944565,soccer_player_shots,Mikel Oyarzabal: 5+ shots,Mikel Oyarzabal: 5+ shots,Yes,No,17170857021003395581318358948693628175773218681598063158060010038923783195545,36169200006126114324400710196296190251370004315227474815168925607757436305174,108.63999999999999,18502.4044,0.01,0.14,0.05,0.01,True,0.13,0.01,0.12000000000000001,6.5,8.25,3.0500000000000003,0.99,0.87,0.12,301.95,301.95,43.5
fifwc-esp-arg-2026-07-19,fifwc-esp-arg-2026-07-19-player-props,Spain vs. Argentina - Player Props,2944566,soccer_player_shots,Nahuel Molina: 1+ shots,Nahuel Molina: 1+ shots,Yes,No,79013524926916341722086049550529261395890570583506826397722797384724157592341,10845415448482373441806744789593779190541111591370822084826357304928975099393,132.488402,12277.6238,0.24,0.27,0.05,0.01,True,0.27,0.25,0.020000000000000018,40.5,99.66,2.14,0.75,0.73,0.020000000000000018,6.42,349.7796,109.5
fifwc-esp-arg-2026-07-19,fifwc-esp-arg-2026-07-19-player-props,Spain vs. Argentina - Player Props,2944567,soccer_player_shots,Nahuel Molina: 2+ shots,Nahuel Molina: 2+ shots,Yes,No,44280849780577844931347767799304025853514319406517460879106755283405732456346,14503013777650358733567496558876389716796196951230316508369867354534566316446,0,10108.327,0.04,0.17,0.05,0.01,True,0.18,0.04,0.13999999999999999,1.26,17.810000000000002,3.0,0.96,0.82,0.14,72.0,251.6728,5.739999999999999
fifwc-esp-arg-2026-07-19,fifwc-esp-arg-2026-07-19-player-props,Spain vs. Argentina - Player Props,2944568,soccer_player_shots,Nicolás Tagliafico: 1+ shots,Nicolás Tagliafico: 1+ shots,Yes,No,7571047633018977959770701656501253505289040699179060641365072507601853870843,21405083323117419083012783130398787844316265137797441910204081275461505590924,156.999994,15461.3078,0.2,0.22,0.05,0.01,True,0.22,0.2,0.01999999999999999,80.795,198.0628,197.38400000000001,0.8,0.78,0.020000000000000018,789.5360000000001,2326.0412,286.455
fifwc-esp-arg-2026-07-19,fifwc-esp-arg-2026-07-19-player-props,Spain vs. Argentina - Player Props,2944569,soccer_player_shots,Nicolás Tagliafico: 2+ shots,Nicolás Tagliafico: 2+ shots,Yes,No,65645584995491834399482856460126585188957083496695308080815634718587032527413,23091373216246219201646219607952837442381309116933018144380356386362970625784,0,10656.8997,0.04,0.16,0.05,0.01,True,0.15,0.04,0.10999999999999999,1.8375,20.26,3.0,0.96,0.85,0.10999999999999999,72.0,252.5984,10.4125
fifwc-esp-arg-2026-07-19,fifwc-esp-arg-2026-07-19-player-props,Spain vs. Argentina - Player Props,2944570,soccer_player_shots,Pau Cubarsí: 1+ shots,Pau Cubarsí: 1+ shots,Yes,No,61240320012322255128960184810182596267610099384416716978187277536407794348213,63336586989971795860356042299968480933479239132185006561486346540116608339005,163.611265,20065.902,0.26,0.28,0.05,0.01,True,0.28,0.26,0.020000000000000018,28.582400000000003,374.5292,202.3684,0.74,0.72,0.020000000000000018,575.9716,1222.1266,73.49759999999999
fifwc-esp-arg-2026-07-19,fifwc-esp-arg-2026-07-19-player-props,Spain vs. Argentina - Player Props,2944571,soccer_player_shots,Pau Cubarsí: 2+ shots,Pau Cubarsí: 2+ shots,Yes,No,105964722669468171553253017073772109157208203296383239981933636504476255432911,86044261015939999821565501253266004708111432930148205746673688381593412688368,31.114704,11851.1692,0.06,0.14,0.05,0.01,True,0.14,0.06,0.08000000000000002,2.8000000000000003,25.305000000000003,0.5112,0.94,0.86,0.07999999999999996,8.008799999999999,115.4153,4.3
fifwc-esp-arg-2026-07-19,fifwc-esp-arg-2026-07-19-player-props,Spain vs. Argentina - Player Props,2944572,soccer_player_shots,Pedri: 1+ shots,Pedri: 1+ shots,Yes,No,97579367069650846169430185343639478245107670547998618215273884617705048372489,60883728716817265288976075660276248118805207473454763974612684074059497638870,238.539063,14217.1074,0.27,0.29,0.05,0.01,True,0.29,0.27,0.019999999999999962,97.58789999999999,97.58789999999999,66.0501,0.73,0.71,0.020000000000000018,178.57989999999998,196.33989999999997,238.92209999999997
fifwc-esp-arg-2026-07-19,fifwc-esp-arg-2026-07-19-player-props,Spain vs. Argentina - Player Props,2944573,soccer_player_shots,Pedri: 2+ shots,Pedri: 2+ shots,Yes,No,3714903046552129381900848838721431732203111903689295611140615896174338009377,54260025986292171787020730883832452133837385414607082368375532730998700767688,0,10386.3996,0.1,0.26,0.05,0.01,True,0.26,0.1,0.16,3.25,16.75,5.0,0.9,0.74,0.16000000000000003,45.0,45.0,9.25
fifwc-esp-arg-2026-07-19,fifwc-esp-arg-2026-07-19-player-props,Spain vs. Argentina - Player Props,2944574,soccer_player_shots,Pedri: 3+ shots,Pedri: 3+ shots,Yes,No,67043349119996898054920464264341465425963578575547375400462226524904368225186,88990835915022570843815373714188807912335910786916641677081142102455160258203,325.62,19998.47644,0.019,0.02,0.05,0.001,True,0.02,0.019,0.0010000000000000009,9.656,22.74145,8.071769999999999,0.981,0.98,0.0010000000000000009,416.75822999999997,908.91912,473.144
fifwc-esp-arg-2026-07-19,fifwc-esp-arg-2026-07-19-player-props,Spain vs. Argentina - Player Props,2944575,soccer_player_shots,Pedro Porro: 1+ shots,Pedro Porro: 1+ shots,Yes,No,94035080506264605128029932963364472305415520876193338981257025829463462922545,97957066533438815780674709588182663044548109103092724099589350318950778053174,1585.682089,28190.4156,0.61,0.63,0.05,0.01,True,0.63,0.61,0.020000000000000018,22.932,1538.2848000000001,185.3546,0.39,0.37,0.020000000000000018,118.50540000000001,461.62940000000003,13.468
fifwc-esp-arg-2026-07-19,fifwc-esp-arg-2026-07-19-player-props,Spain vs. Argentina - Player Props,2944576,soccer_player_shots,Pedro Porro: 2+ shots,Pedro Porro: 2+ shots,Yes,No,67727852280643656360580276414804184892828286887361826143716320017687142087902,99121613267034752948659843187584227997435775175106090675529447561434268070434,17.241378,13024.2888,0.09,0.28,0.05,0.01,True,0.29,0.09,0.19999999999999998,13.861999999999998,25.862,1.3499999999999999,0.91,0.71,0.20000000000000007,13.65,57.110800000000005,33.937999999999995
fifwc-esp-arg-2026-07-19,fifwc-esp-arg-2026-07-19-player-props,Spain vs. Argentina - Player Props,2944577,soccer_player_shots,Pedro Porro: 3+ shots,Pedro Porro: 3+ shots,Yes,No,94745778842693290966796547909979275483818140115749515700716055103747705788521,81934409154251544798605121577560358530567377738428596962381546832010448898958,0,12693.13108,0.011,0.096,0.05,0.001,True,0.096,0.011,0.085,2.592,53.922000000000004,0.11187,0.989,0.904,0.08499999999999996,10.05813,832.89502,24.408
fifwc-esp-arg-2026-07-19,fifwc-esp-arg-2026-07-19-player-props,Spain vs. Argentina - Player Props,2944578,soccer_player_shots,Rodri: 1+ shots,Rodri: 1+ shots,Yes,No,79178310685904228193945931094103571678033952704833418612583892558703950217185,83321897461511969899236360440319519029058335219201265687790826126753397175536,778.207152,12251.8234,0.43,0.47,0.05,0.01,True,0.46,0.43,0.030000000000000027,23.0,27.7,9.6535,0.57,0.54,0.029999999999999916,12.796499999999998,63.8365,27.0
fifwc-esp-arg-2026-07-19,fifwc-esp-arg-2026-07-19-player-props,Spain vs. Argentina - Player Props,2944579,soccer_player_shots,Rodri: 2+ shots,Rodri: 2+ shots,Yes,No,7993398608949207324051985705131930142053838252986739110339670741246903258393,63139419604405147434326800585462882122682227803167117382602754671653577773026,5.172412,10435.0656,0.14,0.24,0.05,0.01,True,0.24,0.14,0.09999999999999998,3.0,3.0,3.5000000000000004,0.86,0.76,0.09999999999999998,21.5,21.5,9.5
fifwc-esp-arg-2026-07-19,fifwc-esp-arg-2026-07-19-player-props,Spain vs. Argentina - Player Props,2944580,soccer_player_shots,Rodri: 3+ shots,Rodri: 3+ shots,Yes,No,42871600930119994729818071072202093323254939198502263608005869182826183722665,56489192301138871635009085819402707772022015830409076843119249841908075014695,932.51375,15744.98456,0.022,0.048,0.05,0.001,True,0.048,0.022,0.026000000000000002,22.63248,66.72898,0.32999999999999996,0.978,0.952,0.026000000000000023,14.67,1136.46718,448.87751999999995
fifwc-esp-arg-2026-07-19,fifwc-esp-arg-2026-07-19-player-props,Spain vs. Argentina - Player Props,2944581,soccer_player_shots,Rodrigo de Paul: 1+ shots,Rodrigo de Paul: 1+ shots,Yes,No,76921078120922726347937874263316249968349728100105392810970111286792791371294,10708187319251713420739848543702413252042208674335205288459908096276805014297,89.517954,13794.6724,0.34,0.36,0.05,0.01,True,0.37,0.32,0.04999999999999999,18.5,149.22,12.8,0.68,0.63,0.050000000000000044,27.200000000000003,38.3297,31.5
fifwc-esp-arg-2026-07-19,fifwc-esp-arg-2026-07-19-player-props,Spain vs. Argentina - Player Props,2944582,soccer_player_shots,Rodrigo de Paul: 2+ shots,Rodrigo de Paul: 2+ shots,Yes,No,55010843985504578017185231400948302537647523039732707079622658189946072854946,50461977973577091468487057744529231777918719154764778974882492661656547916304,0,10498.6093,0.04,0.2,0.05,0.01,True,0.2,0.04,0.16,2.5,13.0,3.0,0.96,0.8,0.15999999999999992,72.0,251.655,10.0
fifwc-esp-arg-2026-07-19,fifwc-esp-arg-2026-07-19-player-props,Spain vs. Argentina - Player Props,2944583,soccer_player_shots,Rodrigo de Paul: 3+ shots,Rodrigo de Paul: 3+ shots,Yes,No,32476406038388659798631568636456849750769415416470812759302655831564557657422,65787668992308998868015746109641056361986295116878573929402794844837747607946,685.827141,20124.68329,0.02,0.023,0.05,0.001,True,0.023,0.02,0.002999999999999999,10.475349999999999,29.78961,8.742,0.98,0.977,0.0030000000000000027,428.358,1625.51248,444.97465
fifwc-esp-arg-2026-07-19,fifwc-esp-arg-2026-07-19-player-props,Spain vs. Argentina - Player Props,2944584,soccer_player_shots_on_target,Alex Baena: 1+ shots on target,Alex Baena: 1+ shots on target,Yes,No,67061788553801732620274121462107438143179911903474503887698236978398855260724,66258836346819474549008496993508901968658336356666444249731704724954870067145,36,11158.2501,0.4,0.42,0.05,0.01,True,0.42,0.4,0.019999999999999962,105.42,148.7925,86.0,0.6,0.58,0.020000000000000018,129.0,129.0,145.57999999999998
fifwc-esp-arg-2026-07-19,fifwc-esp-arg-2026-07-19-player-props,Spain vs. Argentina - Player Props,2944585,soccer_player_shots_on_target,Alex Baena: 2+ shots on target,Alex Baena: 2+ shots on target,Yes,No,105275943258267151287150684040212465046031257334635277283818828222541410089644,58842614780060476493652248827024244388946861371971023549275692087777435441808,0,1064.55,0.01,0.22,0.05,0.01,True,0.22,0.01,0.21,11.0,116.5,0.1,0.99,0.78,0.20999999999999996,9.9,9.9,39.0
fifwc-esp-arg-2026-07-19,fifwc-esp-arg-2026-07-19-player-props,Spain vs. Argentina - Player Props,2944586,soccer_player_shots_on_target,Alex Baena: 3+ shots on target,Alex Baena: 3+ shots on target,Yes,No,12048597560856644914746447586143029072358424686464891596380525102629036306970,53828946979183376649041489366428207053842883153440041807880711771025537743248,0,2201.2268,0.02,0.08,0.05,0.01,True,0.08,0.02,0.06,24.0,24.0,0.5,0.98,0.92,0.05999999999999994,24.5,34.4,276.0
fifwc-esp-arg-2026-07-19,fifwc-esp-arg-2026-07-19-player-props,Spain vs. Argentina - Player Props,2944587,soccer_player_shots_on_target,Alexis Mac Allister: 1+ shots on target,Alexis Mac Allister: 1+ shots on target,Yes,No,108607379768258415441026578595564915488893089689530990180025730631631159040651,12584442839904303104617265178290411465993770961310193648993244403775238487231,0,1784.1507,0.25,0.28,0.05,0.01,True,0.28,0.25,0.030000000000000027,66.5,167.27499999999998,74.975,0.75,0.72,0.030000000000000027,224.92499999999998,612.449,171.0
fifwc-esp-arg-2026-07-19,fifwc-esp-arg-2026-07-19-player-props,Spain vs. Argentina - Player Props,2944588,soccer_player_shots_on_target,Alexis Mac Allister: 2+ shots on target,Alexis Mac Allister: 2+ shots on target,Yes,No,39429257896041938140785415382237833157117105299750837803291158590813744423492,49361240403656396103387636588422273067119240127927770768364857842865351639039,1033.228326,18.302,,0.59,0.05,0.01,True,0.59,,,8.555,16.055,0,,0.41,,0,0,5.944999999999999
fifwc-esp-arg-2026-07-19,fifwc-esp-arg-2026-07-19-player-props,Spain vs. Argentina - Player Props,2944589,soccer_player_shots_on_target,Aymeric Laporte: 1+ shots on target,Aymeric Laporte: 1+ shots on target,Yes,No,111260225875925632490665126088833460912879799642877874763093843738903464361899,81198762691310277989668005119574051000138851111662221558551140875231719440838,0,1008.1593,0.01,0.25,0.05,0.01,True,0.25,0.01,0.24,12.5,131.5,0.1,0.99,0.75,0.24,9.9,9.9,37.5
fifwc-esp-arg-2026-07-19,fifwc-esp-arg-2026-07-19-player-props,Spain vs. Argentina - Player Props,2944590,soccer_player_shots_on_target,Cristian Romero: 1+ shots on target,Cristian Romero: 1+ shots on target,Yes,No,86266791988690510820453016106316023614817461494418063800007316435375200788236,44970018095165946783970681224381254108863644689010436833685874553031543290557,280.739125,1257.3941,0.01,0.21,0.05,0.01,True,0.21,0.01,0.19999999999999998,3.15,79.385,0.1,0.99,0.79,0.19999999999999996,9.9,9.9,11.850000000000001
fifwc-esp-arg-2026-07-19,fifwc-esp-arg-2026-07-19-player-props,Spain vs. Argentina - Player Props,2944591,soccer_player_shots_on_target,Cucurella: 1+ shots on target,Cucurella: 1+ shots on target,Yes,No,82012789225044321035367644321094548860546975475664846715330653505837915804623,115389521523544461346018443229650171643916971672246174122471107040397293287083,35.724135,118.7844,0.02,0.29,0.05,0.01,True,0.29,0.02,0.26999999999999996,47.6354,47.6354,0.5,,,,0,0,0
fifwc-esp-arg-2026-07-19,fifwc-esp-arg-2026-07-19-player-props,Spain vs. Argentina - Player Props,2944592,soccer_player_shots_on_target,Cucurella: 2+ shots on target,Cucurella: 2+ shots on target,Yes,No,112089035244387337379326581530163150715504817998521583146128214356811152476864,101361785317908942636954645616285053255060860479460949758242227027115435391284,0,2.1599,0.02,0.97,0.05,0.01,True,0.97,0.02,0.95,16.5191,95.37010000000001,0.5,0.98,0.03,0.95,24.5,34.4,0.5109
fifwc-esp-arg-2026-07-19,fifwc-esp-arg-2026-07-19-player-props,Spain vs. Argentina - Player Props,2944593,soccer_player_shots_on_target,Dani Olmo: 1+ shots on target,Dani Olmo: 1+ shots on target,Yes,No,23768457568739938622701719104450065613133547485316123379331810229468239222219,5638639250546239097760988924434410223403781431071014213312947382586535938615,0,8663.0267,0.02,0.48,0.05,0.01,True,0.48,0.02,0.45999999999999996,48.0,1021.9427000000001,0.5,0.98,0.52,0.45999999999999996,24.5,34.4,52.0
fifwc-esp-arg-2026-07-19,fifwc-esp-arg-2026-07-19-player-props,Spain vs. Argentina - Player Props,2944594,soccer_player_shots_on_target,Dani Olmo: 2+ shots on target,Dani Olmo: 2+ shots on target,Yes,No,74445180551603769193156208743639757920331957921239695130174660409640869242312,90376928430841679617767855580856567325614505874749300506228294192826485657978,0,1026.1598,0.01,0.23,0.05,0.01,True,0.23,0.01,0.22,11.5,121.5,0.1,0.99,0.77,0.21999999999999997,9.9,9.9,38.5
fifwc-esp-arg-2026-07-19,fifwc-esp-arg-2026-07-19-player-props,Spain vs. Argentina - Player Props,2944595,soccer_player_shots_on_target,Dani Olmo: 3+ shots on target,Dani Olmo: 3+ shots on target,Yes,No,26925338402634493836446402261137059757949378932073656811562568260611815983123,109405981932095125785115559683080045469800154790297254294397897428315166004077,251,1007.0673,0.01,0.1,0.05,0.01,True,0.1,0.01,0.09000000000000001,30.0,30.0,0.6,0.99,0.9,0.08999999999999997,59.4,59.4,270.0
fifwc-esp-arg-2026-07-19,fifwc-esp-arg-2026-07-19-player-props,Spain vs. Argentina - Player Props,2944596,soccer_player_shots_on_target,Enzo Fernández: 1+ shots on target,Enzo Fernández: 1+ shots on target,Yes,No,90216178026711547320755257316886011688825384549138478444525647200124289730992,67748218531143825692684762315406194057647266312879028848785179324701302355853,260.894735,2061.7461,0.17,0.41,0.05,0.01,True,0.41,0.17,0.23999999999999996,32.6975,433.1825,1.3957000000000002,0.83,0.59,0.24,6.8143,226.23069999999998,47.052499999999995
fifwc-esp-arg-2026-07-19,fifwc-esp-arg-2026-07-19-player-props,Spain vs. Argentina - Player Props,2944597,soccer_player_shots_on_target,Enzo Fernández: 2+ shots on target,Enzo Fernández: 2+ shots on target,Yes,No,21749424166681364031244658512627750007566222350551586607259826318132275346443,93191902254851492224535747502212098406113518509682555961043266360583368811492,0,40.8962,0.07,0.62,0.05,0.01,True,0.62,0.07,0.55,8.1592,8.1592,18.434500000000003,0.93,0.38,0.55,244.91550000000004,492.46450000000004,5.0008
fifwc-esp-arg-2026-07-19,fifwc-esp-arg-2026-07-19-player-props,Spain vs. Argentina - Player Props,2944598,soccer_player_shots_on_target,Julián Álvarez: 1+ shots on target,Julián Álvarez: 1+ shots on target,Yes,No,67835070505742254367234632251077608673381966856496952520362894184049587673172,59362731364466925004475709767358108461020589029514425212326688841211593711663,0,321.6408,0.43,0.63,0.05,0.01,True,0.63,0.43,0.2,31.5,321.5,5.000900000000001,0.57,0.37,0.19999999999999996,6.6291,6.6291,18.5
fifwc-esp-arg-2026-07-19,fifwc-esp-arg-2026-07-19-player-props,Spain vs. Argentina - Player Props,2944599,soccer_player_shots_on_target,Julián Álvarez: 2+ shots on target,Julián Álvarez: 2+ shots on target,Yes,No,13184772119778475438291557824114601757366557100601121531132064996074918209334,111634721036956225520284833191092955823277766606909618253280493920721665833722,0,820.6898,0.01,0.28,0.05,0.01,True,0.28,0.01,0.27,14.000000000000002,192.0,0.1,0.99,0.72,0.27,9.9,9.9,36.0
fifwc-esp-arg-2026-07-19,fifwc-esp-arg-2026-07-19-player-props,Spain vs. Argentina - Player Props,2944600,soccer_player_shots_on_target,Julián Álvarez: 3+ shots on target,Julián Álvarez: 3+ shots on target,Yes,No,33300553337518331016218544176521827808124529358524777271098805456315180836988,17377184820265376667281809287416000235981830879121825830938259570928459992944,0,6.6582,0.01,0.63,0.05,0.01,True,0.63,0.01,0.62,8.5113,8.5113,0.1,0.99,0.37,0.62,9.9,9.9,4.9986999999999995
fifwc-esp-arg-2026-07-19,fifwc-esp-arg-2026-07-19-player-props,Spain vs. Argentina - Player Props,2944601,soccer_player_shots_on_target,Lamine Yamal: 1+ shots on target,Lamine Yamal: 1+ shots on target,Yes,No,103517253677779468104787600875660348091872771332703624023211355704320031526119,19066855647934027061707528387313967633315642185353129908948109848600445637164,397.867003,5182.9677,0.42,0.45,0.05,0.01,True,0.45,0.42,0.030000000000000027,2.25,2.25,105.42,0.58,0.55,0.029999999999999916,145.57999999999998,145.57999999999998,2.75
fifwc-esp-arg-2026-07-19,fifwc-esp-arg-2026-07-19-player-props,Spain vs. Argentina - Player Props,2944602,soccer_player_shots_on_target,Lamine Yamal: 2+ shots on target,Lamine Yamal: 2+ shots on target,Yes,No,109368034418243114245468273826845697398540780686871296684526800736841828629549,28078616405209971479266089471602875091799269145880341050350049766592743750298,3.658535,8599.7377,0.02,0.39,0.05,0.01,True,0.39,0.02,0.37,44.85,652.3494,0.5,0.98,0.61,0.37,24.5,34.4,70.14999999999999
fifwc-esp-arg-2026-07-19,fifwc-esp-arg-2026-07-19-player-props,Spain vs. Argentina - Player Props,2944603,soccer_player_shots_on_target,Lamine Yamal: 3+ shots on target,Lamine Yamal: 3+ shots on target,Yes,No,36652778768109449273147141070460799820298159252076722579566154417134407644017,7622879259862252205283682489245774651409022379711101725798919027275663413989,0,985.6598,0.02,0.22,0.05,0.01,True,0.22,0.02,0.2,11.0,116.5,0.5,0.98,0.78,0.19999999999999996,24.5,34.4,39.0
fifwc-esp-arg-2026-07-19,fifwc-esp-arg-2026-07-19-player-props,Spain vs. Argentina - Player Props,2944604,soccer_player_shots_on_target,Lamine Yamal: 4+ shots on target,Lamine Yamal: 4+ shots on target,Yes,No,4728492906613988211867066480735464649356482275185838064340894598687477907622,64413150692874667795515282351886734470489641995994091583505602193119556204569,0,272.1599,0.01,0.1,0.05,0.01,True,0.1,0.01,0.09000000000000001,30.0,30.0,0.6,0.99,0.9,0.08999999999999997,59.4,59.4,270.0
fifwc-esp-arg-2026-07-19,fifwc-esp-arg-2026-07-19-player-props,Spain vs. Argentina - Player Props,2944605,soccer_player_shots_on_target,Leandro Paredes: 1+ shots on target,Leandro Paredes: 1+ shots on target,Yes,No,199865789898786968473520900599384606381964285981540347092694207478114925973,31505038249840884151756193471612087362781158131871569547044682953881903236156,0,2453.2345,0.01,0.32,0.05,0.01,True,0.32,0.01,0.31,16.0,302.5,0.1,0.99,0.68,0.30999999999999994,9.9,9.9,34.0
fifwc-esp-arg-2026-07-19,fifwc-esp-arg-2026-07-19-player-props,Spain vs. Argentina - Player Props,2944606,soccer_player_shots_on_target,Leandro Paredes: 2+ shots on target,Leandro Paredes: 2+ shots on target,Yes,No,69444369380932322773543222206026348391949248938112244577257275586901508941600,53043798199916880148751538495409526078420599256307487843292113673946871702398,0,6.1877,0.01,0.56,0.05,0.01,True,0.56,0.01,0.55,6.3616,6.3616,0.1,0.99,0.44,0.55,9.9,9.9,4.9984
fifwc-esp-arg-2026-07-19,fifwc-esp-arg-2026-07-19-player-props,Spain vs. Argentina - Player Props,2944607,soccer_player_shots_on_target,Lionel Messi: 1+ shots on target,Lionel Messi: 1+ shots on target,Yes,No,72779855377318311669406319764709390199775615361749159188848760856319130314910,52420319849119798881243570214827585942694068777188169859869824657847416003903,342.597399,2526.185,0.74,0.77,0.05,0.01,True,0.77,0.74,0.030000000000000027,62.5394,296.4614,101.75,0.26,0.23,0.03,35.75,72.875,18.680600000000002
fifwc-esp-arg-2026-07-19,fifwc-esp-arg-2026-07-19-player-props,Spain vs. Argentina - Player Props,2944608,soccer_player_shots_on_target,Lionel Messi: 2+ shots on target,Lionel Messi: 2+ shots on target,Yes,No,1200052971963751295867175760944147625748455269385956248793292887486796208760,37660391621725327546693023341694381919712582962437232691802318043610703717790,409.747077,7398.5416,0.3,0.51,0.05,0.01,True,0.51,0.3,0.21000000000000002,3.0957000000000003,493.6213,8.021999999999998,0.7,0.49,0.20999999999999996,18.717999999999996,43.19879999999999,2.9743
fifwc-esp-arg-2026-07-19,fifwc-esp-arg-2026-07-19-player-props,Spain vs. Argentina - Player Props,2944609,soccer_player_shots_on_target,Lionel Messi: 3+ shots on target,Lionel Messi: 3+ shots on target,Yes,No,10975378925778801655763402837956440385490781213701872290167224875078790987384,20643148369377511327280470456795177666928574859028214141779243523316358645710,18.307691,5582.3749,0.02,0.24,0.05,0.01,True,0.24,0.02,0.22,27.599999999999998,360.90000000000003,0.4,0.98,0.76,0.21999999999999997,19.6,39.400000000000006,87.4
fifwc-esp-arg-2026-07-19,fifwc-esp-arg-2026-07-19-player-props,Spain vs. Argentina - Player Props,2944610,soccer_player_shots_on_target,Lionel Messi: 4+ shots on target,Lionel Messi: 4+ shots on target,Yes,No,18756697164457287645891097694382902413767803504765585546863766183032558933178,107552151426009385388022402557450888310121222756148907868444241751879368143122,301,6.6586,0.01,0.63,0.05,0.01,True,0.63,0.01,0.62,8.5113,8.5113,0.1,0.99,0.37,0.62,9.9,9.9,4.9986999999999995
fifwc-esp-arg-2026-07-19,fifwc-esp-arg-2026-07-19-player-props,Spain vs. Argentina - Player Props,2944611,soccer_player_shots_on_target,Lisandro Martínez: 1+ shots on target,Lisandro Martínez: 1+ shots on target,Yes,No,68846488995458497346784973578025339038698385865695428224462699797770105028333,99700307693875210306849276427073532571935795560137078202205075239691212745413,6.521738,1009.3098,0.01,0.22,0.05,0.01,True,0.23,0.01,0.22,4.6000000000000005,102.6,0.1,0.99,0.78,0.20999999999999996,9.9,9.9,3.9000000000000004
fifwc-esp-arg-2026-07-19,fifwc-esp-arg-2026-07-19-player-props,Spain vs. Argentina - Player Props,2944612,soccer_player_shots_on_target,Mikel Oyarzabal: 1+ shots on target,Mikel Oyarzabal: 1+ shots on target,Yes,No,14602360319732802977926800835710267900504239744601403211842001636448795929170,97484187087240493711605772090440641472814189932336980201852096004731314680109,0,2584.0099,0.1,0.72,0.05,0.01,True,0.72,0.1,0.62,72.0,954.0,5.0,0.9,0.28,0.62,45.0,45.0,28.000000000000004
fifwc-esp-arg-2026-07-19,fifwc-esp-arg-2026-07-19-player-props,Spain vs. Argentina - Player Props,2944613,soccer_player_shots_on_target,Mikel Oyarzabal: 2+ shots on target,Mikel Oyarzabal: 2+ shots on target,Yes,No,62107211168327067822162130428911402741806031638914275655586942491729109453352,99538460662195154281471007053228869082080805497438141519591040120224168539492,0,8433.6294,0.01,0.37,0.05,0.01,True,0.37,0.01,0.36,37.0,499.0,0.1,0.99,0.63,0.36,9.9,9.9,63.0
fifwc-esp-arg-2026-07-19,fifwc-esp-arg-2026-07-19-player-props,Spain vs. Argentina - Player Props,2944614,soccer_player_shots_on_target,Mikel Oyarzabal: 3+ shots on target,Mikel Oyarzabal: 3+ shots on target,Yes,No,93982076990942031464605305060356725169795769125622843114644282863747506731976,79433550559750465579814365451610292482063024854005219478543291952562214085850,0,1140.159,0.01,0.2,0.05,0.01,True,0.2,0.01,0.19,10.0,52.0,0.1,0.99,0.8,0.18999999999999995,9.9,9.9,40.0
fifwc-esp-arg-2026-07-19,fifwc-esp-arg-2026-07-19-player-props,Spain vs. Argentina - Player Props,2944615,soccer_player_shots_on_target,Mikel Oyarzabal: 4+ shots on target,Mikel Oyarzabal: 4+ shots on target,Yes,No,83956429204659887218983853167669102320626220876621251429126341231919892158643,14922992255798103964917234821818661186633676262021667008070590262285527919035,0,2.16,0.02,0.94,0.05,0.01,True,0.94,0.02,0.9199999999999999,7.172199999999999,16.6722,0.5,0.98,0.06,0.9199999999999999,24.5,34.4,0.4578
fifwc-esp-arg-2026-07-19,fifwc-esp-arg-2026-07-19-player-props,Spain vs. Argentina - Player Props,2944616,soccer_player_shots_on_target,Nahuel Molina: 1+ shots on target,Nahuel Molina: 1+ shots on target,Yes,No,89581265314769691809919688557274073126319181645294502707625860967457684596573,53345670607423949606639036147769586012236078467968744801803754159166950131255,10.98,8287.6991,0.07,0.09,0.05,0.01,True,0.09,0.07,0.01999999999999999,22.59,22.59,17.57,0.93,0.91,0.020000000000000018,233.43,233.43,228.41
fifwc-esp-arg-2026-07-19,fifwc-esp-arg-2026-07-19-player-props,Spain vs. Argentina - Player Props,2944617,soccer_player_shots_on_target,Nicolás Tagliafico: 1+ shots on target,Nicolás Tagliafico: 1+ shots on target,Yes,No,33570027736317559620584091535643474234565378202448133155846367531008787866422,90310308355365407556372780583331268152946787765431398525811447616304047463250,0,2067.8721,0.07,0.09,0.05,0.01,True,0.09,0.07,0.01999999999999999,22.59,22.59,17.57,0.93,0.91,0.020000000000000018,233.43,233.43,228.41
fifwc-esp-arg-2026-07-19,fifwc-esp-arg-2026-07-19-player-props,Spain vs. Argentina - Player Props,2944618,soccer_player_shots_on_target,Pau Cubarsí: 1+ shots on target,Pau Cubarsí: 1+ shots on target,Yes,No,29690698896626923076047585313443257909510745237953104322623263489595683246494,72870106862169870062713122763073732821810748476739533910149381275516684929313,10.52,1771.5895,0.01,0.28,0.05,0.01,True,0.28,0.01,0.27,224.00000000000003,224.00000000000003,0.1,0.99,0.72,0.27,9.9,9.9,576.0
fifwc-esp-arg-2026-07-19,fifwc-esp-arg-2026-07-19-player-props,Spain vs. Argentina - Player Props,2944619,soccer_player_shots_on_target,Pedri: 1+ shots on target,Pedri: 1+ shots on target,Yes,No,70308199970189313090060193767250026052719278364819723209641675987523738013527,17171892621606173614937552878167984889665759320391587788489592954140407228657,0,453.6597,0.01,0.34,0.05,0.01,True,0.34,0.01,0.33,17.0,248.5,0.6,0.99,0.66,0.32999999999999996,59.4,59.4,33.0
fifwc-esp-arg-2026-07-19,fifwc-esp-arg-2026-07-19-player-props,Spain vs. Argentina - Player Props,2944620,soccer_player_shots_on_target,Pedri: 2+ shots on target,Pedri: 2+ shots on target,Yes,No,38937198681521389739134165555590823328531011206591583705147429681351656319601,83222587540658809587291532867761987837495607369277563163566704968604304092238,627.48,389.9325,0.01,0.14,0.05,0.01,True,0.14,0.01,0.13,38.70720000000001,38.70720000000001,0.6,0.99,0.86,0.13,59.4,59.4,237.77280000000002
fifwc-esp-arg-2026-07-19,fifwc-esp-arg-2026-07-19-player-props,Spain vs. Argentina - Player Props,2944621,soccer_player_shots_on_target,Pedro Porro: 1+ shots on target,Pedro Porro: 1+ shots on target,Yes,No,784897524810455602812960527013470114758361012203117192426298339235238019776,98840647144054430543542509407120138023287878649647349339422464087869642158269,45,982.9599,0.01,0.28,0.05,0.01,True,0.28,0.01,0.27,4.2,93.7,0.1,0.99,0.72,0.27,9.9,9.9,10.799999999999999
fifwc-esp-arg-2026-07-19,fifwc-esp-arg-2026-07-19-player-props,Spain vs. Argentina - Player Props,2944622,soccer_player_shots_on_target,Pedro Porro: 2+ shots on target,Pedro Porro: 2+ shots on target,Yes,No,108349270395760458352486567578680206224073296984625926109277686399698816680745,28545550061905300051843024141223184363985028989946175964763227726381363968542,351,4535.0271,0.07,0.1,0.05,0.01,True,0.1,0.07,0.03,36.139,57.303000000000004,13.498100000000003,0.93,0.9,0.030000000000000027,179.33190000000002,360.5921,235.26
fifwc-esp-arg-2026-07-19,fifwc-esp-arg-2026-07-19-player-props,Spain vs. Argentina - Player Props,2944623,soccer_player_shots_on_target,Rodri: 1+ shots on target,Rodri: 1+ shots on target,Yes,No,90640998133781402244419707060442176612953204549908730650193661644404421668411,99629174074923775923114070939612194676547908532397967055119319010482854421781,44.019885,895.3119,0.02,0.32,0.05,0.01,True,0.32,0.02,0.3,18.0,168.0875,0.5,0.98,0.68,0.29999999999999993,24.5,34.4,38.25
fifwc-esp-arg-2026-07-19,fifwc-esp-arg-2026-07-19-player-props,Spain vs. Argentina - Player Props,2944624,soccer_player_shots_on_target,Rodrigo de Paul: 1+ shots on target,Rodrigo de Paul: 1+ shots on target,Yes,No,53860950547246769648932455122722064827179205683804728194018614799975697904706,40383372819190105950304016896832168579856276265749234878582357054843575750011,320,4215.7954,0.17,0.2,0.05,0.01,True,0.2,0.17,0.03,93.456,135.0948,7.005700000000001,0.83,0.8,0.029999999999999916,34.204299999999996,253.62069999999997,373.824
fifwc-esp-arg-2026-07-19,fifwc-esp-arg-2026-07-19-player-props,Spain vs. Argentina - Player Props,2944625,soccer_player_shots_on_target,Rodrigo de Paul: 2+ shots on target,Rodrigo de Paul: 2+ shots on target,Yes,No,70947135560871184419417269576605286977017991433566250971253536352469382072154,41732394469216478160923723827533727124276061880200908975624729458865231891125,300,65.4583,0.01,0.56,0.05,0.01,True,0.56,0.01,0.55,6.3616,6.3616,0.1,0.99,0.44,0.55,9.9,9.9,4.9984
fifwc-esp-arg-2026-07-19,fifwc-esp-arg-2026-07-19-player-props,Spain vs. Argentina - Player Props,2946751,soccer_player_goals,Nicolás Paz: 3+ goals,Nicolás Paz: 3+ goals,Yes,No,40573188178129965736499388066437770298363028742058467118201349388234561224636,81930305866865635987860697743866699615149636721998273876502490809059146111467,69.1919,16540.06685,,0.02,0.05,0.001,True,0.02,,,21.0,21.0,0,,0.98,,0,0,1029.0
fifwc-esp-arg-2026-07-19,fifwc-esp-arg-2026-07-19-player-props,Spain vs. Argentina - Player Props,2946754,soccer_player_shots_on_target,Rodri: 2+ shots on target,Rodri: 2+ shots on target,Yes,No,52849264131499128025764936183888085706287252157436147906783569609574027252884,22684007500785523518750373153107435222391311769906800089935416368968336219465,591.22624,3383.7494,0.04,0.07,0.05,0.01,True,0.07,0.04,0.030000000000000006,1.3566,24.2316,10.4484,0.96,0.93,0.029999999999999916,250.76159999999996,250.76159999999996,18.0234
fifwc-esp-arg-2026-07-19,fifwc-esp-arg-2026-07-19-player-props,Spain vs. Argentina - Player Props,2947009,soccer_player_goals,Dani Olmo: 3+ goals,Dani Olmo: 3+ goals,Yes,No,50920412738272560923774554754264477059331770204209874407091818919366657447254,68938870056006840039900802913045894679747628820225914881290867939386548782706,60,20332.49705,0.001,0.02,0.05,0.001,True,0.02,0.001,0.019,21.0,21.0,0.02,0.999,0.98,0.019000000000000017,19.98,19.98,1029.0
fifwc-esp-arg-2026-07-19,fifwc-esp-arg-2026-07-19-player-props,Spain vs. Argentina - Player Props,2947010,soccer_player_goals,Mikel Merino: 3+ goals,Mikel Merino: 3+ goals,Yes,No,83904141671661264634382942281609164367257294099859484272307741875372427537341,111425014360392939622158861233118300511348693148971972165090393601515425813139,87.202,20379.08604,0.001,0.02,0.05,0.001,True,0.02,0.001,0.019,1.0,1.3875,0.02,0.999,0.98,0.019000000000000017,19.98,19.98,49.0
fifwc-esp-arg-2026-07-19,fifwc-esp-arg-2026-07-19-player-props,Spain vs. Argentina - Player Props,2954703,soccer_player_goals,Yeremi Pino: 3+ goals,Yeremi Pino: 3+ goals,Yes,No,24763973770179020086462214059404378261626904425696330171204108616620334728826,5157181038506397017064779089717046069349146954083589661935511790561418791584,89.995,20889.00937,0.001,0.02,0.05,0.001,True,0.02,0.001,0.019,21.0,24.1,0.02,0.999,0.98,0.019000000000000017,19.98,19.98,1029.0
fifwc-esp-arg-2026-07-19,fifwc-esp-arg-2026-07-19-player-props,Spain vs. Argentina - Player Props,2959204,soccer_player_goals,Alex Baena: 3+ goals,Alex Baena: 3+ goals,Yes,No,61020289873096662485019693396333652379882011726085615059607723570737904823856,2216076852708637346959257883480785224659078035754014065274376719287348054524,20,21085.62446,0.001,0.02,0.05,0.001,True,0.02,0.001,0.019,21.0,24.1,0.02,0.999,0.98,0.019000000000000017,19.98,19.98,1029.0
fifwc-esp-arg-2026-07-19,fifwc-esp-arg-2026-07-19-player-props,Spain vs. Argentina - Player Props,2971482,soccer_player_shots,Enzo Fernández: 5+ shots,Enzo Fernández: 5+ shots,Yes,No,7095709820930111534940877690038484203909333157437550958105503941009894823317,109057556721821785256966144717483956016503260533043830074695095862505946496845,0,10104.2098,0.01,0.13,0.05,0.01,True,0.18,0.01,0.16999999999999998,7.199999999999999,16.7,0.2,0.99,0.82,0.17000000000000004,19.8,19.8,32.8
